ISO-10303-21;
HEADER;
FILE_DESCRIPTION(('FreeCAD Model'),'2;1');
FILE_NAME('Open CASCADE Shape Model','2025-06-29T14:22:24',('Author'),(
    ''),'Open CASCADE STEP processor 7.7','FreeCAD','Unknown');
FILE_SCHEMA(('AUTOMOTIVE_DESIGN { 1 0 10303 214 1 1 1 1 }'));
ENDSEC;
DATA;
#1 = APPLICATION_PROTOCOL_DEFINITION('international standard',
  'automotive_design',2000,#2);
#2 = APPLICATION_CONTEXT(
  'core data for automotive mechanical design processes');
#3 = SHAPE_DEFINITION_REPRESENTATION(#4,#10);
#4 = PRODUCT_DEFINITION_SHAPE('','',#5);
#5 = PRODUCT_DEFINITION('design','',#6,#9);
#6 = PRODUCT_DEFINITION_FORMATION('','',#7);
#7 = PRODUCT('一段目','一段目','',(#8));
#8 = PRODUCT_CONTEXT('',#2,'mechanical');
#9 = PRODUCT_DEFINITION_CONTEXT('part definition',#2,'design');
#10 = ADVANCED_BREP_SHAPE_REPRESENTATION('',(#11,#15),#8061);
#11 = AXIS2_PLACEMENT_3D('',#12,#13,#14);
#12 = CARTESIAN_POINT('',(0.,0.,0.));
#13 = DIRECTION('',(0.,0.,1.));
#14 = DIRECTION('',(1.,0.,-0.));
#15 = MANIFOLD_SOLID_BREP('',#16);
#16 = CLOSED_SHELL('',(#17,#50,#994,#1003,#1089,#1121,#1153,#1177,#1201,
    #1233,#1273,#1319,#1343,#1367,#1406,#1430,#1455,#1479,#1503,#1564,
    #1588,#1619,#1644,#1668,#1692,#1716,#1741,#1765,#1796,#1820,#1844,
    #1869,#1893,#1925,#1971,#2002,#2026,#2066,#2112,#2136,#2160,#2184,
    #2219,#2251,#2275,#2307,#2386,#2410,#2464,#2495,#2530,#2554,#2586,
    #2632,#2678,#2702,#2726,#2772,#2796,#2820,#2844,#2868,#2892,#2923,
    #2947,#2971,#3002,#3026,#3050,#3067,#3098,#3122,#3146,#3170,#3194,
    #3218,#3242,#3259,#3290,#3314,#3338,#3355,#3386,#3410,#3434,#3458,
    #3482,#3506,#3530,#3547,#3578,#3602,#3626,#3643,#3674,#3698,#3722,
    #3739,#3764,#3795,#3819,#3843,#3860,#3885,#3910,#3932,#3970,#4002,
    #4037,#4061,#4100,#4125,#4164,#4197,#4221,#4247,#4264,#4297,#4321,
    #4338,#4355,#4372,#4391,#4409,#4440,#4473,#4498,#4516,#4539,#4563,
    #4580,#4605,#4633,#4863,#4880,#4911,#4928,#4945,#4962,#4979,#4997,
    #5014,#5032,#5049,#5066,#5106,#5139,#5151,#5168,#5185,#5202,#5233,
    #5245,#5271,#5288,#5305,#5327,#5359,#5394,#5418,#5457,#5482,#5494,
    #5522,#5547,#5575,#5593,#5610,#5628,#5645,#5657,#5674,#5691,#5708,
    #5725,#5743,#5756,#5778,#5801,#5818,#5849,#5866,#5897,#5909,#5926,
    #5957,#5974,#6005,#6028,#6040,#6060,#6072,#6081,#6101,#6132,#6149,
    #6169,#6194,#6219,#6282,#6305,#6317,#6334,#6359,#6383,#6407,#6431,
    #6455,#6479,#6503,#6528,#6553,#6570,#6587,#6629,#6654,#6679,#6704,
    #6729,#6761,#6779,#6796,#6819,#6832,#6849,#6869,#6894,#6919,#6936,
    #6967,#6984,#7006,#7023,#7040,#7071,#7096,#7113,#7130,#7161,#7186,
    #7232,#7264,#7281,#7308,#7358,#7399,#7423,#7447,#7471,#7495,#7592,
    #7699,#7716,#7733,#7745,#7757,#7767,#7792,#7801,#7820,#7837,#7851,
    #7879,#7904,#7916,#7935,#7964,#7999,#8012,#8037,#8049));
#17 = ADVANCED_FACE('',(#18),#45,.T.);
#18 = FACE_BOUND('',#19,.F.);
#19 = EDGE_LOOP('',(#20,#30,#37,#38));
#20 = ORIENTED_EDGE('',*,*,#21,.T.);
#21 = EDGE_CURVE('',#22,#24,#26,.T.);
#22 = VERTEX_POINT('',#23);
#23 = CARTESIAN_POINT('',(-68.2,70.,0.));
#24 = VERTEX_POINT('',#25);
#25 = CARTESIAN_POINT('',(-68.2,70.,12.));
#26 = LINE('',#27,#28);
#27 = CARTESIAN_POINT('',(-68.2,70.,0.));
#28 = VECTOR('',#29,1.);
#29 = DIRECTION('',(0.,0.,1.));
#30 = ORIENTED_EDGE('',*,*,#31,.T.);
#31 = EDGE_CURVE('',#24,#24,#32,.T.);
#32 = CIRCLE('',#33,2.);
#33 = AXIS2_PLACEMENT_3D('',#34,#35,#36);
#34 = CARTESIAN_POINT('',(-70.2,70.,12.));
#35 = DIRECTION('',(0.,0.,1.));
#36 = DIRECTION('',(1.,0.,0.));
#37 = ORIENTED_EDGE('',*,*,#21,.F.);
#38 = ORIENTED_EDGE('',*,*,#39,.F.);
#39 = EDGE_CURVE('',#22,#22,#40,.T.);
#40 = CIRCLE('',#41,2.);
#41 = AXIS2_PLACEMENT_3D('',#42,#43,#44);
#42 = CARTESIAN_POINT('',(-70.2,70.,0.));
#43 = DIRECTION('',(0.,0.,1.));
#44 = DIRECTION('',(1.,0.,0.));
#45 = CYLINDRICAL_SURFACE('',#46,2.);
#46 = AXIS2_PLACEMENT_3D('',#47,#48,#49);
#47 = CARTESIAN_POINT('',(-70.2,70.,0.));
#48 = DIRECTION('',(-0.,-0.,-1.));
#49 = DIRECTION('',(1.,0.,0.));
#50 = ADVANCED_FACE('',(#51,#651,#685,#751,#785,#851,#885,#919,#930,#933
    ,#967,#978),#989,.T.);
#51 = FACE_BOUND('',#52,.T.);
#52 = EDGE_LOOP('',(#53,#63,#71,#79,#87,#95,#103,#111,#119,#128,#136,
    #144,#153,#161,#170,#178,#186,#195,#203,#211,#219,#227,#235,#243,
    #251,#259,#268,#276,#284,#292,#300,#308,#316,#324,#332,#340,#348,
    #356,#364,#372,#380,#388,#396,#404,#412,#420,#428,#436,#444,#452,
    #460,#468,#476,#484,#492,#500,#508,#516,#524,#532,#540,#548,#556,
    #564,#572,#580,#588,#596,#604,#612,#620,#628,#636,#644));
#53 = ORIENTED_EDGE('',*,*,#54,.T.);
#54 = EDGE_CURVE('',#55,#57,#59,.T.);
#55 = VERTEX_POINT('',#56);
#56 = CARTESIAN_POINT('',(-67.9,-98.,0.));
#57 = VERTEX_POINT('',#58);
#58 = CARTESIAN_POINT('',(-60.9,-98.,0.));
#59 = LINE('',#60,#61);
#60 = CARTESIAN_POINT('',(-77.9,-98.,0.));
#61 = VECTOR('',#62,1.);
#62 = DIRECTION('',(1.,0.,0.));
#63 = ORIENTED_EDGE('',*,*,#64,.T.);
#64 = EDGE_CURVE('',#57,#65,#67,.T.);
#65 = VERTEX_POINT('',#66);
#66 = CARTESIAN_POINT('',(-60.9,-96.,0.));
#67 = LINE('',#68,#69);
#68 = CARTESIAN_POINT('',(-60.9,-108.,0.));
#69 = VECTOR('',#70,1.);
#70 = DIRECTION('',(0.,1.,0.));
#71 = ORIENTED_EDGE('',*,*,#72,.F.);
#72 = EDGE_CURVE('',#73,#65,#75,.T.);
#73 = VERTEX_POINT('',#74);
#74 = CARTESIAN_POINT('',(-72.91,-96.,0.));
#75 = LINE('',#76,#77);
#76 = CARTESIAN_POINT('',(-75.9,-96.,0.));
#77 = VECTOR('',#78,1.);
#78 = DIRECTION('',(1.,0.,0.));
#79 = ORIENTED_EDGE('',*,*,#80,.F.);
#80 = EDGE_CURVE('',#81,#73,#83,.T.);
#81 = VERTEX_POINT('',#82);
#82 = CARTESIAN_POINT('',(-75.9,-93.01,0.));
#83 = LINE('',#84,#85);
#84 = CARTESIAN_POINT('',(-74.405,-94.505,0.));
#85 = VECTOR('',#86,1.);
#86 = DIRECTION('',(0.707106781187,-0.707106781187,0.));
#87 = ORIENTED_EDGE('',*,*,#88,.T.);
#88 = EDGE_CURVE('',#81,#89,#91,.T.);
#89 = VERTEX_POINT('',#90);
#90 = CARTESIAN_POINT('',(-75.9,-93.,0.));
#91 = LINE('',#92,#93);
#92 = CARTESIAN_POINT('',(-75.9,-96.,0.));
#93 = VECTOR('',#94,1.);
#94 = DIRECTION('',(0.,1.,0.));
#95 = ORIENTED_EDGE('',*,*,#96,.T.);
#96 = EDGE_CURVE('',#89,#97,#99,.T.);
#97 = VERTEX_POINT('',#98);
#98 = CARTESIAN_POINT('',(-75.9,-80.,0.));
#99 = LINE('',#100,#101);
#100 = CARTESIAN_POINT('',(-75.9,-96.,0.));
#101 = VECTOR('',#102,1.);
#102 = DIRECTION('',(0.,1.,0.));
#103 = ORIENTED_EDGE('',*,*,#104,.T.);
#104 = EDGE_CURVE('',#97,#105,#107,.T.);
#105 = VERTEX_POINT('',#106);
#106 = CARTESIAN_POINT('',(-72.9,-80.,0.));
#107 = LINE('',#108,#109);
#108 = CARTESIAN_POINT('',(-75.9,-80.,0.));
#109 = VECTOR('',#110,1.);
#110 = DIRECTION('',(1.,0.,0.));
#111 = ORIENTED_EDGE('',*,*,#112,.T.);
#112 = EDGE_CURVE('',#105,#113,#115,.T.);
#113 = VERTEX_POINT('',#114);
#114 = CARTESIAN_POINT('',(-72.9,-62.,0.));
#115 = LINE('',#116,#117);
#116 = CARTESIAN_POINT('',(-72.9,-93.,0.));
#117 = VECTOR('',#118,1.);
#118 = DIRECTION('',(0.,1.,0.));
#119 = ORIENTED_EDGE('',*,*,#120,.F.);
#120 = EDGE_CURVE('',#121,#113,#123,.T.);
#121 = VERTEX_POINT('',#122);
#122 = CARTESIAN_POINT('',(-67.9,-57.,0.));
#123 = CIRCLE('',#124,5.);
#124 = AXIS2_PLACEMENT_3D('',#125,#126,#127);
#125 = CARTESIAN_POINT('',(-67.9,-62.,0.));
#126 = DIRECTION('',(-0.,0.,1.));
#127 = DIRECTION('',(0.,-1.,0.));
#128 = ORIENTED_EDGE('',*,*,#129,.T.);
#129 = EDGE_CURVE('',#121,#130,#132,.T.);
#130 = VERTEX_POINT('',#131);
#131 = CARTESIAN_POINT('',(-62.9,-57.,0.));
#132 = LINE('',#133,#134);
#133 = CARTESIAN_POINT('',(-72.9,-57.,0.));
#134 = VECTOR('',#135,1.);
#135 = DIRECTION('',(1.,0.,0.));
#136 = ORIENTED_EDGE('',*,*,#137,.T.);
#137 = EDGE_CURVE('',#130,#138,#140,.T.);
#138 = VERTEX_POINT('',#139);
#139 = CARTESIAN_POINT('',(-62.9,-37.,0.));
#140 = LINE('',#141,#142);
#141 = CARTESIAN_POINT('',(-62.9,-57.,0.));
#142 = VECTOR('',#143,1.);
#143 = DIRECTION('',(0.,1.,0.));
#144 = ORIENTED_EDGE('',*,*,#145,.F.);
#145 = EDGE_CURVE('',#146,#138,#148,.T.);
#146 = VERTEX_POINT('',#147);
#147 = CARTESIAN_POINT('',(-57.9,-32.,0.));
#148 = CIRCLE('',#149,5.);
#149 = AXIS2_PLACEMENT_3D('',#150,#151,#152);
#150 = CARTESIAN_POINT('',(-57.9,-37.,0.));
#151 = DIRECTION('',(-0.,0.,1.));
#152 = DIRECTION('',(0.,-1.,0.));
#153 = ORIENTED_EDGE('',*,*,#154,.T.);
#154 = EDGE_CURVE('',#146,#155,#157,.T.);
#155 = VERTEX_POINT('',#156);
#156 = CARTESIAN_POINT('',(-9.9,-32.,0.));
#157 = LINE('',#158,#159);
#158 = CARTESIAN_POINT('',(-72.9,-32.,0.));
#159 = VECTOR('',#160,1.);
#160 = DIRECTION('',(1.,0.,0.));
#161 = ORIENTED_EDGE('',*,*,#162,.T.);
#162 = EDGE_CURVE('',#155,#163,#165,.T.);
#163 = VERTEX_POINT('',#164);
#164 = CARTESIAN_POINT('',(-4.9,-37.,0.));
#165 = CIRCLE('',#166,5.);
#166 = AXIS2_PLACEMENT_3D('',#167,#168,#169);
#167 = CARTESIAN_POINT('',(-9.9,-37.,0.));
#168 = DIRECTION('',(-0.,-0.,-1.));
#169 = DIRECTION('',(0.,-1.,0.));
#170 = ORIENTED_EDGE('',*,*,#171,.F.);
#171 = EDGE_CURVE('',#172,#163,#174,.T.);
#172 = VERTEX_POINT('',#173);
#173 = CARTESIAN_POINT('',(-4.9,-57.,0.));
#174 = LINE('',#175,#176);
#175 = CARTESIAN_POINT('',(-4.9,-57.,0.));
#176 = VECTOR('',#177,1.);
#177 = DIRECTION('',(0.,1.,0.));
#178 = ORIENTED_EDGE('',*,*,#179,.T.);
#179 = EDGE_CURVE('',#172,#180,#182,.T.);
#180 = VERTEX_POINT('',#181);
#181 = CARTESIAN_POINT('',(1.E-01,-57.,0.));
#182 = LINE('',#183,#184);
#183 = CARTESIAN_POINT('',(-4.9,-57.,0.));
#184 = VECTOR('',#185,1.);
#185 = DIRECTION('',(1.,0.,0.));
#186 = ORIENTED_EDGE('',*,*,#187,.F.);
#187 = EDGE_CURVE('',#188,#180,#190,.T.);
#188 = VERTEX_POINT('',#189);
#189 = CARTESIAN_POINT('',(5.1,-62.,0.));
#190 = CIRCLE('',#191,5.);
#191 = AXIS2_PLACEMENT_3D('',#192,#193,#194);
#192 = CARTESIAN_POINT('',(1.E-01,-62.,0.));
#193 = DIRECTION('',(-0.,0.,1.));
#194 = DIRECTION('',(0.,-1.,0.));
#195 = ORIENTED_EDGE('',*,*,#196,.F.);
#196 = EDGE_CURVE('',#197,#188,#199,.T.);
#197 = VERTEX_POINT('',#198);
#198 = CARTESIAN_POINT('',(5.1,-80.,0.));
#199 = LINE('',#200,#201);
#200 = CARTESIAN_POINT('',(5.1,-93.,0.));
#201 = VECTOR('',#202,1.);
#202 = DIRECTION('',(0.,1.,0.));
#203 = ORIENTED_EDGE('',*,*,#204,.T.);
#204 = EDGE_CURVE('',#197,#205,#207,.T.);
#205 = VERTEX_POINT('',#206);
#206 = CARTESIAN_POINT('',(8.1,-80.,0.));
#207 = LINE('',#208,#209);
#208 = CARTESIAN_POINT('',(-75.9,-80.,0.));
#209 = VECTOR('',#210,1.);
#210 = DIRECTION('',(1.,0.,0.));
#211 = ORIENTED_EDGE('',*,*,#212,.F.);
#212 = EDGE_CURVE('',#213,#205,#215,.T.);
#213 = VERTEX_POINT('',#214);
#214 = CARTESIAN_POINT('',(8.1,-93.,0.));
#215 = LINE('',#216,#217);
#216 = CARTESIAN_POINT('',(8.1,-93.,0.));
#217 = VECTOR('',#218,1.);
#218 = DIRECTION('',(0.,1.,0.));
#219 = ORIENTED_EDGE('',*,*,#220,.F.);
#220 = EDGE_CURVE('',#221,#213,#223,.T.);
#221 = VERTEX_POINT('',#222);
#222 = CARTESIAN_POINT('',(8.1,-93.01,0.));
#223 = LINE('',#224,#225);
#224 = CARTESIAN_POINT('',(8.1,-96.,0.));
#225 = VECTOR('',#226,1.);
#226 = DIRECTION('',(0.,1.,0.));
#227 = ORIENTED_EDGE('',*,*,#228,.F.);
#228 = EDGE_CURVE('',#229,#221,#231,.T.);
#229 = VERTEX_POINT('',#230);
#230 = CARTESIAN_POINT('',(5.11,-96.,0.));
#231 = LINE('',#232,#233);
#232 = CARTESIAN_POINT('',(2.855,-98.255,0.));
#233 = VECTOR('',#234,1.);
#234 = DIRECTION('',(0.707106781187,0.707106781187,0.));
#235 = ORIENTED_EDGE('',*,*,#236,.F.);
#236 = EDGE_CURVE('',#237,#229,#239,.T.);
#237 = VERTEX_POINT('',#238);
#238 = CARTESIAN_POINT('',(-6.9,-96.,0.));
#239 = LINE('',#240,#241);
#240 = CARTESIAN_POINT('',(-6.9,-96.,0.));
#241 = VECTOR('',#242,1.);
#242 = DIRECTION('',(1.,0.,0.));
#243 = ORIENTED_EDGE('',*,*,#244,.F.);
#244 = EDGE_CURVE('',#245,#237,#247,.T.);
#245 = VERTEX_POINT('',#246);
#246 = CARTESIAN_POINT('',(-6.9,-98.,0.));
#247 = LINE('',#248,#249);
#248 = CARTESIAN_POINT('',(-6.9,-108.,0.));
#249 = VECTOR('',#250,1.);
#250 = DIRECTION('',(0.,1.,0.));
#251 = ORIENTED_EDGE('',*,*,#252,.T.);
#252 = EDGE_CURVE('',#245,#253,#255,.T.);
#253 = VERTEX_POINT('',#254);
#254 = CARTESIAN_POINT('',(1.E-01,-98.,0.));
#255 = LINE('',#256,#257);
#256 = CARTESIAN_POINT('',(-77.9,-98.,0.));
#257 = VECTOR('',#258,1.);
#258 = DIRECTION('',(1.,0.,0.));
#259 = ORIENTED_EDGE('',*,*,#260,.F.);
#260 = EDGE_CURVE('',#261,#253,#263,.T.);
#261 = VERTEX_POINT('',#262);
#262 = CARTESIAN_POINT('',(10.1,-88.,0.));
#263 = CIRCLE('',#264,10.);
#264 = AXIS2_PLACEMENT_3D('',#265,#266,#267);
#265 = CARTESIAN_POINT('',(1.E-01,-88.,0.));
#266 = DIRECTION('',(-0.,-0.,-1.));
#267 = DIRECTION('',(0.,-1.,0.));
#268 = ORIENTED_EDGE('',*,*,#269,.T.);
#269 = EDGE_CURVE('',#261,#270,#272,.T.);
#270 = VERTEX_POINT('',#271);
#271 = CARTESIAN_POINT('',(10.1,-33.,0.));
#272 = LINE('',#273,#274);
#273 = CARTESIAN_POINT('',(10.1,-98.,0.));
#274 = VECTOR('',#275,1.);
#275 = DIRECTION('',(0.,1.,0.));
#276 = ORIENTED_EDGE('',*,*,#277,.T.);
#277 = EDGE_CURVE('',#270,#278,#280,.T.);
#278 = VERTEX_POINT('',#279);
#279 = CARTESIAN_POINT('',(20.1,-33.,0.));
#280 = LINE('',#281,#282);
#281 = CARTESIAN_POINT('',(-87.9,-33.,0.));
#282 = VECTOR('',#283,1.);
#283 = DIRECTION('',(1.,0.,0.));
#284 = ORIENTED_EDGE('',*,*,#285,.F.);
#285 = EDGE_CURVE('',#286,#278,#288,.T.);
#286 = VERTEX_POINT('',#287);
#287 = CARTESIAN_POINT('',(20.1,-57.,0.));
#288 = LINE('',#289,#290);
#289 = CARTESIAN_POINT('',(20.1,-108.,0.));
#290 = VECTOR('',#291,1.);
#291 = DIRECTION('',(0.,1.,0.));
#292 = ORIENTED_EDGE('',*,*,#293,.T.);
#293 = EDGE_CURVE('',#286,#294,#296,.T.);
#294 = VERTEX_POINT('',#295);
#295 = CARTESIAN_POINT('',(22.7,-57.,0.));
#296 = LINE('',#297,#298);
#297 = CARTESIAN_POINT('',(12.7,-57.,0.));
#298 = VECTOR('',#299,1.);
#299 = DIRECTION('',(1.,0.,0.));
#300 = ORIENTED_EDGE('',*,*,#301,.F.);
#301 = EDGE_CURVE('',#302,#294,#304,.T.);
#302 = VERTEX_POINT('',#303);
#303 = CARTESIAN_POINT('',(22.7,-64.,0.));
#304 = LINE('',#305,#306);
#305 = CARTESIAN_POINT('',(22.7,-64.,0.));
#306 = VECTOR('',#307,1.);
#307 = DIRECTION('',(0.,1.,0.));
#308 = ORIENTED_EDGE('',*,*,#309,.T.);
#309 = EDGE_CURVE('',#302,#310,#312,.T.);
#310 = VERTEX_POINT('',#311);
#311 = CARTESIAN_POINT('',(25.4,-64.,0.));
#312 = LINE('',#313,#314);
#313 = CARTESIAN_POINT('',(12.7,-64.,0.));
#314 = VECTOR('',#315,1.);
#315 = DIRECTION('',(1.,0.,0.));
#316 = ORIENTED_EDGE('',*,*,#317,.F.);
#317 = EDGE_CURVE('',#318,#310,#320,.T.);
#318 = VERTEX_POINT('',#319);
#319 = CARTESIAN_POINT('',(25.4,-67.,0.));
#320 = LINE('',#321,#322);
#321 = CARTESIAN_POINT('',(25.4,-67.,0.));
#322 = VECTOR('',#323,1.);
#323 = DIRECTION('',(0.,1.,0.));
#324 = ORIENTED_EDGE('',*,*,#325,.T.);
#325 = EDGE_CURVE('',#318,#326,#328,.T.);
#326 = VERTEX_POINT('',#327);
#327 = CARTESIAN_POINT('',(34.2,-67.,0.));
#328 = LINE('',#329,#330);
#329 = CARTESIAN_POINT('',(12.7,-67.,0.));
#330 = VECTOR('',#331,1.);
#331 = DIRECTION('',(1.,0.,0.));
#332 = ORIENTED_EDGE('',*,*,#333,.T.);
#333 = EDGE_CURVE('',#326,#334,#336,.T.);
#334 = VERTEX_POINT('',#335);
#335 = CARTESIAN_POINT('',(34.2,-16.9,0.));
#336 = LINE('',#337,#338);
#337 = CARTESIAN_POINT('',(34.2,-108.,0.));
#338 = VECTOR('',#339,1.);
#339 = DIRECTION('',(0.,1.,0.));
#340 = ORIENTED_EDGE('',*,*,#341,.F.);
#341 = EDGE_CURVE('',#342,#334,#344,.T.);
#342 = VERTEX_POINT('',#343);
#343 = CARTESIAN_POINT('',(25.4,-16.9,0.));
#344 = LINE('',#345,#346);
#345 = CARTESIAN_POINT('',(25.4,-16.9,0.));
#346 = VECTOR('',#347,1.);
#347 = DIRECTION('',(1.,0.,0.));
#348 = ORIENTED_EDGE('',*,*,#349,.T.);
#349 = EDGE_CURVE('',#342,#350,#352,.T.);
#350 = VERTEX_POINT('',#351);
#351 = CARTESIAN_POINT('',(25.4,-3.,0.));
#352 = LINE('',#353,#354);
#353 = CARTESIAN_POINT('',(25.4,-16.9,0.));
#354 = VECTOR('',#355,1.);
#355 = DIRECTION('',(0.,1.,0.));
#356 = ORIENTED_EDGE('',*,*,#357,.T.);
#357 = EDGE_CURVE('',#350,#358,#360,.T.);
#358 = VERTEX_POINT('',#359);
#359 = CARTESIAN_POINT('',(34.2,-3.,0.));
#360 = LINE('',#361,#362);
#361 = CARTESIAN_POINT('',(25.4,-3.,0.));
#362 = VECTOR('',#363,1.);
#363 = DIRECTION('',(1.,0.,0.));
#364 = ORIENTED_EDGE('',*,*,#365,.T.);
#365 = EDGE_CURVE('',#358,#366,#368,.T.);
#366 = VERTEX_POINT('',#367);
#367 = CARTESIAN_POINT('',(34.2,47.1,0.));
#368 = LINE('',#369,#370);
#369 = CARTESIAN_POINT('',(34.2,-108.,0.));
#370 = VECTOR('',#371,1.);
#371 = DIRECTION('',(0.,1.,0.));
#372 = ORIENTED_EDGE('',*,*,#373,.F.);
#373 = EDGE_CURVE('',#374,#366,#376,.T.);
#374 = VERTEX_POINT('',#375);
#375 = CARTESIAN_POINT('',(25.4,47.1,0.));
#376 = LINE('',#377,#378);
#377 = CARTESIAN_POINT('',(12.7,47.1,0.));
#378 = VECTOR('',#379,1.);
#379 = DIRECTION('',(1.,0.,0.));
#380 = ORIENTED_EDGE('',*,*,#381,.F.);
#381 = EDGE_CURVE('',#382,#374,#384,.T.);
#382 = VERTEX_POINT('',#383);
#383 = CARTESIAN_POINT('',(25.4,44.1,0.));
#384 = LINE('',#385,#386);
#385 = CARTESIAN_POINT('',(25.4,44.1,0.));
#386 = VECTOR('',#387,1.);
#387 = DIRECTION('',(0.,1.,0.));
#388 = ORIENTED_EDGE('',*,*,#389,.F.);
#389 = EDGE_CURVE('',#390,#382,#392,.T.);
#390 = VERTEX_POINT('',#391);
#391 = CARTESIAN_POINT('',(22.7,44.1,0.));
#392 = LINE('',#393,#394);
#393 = CARTESIAN_POINT('',(12.7,44.1,0.));
#394 = VECTOR('',#395,1.);
#395 = DIRECTION('',(1.,0.,0.));
#396 = ORIENTED_EDGE('',*,*,#397,.F.);
#397 = EDGE_CURVE('',#398,#390,#400,.T.);
#398 = VERTEX_POINT('',#399);
#399 = CARTESIAN_POINT('',(22.7,37.1,0.));
#400 = LINE('',#401,#402);
#401 = CARTESIAN_POINT('',(22.7,37.1,0.));
#402 = VECTOR('',#403,1.);
#403 = DIRECTION('',(0.,1.,0.));
#404 = ORIENTED_EDGE('',*,*,#405,.F.);
#405 = EDGE_CURVE('',#406,#398,#408,.T.);
#406 = VERTEX_POINT('',#407);
#407 = CARTESIAN_POINT('',(12.7,37.1,0.));
#408 = LINE('',#409,#410);
#409 = CARTESIAN_POINT('',(12.7,37.1,0.));
#410 = VECTOR('',#411,1.);
#411 = DIRECTION('',(1.,0.,0.));
#412 = ORIENTED_EDGE('',*,*,#413,.T.);
#413 = EDGE_CURVE('',#406,#414,#416,.T.);
#414 = VERTEX_POINT('',#415);
#415 = CARTESIAN_POINT('',(12.7,44.1,0.));
#416 = LINE('',#417,#418);
#417 = CARTESIAN_POINT('',(12.7,37.1,0.));
#418 = VECTOR('',#419,1.);
#419 = DIRECTION('',(0.,1.,0.));
#420 = ORIENTED_EDGE('',*,*,#421,.T.);
#421 = EDGE_CURVE('',#414,#422,#424,.T.);
#422 = VERTEX_POINT('',#423);
#423 = CARTESIAN_POINT('',(12.7,47.1,0.));
#424 = LINE('',#425,#426);
#425 = CARTESIAN_POINT('',(12.7,44.1,0.));
#426 = VECTOR('',#427,1.);
#427 = DIRECTION('',(0.,1.,0.));
#428 = ORIENTED_EDGE('',*,*,#429,.T.);
#429 = EDGE_CURVE('',#422,#430,#432,.T.);
#430 = VERTEX_POINT('',#431);
#431 = CARTESIAN_POINT('',(12.7,60.1,0.));
#432 = LINE('',#433,#434);
#433 = CARTESIAN_POINT('',(12.7,47.1,0.));
#434 = VECTOR('',#435,1.);
#435 = DIRECTION('',(0.,1.,0.));
#436 = ORIENTED_EDGE('',*,*,#437,.T.);
#437 = EDGE_CURVE('',#430,#438,#440,.T.);
#438 = VERTEX_POINT('',#439);
#439 = CARTESIAN_POINT('',(34.2,60.1,0.));
#440 = LINE('',#441,#442);
#441 = CARTESIAN_POINT('',(12.7,60.1,0.));
#442 = VECTOR('',#443,1.);
#443 = DIRECTION('',(1.,0.,0.));
#444 = ORIENTED_EDGE('',*,*,#445,.T.);
#445 = EDGE_CURVE('',#438,#446,#448,.T.);
#446 = VERTEX_POINT('',#447);
#447 = CARTESIAN_POINT('',(34.2,81.,0.));
#448 = LINE('',#449,#450);
#449 = CARTESIAN_POINT('',(34.2,-108.,0.));
#450 = VECTOR('',#451,1.);
#451 = DIRECTION('',(0.,1.,0.));
#452 = ORIENTED_EDGE('',*,*,#453,.F.);
#453 = EDGE_CURVE('',#454,#446,#456,.T.);
#454 = VERTEX_POINT('',#455);
#455 = CARTESIAN_POINT('',(-102.,81.,0.));
#456 = LINE('',#457,#458);
#457 = CARTESIAN_POINT('',(-102.,81.,0.));
#458 = VECTOR('',#459,1.);
#459 = DIRECTION('',(1.,0.,0.));
#460 = ORIENTED_EDGE('',*,*,#461,.F.);
#461 = EDGE_CURVE('',#462,#454,#464,.T.);
#462 = VERTEX_POINT('',#463);
#463 = CARTESIAN_POINT('',(-102.,60.1,0.));
#464 = LINE('',#465,#466);
#465 = CARTESIAN_POINT('',(-102.,-108.,0.));
#466 = VECTOR('',#467,1.);
#467 = DIRECTION('',(0.,1.,0.));
#468 = ORIENTED_EDGE('',*,*,#469,.T.);
#469 = EDGE_CURVE('',#462,#470,#472,.T.);
#470 = VERTEX_POINT('',#471);
#471 = CARTESIAN_POINT('',(-80.5,60.1,0.));
#472 = LINE('',#473,#474);
#473 = CARTESIAN_POINT('',(-102.,60.1,0.));
#474 = VECTOR('',#475,1.);
#475 = DIRECTION('',(1.,0.,0.));
#476 = ORIENTED_EDGE('',*,*,#477,.F.);
#477 = EDGE_CURVE('',#478,#470,#480,.T.);
#478 = VERTEX_POINT('',#479);
#479 = CARTESIAN_POINT('',(-80.5,47.1,0.));
#480 = LINE('',#481,#482);
#481 = CARTESIAN_POINT('',(-80.5,47.1,0.));
#482 = VECTOR('',#483,1.);
#483 = DIRECTION('',(0.,1.,0.));
#484 = ORIENTED_EDGE('',*,*,#485,.F.);
#485 = EDGE_CURVE('',#486,#478,#488,.T.);
#486 = VERTEX_POINT('',#487);
#487 = CARTESIAN_POINT('',(-80.5,44.1,0.));
#488 = LINE('',#489,#490);
#489 = CARTESIAN_POINT('',(-80.5,44.1,0.));
#490 = VECTOR('',#491,1.);
#491 = DIRECTION('',(0.,1.,0.));
#492 = ORIENTED_EDGE('',*,*,#493,.F.);
#493 = EDGE_CURVE('',#494,#486,#496,.T.);
#494 = VERTEX_POINT('',#495);
#495 = CARTESIAN_POINT('',(-80.5,37.1,0.));
#496 = LINE('',#497,#498);
#497 = CARTESIAN_POINT('',(-80.5,37.1,0.));
#498 = VECTOR('',#499,1.);
#499 = DIRECTION('',(0.,1.,0.));
#500 = ORIENTED_EDGE('',*,*,#501,.F.);
#501 = EDGE_CURVE('',#502,#494,#504,.T.);
#502 = VERTEX_POINT('',#503);
#503 = CARTESIAN_POINT('',(-90.5,37.1,0.));
#504 = LINE('',#505,#506);
#505 = CARTESIAN_POINT('',(-90.5,37.1,0.));
#506 = VECTOR('',#507,1.);
#507 = DIRECTION('',(1.,0.,0.));
#508 = ORIENTED_EDGE('',*,*,#509,.T.);
#509 = EDGE_CURVE('',#502,#510,#512,.T.);
#510 = VERTEX_POINT('',#511);
#511 = CARTESIAN_POINT('',(-90.5,44.1,0.));
#512 = LINE('',#513,#514);
#513 = CARTESIAN_POINT('',(-90.5,37.1,0.));
#514 = VECTOR('',#515,1.);
#515 = DIRECTION('',(0.,1.,0.));
#516 = ORIENTED_EDGE('',*,*,#517,.F.);
#517 = EDGE_CURVE('',#518,#510,#520,.T.);
#518 = VERTEX_POINT('',#519);
#519 = CARTESIAN_POINT('',(-93.2,44.1,0.));
#520 = LINE('',#521,#522);
#521 = CARTESIAN_POINT('',(-93.2,44.1,0.));
#522 = VECTOR('',#523,1.);
#523 = DIRECTION('',(1.,0.,0.));
#524 = ORIENTED_EDGE('',*,*,#525,.T.);
#525 = EDGE_CURVE('',#518,#526,#528,.T.);
#526 = VERTEX_POINT('',#527);
#527 = CARTESIAN_POINT('',(-93.2,47.1,0.));
#528 = LINE('',#529,#530);
#529 = CARTESIAN_POINT('',(-93.2,44.1,0.));
#530 = VECTOR('',#531,1.);
#531 = DIRECTION('',(0.,1.,0.));
#532 = ORIENTED_EDGE('',*,*,#533,.F.);
#533 = EDGE_CURVE('',#534,#526,#536,.T.);
#534 = VERTEX_POINT('',#535);
#535 = CARTESIAN_POINT('',(-102.,47.1,0.));
#536 = LINE('',#537,#538);
#537 = CARTESIAN_POINT('',(-102.,47.1,0.));
#538 = VECTOR('',#539,1.);
#539 = DIRECTION('',(1.,0.,0.));
#540 = ORIENTED_EDGE('',*,*,#541,.F.);
#541 = EDGE_CURVE('',#542,#534,#544,.T.);
#542 = VERTEX_POINT('',#543);
#543 = CARTESIAN_POINT('',(-102.,-3.,0.));
#544 = LINE('',#545,#546);
#545 = CARTESIAN_POINT('',(-102.,-108.,0.));
#546 = VECTOR('',#547,1.);
#547 = DIRECTION('',(0.,1.,0.));
#548 = ORIENTED_EDGE('',*,*,#549,.T.);
#549 = EDGE_CURVE('',#542,#550,#552,.T.);
#550 = VERTEX_POINT('',#551);
#551 = CARTESIAN_POINT('',(-93.2,-3.,0.));
#552 = LINE('',#553,#554);
#553 = CARTESIAN_POINT('',(-102.,-3.,0.));
#554 = VECTOR('',#555,1.);
#555 = DIRECTION('',(1.,0.,0.));
#556 = ORIENTED_EDGE('',*,*,#557,.F.);
#557 = EDGE_CURVE('',#558,#550,#560,.T.);
#558 = VERTEX_POINT('',#559);
#559 = CARTESIAN_POINT('',(-93.2,-16.9,0.));
#560 = LINE('',#561,#562);
#561 = CARTESIAN_POINT('',(-93.2,-16.9,0.));
#562 = VECTOR('',#563,1.);
#563 = DIRECTION('',(0.,1.,0.));
#564 = ORIENTED_EDGE('',*,*,#565,.F.);
#565 = EDGE_CURVE('',#566,#558,#568,.T.);
#566 = VERTEX_POINT('',#567);
#567 = CARTESIAN_POINT('',(-102.,-16.9,0.));
#568 = LINE('',#569,#570);
#569 = CARTESIAN_POINT('',(-102.,-16.9,0.));
#570 = VECTOR('',#571,1.);
#571 = DIRECTION('',(1.,0.,0.));
#572 = ORIENTED_EDGE('',*,*,#573,.F.);
#573 = EDGE_CURVE('',#574,#566,#576,.T.);
#574 = VERTEX_POINT('',#575);
#575 = CARTESIAN_POINT('',(-102.,-67.,0.));
#576 = LINE('',#577,#578);
#577 = CARTESIAN_POINT('',(-102.,-108.,0.));
#578 = VECTOR('',#579,1.);
#579 = DIRECTION('',(0.,1.,0.));
#580 = ORIENTED_EDGE('',*,*,#581,.T.);
#581 = EDGE_CURVE('',#574,#582,#584,.T.);
#582 = VERTEX_POINT('',#583);
#583 = CARTESIAN_POINT('',(-93.2,-67.,0.));
#584 = LINE('',#585,#586);
#585 = CARTESIAN_POINT('',(-102.,-67.,0.));
#586 = VECTOR('',#587,1.);
#587 = DIRECTION('',(1.,0.,0.));
#588 = ORIENTED_EDGE('',*,*,#589,.T.);
#589 = EDGE_CURVE('',#582,#590,#592,.T.);
#590 = VERTEX_POINT('',#591);
#591 = CARTESIAN_POINT('',(-93.2,-64.,0.));
#592 = LINE('',#593,#594);
#593 = CARTESIAN_POINT('',(-93.2,-67.,0.));
#594 = VECTOR('',#595,1.);
#595 = DIRECTION('',(0.,1.,0.));
#596 = ORIENTED_EDGE('',*,*,#597,.T.);
#597 = EDGE_CURVE('',#590,#598,#600,.T.);
#598 = VERTEX_POINT('',#599);
#599 = CARTESIAN_POINT('',(-90.5,-64.,0.));
#600 = LINE('',#601,#602);
#601 = CARTESIAN_POINT('',(-93.2,-64.,0.));
#602 = VECTOR('',#603,1.);
#603 = DIRECTION('',(1.,0.,0.));
#604 = ORIENTED_EDGE('',*,*,#605,.T.);
#605 = EDGE_CURVE('',#598,#606,#608,.T.);
#606 = VERTEX_POINT('',#607);
#607 = CARTESIAN_POINT('',(-90.5,-57.,0.));
#608 = LINE('',#609,#610);
#609 = CARTESIAN_POINT('',(-90.5,-64.,0.));
#610 = VECTOR('',#611,1.);
#611 = DIRECTION('',(0.,1.,0.));
#612 = ORIENTED_EDGE('',*,*,#613,.T.);
#613 = EDGE_CURVE('',#606,#614,#616,.T.);
#614 = VERTEX_POINT('',#615);
#615 = CARTESIAN_POINT('',(-87.9,-57.,0.));
#616 = LINE('',#617,#618);
#617 = CARTESIAN_POINT('',(-90.5,-57.,0.));
#618 = VECTOR('',#619,1.);
#619 = DIRECTION('',(1.,0.,0.));
#620 = ORIENTED_EDGE('',*,*,#621,.T.);
#621 = EDGE_CURVE('',#614,#622,#624,.T.);
#622 = VERTEX_POINT('',#623);
#623 = CARTESIAN_POINT('',(-87.9,-33.,0.));
#624 = LINE('',#625,#626);
#625 = CARTESIAN_POINT('',(-87.9,-108.,0.));
#626 = VECTOR('',#627,1.);
#627 = DIRECTION('',(0.,1.,0.));
#628 = ORIENTED_EDGE('',*,*,#629,.T.);
#629 = EDGE_CURVE('',#622,#630,#632,.T.);
#630 = VERTEX_POINT('',#631);
#631 = CARTESIAN_POINT('',(-77.9,-33.,0.));
#632 = LINE('',#633,#634);
#633 = CARTESIAN_POINT('',(-87.9,-33.,0.));
#634 = VECTOR('',#635,1.);
#635 = DIRECTION('',(1.,0.,0.));
#636 = ORIENTED_EDGE('',*,*,#637,.F.);
#637 = EDGE_CURVE('',#638,#630,#640,.T.);
#638 = VERTEX_POINT('',#639);
#639 = CARTESIAN_POINT('',(-77.9,-88.,0.));
#640 = LINE('',#641,#642);
#641 = CARTESIAN_POINT('',(-77.9,-98.,0.));
#642 = VECTOR('',#643,1.);
#643 = DIRECTION('',(0.,1.,0.));
#644 = ORIENTED_EDGE('',*,*,#645,.T.);
#645 = EDGE_CURVE('',#638,#55,#646,.T.);
#646 = CIRCLE('',#647,10.);
#647 = AXIS2_PLACEMENT_3D('',#648,#649,#650);
#648 = CARTESIAN_POINT('',(-67.9,-88.,0.));
#649 = DIRECTION('',(-0.,0.,1.));
#650 = DIRECTION('',(0.,-1.,0.));
#651 = FACE_BOUND('',#652,.T.);
#652 = EDGE_LOOP('',(#653,#663,#671,#679));
#653 = ORIENTED_EDGE('',*,*,#654,.F.);
#654 = EDGE_CURVE('',#655,#657,#659,.T.);
#655 = VERTEX_POINT('',#656);
#656 = CARTESIAN_POINT('',(-90.5,-16.9,0.));
#657 = VERTEX_POINT('',#658);
#658 = CARTESIAN_POINT('',(-78.5,-16.9,0.));
#659 = LINE('',#660,#661);
#660 = CARTESIAN_POINT('',(-90.5,-16.9,0.));
#661 = VECTOR('',#662,1.);
#662 = DIRECTION('',(1.,0.,0.));
#663 = ORIENTED_EDGE('',*,*,#664,.T.);
#664 = EDGE_CURVE('',#655,#665,#667,.T.);
#665 = VERTEX_POINT('',#666);
#666 = CARTESIAN_POINT('',(-90.5,-3.,0.));
#667 = LINE('',#668,#669);
#668 = CARTESIAN_POINT('',(-90.5,-16.9,0.));
#669 = VECTOR('',#670,1.);
#670 = DIRECTION('',(0.,1.,0.));
#671 = ORIENTED_EDGE('',*,*,#672,.T.);
#672 = EDGE_CURVE('',#665,#673,#675,.T.);
#673 = VERTEX_POINT('',#674);
#674 = CARTESIAN_POINT('',(-78.5,-3.,0.));
#675 = LINE('',#676,#677);
#676 = CARTESIAN_POINT('',(-90.5,-3.,0.));
#677 = VECTOR('',#678,1.);
#678 = DIRECTION('',(1.,0.,0.));
#679 = ORIENTED_EDGE('',*,*,#680,.F.);
#680 = EDGE_CURVE('',#657,#673,#681,.T.);
#681 = LINE('',#682,#683);
#682 = CARTESIAN_POINT('',(-78.5,-16.9,0.));
#683 = VECTOR('',#684,1.);
#684 = DIRECTION('',(0.,1.,0.));
#685 = FACE_BOUND('',#686,.T.);
#686 = EDGE_LOOP('',(#687,#697,#705,#713,#721,#729,#737,#745));
#687 = ORIENTED_EDGE('',*,*,#688,.T.);
#688 = EDGE_CURVE('',#689,#691,#693,.T.);
#689 = VERTEX_POINT('',#690);
#690 = CARTESIAN_POINT('',(-65.9,-16.9,0.));
#691 = VERTEX_POINT('',#692);
#692 = CARTESIAN_POINT('',(-65.9,-14.9,0.));
#693 = LINE('',#694,#695);
#694 = CARTESIAN_POINT('',(-65.9,-16.9,0.));
#695 = VECTOR('',#696,1.);
#696 = DIRECTION('',(0.,1.,0.));
#697 = ORIENTED_EDGE('',*,*,#698,.T.);
#698 = EDGE_CURVE('',#691,#699,#701,.T.);
#699 = VERTEX_POINT('',#700);
#700 = CARTESIAN_POINT('',(-65.9,-4.9,0.));
#701 = LINE('',#702,#703);
#702 = CARTESIAN_POINT('',(-65.9,-14.9,0.));
#703 = VECTOR('',#704,1.);
#704 = DIRECTION('',(0.,1.,0.));
#705 = ORIENTED_EDGE('',*,*,#706,.T.);
#706 = EDGE_CURVE('',#699,#707,#709,.T.);
#707 = VERTEX_POINT('',#708);
#708 = CARTESIAN_POINT('',(-65.9,-3.,0.));
#709 = LINE('',#710,#711);
#710 = CARTESIAN_POINT('',(-65.9,-16.9,0.));
#711 = VECTOR('',#712,1.);
#712 = DIRECTION('',(0.,1.,0.));
#713 = ORIENTED_EDGE('',*,*,#714,.T.);
#714 = EDGE_CURVE('',#707,#715,#717,.T.);
#715 = VERTEX_POINT('',#716);
#716 = CARTESIAN_POINT('',(-62.9,-3.,0.));
#717 = LINE('',#718,#719);
#718 = CARTESIAN_POINT('',(-65.9,-3.,0.));
#719 = VECTOR('',#720,1.);
#720 = DIRECTION('',(1.,0.,0.));
#721 = ORIENTED_EDGE('',*,*,#722,.F.);
#722 = EDGE_CURVE('',#723,#715,#725,.T.);
#723 = VERTEX_POINT('',#724);
#724 = CARTESIAN_POINT('',(-62.9,-4.9,0.));
#725 = LINE('',#726,#727);
#726 = CARTESIAN_POINT('',(-62.9,-16.9,0.));
#727 = VECTOR('',#728,1.);
#728 = DIRECTION('',(0.,1.,0.));
#729 = ORIENTED_EDGE('',*,*,#730,.F.);
#730 = EDGE_CURVE('',#731,#723,#733,.T.);
#731 = VERTEX_POINT('',#732);
#732 = CARTESIAN_POINT('',(-62.9,-14.9,0.));
#733 = LINE('',#734,#735);
#734 = CARTESIAN_POINT('',(-62.9,-14.9,0.));
#735 = VECTOR('',#736,1.);
#736 = DIRECTION('',(0.,1.,0.));
#737 = ORIENTED_EDGE('',*,*,#738,.F.);
#738 = EDGE_CURVE('',#739,#731,#741,.T.);
#739 = VERTEX_POINT('',#740);
#740 = CARTESIAN_POINT('',(-62.9,-16.9,0.));
#741 = LINE('',#742,#743);
#742 = CARTESIAN_POINT('',(-62.9,-16.9,0.));
#743 = VECTOR('',#744,1.);
#744 = DIRECTION('',(0.,1.,0.));
#745 = ORIENTED_EDGE('',*,*,#746,.F.);
#746 = EDGE_CURVE('',#689,#739,#747,.T.);
#747 = LINE('',#748,#749);
#748 = CARTESIAN_POINT('',(-65.9,-16.9,0.));
#749 = VECTOR('',#750,1.);
#750 = DIRECTION('',(1.,0.,0.));
#751 = FACE_BOUND('',#752,.T.);
#752 = EDGE_LOOP('',(#753,#763,#771,#779));
#753 = ORIENTED_EDGE('',*,*,#754,.F.);
#754 = EDGE_CURVE('',#755,#757,#759,.T.);
#755 = VERTEX_POINT('',#756);
#756 = CARTESIAN_POINT('',(-63.2,-30.,0.));
#757 = VERTEX_POINT('',#758);
#758 = CARTESIAN_POINT('',(-4.6,-30.,0.));
#759 = LINE('',#760,#761);
#760 = CARTESIAN_POINT('',(-63.2,-30.,0.));
#761 = VECTOR('',#762,1.);
#762 = DIRECTION('',(1.,0.,0.));
#763 = ORIENTED_EDGE('',*,*,#764,.T.);
#764 = EDGE_CURVE('',#755,#765,#767,.T.);
#765 = VERTEX_POINT('',#766);
#766 = CARTESIAN_POINT('',(-63.2,-27.,0.));
#767 = LINE('',#768,#769);
#768 = CARTESIAN_POINT('',(-63.2,-30.,0.));
#769 = VECTOR('',#770,1.);
#770 = DIRECTION('',(0.,1.,0.));
#771 = ORIENTED_EDGE('',*,*,#772,.T.);
#772 = EDGE_CURVE('',#765,#773,#775,.T.);
#773 = VERTEX_POINT('',#774);
#774 = CARTESIAN_POINT('',(-4.6,-27.,0.));
#775 = LINE('',#776,#777);
#776 = CARTESIAN_POINT('',(-63.2,-27.,0.));
#777 = VECTOR('',#778,1.);
#778 = DIRECTION('',(1.,0.,0.));
#779 = ORIENTED_EDGE('',*,*,#780,.F.);
#780 = EDGE_CURVE('',#757,#773,#781,.T.);
#781 = LINE('',#782,#783);
#782 = CARTESIAN_POINT('',(-4.6,-30.,0.));
#783 = VECTOR('',#784,1.);
#784 = DIRECTION('',(0.,1.,0.));
#785 = FACE_BOUND('',#786,.T.);
#786 = EDGE_LOOP('',(#787,#797,#805,#813,#821,#829,#837,#845));
#787 = ORIENTED_EDGE('',*,*,#788,.T.);
#788 = EDGE_CURVE('',#789,#791,#793,.T.);
#789 = VERTEX_POINT('',#790);
#790 = CARTESIAN_POINT('',(-4.9,-16.9,0.));
#791 = VERTEX_POINT('',#792);
#792 = CARTESIAN_POINT('',(-4.9,-14.9,0.));
#793 = LINE('',#794,#795);
#794 = CARTESIAN_POINT('',(-4.9,-16.9,0.));
#795 = VECTOR('',#796,1.);
#796 = DIRECTION('',(0.,1.,0.));
#797 = ORIENTED_EDGE('',*,*,#798,.T.);
#798 = EDGE_CURVE('',#791,#799,#801,.T.);
#799 = VERTEX_POINT('',#800);
#800 = CARTESIAN_POINT('',(-4.9,-4.9,0.));
#801 = LINE('',#802,#803);
#802 = CARTESIAN_POINT('',(-4.9,-14.9,0.));
#803 = VECTOR('',#804,1.);
#804 = DIRECTION('',(0.,1.,0.));
#805 = ORIENTED_EDGE('',*,*,#806,.T.);
#806 = EDGE_CURVE('',#799,#807,#809,.T.);
#807 = VERTEX_POINT('',#808);
#808 = CARTESIAN_POINT('',(-4.9,-3.,0.));
#809 = LINE('',#810,#811);
#810 = CARTESIAN_POINT('',(-4.9,-16.9,0.));
#811 = VECTOR('',#812,1.);
#812 = DIRECTION('',(0.,1.,0.));
#813 = ORIENTED_EDGE('',*,*,#814,.T.);
#814 = EDGE_CURVE('',#807,#815,#817,.T.);
#815 = VERTEX_POINT('',#816);
#816 = CARTESIAN_POINT('',(-1.9,-3.,0.));
#817 = LINE('',#818,#819);
#818 = CARTESIAN_POINT('',(-4.9,-3.,0.));
#819 = VECTOR('',#820,1.);
#820 = DIRECTION('',(1.,0.,0.));
#821 = ORIENTED_EDGE('',*,*,#822,.F.);
#822 = EDGE_CURVE('',#823,#815,#825,.T.);
#823 = VERTEX_POINT('',#824);
#824 = CARTESIAN_POINT('',(-1.9,-4.9,0.));
#825 = LINE('',#826,#827);
#826 = CARTESIAN_POINT('',(-1.9,-16.9,0.));
#827 = VECTOR('',#828,1.);
#828 = DIRECTION('',(0.,1.,0.));
#829 = ORIENTED_EDGE('',*,*,#830,.F.);
#830 = EDGE_CURVE('',#831,#823,#833,.T.);
#831 = VERTEX_POINT('',#832);
#832 = CARTESIAN_POINT('',(-1.9,-14.9,0.));
#833 = LINE('',#834,#835);
#834 = CARTESIAN_POINT('',(-1.9,-14.9,0.));
#835 = VECTOR('',#836,1.);
#836 = DIRECTION('',(0.,1.,0.));
#837 = ORIENTED_EDGE('',*,*,#838,.F.);
#838 = EDGE_CURVE('',#839,#831,#841,.T.);
#839 = VERTEX_POINT('',#840);
#840 = CARTESIAN_POINT('',(-1.9,-16.9,0.));
#841 = LINE('',#842,#843);
#842 = CARTESIAN_POINT('',(-1.9,-16.9,0.));
#843 = VECTOR('',#844,1.);
#844 = DIRECTION('',(0.,1.,0.));
#845 = ORIENTED_EDGE('',*,*,#846,.F.);
#846 = EDGE_CURVE('',#789,#839,#847,.T.);
#847 = LINE('',#848,#849);
#848 = CARTESIAN_POINT('',(-4.9,-16.9,0.));
#849 = VECTOR('',#850,1.);
#850 = DIRECTION('',(1.,0.,0.));
#851 = FACE_BOUND('',#852,.T.);
#852 = EDGE_LOOP('',(#853,#863,#871,#879));
#853 = ORIENTED_EDGE('',*,*,#854,.F.);
#854 = EDGE_CURVE('',#855,#857,#859,.T.);
#855 = VERTEX_POINT('',#856);
#856 = CARTESIAN_POINT('',(10.7,-16.9,0.));
#857 = VERTEX_POINT('',#858);
#858 = CARTESIAN_POINT('',(22.7,-16.9,0.));
#859 = LINE('',#860,#861);
#860 = CARTESIAN_POINT('',(10.7,-16.9,0.));
#861 = VECTOR('',#862,1.);
#862 = DIRECTION('',(1.,0.,0.));
#863 = ORIENTED_EDGE('',*,*,#864,.T.);
#864 = EDGE_CURVE('',#855,#865,#867,.T.);
#865 = VERTEX_POINT('',#866);
#866 = CARTESIAN_POINT('',(10.7,-3.,0.));
#867 = LINE('',#868,#869);
#868 = CARTESIAN_POINT('',(10.7,-16.9,0.));
#869 = VECTOR('',#870,1.);
#870 = DIRECTION('',(0.,1.,0.));
#871 = ORIENTED_EDGE('',*,*,#872,.T.);
#872 = EDGE_CURVE('',#865,#873,#875,.T.);
#873 = VERTEX_POINT('',#874);
#874 = CARTESIAN_POINT('',(22.7,-3.,0.));
#875 = LINE('',#876,#877);
#876 = CARTESIAN_POINT('',(10.7,-3.,0.));
#877 = VECTOR('',#878,1.);
#878 = DIRECTION('',(1.,0.,0.));
#879 = ORIENTED_EDGE('',*,*,#880,.F.);
#880 = EDGE_CURVE('',#857,#873,#881,.T.);
#881 = LINE('',#882,#883);
#882 = CARTESIAN_POINT('',(22.7,-16.9,0.));
#883 = VECTOR('',#884,1.);
#884 = DIRECTION('',(0.,1.,0.));
#885 = FACE_BOUND('',#886,.T.);
#886 = EDGE_LOOP('',(#887,#897,#905,#913));
#887 = ORIENTED_EDGE('',*,*,#888,.F.);
#888 = EDGE_CURVE('',#889,#891,#893,.T.);
#889 = VERTEX_POINT('',#890);
#890 = CARTESIAN_POINT('',(-65.9,37.1,0.));
#891 = VERTEX_POINT('',#892);
#892 = CARTESIAN_POINT('',(-62.9,37.1,0.));
#893 = LINE('',#894,#895);
#894 = CARTESIAN_POINT('',(-65.9,37.1,0.));
#895 = VECTOR('',#896,1.);
#896 = DIRECTION('',(1.,0.,0.));
#897 = ORIENTED_EDGE('',*,*,#898,.T.);
#898 = EDGE_CURVE('',#889,#899,#901,.T.);
#899 = VERTEX_POINT('',#900);
#900 = CARTESIAN_POINT('',(-65.9,47.1,0.));
#901 = LINE('',#902,#903);
#902 = CARTESIAN_POINT('',(-65.9,37.1,0.));
#903 = VECTOR('',#904,1.);
#904 = DIRECTION('',(0.,1.,0.));
#905 = ORIENTED_EDGE('',*,*,#906,.T.);
#906 = EDGE_CURVE('',#899,#907,#909,.T.);
#907 = VERTEX_POINT('',#908);
#908 = CARTESIAN_POINT('',(-62.9,47.1,0.));
#909 = LINE('',#910,#911);
#910 = CARTESIAN_POINT('',(-65.9,47.1,0.));
#911 = VECTOR('',#912,1.);
#912 = DIRECTION('',(1.,0.,0.));
#913 = ORIENTED_EDGE('',*,*,#914,.F.);
#914 = EDGE_CURVE('',#891,#907,#915,.T.);
#915 = LINE('',#916,#917);
#916 = CARTESIAN_POINT('',(-62.9,37.1,0.));
#917 = VECTOR('',#918,1.);
#918 = DIRECTION('',(0.,1.,0.));
#919 = FACE_BOUND('',#920,.T.);
#920 = EDGE_LOOP('',(#921));
#921 = ORIENTED_EDGE('',*,*,#922,.F.);
#922 = EDGE_CURVE('',#923,#923,#925,.T.);
#923 = VERTEX_POINT('',#924);
#924 = CARTESIAN_POINT('',(-77.9,72.,0.));
#925 = CIRCLE('',#926,4.);
#926 = AXIS2_PLACEMENT_3D('',#927,#928,#929);
#927 = CARTESIAN_POINT('',(-81.9,72.,0.));
#928 = DIRECTION('',(0.,0.,1.));
#929 = DIRECTION('',(1.,0.,0.));
#930 = FACE_BOUND('',#931,.T.);
#931 = EDGE_LOOP('',(#932));
#932 = ORIENTED_EDGE('',*,*,#39,.F.);
#933 = FACE_BOUND('',#934,.T.);
#934 = EDGE_LOOP('',(#935,#945,#953,#961));
#935 = ORIENTED_EDGE('',*,*,#936,.F.);
#936 = EDGE_CURVE('',#937,#939,#941,.T.);
#937 = VERTEX_POINT('',#938);
#938 = CARTESIAN_POINT('',(-4.9,37.1,0.));
#939 = VERTEX_POINT('',#940);
#940 = CARTESIAN_POINT('',(-1.9,37.1,0.));
#941 = LINE('',#942,#943);
#942 = CARTESIAN_POINT('',(-4.9,37.1,0.));
#943 = VECTOR('',#944,1.);
#944 = DIRECTION('',(1.,0.,0.));
#945 = ORIENTED_EDGE('',*,*,#946,.T.);
#946 = EDGE_CURVE('',#937,#947,#949,.T.);
#947 = VERTEX_POINT('',#948);
#948 = CARTESIAN_POINT('',(-4.9,47.1,0.));
#949 = LINE('',#950,#951);
#950 = CARTESIAN_POINT('',(-4.9,37.1,0.));
#951 = VECTOR('',#952,1.);
#952 = DIRECTION('',(0.,1.,0.));
#953 = ORIENTED_EDGE('',*,*,#954,.T.);
#954 = EDGE_CURVE('',#947,#955,#957,.T.);
#955 = VERTEX_POINT('',#956);
#956 = CARTESIAN_POINT('',(-1.9,47.1,0.));
#957 = LINE('',#958,#959);
#958 = CARTESIAN_POINT('',(-4.9,47.1,0.));
#959 = VECTOR('',#960,1.);
#960 = DIRECTION('',(1.,0.,0.));
#961 = ORIENTED_EDGE('',*,*,#962,.F.);
#962 = EDGE_CURVE('',#939,#955,#963,.T.);
#963 = LINE('',#964,#965);
#964 = CARTESIAN_POINT('',(-1.9,37.1,0.));
#965 = VECTOR('',#966,1.);
#966 = DIRECTION('',(0.,1.,0.));
#967 = FACE_BOUND('',#968,.T.);
#968 = EDGE_LOOP('',(#969));
#969 = ORIENTED_EDGE('',*,*,#970,.F.);
#970 = EDGE_CURVE('',#971,#971,#973,.T.);
#971 = VERTEX_POINT('',#972);
#972 = CARTESIAN_POINT('',(3.4,70.,0.));
#973 = CIRCLE('',#974,2.);
#974 = AXIS2_PLACEMENT_3D('',#975,#976,#977);
#975 = CARTESIAN_POINT('',(1.4,70.,0.));
#976 = DIRECTION('',(0.,0.,1.));
#977 = DIRECTION('',(1.,0.,0.));
#978 = FACE_BOUND('',#979,.T.);
#979 = EDGE_LOOP('',(#980));
#980 = ORIENTED_EDGE('',*,*,#981,.F.);
#981 = EDGE_CURVE('',#982,#982,#984,.T.);
#982 = VERTEX_POINT('',#983);
#983 = CARTESIAN_POINT('',(18.1,72.,0.));
#984 = CIRCLE('',#985,4.);
#985 = AXIS2_PLACEMENT_3D('',#986,#987,#988);
#986 = CARTESIAN_POINT('',(14.1,72.,0.));
#987 = DIRECTION('',(0.,0.,1.));
#988 = DIRECTION('',(1.,0.,0.));
#989 = PLANE('',#990);
#990 = AXIS2_PLACEMENT_3D('',#991,#992,#993);
#991 = CARTESIAN_POINT('',(-102.,-108.,0.));
#992 = DIRECTION('',(0.,0.,1.));
#993 = DIRECTION('',(1.,0.,0.));
#994 = ADVANCED_FACE('',(#995),#998,.T.);
#995 = FACE_BOUND('',#996,.F.);
#996 = EDGE_LOOP('',(#997));
#997 = ORIENTED_EDGE('',*,*,#31,.F.);
#998 = PLANE('',#999);
#999 = AXIS2_PLACEMENT_3D('',#1000,#1001,#1002);
#1000 = CARTESIAN_POINT('',(-70.2,70.,12.));
#1001 = DIRECTION('',(0.,0.,1.));
#1002 = DIRECTION('',(1.,0.,0.));
#1003 = ADVANCED_FACE('',(#1004,#1073),#1084,.T.);
#1004 = FACE_BOUND('',#1005,.T.);
#1005 = EDGE_LOOP('',(#1006,#1016,#1024,#1030,#1031,#1032,#1033,#1034,
    #1035,#1043,#1051,#1059,#1067));
#1006 = ORIENTED_EDGE('',*,*,#1007,.F.);
#1007 = EDGE_CURVE('',#1008,#1010,#1012,.T.);
#1008 = VERTEX_POINT('',#1009);
#1009 = CARTESIAN_POINT('',(-87.9,-108.,0.));
#1010 = VERTEX_POINT('',#1011);
#1011 = CARTESIAN_POINT('',(-87.9,-80.,0.));
#1012 = LINE('',#1013,#1014);
#1013 = CARTESIAN_POINT('',(-87.9,-108.,0.));
#1014 = VECTOR('',#1015,1.);
#1015 = DIRECTION('',(0.,1.,0.));
#1016 = ORIENTED_EDGE('',*,*,#1017,.T.);
#1017 = EDGE_CURVE('',#1008,#1018,#1020,.T.);
#1018 = VERTEX_POINT('',#1019);
#1019 = CARTESIAN_POINT('',(-60.9,-108.,0.));
#1020 = LINE('',#1021,#1022);
#1021 = CARTESIAN_POINT('',(-102.,-108.,0.));
#1022 = VECTOR('',#1023,1.);
#1023 = DIRECTION('',(1.,0.,0.));
#1024 = ORIENTED_EDGE('',*,*,#1025,.T.);
#1025 = EDGE_CURVE('',#1018,#57,#1026,.T.);
#1026 = LINE('',#1027,#1028);
#1027 = CARTESIAN_POINT('',(-60.9,-108.,0.));
#1028 = VECTOR('',#1029,1.);
#1029 = DIRECTION('',(0.,1.,0.));
#1030 = ORIENTED_EDGE('',*,*,#54,.F.);
#1031 = ORIENTED_EDGE('',*,*,#645,.F.);
#1032 = ORIENTED_EDGE('',*,*,#637,.T.);
#1033 = ORIENTED_EDGE('',*,*,#629,.F.);
#1034 = ORIENTED_EDGE('',*,*,#621,.F.);
#1035 = ORIENTED_EDGE('',*,*,#1036,.T.);
#1036 = EDGE_CURVE('',#614,#1037,#1039,.T.);
#1037 = VERTEX_POINT('',#1038);
#1038 = CARTESIAN_POINT('',(-80.5,-57.,0.));
#1039 = LINE('',#1040,#1041);
#1040 = CARTESIAN_POINT('',(-90.5,-57.,0.));
#1041 = VECTOR('',#1042,1.);
#1042 = DIRECTION('',(1.,0.,0.));
#1043 = ORIENTED_EDGE('',*,*,#1044,.F.);
#1044 = EDGE_CURVE('',#1045,#1037,#1047,.T.);
#1045 = VERTEX_POINT('',#1046);
#1046 = CARTESIAN_POINT('',(-80.5,-64.,0.));
#1047 = LINE('',#1048,#1049);
#1048 = CARTESIAN_POINT('',(-80.5,-64.,0.));
#1049 = VECTOR('',#1050,1.);
#1050 = DIRECTION('',(0.,1.,0.));
#1051 = ORIENTED_EDGE('',*,*,#1052,.F.);
#1052 = EDGE_CURVE('',#1053,#1045,#1055,.T.);
#1053 = VERTEX_POINT('',#1054);
#1054 = CARTESIAN_POINT('',(-80.5,-67.,0.));
#1055 = LINE('',#1056,#1057);
#1056 = CARTESIAN_POINT('',(-80.5,-67.,0.));
#1057 = VECTOR('',#1058,1.);
#1058 = DIRECTION('',(0.,1.,0.));
#1059 = ORIENTED_EDGE('',*,*,#1060,.F.);
#1060 = EDGE_CURVE('',#1061,#1053,#1063,.T.);
#1061 = VERTEX_POINT('',#1062);
#1062 = CARTESIAN_POINT('',(-80.5,-80.,0.));
#1063 = LINE('',#1064,#1065);
#1064 = CARTESIAN_POINT('',(-80.5,-80.,0.));
#1065 = VECTOR('',#1066,1.);
#1066 = DIRECTION('',(0.,1.,0.));
#1067 = ORIENTED_EDGE('',*,*,#1068,.F.);
#1068 = EDGE_CURVE('',#1010,#1061,#1069,.T.);
#1069 = LINE('',#1070,#1071);
#1070 = CARTESIAN_POINT('',(-102.,-80.,0.));
#1071 = VECTOR('',#1072,1.);
#1072 = DIRECTION('',(1.,0.,0.));
#1073 = FACE_BOUND('',#1074,.T.);
#1074 = EDGE_LOOP('',(#1075));
#1075 = ORIENTED_EDGE('',*,*,#1076,.F.);
#1076 = EDGE_CURVE('',#1077,#1077,#1079,.T.);
#1077 = VERTEX_POINT('',#1078);
#1078 = CARTESIAN_POINT('',(-79.,-98.,0.));
#1079 = CIRCLE('',#1080,4.);
#1080 = AXIS2_PLACEMENT_3D('',#1081,#1082,#1083);
#1081 = CARTESIAN_POINT('',(-83.,-98.,0.));
#1082 = DIRECTION('',(0.,0.,1.));
#1083 = DIRECTION('',(1.,0.,0.));
#1084 = PLANE('',#1085);
#1085 = AXIS2_PLACEMENT_3D('',#1086,#1087,#1088);
#1086 = CARTESIAN_POINT('',(-102.,-108.,0.));
#1087 = DIRECTION('',(0.,0.,1.));
#1088 = DIRECTION('',(1.,0.,0.));
#1089 = ADVANCED_FACE('',(#1090),#1116,.F.);
#1090 = FACE_BOUND('',#1091,.F.);
#1091 = EDGE_LOOP('',(#1092,#1100,#1101,#1102,#1110));
#1092 = ORIENTED_EDGE('',*,*,#1093,.F.);
#1093 = EDGE_CURVE('',#1018,#1094,#1096,.T.);
#1094 = VERTEX_POINT('',#1095);
#1095 = CARTESIAN_POINT('',(-60.9,-108.,19.));
#1096 = LINE('',#1097,#1098);
#1097 = CARTESIAN_POINT('',(-60.9,-108.,0.));
#1098 = VECTOR('',#1099,1.);
#1099 = DIRECTION('',(0.,0.,1.));
#1100 = ORIENTED_EDGE('',*,*,#1025,.T.);
#1101 = ORIENTED_EDGE('',*,*,#64,.T.);
#1102 = ORIENTED_EDGE('',*,*,#1103,.T.);
#1103 = EDGE_CURVE('',#65,#1104,#1106,.T.);
#1104 = VERTEX_POINT('',#1105);
#1105 = CARTESIAN_POINT('',(-60.9,-96.,19.));
#1106 = LINE('',#1107,#1108);
#1107 = CARTESIAN_POINT('',(-60.9,-96.,0.));
#1108 = VECTOR('',#1109,1.);
#1109 = DIRECTION('',(0.,0.,1.));
#1110 = ORIENTED_EDGE('',*,*,#1111,.F.);
#1111 = EDGE_CURVE('',#1094,#1104,#1112,.T.);
#1112 = LINE('',#1113,#1114);
#1113 = CARTESIAN_POINT('',(-60.9,-108.,19.));
#1114 = VECTOR('',#1115,1.);
#1115 = DIRECTION('',(0.,1.,0.));
#1116 = PLANE('',#1117);
#1117 = AXIS2_PLACEMENT_3D('',#1118,#1119,#1120);
#1118 = CARTESIAN_POINT('',(-60.9,-108.,0.));
#1119 = DIRECTION('',(1.,0.,0.));
#1120 = DIRECTION('',(0.,0.,1.));
#1121 = ADVANCED_FACE('',(#1122),#1148,.F.);
#1122 = FACE_BOUND('',#1123,.F.);
#1123 = EDGE_LOOP('',(#1124,#1125,#1133,#1141,#1147));
#1124 = ORIENTED_EDGE('',*,*,#72,.F.);
#1125 = ORIENTED_EDGE('',*,*,#1126,.T.);
#1126 = EDGE_CURVE('',#73,#1127,#1129,.T.);
#1127 = VERTEX_POINT('',#1128);
#1128 = CARTESIAN_POINT('',(-72.91,-96.,32.));
#1129 = LINE('',#1130,#1131);
#1130 = CARTESIAN_POINT('',(-72.91,-96.,0.));
#1131 = VECTOR('',#1132,1.);
#1132 = DIRECTION('',(0.,0.,1.));
#1133 = ORIENTED_EDGE('',*,*,#1134,.T.);
#1134 = EDGE_CURVE('',#1127,#1135,#1137,.T.);
#1135 = VERTEX_POINT('',#1136);
#1136 = CARTESIAN_POINT('',(-60.9,-96.,32.));
#1137 = LINE('',#1138,#1139);
#1138 = CARTESIAN_POINT('',(-75.9,-96.,32.));
#1139 = VECTOR('',#1140,1.);
#1140 = DIRECTION('',(1.,0.,0.));
#1141 = ORIENTED_EDGE('',*,*,#1142,.F.);
#1142 = EDGE_CURVE('',#1104,#1135,#1143,.T.);
#1143 = LINE('',#1144,#1145);
#1144 = CARTESIAN_POINT('',(-60.9,-96.,0.));
#1145 = VECTOR('',#1146,1.);
#1146 = DIRECTION('',(0.,0.,1.));
#1147 = ORIENTED_EDGE('',*,*,#1103,.F.);
#1148 = PLANE('',#1149);
#1149 = AXIS2_PLACEMENT_3D('',#1150,#1151,#1152);
#1150 = CARTESIAN_POINT('',(-75.9,-96.,0.));
#1151 = DIRECTION('',(0.,1.,0.));
#1152 = DIRECTION('',(0.,0.,1.));
#1153 = ADVANCED_FACE('',(#1154),#1172,.T.);
#1154 = FACE_BOUND('',#1155,.F.);
#1155 = EDGE_LOOP('',(#1156,#1157,#1165,#1171));
#1156 = ORIENTED_EDGE('',*,*,#80,.F.);
#1157 = ORIENTED_EDGE('',*,*,#1158,.T.);
#1158 = EDGE_CURVE('',#81,#1159,#1161,.T.);
#1159 = VERTEX_POINT('',#1160);
#1160 = CARTESIAN_POINT('',(-75.9,-93.01,32.));
#1161 = LINE('',#1162,#1163);
#1162 = CARTESIAN_POINT('',(-75.9,-93.01,0.));
#1163 = VECTOR('',#1164,1.);
#1164 = DIRECTION('',(0.,0.,1.));
#1165 = ORIENTED_EDGE('',*,*,#1166,.T.);
#1166 = EDGE_CURVE('',#1159,#1127,#1167,.T.);
#1167 = LINE('',#1168,#1169);
#1168 = CARTESIAN_POINT('',(-74.405,-94.505,32.));
#1169 = VECTOR('',#1170,1.);
#1170 = DIRECTION('',(0.707106781187,-0.707106781187,0.));
#1171 = ORIENTED_EDGE('',*,*,#1126,.F.);
#1172 = PLANE('',#1173);
#1173 = AXIS2_PLACEMENT_3D('',#1174,#1175,#1176);
#1174 = CARTESIAN_POINT('',(-74.405,-94.505,0.));
#1175 = DIRECTION('',(-0.707106781187,-0.707106781187,0.));
#1176 = DIRECTION('',(-0.,-0.,-1.));
#1177 = ADVANCED_FACE('',(#1178),#1196,.F.);
#1178 = FACE_BOUND('',#1179,.F.);
#1179 = EDGE_LOOP('',(#1180,#1188,#1189,#1190));
#1180 = ORIENTED_EDGE('',*,*,#1181,.F.);
#1181 = EDGE_CURVE('',#1159,#1182,#1184,.T.);
#1182 = VERTEX_POINT('',#1183);
#1183 = CARTESIAN_POINT('',(-75.9,-93.,32.));
#1184 = LINE('',#1185,#1186);
#1185 = CARTESIAN_POINT('',(-75.9,-96.,32.));
#1186 = VECTOR('',#1187,1.);
#1187 = DIRECTION('',(0.,1.,0.));
#1188 = ORIENTED_EDGE('',*,*,#1158,.F.);
#1189 = ORIENTED_EDGE('',*,*,#88,.T.);
#1190 = ORIENTED_EDGE('',*,*,#1191,.T.);
#1191 = EDGE_CURVE('',#89,#1182,#1192,.T.);
#1192 = LINE('',#1193,#1194);
#1193 = CARTESIAN_POINT('',(-75.9,-93.,0.));
#1194 = VECTOR('',#1195,1.);
#1195 = DIRECTION('',(0.,0.,1.));
#1196 = PLANE('',#1197);
#1197 = AXIS2_PLACEMENT_3D('',#1198,#1199,#1200);
#1198 = CARTESIAN_POINT('',(-75.9,-96.,0.));
#1199 = DIRECTION('',(1.,0.,0.));
#1200 = DIRECTION('',(0.,0.,1.));
#1201 = ADVANCED_FACE('',(#1202),#1228,.T.);
#1202 = FACE_BOUND('',#1203,.T.);
#1203 = EDGE_LOOP('',(#1204,#1205,#1213,#1221,#1227));
#1204 = ORIENTED_EDGE('',*,*,#613,.F.);
#1205 = ORIENTED_EDGE('',*,*,#1206,.T.);
#1206 = EDGE_CURVE('',#606,#1207,#1209,.T.);
#1207 = VERTEX_POINT('',#1208);
#1208 = CARTESIAN_POINT('',(-90.5,-57.,20.));
#1209 = LINE('',#1210,#1211);
#1210 = CARTESIAN_POINT('',(-90.5,-57.,0.));
#1211 = VECTOR('',#1212,1.);
#1212 = DIRECTION('',(0.,0.,1.));
#1213 = ORIENTED_EDGE('',*,*,#1214,.T.);
#1214 = EDGE_CURVE('',#1207,#1215,#1217,.T.);
#1215 = VERTEX_POINT('',#1216);
#1216 = CARTESIAN_POINT('',(-80.5,-57.,20.));
#1217 = LINE('',#1218,#1219);
#1218 = CARTESIAN_POINT('',(-90.5,-57.,20.));
#1219 = VECTOR('',#1220,1.);
#1220 = DIRECTION('',(1.,0.,0.));
#1221 = ORIENTED_EDGE('',*,*,#1222,.F.);
#1222 = EDGE_CURVE('',#1037,#1215,#1223,.T.);
#1223 = LINE('',#1224,#1225);
#1224 = CARTESIAN_POINT('',(-80.5,-57.,0.));
#1225 = VECTOR('',#1226,1.);
#1226 = DIRECTION('',(0.,0.,1.));
#1227 = ORIENTED_EDGE('',*,*,#1036,.F.);
#1228 = PLANE('',#1229);
#1229 = AXIS2_PLACEMENT_3D('',#1230,#1231,#1232);
#1230 = CARTESIAN_POINT('',(-90.5,-57.,0.));
#1231 = DIRECTION('',(0.,1.,0.));
#1232 = DIRECTION('',(0.,0.,1.));
#1233 = ADVANCED_FACE('',(#1234),#1268,.F.);
#1234 = FACE_BOUND('',#1235,.F.);
#1235 = EDGE_LOOP('',(#1236,#1244,#1245,#1246,#1254,#1262));
#1236 = ORIENTED_EDGE('',*,*,#1237,.F.);
#1237 = EDGE_CURVE('',#1182,#1238,#1240,.T.);
#1238 = VERTEX_POINT('',#1239);
#1239 = CARTESIAN_POINT('',(-75.9,-86.,32.));
#1240 = LINE('',#1241,#1242);
#1241 = CARTESIAN_POINT('',(-75.9,-96.,32.));
#1242 = VECTOR('',#1243,1.);
#1243 = DIRECTION('',(0.,1.,0.));
#1244 = ORIENTED_EDGE('',*,*,#1191,.F.);
#1245 = ORIENTED_EDGE('',*,*,#96,.T.);
#1246 = ORIENTED_EDGE('',*,*,#1247,.T.);
#1247 = EDGE_CURVE('',#97,#1248,#1250,.T.);
#1248 = VERTEX_POINT('',#1249);
#1249 = CARTESIAN_POINT('',(-75.9,-80.,27.));
#1250 = LINE('',#1251,#1252);
#1251 = CARTESIAN_POINT('',(-75.9,-80.,0.));
#1252 = VECTOR('',#1253,1.);
#1253 = DIRECTION('',(0.,0.,1.));
#1254 = ORIENTED_EDGE('',*,*,#1255,.T.);
#1255 = EDGE_CURVE('',#1248,#1256,#1258,.T.);
#1256 = VERTEX_POINT('',#1257);
#1257 = CARTESIAN_POINT('',(-75.9,-86.,27.));
#1258 = LINE('',#1259,#1260);
#1259 = CARTESIAN_POINT('',(-75.9,-91.,27.));
#1260 = VECTOR('',#1261,1.);
#1261 = DIRECTION('',(0.,-1.,0.));
#1262 = ORIENTED_EDGE('',*,*,#1263,.T.);
#1263 = EDGE_CURVE('',#1256,#1238,#1264,.T.);
#1264 = LINE('',#1265,#1266);
#1265 = CARTESIAN_POINT('',(-75.9,-86.,13.5));
#1266 = VECTOR('',#1267,1.);
#1267 = DIRECTION('',(0.,0.,1.));
#1268 = PLANE('',#1269);
#1269 = AXIS2_PLACEMENT_3D('',#1270,#1271,#1272);
#1270 = CARTESIAN_POINT('',(-75.9,-96.,0.));
#1271 = DIRECTION('',(1.,0.,0.));
#1272 = DIRECTION('',(0.,0.,1.));
#1273 = ADVANCED_FACE('',(#1274,#1292,#1303),#1314,.F.);
#1274 = FACE_BOUND('',#1275,.F.);
#1275 = EDGE_LOOP('',(#1276,#1284,#1285,#1286));
#1276 = ORIENTED_EDGE('',*,*,#1277,.F.);
#1277 = EDGE_CURVE('',#598,#1278,#1280,.T.);
#1278 = VERTEX_POINT('',#1279);
#1279 = CARTESIAN_POINT('',(-90.5,-64.,20.));
#1280 = LINE('',#1281,#1282);
#1281 = CARTESIAN_POINT('',(-90.5,-64.,0.));
#1282 = VECTOR('',#1283,1.);
#1283 = DIRECTION('',(0.,0.,1.));
#1284 = ORIENTED_EDGE('',*,*,#605,.T.);
#1285 = ORIENTED_EDGE('',*,*,#1206,.T.);
#1286 = ORIENTED_EDGE('',*,*,#1287,.F.);
#1287 = EDGE_CURVE('',#1278,#1207,#1288,.T.);
#1288 = LINE('',#1289,#1290);
#1289 = CARTESIAN_POINT('',(-90.5,-64.,20.));
#1290 = VECTOR('',#1291,1.);
#1291 = DIRECTION('',(0.,1.,0.));
#1292 = FACE_BOUND('',#1293,.F.);
#1293 = EDGE_LOOP('',(#1294));
#1294 = ORIENTED_EDGE('',*,*,#1295,.T.);
#1295 = EDGE_CURVE('',#1296,#1296,#1298,.T.);
#1296 = VERTEX_POINT('',#1297);
#1297 = CARTESIAN_POINT('',(-90.5,-61.8,3.));
#1298 = CIRCLE('',#1299,2.);
#1299 = AXIS2_PLACEMENT_3D('',#1300,#1301,#1302);
#1300 = CARTESIAN_POINT('',(-90.5,-61.8,5.));
#1301 = DIRECTION('',(-1.,0.,2.2E-16));
#1302 = DIRECTION('',(-2.2E-16,0.,-1.));
#1303 = FACE_BOUND('',#1304,.F.);
#1304 = EDGE_LOOP('',(#1305));
#1305 = ORIENTED_EDGE('',*,*,#1306,.T.);
#1306 = EDGE_CURVE('',#1307,#1307,#1309,.T.);
#1307 = VERTEX_POINT('',#1308);
#1308 = CARTESIAN_POINT('',(-90.5,-61.8,13.));
#1309 = CIRCLE('',#1310,2.);
#1310 = AXIS2_PLACEMENT_3D('',#1311,#1312,#1313);
#1311 = CARTESIAN_POINT('',(-90.5,-61.8,15.));
#1312 = DIRECTION('',(-1.,0.,2.2E-16));
#1313 = DIRECTION('',(-2.2E-16,0.,-1.));
#1314 = PLANE('',#1315);
#1315 = AXIS2_PLACEMENT_3D('',#1316,#1317,#1318);
#1316 = CARTESIAN_POINT('',(-90.5,-64.,0.));
#1317 = DIRECTION('',(1.,0.,0.));
#1318 = DIRECTION('',(0.,0.,1.));
#1319 = ADVANCED_FACE('',(#1320),#1338,.T.);
#1320 = FACE_BOUND('',#1321,.T.);
#1321 = EDGE_LOOP('',(#1322,#1323,#1324,#1332));
#1322 = ORIENTED_EDGE('',*,*,#104,.F.);
#1323 = ORIENTED_EDGE('',*,*,#1247,.T.);
#1324 = ORIENTED_EDGE('',*,*,#1325,.T.);
#1325 = EDGE_CURVE('',#1248,#1326,#1328,.T.);
#1326 = VERTEX_POINT('',#1327);
#1327 = CARTESIAN_POINT('',(-72.9,-80.,27.));
#1328 = LINE('',#1329,#1330);
#1329 = CARTESIAN_POINT('',(-85.9,-80.,27.));
#1330 = VECTOR('',#1331,1.);
#1331 = DIRECTION('',(1.,0.,0.));
#1332 = ORIENTED_EDGE('',*,*,#1333,.F.);
#1333 = EDGE_CURVE('',#105,#1326,#1334,.T.);
#1334 = LINE('',#1335,#1336);
#1335 = CARTESIAN_POINT('',(-72.9,-80.,0.));
#1336 = VECTOR('',#1337,1.);
#1337 = DIRECTION('',(0.,0.,1.));
#1338 = PLANE('',#1339);
#1339 = AXIS2_PLACEMENT_3D('',#1340,#1341,#1342);
#1340 = CARTESIAN_POINT('',(-75.9,-80.,0.));
#1341 = DIRECTION('',(0.,1.,0.));
#1342 = DIRECTION('',(0.,0.,1.));
#1343 = ADVANCED_FACE('',(#1344),#1362,.T.);
#1344 = FACE_BOUND('',#1345,.T.);
#1345 = EDGE_LOOP('',(#1346,#1347,#1355,#1361));
#1346 = ORIENTED_EDGE('',*,*,#597,.F.);
#1347 = ORIENTED_EDGE('',*,*,#1348,.T.);
#1348 = EDGE_CURVE('',#590,#1349,#1351,.T.);
#1349 = VERTEX_POINT('',#1350);
#1350 = CARTESIAN_POINT('',(-93.2,-64.,20.));
#1351 = LINE('',#1352,#1353);
#1352 = CARTESIAN_POINT('',(-93.2,-64.,0.));
#1353 = VECTOR('',#1354,1.);
#1354 = DIRECTION('',(0.,0.,1.));
#1355 = ORIENTED_EDGE('',*,*,#1356,.T.);
#1356 = EDGE_CURVE('',#1349,#1278,#1357,.T.);
#1357 = LINE('',#1358,#1359);
#1358 = CARTESIAN_POINT('',(-93.2,-64.,20.));
#1359 = VECTOR('',#1360,1.);
#1360 = DIRECTION('',(1.,0.,0.));
#1361 = ORIENTED_EDGE('',*,*,#1277,.F.);
#1362 = PLANE('',#1363);
#1363 = AXIS2_PLACEMENT_3D('',#1364,#1365,#1366);
#1364 = CARTESIAN_POINT('',(-93.2,-64.,0.));
#1365 = DIRECTION('',(0.,1.,0.));
#1366 = DIRECTION('',(0.,0.,1.));
#1367 = ADVANCED_FACE('',(#1368),#1401,.T.);
#1368 = FACE_BOUND('',#1369,.T.);
#1369 = EDGE_LOOP('',(#1370,#1378,#1379,#1387,#1395));
#1370 = ORIENTED_EDGE('',*,*,#1371,.T.);
#1371 = EDGE_CURVE('',#1372,#113,#1374,.T.);
#1372 = VERTEX_POINT('',#1373);
#1373 = CARTESIAN_POINT('',(-72.9,-62.,-9.999999999993E-03));
#1374 = LINE('',#1375,#1376);
#1375 = CARTESIAN_POINT('',(-72.9,-62.,-5.));
#1376 = VECTOR('',#1377,1.);
#1377 = DIRECTION('',(0.,0.,1.));
#1378 = ORIENTED_EDGE('',*,*,#112,.F.);
#1379 = ORIENTED_EDGE('',*,*,#1380,.F.);
#1380 = EDGE_CURVE('',#1381,#105,#1383,.T.);
#1381 = VERTEX_POINT('',#1382);
#1382 = CARTESIAN_POINT('',(-72.9,-88.,0.));
#1383 = LINE('',#1384,#1385);
#1384 = CARTESIAN_POINT('',(-72.9,-93.,0.));
#1385 = VECTOR('',#1386,1.);
#1386 = DIRECTION('',(0.,1.,0.));
#1387 = ORIENTED_EDGE('',*,*,#1388,.F.);
#1388 = EDGE_CURVE('',#1389,#1381,#1391,.T.);
#1389 = VERTEX_POINT('',#1390);
#1390 = CARTESIAN_POINT('',(-72.9,-88.,-1.E-02));
#1391 = LINE('',#1392,#1393);
#1392 = CARTESIAN_POINT('',(-72.9,-88.,-5.));
#1393 = VECTOR('',#1394,1.);
#1394 = DIRECTION('',(0.,0.,1.));
#1395 = ORIENTED_EDGE('',*,*,#1396,.T.);
#1396 = EDGE_CURVE('',#1389,#1372,#1397,.T.);
#1397 = LINE('',#1398,#1399);
#1398 = CARTESIAN_POINT('',(-72.9,-88.,-1.E-02));
#1399 = VECTOR('',#1400,1.);
#1400 = DIRECTION('',(0.,1.,0.));
#1401 = PLANE('',#1402);
#1402 = AXIS2_PLACEMENT_3D('',#1403,#1404,#1405);
#1403 = CARTESIAN_POINT('',(-72.9,-93.,-5.));
#1404 = DIRECTION('',(1.,0.,0.));
#1405 = DIRECTION('',(0.,0.,1.));
#1406 = ADVANCED_FACE('',(#1407),#1425,.F.);
#1407 = FACE_BOUND('',#1408,.F.);
#1408 = EDGE_LOOP('',(#1409,#1417,#1418,#1419));
#1409 = ORIENTED_EDGE('',*,*,#1410,.F.);
#1410 = EDGE_CURVE('',#582,#1411,#1413,.T.);
#1411 = VERTEX_POINT('',#1412);
#1412 = CARTESIAN_POINT('',(-93.2,-67.,20.));
#1413 = LINE('',#1414,#1415);
#1414 = CARTESIAN_POINT('',(-93.2,-67.,0.));
#1415 = VECTOR('',#1416,1.);
#1416 = DIRECTION('',(0.,0.,1.));
#1417 = ORIENTED_EDGE('',*,*,#589,.T.);
#1418 = ORIENTED_EDGE('',*,*,#1348,.T.);
#1419 = ORIENTED_EDGE('',*,*,#1420,.F.);
#1420 = EDGE_CURVE('',#1411,#1349,#1421,.T.);
#1421 = LINE('',#1422,#1423);
#1422 = CARTESIAN_POINT('',(-93.2,-67.,20.));
#1423 = VECTOR('',#1424,1.);
#1424 = DIRECTION('',(0.,1.,0.));
#1425 = PLANE('',#1426);
#1426 = AXIS2_PLACEMENT_3D('',#1427,#1428,#1429);
#1427 = CARTESIAN_POINT('',(-93.2,-67.,0.));
#1428 = DIRECTION('',(1.,0.,0.));
#1429 = DIRECTION('',(0.,0.,1.));
#1430 = ADVANCED_FACE('',(#1431),#1450,.F.);
#1431 = FACE_BOUND('',#1432,.F.);
#1432 = EDGE_LOOP('',(#1433,#1441,#1448,#1449));
#1433 = ORIENTED_EDGE('',*,*,#1434,.F.);
#1434 = EDGE_CURVE('',#1435,#121,#1437,.T.);
#1435 = VERTEX_POINT('',#1436);
#1436 = CARTESIAN_POINT('',(-67.9,-57.,-1.E-02));
#1437 = LINE('',#1438,#1439);
#1438 = CARTESIAN_POINT('',(-67.9,-57.,-5.));
#1439 = VECTOR('',#1440,1.);
#1440 = DIRECTION('',(0.,0.,1.));
#1441 = ORIENTED_EDGE('',*,*,#1442,.F.);
#1442 = EDGE_CURVE('',#1372,#1435,#1443,.T.);
#1443 = CIRCLE('',#1444,5.);
#1444 = AXIS2_PLACEMENT_3D('',#1445,#1446,#1447);
#1445 = CARTESIAN_POINT('',(-67.9,-62.,-1.E-02));
#1446 = DIRECTION('',(0.,0.,-1.));
#1447 = DIRECTION('',(-1.,0.,0.));
#1448 = ORIENTED_EDGE('',*,*,#1371,.T.);
#1449 = ORIENTED_EDGE('',*,*,#120,.F.);
#1450 = CYLINDRICAL_SURFACE('',#1451,5.);
#1451 = AXIS2_PLACEMENT_3D('',#1452,#1453,#1454);
#1452 = CARTESIAN_POINT('',(-67.9,-62.,-5.));
#1453 = DIRECTION('',(0.,0.,1.));
#1454 = DIRECTION('',(0.,1.,0.));
#1455 = ADVANCED_FACE('',(#1456),#1474,.T.);
#1456 = FACE_BOUND('',#1457,.T.);
#1457 = EDGE_LOOP('',(#1458,#1459,#1467,#1473));
#1458 = ORIENTED_EDGE('',*,*,#581,.F.);
#1459 = ORIENTED_EDGE('',*,*,#1460,.T.);
#1460 = EDGE_CURVE('',#574,#1461,#1463,.T.);
#1461 = VERTEX_POINT('',#1462);
#1462 = CARTESIAN_POINT('',(-102.,-67.,20.));
#1463 = LINE('',#1464,#1465);
#1464 = CARTESIAN_POINT('',(-102.,-67.,0.));
#1465 = VECTOR('',#1466,1.);
#1466 = DIRECTION('',(0.,0.,1.));
#1467 = ORIENTED_EDGE('',*,*,#1468,.T.);
#1468 = EDGE_CURVE('',#1461,#1411,#1469,.T.);
#1469 = LINE('',#1470,#1471);
#1470 = CARTESIAN_POINT('',(-102.,-67.,20.));
#1471 = VECTOR('',#1472,1.);
#1472 = DIRECTION('',(1.,0.,0.));
#1473 = ORIENTED_EDGE('',*,*,#1410,.F.);
#1474 = PLANE('',#1475);
#1475 = AXIS2_PLACEMENT_3D('',#1476,#1477,#1478);
#1476 = CARTESIAN_POINT('',(-102.,-67.,0.));
#1477 = DIRECTION('',(0.,1.,0.));
#1478 = DIRECTION('',(0.,0.,1.));
#1479 = ADVANCED_FACE('',(#1480),#1498,.F.);
#1480 = FACE_BOUND('',#1481,.F.);
#1481 = EDGE_LOOP('',(#1482,#1483,#1484,#1492));
#1482 = ORIENTED_EDGE('',*,*,#1434,.T.);
#1483 = ORIENTED_EDGE('',*,*,#129,.T.);
#1484 = ORIENTED_EDGE('',*,*,#1485,.F.);
#1485 = EDGE_CURVE('',#1486,#130,#1488,.T.);
#1486 = VERTEX_POINT('',#1487);
#1487 = CARTESIAN_POINT('',(-62.9,-57.,-9.999999999998E-03));
#1488 = LINE('',#1489,#1490);
#1489 = CARTESIAN_POINT('',(-62.9,-57.,-5.));
#1490 = VECTOR('',#1491,1.);
#1491 = DIRECTION('',(0.,0.,1.));
#1492 = ORIENTED_EDGE('',*,*,#1493,.F.);
#1493 = EDGE_CURVE('',#1435,#1486,#1494,.T.);
#1494 = LINE('',#1495,#1496);
#1495 = CARTESIAN_POINT('',(-67.9,-57.,-1.E-02));
#1496 = VECTOR('',#1497,1.);
#1497 = DIRECTION('',(1.,0.,0.));
#1498 = PLANE('',#1499);
#1499 = AXIS2_PLACEMENT_3D('',#1500,#1501,#1502);
#1500 = CARTESIAN_POINT('',(-72.9,-57.,-5.));
#1501 = DIRECTION('',(0.,1.,0.));
#1502 = DIRECTION('',(0.,0.,1.));
#1503 = ADVANCED_FACE('',(#1504),#1559,.F.);
#1504 = FACE_BOUND('',#1505,.F.);
#1505 = EDGE_LOOP('',(#1506,#1516,#1524,#1530,#1531,#1537,#1538,#1544,
    #1545,#1553));
#1506 = ORIENTED_EDGE('',*,*,#1507,.F.);
#1507 = EDGE_CURVE('',#1508,#1510,#1512,.T.);
#1508 = VERTEX_POINT('',#1509);
#1509 = CARTESIAN_POINT('',(-102.,-108.,-5.));
#1510 = VERTEX_POINT('',#1511);
#1511 = CARTESIAN_POINT('',(-102.,-108.,0.));
#1512 = LINE('',#1513,#1514);
#1513 = CARTESIAN_POINT('',(-102.,-108.,-5.));
#1514 = VECTOR('',#1515,1.);
#1515 = DIRECTION('',(0.,0.,1.));
#1516 = ORIENTED_EDGE('',*,*,#1517,.T.);
#1517 = EDGE_CURVE('',#1508,#1518,#1520,.T.);
#1518 = VERTEX_POINT('',#1519);
#1519 = CARTESIAN_POINT('',(-102.,81.,-5.));
#1520 = LINE('',#1521,#1522);
#1521 = CARTESIAN_POINT('',(-102.,-108.,-5.));
#1522 = VECTOR('',#1523,1.);
#1523 = DIRECTION('',(0.,1.,0.));
#1524 = ORIENTED_EDGE('',*,*,#1525,.T.);
#1525 = EDGE_CURVE('',#1518,#454,#1526,.T.);
#1526 = LINE('',#1527,#1528);
#1527 = CARTESIAN_POINT('',(-102.,81.,-5.));
#1528 = VECTOR('',#1529,1.);
#1529 = DIRECTION('',(0.,0.,1.));
#1530 = ORIENTED_EDGE('',*,*,#461,.F.);
#1531 = ORIENTED_EDGE('',*,*,#1532,.F.);
#1532 = EDGE_CURVE('',#534,#462,#1533,.T.);
#1533 = LINE('',#1534,#1535);
#1534 = CARTESIAN_POINT('',(-102.,-108.,0.));
#1535 = VECTOR('',#1536,1.);
#1536 = DIRECTION('',(0.,1.,0.));
#1537 = ORIENTED_EDGE('',*,*,#541,.F.);
#1538 = ORIENTED_EDGE('',*,*,#1539,.F.);
#1539 = EDGE_CURVE('',#566,#542,#1540,.T.);
#1540 = LINE('',#1541,#1542);
#1541 = CARTESIAN_POINT('',(-102.,-108.,0.));
#1542 = VECTOR('',#1543,1.);
#1543 = DIRECTION('',(0.,1.,0.));
#1544 = ORIENTED_EDGE('',*,*,#573,.F.);
#1545 = ORIENTED_EDGE('',*,*,#1546,.F.);
#1546 = EDGE_CURVE('',#1547,#574,#1549,.T.);
#1547 = VERTEX_POINT('',#1548);
#1548 = CARTESIAN_POINT('',(-102.,-80.,0.));
#1549 = LINE('',#1550,#1551);
#1550 = CARTESIAN_POINT('',(-102.,-108.,0.));
#1551 = VECTOR('',#1552,1.);
#1552 = DIRECTION('',(0.,1.,0.));
#1553 = ORIENTED_EDGE('',*,*,#1554,.F.);
#1554 = EDGE_CURVE('',#1510,#1547,#1555,.T.);
#1555 = LINE('',#1556,#1557);
#1556 = CARTESIAN_POINT('',(-102.,-108.,0.));
#1557 = VECTOR('',#1558,1.);
#1558 = DIRECTION('',(0.,1.,0.));
#1559 = PLANE('',#1560);
#1560 = AXIS2_PLACEMENT_3D('',#1561,#1562,#1563);
#1561 = CARTESIAN_POINT('',(-102.,-108.,-5.));
#1562 = DIRECTION('',(1.,0.,0.));
#1563 = DIRECTION('',(0.,0.,1.));
#1564 = ADVANCED_FACE('',(#1565),#1583,.T.);
#1565 = FACE_BOUND('',#1566,.T.);
#1566 = EDGE_LOOP('',(#1567,#1575,#1576,#1577));
#1567 = ORIENTED_EDGE('',*,*,#1568,.T.);
#1568 = EDGE_CURVE('',#1569,#138,#1571,.T.);
#1569 = VERTEX_POINT('',#1570);
#1570 = CARTESIAN_POINT('',(-62.9,-37.,-1.E-02));
#1571 = LINE('',#1572,#1573);
#1572 = CARTESIAN_POINT('',(-62.9,-37.,-5.));
#1573 = VECTOR('',#1574,1.);
#1574 = DIRECTION('',(0.,0.,1.));
#1575 = ORIENTED_EDGE('',*,*,#137,.F.);
#1576 = ORIENTED_EDGE('',*,*,#1485,.F.);
#1577 = ORIENTED_EDGE('',*,*,#1578,.F.);
#1578 = EDGE_CURVE('',#1569,#1486,#1579,.T.);
#1579 = LINE('',#1580,#1581);
#1580 = CARTESIAN_POINT('',(-62.9,-37.,-1.E-02));
#1581 = VECTOR('',#1582,1.);
#1582 = DIRECTION('',(-0.,-1.,-0.));
#1583 = PLANE('',#1584);
#1584 = AXIS2_PLACEMENT_3D('',#1585,#1586,#1587);
#1585 = CARTESIAN_POINT('',(-62.9,-57.,-5.));
#1586 = DIRECTION('',(1.,0.,0.));
#1587 = DIRECTION('',(0.,0.,1.));
#1588 = ADVANCED_FACE('',(#1589),#1614,.F.);
#1589 = FACE_BOUND('',#1590,.F.);
#1590 = EDGE_LOOP('',(#1591,#1592,#1600,#1608));
#1591 = ORIENTED_EDGE('',*,*,#565,.F.);
#1592 = ORIENTED_EDGE('',*,*,#1593,.T.);
#1593 = EDGE_CURVE('',#566,#1594,#1596,.T.);
#1594 = VERTEX_POINT('',#1595);
#1595 = CARTESIAN_POINT('',(-102.,-16.9,20.1));
#1596 = LINE('',#1597,#1598);
#1597 = CARTESIAN_POINT('',(-102.,-16.9,0.));
#1598 = VECTOR('',#1599,1.);
#1599 = DIRECTION('',(0.,0.,1.));
#1600 = ORIENTED_EDGE('',*,*,#1601,.T.);
#1601 = EDGE_CURVE('',#1594,#1602,#1604,.T.);
#1602 = VERTEX_POINT('',#1603);
#1603 = CARTESIAN_POINT('',(-93.2,-16.9,20.1));
#1604 = LINE('',#1605,#1606);
#1605 = CARTESIAN_POINT('',(-102.,-16.9,20.1));
#1606 = VECTOR('',#1607,1.);
#1607 = DIRECTION('',(1.,0.,0.));
#1608 = ORIENTED_EDGE('',*,*,#1609,.F.);
#1609 = EDGE_CURVE('',#558,#1602,#1610,.T.);
#1610 = LINE('',#1611,#1612);
#1611 = CARTESIAN_POINT('',(-93.2,-16.9,0.));
#1612 = VECTOR('',#1613,1.);
#1613 = DIRECTION('',(0.,0.,1.));
#1614 = PLANE('',#1615);
#1615 = AXIS2_PLACEMENT_3D('',#1616,#1617,#1618);
#1616 = CARTESIAN_POINT('',(-102.,-16.9,0.));
#1617 = DIRECTION('',(0.,1.,0.));
#1618 = DIRECTION('',(0.,0.,1.));
#1619 = ADVANCED_FACE('',(#1620),#1639,.F.);
#1620 = FACE_BOUND('',#1621,.F.);
#1621 = EDGE_LOOP('',(#1622,#1630,#1637,#1638));
#1622 = ORIENTED_EDGE('',*,*,#1623,.F.);
#1623 = EDGE_CURVE('',#1624,#146,#1626,.T.);
#1624 = VERTEX_POINT('',#1625);
#1625 = CARTESIAN_POINT('',(-57.9,-32.,-9.999999999998E-03));
#1626 = LINE('',#1627,#1628);
#1627 = CARTESIAN_POINT('',(-57.9,-32.,-5.));
#1628 = VECTOR('',#1629,1.);
#1629 = DIRECTION('',(0.,0.,1.));
#1630 = ORIENTED_EDGE('',*,*,#1631,.T.);
#1631 = EDGE_CURVE('',#1624,#1569,#1632,.T.);
#1632 = CIRCLE('',#1633,5.);
#1633 = AXIS2_PLACEMENT_3D('',#1634,#1635,#1636);
#1634 = CARTESIAN_POINT('',(-57.9,-37.,-1.E-02));
#1635 = DIRECTION('',(0.,-0.,1.));
#1636 = DIRECTION('',(0.,1.,0.));
#1637 = ORIENTED_EDGE('',*,*,#1568,.T.);
#1638 = ORIENTED_EDGE('',*,*,#145,.F.);
#1639 = CYLINDRICAL_SURFACE('',#1640,5.);
#1640 = AXIS2_PLACEMENT_3D('',#1641,#1642,#1643);
#1641 = CARTESIAN_POINT('',(-57.9,-37.,-5.));
#1642 = DIRECTION('',(0.,0.,1.));
#1643 = DIRECTION('',(0.,1.,0.));
#1644 = ADVANCED_FACE('',(#1645),#1663,.T.);
#1645 = FACE_BOUND('',#1646,.T.);
#1646 = EDGE_LOOP('',(#1647,#1648,#1649,#1657));
#1647 = ORIENTED_EDGE('',*,*,#1609,.F.);
#1648 = ORIENTED_EDGE('',*,*,#557,.T.);
#1649 = ORIENTED_EDGE('',*,*,#1650,.T.);
#1650 = EDGE_CURVE('',#550,#1651,#1653,.T.);
#1651 = VERTEX_POINT('',#1652);
#1652 = CARTESIAN_POINT('',(-93.2,-3.,20.1));
#1653 = LINE('',#1654,#1655);
#1654 = CARTESIAN_POINT('',(-93.2,-3.,0.));
#1655 = VECTOR('',#1656,1.);
#1656 = DIRECTION('',(0.,0.,1.));
#1657 = ORIENTED_EDGE('',*,*,#1658,.F.);
#1658 = EDGE_CURVE('',#1602,#1651,#1659,.T.);
#1659 = LINE('',#1660,#1661);
#1660 = CARTESIAN_POINT('',(-93.2,-16.9,20.1));
#1661 = VECTOR('',#1662,1.);
#1662 = DIRECTION('',(0.,1.,0.));
#1663 = PLANE('',#1664);
#1664 = AXIS2_PLACEMENT_3D('',#1665,#1666,#1667);
#1665 = CARTESIAN_POINT('',(-93.2,-16.9,0.));
#1666 = DIRECTION('',(1.,0.,0.));
#1667 = DIRECTION('',(0.,0.,1.));
#1668 = ADVANCED_FACE('',(#1669),#1687,.F.);
#1669 = FACE_BOUND('',#1670,.F.);
#1670 = EDGE_LOOP('',(#1671,#1672,#1673,#1681));
#1671 = ORIENTED_EDGE('',*,*,#1623,.T.);
#1672 = ORIENTED_EDGE('',*,*,#154,.T.);
#1673 = ORIENTED_EDGE('',*,*,#1674,.F.);
#1674 = EDGE_CURVE('',#1675,#155,#1677,.T.);
#1675 = VERTEX_POINT('',#1676);
#1676 = CARTESIAN_POINT('',(-9.9,-32.,-1.E-02));
#1677 = LINE('',#1678,#1679);
#1678 = CARTESIAN_POINT('',(-9.9,-32.,-5.));
#1679 = VECTOR('',#1680,1.);
#1680 = DIRECTION('',(0.,0.,1.));
#1681 = ORIENTED_EDGE('',*,*,#1682,.T.);
#1682 = EDGE_CURVE('',#1675,#1624,#1683,.T.);
#1683 = LINE('',#1684,#1685);
#1684 = CARTESIAN_POINT('',(-9.9,-32.,-1.E-02));
#1685 = VECTOR('',#1686,1.);
#1686 = DIRECTION('',(-1.,-0.,-0.));
#1687 = PLANE('',#1688);
#1688 = AXIS2_PLACEMENT_3D('',#1689,#1690,#1691);
#1689 = CARTESIAN_POINT('',(-72.9,-32.,-5.));
#1690 = DIRECTION('',(0.,1.,0.));
#1691 = DIRECTION('',(0.,0.,1.));
#1692 = ADVANCED_FACE('',(#1693),#1711,.T.);
#1693 = FACE_BOUND('',#1694,.T.);
#1694 = EDGE_LOOP('',(#1695,#1696,#1704,#1710));
#1695 = ORIENTED_EDGE('',*,*,#549,.F.);
#1696 = ORIENTED_EDGE('',*,*,#1697,.T.);
#1697 = EDGE_CURVE('',#542,#1698,#1700,.T.);
#1698 = VERTEX_POINT('',#1699);
#1699 = CARTESIAN_POINT('',(-102.,-3.,20.1));
#1700 = LINE('',#1701,#1702);
#1701 = CARTESIAN_POINT('',(-102.,-3.,0.));
#1702 = VECTOR('',#1703,1.);
#1703 = DIRECTION('',(0.,0.,1.));
#1704 = ORIENTED_EDGE('',*,*,#1705,.T.);
#1705 = EDGE_CURVE('',#1698,#1651,#1706,.T.);
#1706 = LINE('',#1707,#1708);
#1707 = CARTESIAN_POINT('',(-102.,-3.,20.1));
#1708 = VECTOR('',#1709,1.);
#1709 = DIRECTION('',(1.,0.,0.));
#1710 = ORIENTED_EDGE('',*,*,#1650,.F.);
#1711 = PLANE('',#1712);
#1712 = AXIS2_PLACEMENT_3D('',#1713,#1714,#1715);
#1713 = CARTESIAN_POINT('',(-102.,-3.,0.));
#1714 = DIRECTION('',(0.,1.,0.));
#1715 = DIRECTION('',(0.,0.,1.));
#1716 = ADVANCED_FACE('',(#1717),#1736,.F.);
#1717 = FACE_BOUND('',#1718,.T.);
#1718 = EDGE_LOOP('',(#1719,#1720,#1729,#1735));
#1719 = ORIENTED_EDGE('',*,*,#1674,.F.);
#1720 = ORIENTED_EDGE('',*,*,#1721,.F.);
#1721 = EDGE_CURVE('',#1722,#1675,#1724,.T.);
#1722 = VERTEX_POINT('',#1723);
#1723 = CARTESIAN_POINT('',(-4.9,-37.,-9.999999999999E-03));
#1724 = CIRCLE('',#1725,5.);
#1725 = AXIS2_PLACEMENT_3D('',#1726,#1727,#1728);
#1726 = CARTESIAN_POINT('',(-9.9,-37.,-1.E-02));
#1727 = DIRECTION('',(0.,0.,1.));
#1728 = DIRECTION('',(1.,0.,0.));
#1729 = ORIENTED_EDGE('',*,*,#1730,.T.);
#1730 = EDGE_CURVE('',#1722,#163,#1731,.T.);
#1731 = LINE('',#1732,#1733);
#1732 = CARTESIAN_POINT('',(-4.9,-37.,-5.));
#1733 = VECTOR('',#1734,1.);
#1734 = DIRECTION('',(0.,0.,1.));
#1735 = ORIENTED_EDGE('',*,*,#162,.F.);
#1736 = CYLINDRICAL_SURFACE('',#1737,5.);
#1737 = AXIS2_PLACEMENT_3D('',#1738,#1739,#1740);
#1738 = CARTESIAN_POINT('',(-9.9,-37.,-5.));
#1739 = DIRECTION('',(0.,0.,1.));
#1740 = DIRECTION('',(0.,1.,0.));
#1741 = ADVANCED_FACE('',(#1742),#1760,.F.);
#1742 = FACE_BOUND('',#1743,.F.);
#1743 = EDGE_LOOP('',(#1744,#1745,#1746,#1754));
#1744 = ORIENTED_EDGE('',*,*,#1730,.T.);
#1745 = ORIENTED_EDGE('',*,*,#171,.F.);
#1746 = ORIENTED_EDGE('',*,*,#1747,.F.);
#1747 = EDGE_CURVE('',#1748,#172,#1750,.T.);
#1748 = VERTEX_POINT('',#1749);
#1749 = CARTESIAN_POINT('',(-4.9,-57.,-9.999999999999E-03));
#1750 = LINE('',#1751,#1752);
#1751 = CARTESIAN_POINT('',(-4.9,-57.,-5.));
#1752 = VECTOR('',#1753,1.);
#1753 = DIRECTION('',(0.,0.,1.));
#1754 = ORIENTED_EDGE('',*,*,#1755,.T.);
#1755 = EDGE_CURVE('',#1748,#1722,#1756,.T.);
#1756 = LINE('',#1757,#1758);
#1757 = CARTESIAN_POINT('',(-4.9,-57.,-1.E-02));
#1758 = VECTOR('',#1759,1.);
#1759 = DIRECTION('',(0.,1.,0.));
#1760 = PLANE('',#1761);
#1761 = AXIS2_PLACEMENT_3D('',#1762,#1763,#1764);
#1762 = CARTESIAN_POINT('',(-4.9,-57.,-5.));
#1763 = DIRECTION('',(1.,0.,0.));
#1764 = DIRECTION('',(0.,0.,1.));
#1765 = ADVANCED_FACE('',(#1766),#1791,.F.);
#1766 = FACE_BOUND('',#1767,.F.);
#1767 = EDGE_LOOP('',(#1768,#1769,#1777,#1785));
#1768 = ORIENTED_EDGE('',*,*,#533,.F.);
#1769 = ORIENTED_EDGE('',*,*,#1770,.T.);
#1770 = EDGE_CURVE('',#534,#1771,#1773,.T.);
#1771 = VERTEX_POINT('',#1772);
#1772 = CARTESIAN_POINT('',(-102.,47.1,20.));
#1773 = LINE('',#1774,#1775);
#1774 = CARTESIAN_POINT('',(-102.,47.1,0.));
#1775 = VECTOR('',#1776,1.);
#1776 = DIRECTION('',(0.,0.,1.));
#1777 = ORIENTED_EDGE('',*,*,#1778,.T.);
#1778 = EDGE_CURVE('',#1771,#1779,#1781,.T.);
#1779 = VERTEX_POINT('',#1780);
#1780 = CARTESIAN_POINT('',(-93.2,47.1,20.));
#1781 = LINE('',#1782,#1783);
#1782 = CARTESIAN_POINT('',(-102.,47.1,20.));
#1783 = VECTOR('',#1784,1.);
#1784 = DIRECTION('',(1.,0.,0.));
#1785 = ORIENTED_EDGE('',*,*,#1786,.F.);
#1786 = EDGE_CURVE('',#526,#1779,#1787,.T.);
#1787 = LINE('',#1788,#1789);
#1788 = CARTESIAN_POINT('',(-93.2,47.1,0.));
#1789 = VECTOR('',#1790,1.);
#1790 = DIRECTION('',(0.,0.,1.));
#1791 = PLANE('',#1792);
#1792 = AXIS2_PLACEMENT_3D('',#1793,#1794,#1795);
#1793 = CARTESIAN_POINT('',(-102.,47.1,0.));
#1794 = DIRECTION('',(0.,1.,0.));
#1795 = DIRECTION('',(0.,0.,1.));
#1796 = ADVANCED_FACE('',(#1797),#1815,.F.);
#1797 = FACE_BOUND('',#1798,.F.);
#1798 = EDGE_LOOP('',(#1799,#1807,#1813,#1814));
#1799 = ORIENTED_EDGE('',*,*,#1800,.F.);
#1800 = EDGE_CURVE('',#1801,#180,#1803,.T.);
#1801 = VERTEX_POINT('',#1802);
#1802 = CARTESIAN_POINT('',(9.999999999999E-02,-57.,-1.E-02));
#1803 = LINE('',#1804,#1805);
#1804 = CARTESIAN_POINT('',(1.E-01,-57.,-5.));
#1805 = VECTOR('',#1806,1.);
#1806 = DIRECTION('',(0.,0.,1.));
#1807 = ORIENTED_EDGE('',*,*,#1808,.F.);
#1808 = EDGE_CURVE('',#1748,#1801,#1809,.T.);
#1809 = LINE('',#1810,#1811);
#1810 = CARTESIAN_POINT('',(-4.9,-57.,-1.E-02));
#1811 = VECTOR('',#1812,1.);
#1812 = DIRECTION('',(1.,0.,0.));
#1813 = ORIENTED_EDGE('',*,*,#1747,.T.);
#1814 = ORIENTED_EDGE('',*,*,#179,.T.);
#1815 = PLANE('',#1816);
#1816 = AXIS2_PLACEMENT_3D('',#1817,#1818,#1819);
#1817 = CARTESIAN_POINT('',(-4.9,-57.,-5.));
#1818 = DIRECTION('',(0.,1.,0.));
#1819 = DIRECTION('',(0.,0.,1.));
#1820 = ADVANCED_FACE('',(#1821),#1839,.F.);
#1821 = FACE_BOUND('',#1822,.F.);
#1822 = EDGE_LOOP('',(#1823,#1831,#1832,#1833));
#1823 = ORIENTED_EDGE('',*,*,#1824,.F.);
#1824 = EDGE_CURVE('',#518,#1825,#1827,.T.);
#1825 = VERTEX_POINT('',#1826);
#1826 = CARTESIAN_POINT('',(-93.2,44.1,20.));
#1827 = LINE('',#1828,#1829);
#1828 = CARTESIAN_POINT('',(-93.2,44.1,0.));
#1829 = VECTOR('',#1830,1.);
#1830 = DIRECTION('',(0.,0.,1.));
#1831 = ORIENTED_EDGE('',*,*,#525,.T.);
#1832 = ORIENTED_EDGE('',*,*,#1786,.T.);
#1833 = ORIENTED_EDGE('',*,*,#1834,.F.);
#1834 = EDGE_CURVE('',#1825,#1779,#1835,.T.);
#1835 = LINE('',#1836,#1837);
#1836 = CARTESIAN_POINT('',(-93.2,44.1,20.));
#1837 = VECTOR('',#1838,1.);
#1838 = DIRECTION('',(0.,1.,0.));
#1839 = PLANE('',#1840);
#1840 = AXIS2_PLACEMENT_3D('',#1841,#1842,#1843);
#1841 = CARTESIAN_POINT('',(-93.2,44.1,0.));
#1842 = DIRECTION('',(1.,0.,0.));
#1843 = DIRECTION('',(0.,0.,1.));
#1844 = ADVANCED_FACE('',(#1845),#1864,.F.);
#1845 = FACE_BOUND('',#1846,.F.);
#1846 = EDGE_LOOP('',(#1847,#1855,#1862,#1863));
#1847 = ORIENTED_EDGE('',*,*,#1848,.F.);
#1848 = EDGE_CURVE('',#1849,#188,#1851,.T.);
#1849 = VERTEX_POINT('',#1850);
#1850 = CARTESIAN_POINT('',(5.1,-62.,-1.E-02));
#1851 = LINE('',#1852,#1853);
#1852 = CARTESIAN_POINT('',(5.1,-62.,-5.));
#1853 = VECTOR('',#1854,1.);
#1854 = DIRECTION('',(0.,0.,1.));
#1855 = ORIENTED_EDGE('',*,*,#1856,.F.);
#1856 = EDGE_CURVE('',#1801,#1849,#1857,.T.);
#1857 = CIRCLE('',#1858,5.);
#1858 = AXIS2_PLACEMENT_3D('',#1859,#1860,#1861);
#1859 = CARTESIAN_POINT('',(9.999999999999E-02,-62.,-1.E-02));
#1860 = DIRECTION('',(0.,0.,-1.));
#1861 = DIRECTION('',(3.E-16,1.,0.));
#1862 = ORIENTED_EDGE('',*,*,#1800,.T.);
#1863 = ORIENTED_EDGE('',*,*,#187,.F.);
#1864 = CYLINDRICAL_SURFACE('',#1865,5.);
#1865 = AXIS2_PLACEMENT_3D('',#1866,#1867,#1868);
#1866 = CARTESIAN_POINT('',(1.E-01,-62.,-5.));
#1867 = DIRECTION('',(0.,0.,1.));
#1868 = DIRECTION('',(1.,0.,0.));
#1869 = ADVANCED_FACE('',(#1870),#1888,.F.);
#1870 = FACE_BOUND('',#1871,.F.);
#1871 = EDGE_LOOP('',(#1872,#1873,#1874,#1882));
#1872 = ORIENTED_EDGE('',*,*,#517,.F.);
#1873 = ORIENTED_EDGE('',*,*,#1824,.T.);
#1874 = ORIENTED_EDGE('',*,*,#1875,.T.);
#1875 = EDGE_CURVE('',#1825,#1876,#1878,.T.);
#1876 = VERTEX_POINT('',#1877);
#1877 = CARTESIAN_POINT('',(-90.5,44.1,20.));
#1878 = LINE('',#1879,#1880);
#1879 = CARTESIAN_POINT('',(-93.2,44.1,20.));
#1880 = VECTOR('',#1881,1.);
#1881 = DIRECTION('',(1.,0.,0.));
#1882 = ORIENTED_EDGE('',*,*,#1883,.F.);
#1883 = EDGE_CURVE('',#510,#1876,#1884,.T.);
#1884 = LINE('',#1885,#1886);
#1885 = CARTESIAN_POINT('',(-90.5,44.1,0.));
#1886 = VECTOR('',#1887,1.);
#1887 = DIRECTION('',(0.,0.,1.));
#1888 = PLANE('',#1889);
#1889 = AXIS2_PLACEMENT_3D('',#1890,#1891,#1892);
#1890 = CARTESIAN_POINT('',(-93.2,44.1,0.));
#1891 = DIRECTION('',(0.,1.,0.));
#1892 = DIRECTION('',(0.,0.,1.));
#1893 = ADVANCED_FACE('',(#1894),#1920,.F.);
#1894 = FACE_BOUND('',#1895,.F.);
#1895 = EDGE_LOOP('',(#1896,#1897,#1898,#1906,#1914));
#1896 = ORIENTED_EDGE('',*,*,#1848,.T.);
#1897 = ORIENTED_EDGE('',*,*,#196,.F.);
#1898 = ORIENTED_EDGE('',*,*,#1899,.F.);
#1899 = EDGE_CURVE('',#1900,#197,#1902,.T.);
#1900 = VERTEX_POINT('',#1901);
#1901 = CARTESIAN_POINT('',(5.1,-88.,0.));
#1902 = LINE('',#1903,#1904);
#1903 = CARTESIAN_POINT('',(5.1,-93.,0.));
#1904 = VECTOR('',#1905,1.);
#1905 = DIRECTION('',(0.,1.,0.));
#1906 = ORIENTED_EDGE('',*,*,#1907,.F.);
#1907 = EDGE_CURVE('',#1908,#1900,#1910,.T.);
#1908 = VERTEX_POINT('',#1909);
#1909 = CARTESIAN_POINT('',(5.1,-88.,-9.999999999999E-03));
#1910 = LINE('',#1911,#1912);
#1911 = CARTESIAN_POINT('',(5.1,-88.,-5.));
#1912 = VECTOR('',#1913,1.);
#1913 = DIRECTION('',(0.,0.,1.));
#1914 = ORIENTED_EDGE('',*,*,#1915,.F.);
#1915 = EDGE_CURVE('',#1849,#1908,#1916,.T.);
#1916 = LINE('',#1917,#1918);
#1917 = CARTESIAN_POINT('',(5.1,-62.,-1.E-02));
#1918 = VECTOR('',#1919,1.);
#1919 = DIRECTION('',(-0.,-1.,-0.));
#1920 = PLANE('',#1921);
#1921 = AXIS2_PLACEMENT_3D('',#1922,#1923,#1924);
#1922 = CARTESIAN_POINT('',(5.1,-93.,-5.));
#1923 = DIRECTION('',(1.,0.,0.));
#1924 = DIRECTION('',(0.,0.,1.));
#1925 = ADVANCED_FACE('',(#1926,#1944,#1955),#1966,.F.);
#1926 = FACE_BOUND('',#1927,.F.);
#1927 = EDGE_LOOP('',(#1928,#1936,#1937,#1938));
#1928 = ORIENTED_EDGE('',*,*,#1929,.F.);
#1929 = EDGE_CURVE('',#502,#1930,#1932,.T.);
#1930 = VERTEX_POINT('',#1931);
#1931 = CARTESIAN_POINT('',(-90.5,37.1,20.));
#1932 = LINE('',#1933,#1934);
#1933 = CARTESIAN_POINT('',(-90.5,37.1,0.));
#1934 = VECTOR('',#1935,1.);
#1935 = DIRECTION('',(0.,0.,1.));
#1936 = ORIENTED_EDGE('',*,*,#509,.T.);
#1937 = ORIENTED_EDGE('',*,*,#1883,.T.);
#1938 = ORIENTED_EDGE('',*,*,#1939,.F.);
#1939 = EDGE_CURVE('',#1930,#1876,#1940,.T.);
#1940 = LINE('',#1941,#1942);
#1941 = CARTESIAN_POINT('',(-90.5,37.1,20.));
#1942 = VECTOR('',#1943,1.);
#1943 = DIRECTION('',(0.,1.,0.));
#1944 = FACE_BOUND('',#1945,.F.);
#1945 = EDGE_LOOP('',(#1946));
#1946 = ORIENTED_EDGE('',*,*,#1947,.T.);
#1947 = EDGE_CURVE('',#1948,#1948,#1950,.T.);
#1948 = VERTEX_POINT('',#1949);
#1949 = CARTESIAN_POINT('',(-90.5,41.9,3.));
#1950 = CIRCLE('',#1951,2.);
#1951 = AXIS2_PLACEMENT_3D('',#1952,#1953,#1954);
#1952 = CARTESIAN_POINT('',(-90.5,41.9,5.));
#1953 = DIRECTION('',(-1.,0.,2.2E-16));
#1954 = DIRECTION('',(-2.2E-16,0.,-1.));
#1955 = FACE_BOUND('',#1956,.F.);
#1956 = EDGE_LOOP('',(#1957));
#1957 = ORIENTED_EDGE('',*,*,#1958,.T.);
#1958 = EDGE_CURVE('',#1959,#1959,#1961,.T.);
#1959 = VERTEX_POINT('',#1960);
#1960 = CARTESIAN_POINT('',(-90.5,41.9,13.));
#1961 = CIRCLE('',#1962,2.);
#1962 = AXIS2_PLACEMENT_3D('',#1963,#1964,#1965);
#1963 = CARTESIAN_POINT('',(-90.5,41.9,15.));
#1964 = DIRECTION('',(-1.,0.,2.2E-16));
#1965 = DIRECTION('',(-2.2E-16,0.,-1.));
#1966 = PLANE('',#1967);
#1967 = AXIS2_PLACEMENT_3D('',#1968,#1969,#1970);
#1968 = CARTESIAN_POINT('',(-90.5,37.1,0.));
#1969 = DIRECTION('',(1.,0.,0.));
#1970 = DIRECTION('',(0.,0.,1.));
#1971 = ADVANCED_FACE('',(#1972),#1997,.T.);
#1972 = FACE_BOUND('',#1973,.T.);
#1973 = EDGE_LOOP('',(#1974,#1975,#1983,#1991));
#1974 = ORIENTED_EDGE('',*,*,#204,.F.);
#1975 = ORIENTED_EDGE('',*,*,#1976,.T.);
#1976 = EDGE_CURVE('',#197,#1977,#1979,.T.);
#1977 = VERTEX_POINT('',#1978);
#1978 = CARTESIAN_POINT('',(5.1,-80.,27.));
#1979 = LINE('',#1980,#1981);
#1980 = CARTESIAN_POINT('',(5.1,-80.,0.));
#1981 = VECTOR('',#1982,1.);
#1982 = DIRECTION('',(0.,0.,1.));
#1983 = ORIENTED_EDGE('',*,*,#1984,.T.);
#1984 = EDGE_CURVE('',#1977,#1985,#1987,.T.);
#1985 = VERTEX_POINT('',#1986);
#1986 = CARTESIAN_POINT('',(8.1,-80.,27.));
#1987 = LINE('',#1988,#1989);
#1988 = CARTESIAN_POINT('',(-85.9,-80.,27.));
#1989 = VECTOR('',#1990,1.);
#1990 = DIRECTION('',(1.,0.,0.));
#1991 = ORIENTED_EDGE('',*,*,#1992,.F.);
#1992 = EDGE_CURVE('',#205,#1985,#1993,.T.);
#1993 = LINE('',#1994,#1995);
#1994 = CARTESIAN_POINT('',(8.1,-80.,0.));
#1995 = VECTOR('',#1996,1.);
#1996 = DIRECTION('',(0.,0.,1.));
#1997 = PLANE('',#1998);
#1998 = AXIS2_PLACEMENT_3D('',#1999,#2000,#2001);
#1999 = CARTESIAN_POINT('',(-75.9,-80.,0.));
#2000 = DIRECTION('',(0.,1.,0.));
#2001 = DIRECTION('',(0.,0.,1.));
#2002 = ADVANCED_FACE('',(#2003),#2021,.F.);
#2003 = FACE_BOUND('',#2004,.F.);
#2004 = EDGE_LOOP('',(#2005,#2006,#2007,#2015));
#2005 = ORIENTED_EDGE('',*,*,#501,.F.);
#2006 = ORIENTED_EDGE('',*,*,#1929,.T.);
#2007 = ORIENTED_EDGE('',*,*,#2008,.T.);
#2008 = EDGE_CURVE('',#1930,#2009,#2011,.T.);
#2009 = VERTEX_POINT('',#2010);
#2010 = CARTESIAN_POINT('',(-80.5,37.1,20.));
#2011 = LINE('',#2012,#2013);
#2012 = CARTESIAN_POINT('',(-90.5,37.1,20.));
#2013 = VECTOR('',#2014,1.);
#2014 = DIRECTION('',(1.,0.,0.));
#2015 = ORIENTED_EDGE('',*,*,#2016,.F.);
#2016 = EDGE_CURVE('',#494,#2009,#2017,.T.);
#2017 = LINE('',#2018,#2019);
#2018 = CARTESIAN_POINT('',(-80.5,37.1,0.));
#2019 = VECTOR('',#2020,1.);
#2020 = DIRECTION('',(0.,0.,1.));
#2021 = PLANE('',#2022);
#2022 = AXIS2_PLACEMENT_3D('',#2023,#2024,#2025);
#2023 = CARTESIAN_POINT('',(-90.5,37.1,0.));
#2024 = DIRECTION('',(0.,1.,0.));
#2025 = DIRECTION('',(0.,0.,1.));
#2026 = ADVANCED_FACE('',(#2027),#2061,.T.);
#2027 = FACE_BOUND('',#2028,.T.);
#2028 = EDGE_LOOP('',(#2029,#2037,#2038,#2039,#2047,#2055));
#2029 = ORIENTED_EDGE('',*,*,#2030,.F.);
#2030 = EDGE_CURVE('',#213,#2031,#2033,.T.);
#2031 = VERTEX_POINT('',#2032);
#2032 = CARTESIAN_POINT('',(8.1,-93.,32.));
#2033 = LINE('',#2034,#2035);
#2034 = CARTESIAN_POINT('',(8.1,-93.,0.));
#2035 = VECTOR('',#2036,1.);
#2036 = DIRECTION('',(0.,0.,1.));
#2037 = ORIENTED_EDGE('',*,*,#212,.T.);
#2038 = ORIENTED_EDGE('',*,*,#1992,.T.);
#2039 = ORIENTED_EDGE('',*,*,#2040,.T.);
#2040 = EDGE_CURVE('',#1985,#2041,#2043,.T.);
#2041 = VERTEX_POINT('',#2042);
#2042 = CARTESIAN_POINT('',(8.1,-86.,27.));
#2043 = LINE('',#2044,#2045);
#2044 = CARTESIAN_POINT('',(8.1,-89.5,27.));
#2045 = VECTOR('',#2046,1.);
#2046 = DIRECTION('',(0.,-1.,0.));
#2047 = ORIENTED_EDGE('',*,*,#2048,.T.);
#2048 = EDGE_CURVE('',#2041,#2049,#2051,.T.);
#2049 = VERTEX_POINT('',#2050);
#2050 = CARTESIAN_POINT('',(8.1,-86.,32.));
#2051 = LINE('',#2052,#2053);
#2052 = CARTESIAN_POINT('',(8.1,-86.,13.5));
#2053 = VECTOR('',#2054,1.);
#2054 = DIRECTION('',(0.,0.,1.));
#2055 = ORIENTED_EDGE('',*,*,#2056,.F.);
#2056 = EDGE_CURVE('',#2031,#2049,#2057,.T.);
#2057 = LINE('',#2058,#2059);
#2058 = CARTESIAN_POINT('',(8.1,-93.,32.));
#2059 = VECTOR('',#2060,1.);
#2060 = DIRECTION('',(0.,1.,0.));
#2061 = PLANE('',#2062);
#2062 = AXIS2_PLACEMENT_3D('',#2063,#2064,#2065);
#2063 = CARTESIAN_POINT('',(8.1,-93.,0.));
#2064 = DIRECTION('',(1.,0.,0.));
#2065 = DIRECTION('',(0.,0.,1.));
#2066 = ADVANCED_FACE('',(#2067,#2085,#2096),#2107,.T.);
#2067 = FACE_BOUND('',#2068,.T.);
#2068 = EDGE_LOOP('',(#2069,#2070,#2071,#2079));
#2069 = ORIENTED_EDGE('',*,*,#2016,.F.);
#2070 = ORIENTED_EDGE('',*,*,#493,.T.);
#2071 = ORIENTED_EDGE('',*,*,#2072,.T.);
#2072 = EDGE_CURVE('',#486,#2073,#2075,.T.);
#2073 = VERTEX_POINT('',#2074);
#2074 = CARTESIAN_POINT('',(-80.5,44.1,20.));
#2075 = LINE('',#2076,#2077);
#2076 = CARTESIAN_POINT('',(-80.5,44.1,0.));
#2077 = VECTOR('',#2078,1.);
#2078 = DIRECTION('',(0.,0.,1.));
#2079 = ORIENTED_EDGE('',*,*,#2080,.F.);
#2080 = EDGE_CURVE('',#2009,#2073,#2081,.T.);
#2081 = LINE('',#2082,#2083);
#2082 = CARTESIAN_POINT('',(-80.5,37.1,20.));
#2083 = VECTOR('',#2084,1.);
#2084 = DIRECTION('',(0.,1.,0.));
#2085 = FACE_BOUND('',#2086,.T.);
#2086 = EDGE_LOOP('',(#2087));
#2087 = ORIENTED_EDGE('',*,*,#2088,.T.);
#2088 = EDGE_CURVE('',#2089,#2089,#2091,.T.);
#2089 = VERTEX_POINT('',#2090);
#2090 = CARTESIAN_POINT('',(-80.5,41.9,3.));
#2091 = CIRCLE('',#2092,2.);
#2092 = AXIS2_PLACEMENT_3D('',#2093,#2094,#2095);
#2093 = CARTESIAN_POINT('',(-80.5,41.9,5.));
#2094 = DIRECTION('',(-1.,0.,2.2E-16));
#2095 = DIRECTION('',(-2.2E-16,0.,-1.));
#2096 = FACE_BOUND('',#2097,.T.);
#2097 = EDGE_LOOP('',(#2098));
#2098 = ORIENTED_EDGE('',*,*,#2099,.T.);
#2099 = EDGE_CURVE('',#2100,#2100,#2102,.T.);
#2100 = VERTEX_POINT('',#2101);
#2101 = CARTESIAN_POINT('',(-80.5,41.9,13.));
#2102 = CIRCLE('',#2103,2.);
#2103 = AXIS2_PLACEMENT_3D('',#2104,#2105,#2106);
#2104 = CARTESIAN_POINT('',(-80.5,41.9,15.));
#2105 = DIRECTION('',(-1.,0.,2.2E-16));
#2106 = DIRECTION('',(-2.2E-16,0.,-1.));
#2107 = PLANE('',#2108);
#2108 = AXIS2_PLACEMENT_3D('',#2109,#2110,#2111);
#2109 = CARTESIAN_POINT('',(-80.5,37.1,0.));
#2110 = DIRECTION('',(1.,0.,0.));
#2111 = DIRECTION('',(0.,0.,1.));
#2112 = ADVANCED_FACE('',(#2113),#2131,.T.);
#2113 = FACE_BOUND('',#2114,.T.);
#2114 = EDGE_LOOP('',(#2115,#2123,#2129,#2130));
#2115 = ORIENTED_EDGE('',*,*,#2116,.F.);
#2116 = EDGE_CURVE('',#2117,#2031,#2119,.T.);
#2117 = VERTEX_POINT('',#2118);
#2118 = CARTESIAN_POINT('',(8.1,-93.01,32.));
#2119 = LINE('',#2120,#2121);
#2120 = CARTESIAN_POINT('',(8.1,-96.,32.));
#2121 = VECTOR('',#2122,1.);
#2122 = DIRECTION('',(0.,1.,0.));
#2123 = ORIENTED_EDGE('',*,*,#2124,.F.);
#2124 = EDGE_CURVE('',#221,#2117,#2125,.T.);
#2125 = LINE('',#2126,#2127);
#2126 = CARTESIAN_POINT('',(8.1,-93.01,0.));
#2127 = VECTOR('',#2128,1.);
#2128 = DIRECTION('',(0.,0.,1.));
#2129 = ORIENTED_EDGE('',*,*,#220,.T.);
#2130 = ORIENTED_EDGE('',*,*,#2030,.T.);
#2131 = PLANE('',#2132);
#2132 = AXIS2_PLACEMENT_3D('',#2133,#2134,#2135);
#2133 = CARTESIAN_POINT('',(8.1,-96.,0.));
#2134 = DIRECTION('',(1.,0.,0.));
#2135 = DIRECTION('',(0.,0.,1.));
#2136 = ADVANCED_FACE('',(#2137),#2155,.T.);
#2137 = FACE_BOUND('',#2138,.T.);
#2138 = EDGE_LOOP('',(#2139,#2140,#2141,#2149));
#2139 = ORIENTED_EDGE('',*,*,#2072,.F.);
#2140 = ORIENTED_EDGE('',*,*,#485,.T.);
#2141 = ORIENTED_EDGE('',*,*,#2142,.T.);
#2142 = EDGE_CURVE('',#478,#2143,#2145,.T.);
#2143 = VERTEX_POINT('',#2144);
#2144 = CARTESIAN_POINT('',(-80.5,47.1,20.));
#2145 = LINE('',#2146,#2147);
#2146 = CARTESIAN_POINT('',(-80.5,47.1,0.));
#2147 = VECTOR('',#2148,1.);
#2148 = DIRECTION('',(0.,0.,1.));
#2149 = ORIENTED_EDGE('',*,*,#2150,.F.);
#2150 = EDGE_CURVE('',#2073,#2143,#2151,.T.);
#2151 = LINE('',#2152,#2153);
#2152 = CARTESIAN_POINT('',(-80.5,44.1,20.));
#2153 = VECTOR('',#2154,1.);
#2154 = DIRECTION('',(0.,1.,0.));
#2155 = PLANE('',#2156);
#2156 = AXIS2_PLACEMENT_3D('',#2157,#2158,#2159);
#2157 = CARTESIAN_POINT('',(-80.5,44.1,0.));
#2158 = DIRECTION('',(1.,0.,0.));
#2159 = DIRECTION('',(0.,0.,1.));
#2160 = ADVANCED_FACE('',(#2161),#2179,.F.);
#2161 = FACE_BOUND('',#2162,.F.);
#2162 = EDGE_LOOP('',(#2163,#2164,#2172,#2178));
#2163 = ORIENTED_EDGE('',*,*,#228,.F.);
#2164 = ORIENTED_EDGE('',*,*,#2165,.T.);
#2165 = EDGE_CURVE('',#229,#2166,#2168,.T.);
#2166 = VERTEX_POINT('',#2167);
#2167 = CARTESIAN_POINT('',(5.11,-96.,32.));
#2168 = LINE('',#2169,#2170);
#2169 = CARTESIAN_POINT('',(5.11,-96.,0.));
#2170 = VECTOR('',#2171,1.);
#2171 = DIRECTION('',(0.,0.,1.));
#2172 = ORIENTED_EDGE('',*,*,#2173,.T.);
#2173 = EDGE_CURVE('',#2166,#2117,#2174,.T.);
#2174 = LINE('',#2175,#2176);
#2175 = CARTESIAN_POINT('',(2.855,-98.255,32.));
#2176 = VECTOR('',#2177,1.);
#2177 = DIRECTION('',(0.707106781187,0.707106781187,0.));
#2178 = ORIENTED_EDGE('',*,*,#2124,.F.);
#2179 = PLANE('',#2180);
#2180 = AXIS2_PLACEMENT_3D('',#2181,#2182,#2183);
#2181 = CARTESIAN_POINT('',(6.605,-94.505,0.));
#2182 = DIRECTION('',(-0.707106781187,0.707106781187,0.));
#2183 = DIRECTION('',(0.,0.,1.));
#2184 = ADVANCED_FACE('',(#2185,#2203),#2214,.T.);
#2185 = FACE_BOUND('',#2186,.T.);
#2186 = EDGE_LOOP('',(#2187,#2188,#2189,#2197));
#2187 = ORIENTED_EDGE('',*,*,#2142,.F.);
#2188 = ORIENTED_EDGE('',*,*,#477,.T.);
#2189 = ORIENTED_EDGE('',*,*,#2190,.T.);
#2190 = EDGE_CURVE('',#470,#2191,#2193,.T.);
#2191 = VERTEX_POINT('',#2192);
#2192 = CARTESIAN_POINT('',(-80.5,60.1,20.));
#2193 = LINE('',#2194,#2195);
#2194 = CARTESIAN_POINT('',(-80.5,60.1,0.));
#2195 = VECTOR('',#2196,1.);
#2196 = DIRECTION('',(0.,0.,1.));
#2197 = ORIENTED_EDGE('',*,*,#2198,.F.);
#2198 = EDGE_CURVE('',#2143,#2191,#2199,.T.);
#2199 = LINE('',#2200,#2201);
#2200 = CARTESIAN_POINT('',(-80.5,47.1,20.));
#2201 = VECTOR('',#2202,1.);
#2202 = DIRECTION('',(0.,1.,0.));
#2203 = FACE_BOUND('',#2204,.T.);
#2204 = EDGE_LOOP('',(#2205));
#2205 = ORIENTED_EDGE('',*,*,#2206,.T.);
#2206 = EDGE_CURVE('',#2207,#2207,#2209,.T.);
#2207 = VERTEX_POINT('',#2208);
#2208 = CARTESIAN_POINT('',(-80.5,52.,6.));
#2209 = CIRCLE('',#2210,4.);
#2210 = AXIS2_PLACEMENT_3D('',#2211,#2212,#2213);
#2211 = CARTESIAN_POINT('',(-80.5,52.,10.));
#2212 = DIRECTION('',(-1.,0.,2.2E-16));
#2213 = DIRECTION('',(-2.2E-16,0.,-1.));
#2214 = PLANE('',#2215);
#2215 = AXIS2_PLACEMENT_3D('',#2216,#2217,#2218);
#2216 = CARTESIAN_POINT('',(-80.5,47.1,0.));
#2217 = DIRECTION('',(1.,0.,0.));
#2218 = DIRECTION('',(0.,0.,1.));
#2219 = ADVANCED_FACE('',(#2220),#2246,.F.);
#2220 = FACE_BOUND('',#2221,.F.);
#2221 = EDGE_LOOP('',(#2222,#2223,#2231,#2239,#2245));
#2222 = ORIENTED_EDGE('',*,*,#236,.F.);
#2223 = ORIENTED_EDGE('',*,*,#2224,.T.);
#2224 = EDGE_CURVE('',#237,#2225,#2227,.T.);
#2225 = VERTEX_POINT('',#2226);
#2226 = CARTESIAN_POINT('',(-6.9,-96.,19.));
#2227 = LINE('',#2228,#2229);
#2228 = CARTESIAN_POINT('',(-6.9,-96.,0.));
#2229 = VECTOR('',#2230,1.);
#2230 = DIRECTION('',(0.,0.,1.));
#2231 = ORIENTED_EDGE('',*,*,#2232,.T.);
#2232 = EDGE_CURVE('',#2225,#2233,#2235,.T.);
#2233 = VERTEX_POINT('',#2234);
#2234 = CARTESIAN_POINT('',(-6.9,-96.,32.));
#2235 = LINE('',#2236,#2237);
#2236 = CARTESIAN_POINT('',(-6.9,-96.,0.));
#2237 = VECTOR('',#2238,1.);
#2238 = DIRECTION('',(0.,0.,1.));
#2239 = ORIENTED_EDGE('',*,*,#2240,.T.);
#2240 = EDGE_CURVE('',#2233,#2166,#2241,.T.);
#2241 = LINE('',#2242,#2243);
#2242 = CARTESIAN_POINT('',(-6.9,-96.,32.));
#2243 = VECTOR('',#2244,1.);
#2244 = DIRECTION('',(1.,0.,0.));
#2245 = ORIENTED_EDGE('',*,*,#2165,.F.);
#2246 = PLANE('',#2247);
#2247 = AXIS2_PLACEMENT_3D('',#2248,#2249,#2250);
#2248 = CARTESIAN_POINT('',(-6.9,-96.,0.));
#2249 = DIRECTION('',(0.,1.,0.));
#2250 = DIRECTION('',(0.,0.,1.));
#2251 = ADVANCED_FACE('',(#2252),#2270,.T.);
#2252 = FACE_BOUND('',#2253,.T.);
#2253 = EDGE_LOOP('',(#2254,#2255,#2263,#2269));
#2254 = ORIENTED_EDGE('',*,*,#469,.F.);
#2255 = ORIENTED_EDGE('',*,*,#2256,.T.);
#2256 = EDGE_CURVE('',#462,#2257,#2259,.T.);
#2257 = VERTEX_POINT('',#2258);
#2258 = CARTESIAN_POINT('',(-102.,60.1,20.));
#2259 = LINE('',#2260,#2261);
#2260 = CARTESIAN_POINT('',(-102.,60.1,0.));
#2261 = VECTOR('',#2262,1.);
#2262 = DIRECTION('',(0.,0.,1.));
#2263 = ORIENTED_EDGE('',*,*,#2264,.T.);
#2264 = EDGE_CURVE('',#2257,#2191,#2265,.T.);
#2265 = LINE('',#2266,#2267);
#2266 = CARTESIAN_POINT('',(-102.,60.1,20.));
#2267 = VECTOR('',#2268,1.);
#2268 = DIRECTION('',(1.,0.,0.));
#2269 = ORIENTED_EDGE('',*,*,#2190,.F.);
#2270 = PLANE('',#2271);
#2271 = AXIS2_PLACEMENT_3D('',#2272,#2273,#2274);
#2272 = CARTESIAN_POINT('',(-102.,60.1,0.));
#2273 = DIRECTION('',(0.,1.,0.));
#2274 = DIRECTION('',(0.,0.,1.));
#2275 = ADVANCED_FACE('',(#2276),#2302,.T.);
#2276 = FACE_BOUND('',#2277,.T.);
#2277 = EDGE_LOOP('',(#2278,#2288,#2294,#2295,#2296));
#2278 = ORIENTED_EDGE('',*,*,#2279,.F.);
#2279 = EDGE_CURVE('',#2280,#2282,#2284,.T.);
#2280 = VERTEX_POINT('',#2281);
#2281 = CARTESIAN_POINT('',(-6.9,-108.,0.));
#2282 = VERTEX_POINT('',#2283);
#2283 = CARTESIAN_POINT('',(-6.9,-108.,19.));
#2284 = LINE('',#2285,#2286);
#2285 = CARTESIAN_POINT('',(-6.9,-108.,0.));
#2286 = VECTOR('',#2287,1.);
#2287 = DIRECTION('',(0.,0.,1.));
#2288 = ORIENTED_EDGE('',*,*,#2289,.T.);
#2289 = EDGE_CURVE('',#2280,#245,#2290,.T.);
#2290 = LINE('',#2291,#2292);
#2291 = CARTESIAN_POINT('',(-6.9,-108.,0.));
#2292 = VECTOR('',#2293,1.);
#2293 = DIRECTION('',(0.,1.,0.));
#2294 = ORIENTED_EDGE('',*,*,#244,.T.);
#2295 = ORIENTED_EDGE('',*,*,#2224,.T.);
#2296 = ORIENTED_EDGE('',*,*,#2297,.F.);
#2297 = EDGE_CURVE('',#2282,#2225,#2298,.T.);
#2298 = LINE('',#2299,#2300);
#2299 = CARTESIAN_POINT('',(-6.9,-108.,19.));
#2300 = VECTOR('',#2301,1.);
#2301 = DIRECTION('',(0.,1.,0.));
#2302 = PLANE('',#2303);
#2303 = AXIS2_PLACEMENT_3D('',#2304,#2305,#2306);
#2304 = CARTESIAN_POINT('',(-6.9,-108.,0.));
#2305 = DIRECTION('',(1.,0.,0.));
#2306 = DIRECTION('',(0.,0.,1.));
#2307 = ADVANCED_FACE('',(#2308,#2370),#2381,.T.);
#2308 = FACE_BOUND('',#2309,.T.);
#2309 = EDGE_LOOP('',(#2310,#2311,#2312,#2320,#2328,#2336,#2344,#2352,
    #2360,#2366,#2367,#2368,#2369));
#2310 = ORIENTED_EDGE('',*,*,#252,.F.);
#2311 = ORIENTED_EDGE('',*,*,#2289,.F.);
#2312 = ORIENTED_EDGE('',*,*,#2313,.T.);
#2313 = EDGE_CURVE('',#2280,#2314,#2316,.T.);
#2314 = VERTEX_POINT('',#2315);
#2315 = CARTESIAN_POINT('',(20.1,-108.,0.));
#2316 = LINE('',#2317,#2318);
#2317 = CARTESIAN_POINT('',(-102.,-108.,0.));
#2318 = VECTOR('',#2319,1.);
#2319 = DIRECTION('',(1.,0.,0.));
#2320 = ORIENTED_EDGE('',*,*,#2321,.T.);
#2321 = EDGE_CURVE('',#2314,#2322,#2324,.T.);
#2322 = VERTEX_POINT('',#2323);
#2323 = CARTESIAN_POINT('',(20.1,-80.,0.));
#2324 = LINE('',#2325,#2326);
#2325 = CARTESIAN_POINT('',(20.1,-108.,0.));
#2326 = VECTOR('',#2327,1.);
#2327 = DIRECTION('',(0.,1.,0.));
#2328 = ORIENTED_EDGE('',*,*,#2329,.F.);
#2329 = EDGE_CURVE('',#2330,#2322,#2332,.T.);
#2330 = VERTEX_POINT('',#2331);
#2331 = CARTESIAN_POINT('',(12.7,-80.,0.));
#2332 = LINE('',#2333,#2334);
#2333 = CARTESIAN_POINT('',(12.7,-80.,0.));
#2334 = VECTOR('',#2335,1.);
#2335 = DIRECTION('',(1.,0.,0.));
#2336 = ORIENTED_EDGE('',*,*,#2337,.T.);
#2337 = EDGE_CURVE('',#2330,#2338,#2340,.T.);
#2338 = VERTEX_POINT('',#2339);
#2339 = CARTESIAN_POINT('',(12.7,-67.,0.));
#2340 = LINE('',#2341,#2342);
#2341 = CARTESIAN_POINT('',(12.7,-80.,0.));
#2342 = VECTOR('',#2343,1.);
#2343 = DIRECTION('',(0.,1.,0.));
#2344 = ORIENTED_EDGE('',*,*,#2345,.T.);
#2345 = EDGE_CURVE('',#2338,#2346,#2348,.T.);
#2346 = VERTEX_POINT('',#2347);
#2347 = CARTESIAN_POINT('',(12.7,-64.,0.));
#2348 = LINE('',#2349,#2350);
#2349 = CARTESIAN_POINT('',(12.7,-67.,0.));
#2350 = VECTOR('',#2351,1.);
#2351 = DIRECTION('',(0.,1.,0.));
#2352 = ORIENTED_EDGE('',*,*,#2353,.T.);
#2353 = EDGE_CURVE('',#2346,#2354,#2356,.T.);
#2354 = VERTEX_POINT('',#2355);
#2355 = CARTESIAN_POINT('',(12.7,-57.,0.));
#2356 = LINE('',#2357,#2358);
#2357 = CARTESIAN_POINT('',(12.7,-64.,0.));
#2358 = VECTOR('',#2359,1.);
#2359 = DIRECTION('',(0.,1.,0.));
#2360 = ORIENTED_EDGE('',*,*,#2361,.T.);
#2361 = EDGE_CURVE('',#2354,#286,#2362,.T.);
#2362 = LINE('',#2363,#2364);
#2363 = CARTESIAN_POINT('',(12.7,-57.,0.));
#2364 = VECTOR('',#2365,1.);
#2365 = DIRECTION('',(1.,0.,0.));
#2366 = ORIENTED_EDGE('',*,*,#285,.T.);
#2367 = ORIENTED_EDGE('',*,*,#277,.F.);
#2368 = ORIENTED_EDGE('',*,*,#269,.F.);
#2369 = ORIENTED_EDGE('',*,*,#260,.T.);
#2370 = FACE_BOUND('',#2371,.T.);
#2371 = EDGE_LOOP('',(#2372));
#2372 = ORIENTED_EDGE('',*,*,#2373,.F.);
#2373 = EDGE_CURVE('',#2374,#2374,#2376,.T.);
#2374 = VERTEX_POINT('',#2375);
#2375 = CARTESIAN_POINT('',(19.2,-98.,0.));
#2376 = CIRCLE('',#2377,4.);
#2377 = AXIS2_PLACEMENT_3D('',#2378,#2379,#2380);
#2378 = CARTESIAN_POINT('',(15.2,-98.,0.));
#2379 = DIRECTION('',(0.,0.,1.));
#2380 = DIRECTION('',(1.,0.,0.));
#2381 = PLANE('',#2382);
#2382 = AXIS2_PLACEMENT_3D('',#2383,#2384,#2385);
#2383 = CARTESIAN_POINT('',(-102.,-108.,0.));
#2384 = DIRECTION('',(0.,0.,1.));
#2385 = DIRECTION('',(1.,0.,0.));
#2386 = ADVANCED_FACE('',(#2387),#2405,.T.);
#2387 = FACE_BOUND('',#2388,.T.);
#2388 = EDGE_LOOP('',(#2389,#2397,#2398,#2399));
#2389 = ORIENTED_EDGE('',*,*,#2390,.F.);
#2390 = EDGE_CURVE('',#1518,#2391,#2393,.T.);
#2391 = VERTEX_POINT('',#2392);
#2392 = CARTESIAN_POINT('',(34.2,81.,-5.));
#2393 = LINE('',#2394,#2395);
#2394 = CARTESIAN_POINT('',(-102.,81.,-5.));
#2395 = VECTOR('',#2396,1.);
#2396 = DIRECTION('',(1.,0.,0.));
#2397 = ORIENTED_EDGE('',*,*,#1525,.T.);
#2398 = ORIENTED_EDGE('',*,*,#453,.T.);
#2399 = ORIENTED_EDGE('',*,*,#2400,.F.);
#2400 = EDGE_CURVE('',#2391,#446,#2401,.T.);
#2401 = LINE('',#2402,#2403);
#2402 = CARTESIAN_POINT('',(34.2,81.,-5.));
#2403 = VECTOR('',#2404,1.);
#2404 = DIRECTION('',(0.,0.,1.));
#2405 = PLANE('',#2406);
#2406 = AXIS2_PLACEMENT_3D('',#2407,#2408,#2409);
#2407 = CARTESIAN_POINT('',(-102.,81.,-5.));
#2408 = DIRECTION('',(0.,1.,0.));
#2409 = DIRECTION('',(0.,0.,1.));
#2410 = ADVANCED_FACE('',(#2411),#2459,.T.);
#2411 = FACE_BOUND('',#2412,.T.);
#2412 = EDGE_LOOP('',(#2413,#2423,#2429,#2430,#2431,#2437,#2438,#2444,
    #2445,#2453));
#2413 = ORIENTED_EDGE('',*,*,#2414,.F.);
#2414 = EDGE_CURVE('',#2415,#2417,#2419,.T.);
#2415 = VERTEX_POINT('',#2416);
#2416 = CARTESIAN_POINT('',(34.2,-108.,-5.));
#2417 = VERTEX_POINT('',#2418);
#2418 = CARTESIAN_POINT('',(34.2,-108.,0.));
#2419 = LINE('',#2420,#2421);
#2420 = CARTESIAN_POINT('',(34.2,-108.,-5.));
#2421 = VECTOR('',#2422,1.);
#2422 = DIRECTION('',(0.,0.,1.));
#2423 = ORIENTED_EDGE('',*,*,#2424,.T.);
#2424 = EDGE_CURVE('',#2415,#2391,#2425,.T.);
#2425 = LINE('',#2426,#2427);
#2426 = CARTESIAN_POINT('',(34.2,-108.,-5.));
#2427 = VECTOR('',#2428,1.);
#2428 = DIRECTION('',(0.,1.,0.));
#2429 = ORIENTED_EDGE('',*,*,#2400,.T.);
#2430 = ORIENTED_EDGE('',*,*,#445,.F.);
#2431 = ORIENTED_EDGE('',*,*,#2432,.F.);
#2432 = EDGE_CURVE('',#366,#438,#2433,.T.);
#2433 = LINE('',#2434,#2435);
#2434 = CARTESIAN_POINT('',(34.2,-108.,0.));
#2435 = VECTOR('',#2436,1.);
#2436 = DIRECTION('',(0.,1.,0.));
#2437 = ORIENTED_EDGE('',*,*,#365,.F.);
#2438 = ORIENTED_EDGE('',*,*,#2439,.F.);
#2439 = EDGE_CURVE('',#334,#358,#2440,.T.);
#2440 = LINE('',#2441,#2442);
#2441 = CARTESIAN_POINT('',(34.2,-108.,0.));
#2442 = VECTOR('',#2443,1.);
#2443 = DIRECTION('',(0.,1.,0.));
#2444 = ORIENTED_EDGE('',*,*,#333,.F.);
#2445 = ORIENTED_EDGE('',*,*,#2446,.F.);
#2446 = EDGE_CURVE('',#2447,#326,#2449,.T.);
#2447 = VERTEX_POINT('',#2448);
#2448 = CARTESIAN_POINT('',(34.2,-80.,0.));
#2449 = LINE('',#2450,#2451);
#2450 = CARTESIAN_POINT('',(34.2,-108.,0.));
#2451 = VECTOR('',#2452,1.);
#2452 = DIRECTION('',(0.,1.,0.));
#2453 = ORIENTED_EDGE('',*,*,#2454,.F.);
#2454 = EDGE_CURVE('',#2417,#2447,#2455,.T.);
#2455 = LINE('',#2456,#2457);
#2456 = CARTESIAN_POINT('',(34.2,-108.,0.));
#2457 = VECTOR('',#2458,1.);
#2458 = DIRECTION('',(0.,1.,0.));
#2459 = PLANE('',#2460);
#2460 = AXIS2_PLACEMENT_3D('',#2461,#2462,#2463);
#2461 = CARTESIAN_POINT('',(34.2,-108.,-5.));
#2462 = DIRECTION('',(1.,0.,0.));
#2463 = DIRECTION('',(0.,0.,1.));
#2464 = ADVANCED_FACE('',(#2465),#2490,.T.);
#2465 = FACE_BOUND('',#2466,.T.);
#2466 = EDGE_LOOP('',(#2467,#2468,#2476,#2484));
#2467 = ORIENTED_EDGE('',*,*,#437,.F.);
#2468 = ORIENTED_EDGE('',*,*,#2469,.T.);
#2469 = EDGE_CURVE('',#430,#2470,#2472,.T.);
#2470 = VERTEX_POINT('',#2471);
#2471 = CARTESIAN_POINT('',(12.7,60.1,20.));
#2472 = LINE('',#2473,#2474);
#2473 = CARTESIAN_POINT('',(12.7,60.1,0.));
#2474 = VECTOR('',#2475,1.);
#2475 = DIRECTION('',(0.,0.,1.));
#2476 = ORIENTED_EDGE('',*,*,#2477,.T.);
#2477 = EDGE_CURVE('',#2470,#2478,#2480,.T.);
#2478 = VERTEX_POINT('',#2479);
#2479 = CARTESIAN_POINT('',(34.2,60.1,20.));
#2480 = LINE('',#2481,#2482);
#2481 = CARTESIAN_POINT('',(12.7,60.1,20.));
#2482 = VECTOR('',#2483,1.);
#2483 = DIRECTION('',(1.,0.,0.));
#2484 = ORIENTED_EDGE('',*,*,#2485,.F.);
#2485 = EDGE_CURVE('',#438,#2478,#2486,.T.);
#2486 = LINE('',#2487,#2488);
#2487 = CARTESIAN_POINT('',(34.2,60.1,0.));
#2488 = VECTOR('',#2489,1.);
#2489 = DIRECTION('',(0.,0.,1.));
#2490 = PLANE('',#2491);
#2491 = AXIS2_PLACEMENT_3D('',#2492,#2493,#2494);
#2492 = CARTESIAN_POINT('',(12.7,60.1,0.));
#2493 = DIRECTION('',(0.,1.,0.));
#2494 = DIRECTION('',(0.,0.,1.));
#2495 = ADVANCED_FACE('',(#2496,#2514),#2525,.F.);
#2496 = FACE_BOUND('',#2497,.F.);
#2497 = EDGE_LOOP('',(#2498,#2506,#2507,#2508));
#2498 = ORIENTED_EDGE('',*,*,#2499,.F.);
#2499 = EDGE_CURVE('',#422,#2500,#2502,.T.);
#2500 = VERTEX_POINT('',#2501);
#2501 = CARTESIAN_POINT('',(12.7,47.1,20.));
#2502 = LINE('',#2503,#2504);
#2503 = CARTESIAN_POINT('',(12.7,47.1,0.));
#2504 = VECTOR('',#2505,1.);
#2505 = DIRECTION('',(0.,0.,1.));
#2506 = ORIENTED_EDGE('',*,*,#429,.T.);
#2507 = ORIENTED_EDGE('',*,*,#2469,.T.);
#2508 = ORIENTED_EDGE('',*,*,#2509,.F.);
#2509 = EDGE_CURVE('',#2500,#2470,#2510,.T.);
#2510 = LINE('',#2511,#2512);
#2511 = CARTESIAN_POINT('',(12.7,47.1,20.));
#2512 = VECTOR('',#2513,1.);
#2513 = DIRECTION('',(0.,1.,0.));
#2514 = FACE_BOUND('',#2515,.F.);
#2515 = EDGE_LOOP('',(#2516));
#2516 = ORIENTED_EDGE('',*,*,#2517,.T.);
#2517 = EDGE_CURVE('',#2518,#2518,#2520,.T.);
#2518 = VERTEX_POINT('',#2519);
#2519 = CARTESIAN_POINT('',(12.7,52.,6.));
#2520 = CIRCLE('',#2521,4.);
#2521 = AXIS2_PLACEMENT_3D('',#2522,#2523,#2524);
#2522 = CARTESIAN_POINT('',(12.7,52.,10.));
#2523 = DIRECTION('',(-1.,0.,2.2E-16));
#2524 = DIRECTION('',(-2.2E-16,0.,-1.));
#2525 = PLANE('',#2526);
#2526 = AXIS2_PLACEMENT_3D('',#2527,#2528,#2529);
#2527 = CARTESIAN_POINT('',(12.7,47.1,0.));
#2528 = DIRECTION('',(1.,0.,0.));
#2529 = DIRECTION('',(0.,0.,1.));
#2530 = ADVANCED_FACE('',(#2531),#2549,.F.);
#2531 = FACE_BOUND('',#2532,.F.);
#2532 = EDGE_LOOP('',(#2533,#2541,#2542,#2543));
#2533 = ORIENTED_EDGE('',*,*,#2534,.F.);
#2534 = EDGE_CURVE('',#414,#2535,#2537,.T.);
#2535 = VERTEX_POINT('',#2536);
#2536 = CARTESIAN_POINT('',(12.7,44.1,20.));
#2537 = LINE('',#2538,#2539);
#2538 = CARTESIAN_POINT('',(12.7,44.1,0.));
#2539 = VECTOR('',#2540,1.);
#2540 = DIRECTION('',(0.,0.,1.));
#2541 = ORIENTED_EDGE('',*,*,#421,.T.);
#2542 = ORIENTED_EDGE('',*,*,#2499,.T.);
#2543 = ORIENTED_EDGE('',*,*,#2544,.F.);
#2544 = EDGE_CURVE('',#2535,#2500,#2545,.T.);
#2545 = LINE('',#2546,#2547);
#2546 = CARTESIAN_POINT('',(12.7,44.1,20.));
#2547 = VECTOR('',#2548,1.);
#2548 = DIRECTION('',(0.,1.,0.));
#2549 = PLANE('',#2550);
#2550 = AXIS2_PLACEMENT_3D('',#2551,#2552,#2553);
#2551 = CARTESIAN_POINT('',(12.7,44.1,0.));
#2552 = DIRECTION('',(1.,0.,0.));
#2553 = DIRECTION('',(0.,0.,1.));
#2554 = ADVANCED_FACE('',(#2555),#2581,.T.);
#2555 = FACE_BOUND('',#2556,.T.);
#2556 = EDGE_LOOP('',(#2557,#2558,#2566,#2574,#2580));
#2557 = ORIENTED_EDGE('',*,*,#2361,.F.);
#2558 = ORIENTED_EDGE('',*,*,#2559,.T.);
#2559 = EDGE_CURVE('',#2354,#2560,#2562,.T.);
#2560 = VERTEX_POINT('',#2561);
#2561 = CARTESIAN_POINT('',(12.7,-57.,20.));
#2562 = LINE('',#2563,#2564);
#2563 = CARTESIAN_POINT('',(12.7,-57.,0.));
#2564 = VECTOR('',#2565,1.);
#2565 = DIRECTION('',(0.,0.,1.));
#2566 = ORIENTED_EDGE('',*,*,#2567,.T.);
#2567 = EDGE_CURVE('',#2560,#2568,#2570,.T.);
#2568 = VERTEX_POINT('',#2569);
#2569 = CARTESIAN_POINT('',(22.7,-57.,20.));
#2570 = LINE('',#2571,#2572);
#2571 = CARTESIAN_POINT('',(12.7,-57.,20.));
#2572 = VECTOR('',#2573,1.);
#2573 = DIRECTION('',(1.,0.,0.));
#2574 = ORIENTED_EDGE('',*,*,#2575,.F.);
#2575 = EDGE_CURVE('',#294,#2568,#2576,.T.);
#2576 = LINE('',#2577,#2578);
#2577 = CARTESIAN_POINT('',(22.7,-57.,0.));
#2578 = VECTOR('',#2579,1.);
#2579 = DIRECTION('',(0.,0.,1.));
#2580 = ORIENTED_EDGE('',*,*,#293,.F.);
#2581 = PLANE('',#2582);
#2582 = AXIS2_PLACEMENT_3D('',#2583,#2584,#2585);
#2583 = CARTESIAN_POINT('',(12.7,-57.,0.));
#2584 = DIRECTION('',(0.,1.,0.));
#2585 = DIRECTION('',(0.,0.,1.));
#2586 = ADVANCED_FACE('',(#2587,#2605,#2616),#2627,.F.);
#2587 = FACE_BOUND('',#2588,.F.);
#2588 = EDGE_LOOP('',(#2589,#2597,#2598,#2599));
#2589 = ORIENTED_EDGE('',*,*,#2590,.F.);
#2590 = EDGE_CURVE('',#406,#2591,#2593,.T.);
#2591 = VERTEX_POINT('',#2592);
#2592 = CARTESIAN_POINT('',(12.7,37.1,20.));
#2593 = LINE('',#2594,#2595);
#2594 = CARTESIAN_POINT('',(12.7,37.1,0.));
#2595 = VECTOR('',#2596,1.);
#2596 = DIRECTION('',(0.,0.,1.));
#2597 = ORIENTED_EDGE('',*,*,#413,.T.);
#2598 = ORIENTED_EDGE('',*,*,#2534,.T.);
#2599 = ORIENTED_EDGE('',*,*,#2600,.F.);
#2600 = EDGE_CURVE('',#2591,#2535,#2601,.T.);
#2601 = LINE('',#2602,#2603);
#2602 = CARTESIAN_POINT('',(12.7,37.1,20.));
#2603 = VECTOR('',#2604,1.);
#2604 = DIRECTION('',(0.,1.,0.));
#2605 = FACE_BOUND('',#2606,.F.);
#2606 = EDGE_LOOP('',(#2607));
#2607 = ORIENTED_EDGE('',*,*,#2608,.T.);
#2608 = EDGE_CURVE('',#2609,#2609,#2611,.T.);
#2609 = VERTEX_POINT('',#2610);
#2610 = CARTESIAN_POINT('',(12.7,41.9,3.));
#2611 = CIRCLE('',#2612,2.);
#2612 = AXIS2_PLACEMENT_3D('',#2613,#2614,#2615);
#2613 = CARTESIAN_POINT('',(12.7,41.9,5.));
#2614 = DIRECTION('',(-1.,0.,2.2E-16));
#2615 = DIRECTION('',(-2.2E-16,0.,-1.));
#2616 = FACE_BOUND('',#2617,.F.);
#2617 = EDGE_LOOP('',(#2618));
#2618 = ORIENTED_EDGE('',*,*,#2619,.T.);
#2619 = EDGE_CURVE('',#2620,#2620,#2622,.T.);
#2620 = VERTEX_POINT('',#2621);
#2621 = CARTESIAN_POINT('',(12.7,41.9,13.));
#2622 = CIRCLE('',#2623,2.);
#2623 = AXIS2_PLACEMENT_3D('',#2624,#2625,#2626);
#2624 = CARTESIAN_POINT('',(12.7,41.9,15.));
#2625 = DIRECTION('',(-1.,0.,2.2E-16));
#2626 = DIRECTION('',(-2.2E-16,0.,-1.));
#2627 = PLANE('',#2628);
#2628 = AXIS2_PLACEMENT_3D('',#2629,#2630,#2631);
#2629 = CARTESIAN_POINT('',(12.7,37.1,0.));
#2630 = DIRECTION('',(1.,0.,0.));
#2631 = DIRECTION('',(0.,0.,1.));
#2632 = ADVANCED_FACE('',(#2633,#2651,#2662),#2673,.T.);
#2633 = FACE_BOUND('',#2634,.T.);
#2634 = EDGE_LOOP('',(#2635,#2643,#2644,#2645));
#2635 = ORIENTED_EDGE('',*,*,#2636,.F.);
#2636 = EDGE_CURVE('',#302,#2637,#2639,.T.);
#2637 = VERTEX_POINT('',#2638);
#2638 = CARTESIAN_POINT('',(22.7,-64.,20.));
#2639 = LINE('',#2640,#2641);
#2640 = CARTESIAN_POINT('',(22.7,-64.,0.));
#2641 = VECTOR('',#2642,1.);
#2642 = DIRECTION('',(0.,0.,1.));
#2643 = ORIENTED_EDGE('',*,*,#301,.T.);
#2644 = ORIENTED_EDGE('',*,*,#2575,.T.);
#2645 = ORIENTED_EDGE('',*,*,#2646,.F.);
#2646 = EDGE_CURVE('',#2637,#2568,#2647,.T.);
#2647 = LINE('',#2648,#2649);
#2648 = CARTESIAN_POINT('',(22.7,-64.,20.));
#2649 = VECTOR('',#2650,1.);
#2650 = DIRECTION('',(0.,1.,0.));
#2651 = FACE_BOUND('',#2652,.T.);
#2652 = EDGE_LOOP('',(#2653));
#2653 = ORIENTED_EDGE('',*,*,#2654,.T.);
#2654 = EDGE_CURVE('',#2655,#2655,#2657,.T.);
#2655 = VERTEX_POINT('',#2656);
#2656 = CARTESIAN_POINT('',(22.7,-61.8,3.));
#2657 = CIRCLE('',#2658,2.);
#2658 = AXIS2_PLACEMENT_3D('',#2659,#2660,#2661);
#2659 = CARTESIAN_POINT('',(22.7,-61.8,5.));
#2660 = DIRECTION('',(-1.,0.,2.2E-16));
#2661 = DIRECTION('',(-2.2E-16,0.,-1.));
#2662 = FACE_BOUND('',#2663,.T.);
#2663 = EDGE_LOOP('',(#2664));
#2664 = ORIENTED_EDGE('',*,*,#2665,.T.);
#2665 = EDGE_CURVE('',#2666,#2666,#2668,.T.);
#2666 = VERTEX_POINT('',#2667);
#2667 = CARTESIAN_POINT('',(22.7,-61.8,13.));
#2668 = CIRCLE('',#2669,2.);
#2669 = AXIS2_PLACEMENT_3D('',#2670,#2671,#2672);
#2670 = CARTESIAN_POINT('',(22.7,-61.8,15.));
#2671 = DIRECTION('',(-1.,0.,2.2E-16));
#2672 = DIRECTION('',(-2.2E-16,0.,-1.));
#2673 = PLANE('',#2674);
#2674 = AXIS2_PLACEMENT_3D('',#2675,#2676,#2677);
#2675 = CARTESIAN_POINT('',(22.7,-64.,0.));
#2676 = DIRECTION('',(1.,0.,0.));
#2677 = DIRECTION('',(0.,0.,1.));
#2678 = ADVANCED_FACE('',(#2679),#2697,.F.);
#2679 = FACE_BOUND('',#2680,.F.);
#2680 = EDGE_LOOP('',(#2681,#2682,#2683,#2691));
#2681 = ORIENTED_EDGE('',*,*,#405,.F.);
#2682 = ORIENTED_EDGE('',*,*,#2590,.T.);
#2683 = ORIENTED_EDGE('',*,*,#2684,.T.);
#2684 = EDGE_CURVE('',#2591,#2685,#2687,.T.);
#2685 = VERTEX_POINT('',#2686);
#2686 = CARTESIAN_POINT('',(22.7,37.1,20.));
#2687 = LINE('',#2688,#2689);
#2688 = CARTESIAN_POINT('',(12.7,37.1,20.));
#2689 = VECTOR('',#2690,1.);
#2690 = DIRECTION('',(1.,0.,0.));
#2691 = ORIENTED_EDGE('',*,*,#2692,.F.);
#2692 = EDGE_CURVE('',#398,#2685,#2693,.T.);
#2693 = LINE('',#2694,#2695);
#2694 = CARTESIAN_POINT('',(22.7,37.1,0.));
#2695 = VECTOR('',#2696,1.);
#2696 = DIRECTION('',(0.,0.,1.));
#2697 = PLANE('',#2698);
#2698 = AXIS2_PLACEMENT_3D('',#2699,#2700,#2701);
#2699 = CARTESIAN_POINT('',(12.7,37.1,0.));
#2700 = DIRECTION('',(0.,1.,0.));
#2701 = DIRECTION('',(0.,0.,1.));
#2702 = ADVANCED_FACE('',(#2703),#2721,.T.);
#2703 = FACE_BOUND('',#2704,.T.);
#2704 = EDGE_LOOP('',(#2705,#2706,#2707,#2715));
#2705 = ORIENTED_EDGE('',*,*,#309,.F.);
#2706 = ORIENTED_EDGE('',*,*,#2636,.T.);
#2707 = ORIENTED_EDGE('',*,*,#2708,.T.);
#2708 = EDGE_CURVE('',#2637,#2709,#2711,.T.);
#2709 = VERTEX_POINT('',#2710);
#2710 = CARTESIAN_POINT('',(25.4,-64.,20.));
#2711 = LINE('',#2712,#2713);
#2712 = CARTESIAN_POINT('',(12.7,-64.,20.));
#2713 = VECTOR('',#2714,1.);
#2714 = DIRECTION('',(1.,0.,0.));
#2715 = ORIENTED_EDGE('',*,*,#2716,.F.);
#2716 = EDGE_CURVE('',#310,#2709,#2717,.T.);
#2717 = LINE('',#2718,#2719);
#2718 = CARTESIAN_POINT('',(25.4,-64.,0.));
#2719 = VECTOR('',#2720,1.);
#2720 = DIRECTION('',(0.,0.,1.));
#2721 = PLANE('',#2722);
#2722 = AXIS2_PLACEMENT_3D('',#2723,#2724,#2725);
#2723 = CARTESIAN_POINT('',(12.7,-64.,0.));
#2724 = DIRECTION('',(0.,1.,0.));
#2725 = DIRECTION('',(0.,0.,1.));
#2726 = ADVANCED_FACE('',(#2727,#2745,#2756),#2767,.T.);
#2727 = FACE_BOUND('',#2728,.T.);
#2728 = EDGE_LOOP('',(#2729,#2730,#2731,#2739));
#2729 = ORIENTED_EDGE('',*,*,#2692,.F.);
#2730 = ORIENTED_EDGE('',*,*,#397,.T.);
#2731 = ORIENTED_EDGE('',*,*,#2732,.T.);
#2732 = EDGE_CURVE('',#390,#2733,#2735,.T.);
#2733 = VERTEX_POINT('',#2734);
#2734 = CARTESIAN_POINT('',(22.7,44.1,20.));
#2735 = LINE('',#2736,#2737);
#2736 = CARTESIAN_POINT('',(22.7,44.1,0.));
#2737 = VECTOR('',#2738,1.);
#2738 = DIRECTION('',(0.,0.,1.));
#2739 = ORIENTED_EDGE('',*,*,#2740,.F.);
#2740 = EDGE_CURVE('',#2685,#2733,#2741,.T.);
#2741 = LINE('',#2742,#2743);
#2742 = CARTESIAN_POINT('',(22.7,37.1,20.));
#2743 = VECTOR('',#2744,1.);
#2744 = DIRECTION('',(0.,1.,0.));
#2745 = FACE_BOUND('',#2746,.T.);
#2746 = EDGE_LOOP('',(#2747));
#2747 = ORIENTED_EDGE('',*,*,#2748,.T.);
#2748 = EDGE_CURVE('',#2749,#2749,#2751,.T.);
#2749 = VERTEX_POINT('',#2750);
#2750 = CARTESIAN_POINT('',(22.7,41.9,3.));
#2751 = CIRCLE('',#2752,2.);
#2752 = AXIS2_PLACEMENT_3D('',#2753,#2754,#2755);
#2753 = CARTESIAN_POINT('',(22.7,41.9,5.));
#2754 = DIRECTION('',(-1.,0.,2.2E-16));
#2755 = DIRECTION('',(-2.2E-16,0.,-1.));
#2756 = FACE_BOUND('',#2757,.T.);
#2757 = EDGE_LOOP('',(#2758));
#2758 = ORIENTED_EDGE('',*,*,#2759,.T.);
#2759 = EDGE_CURVE('',#2760,#2760,#2762,.T.);
#2760 = VERTEX_POINT('',#2761);
#2761 = CARTESIAN_POINT('',(22.7,41.9,13.));
#2762 = CIRCLE('',#2763,2.);
#2763 = AXIS2_PLACEMENT_3D('',#2764,#2765,#2766);
#2764 = CARTESIAN_POINT('',(22.7,41.9,15.));
#2765 = DIRECTION('',(-1.,0.,2.2E-16));
#2766 = DIRECTION('',(-2.2E-16,0.,-1.));
#2767 = PLANE('',#2768);
#2768 = AXIS2_PLACEMENT_3D('',#2769,#2770,#2771);
#2769 = CARTESIAN_POINT('',(22.7,37.1,0.));
#2770 = DIRECTION('',(1.,0.,0.));
#2771 = DIRECTION('',(0.,0.,1.));
#2772 = ADVANCED_FACE('',(#2773),#2791,.T.);
#2773 = FACE_BOUND('',#2774,.T.);
#2774 = EDGE_LOOP('',(#2775,#2783,#2784,#2785));
#2775 = ORIENTED_EDGE('',*,*,#2776,.F.);
#2776 = EDGE_CURVE('',#318,#2777,#2779,.T.);
#2777 = VERTEX_POINT('',#2778);
#2778 = CARTESIAN_POINT('',(25.4,-67.,20.));
#2779 = LINE('',#2780,#2781);
#2780 = CARTESIAN_POINT('',(25.4,-67.,0.));
#2781 = VECTOR('',#2782,1.);
#2782 = DIRECTION('',(0.,0.,1.));
#2783 = ORIENTED_EDGE('',*,*,#317,.T.);
#2784 = ORIENTED_EDGE('',*,*,#2716,.T.);
#2785 = ORIENTED_EDGE('',*,*,#2786,.F.);
#2786 = EDGE_CURVE('',#2777,#2709,#2787,.T.);
#2787 = LINE('',#2788,#2789);
#2788 = CARTESIAN_POINT('',(25.4,-67.,20.));
#2789 = VECTOR('',#2790,1.);
#2790 = DIRECTION('',(0.,1.,0.));
#2791 = PLANE('',#2792);
#2792 = AXIS2_PLACEMENT_3D('',#2793,#2794,#2795);
#2793 = CARTESIAN_POINT('',(25.4,-67.,0.));
#2794 = DIRECTION('',(1.,0.,0.));
#2795 = DIRECTION('',(0.,0.,1.));
#2796 = ADVANCED_FACE('',(#2797),#2815,.F.);
#2797 = FACE_BOUND('',#2798,.F.);
#2798 = EDGE_LOOP('',(#2799,#2800,#2801,#2809));
#2799 = ORIENTED_EDGE('',*,*,#389,.F.);
#2800 = ORIENTED_EDGE('',*,*,#2732,.T.);
#2801 = ORIENTED_EDGE('',*,*,#2802,.T.);
#2802 = EDGE_CURVE('',#2733,#2803,#2805,.T.);
#2803 = VERTEX_POINT('',#2804);
#2804 = CARTESIAN_POINT('',(25.4,44.1,20.));
#2805 = LINE('',#2806,#2807);
#2806 = CARTESIAN_POINT('',(12.7,44.1,20.));
#2807 = VECTOR('',#2808,1.);
#2808 = DIRECTION('',(1.,0.,0.));
#2809 = ORIENTED_EDGE('',*,*,#2810,.F.);
#2810 = EDGE_CURVE('',#382,#2803,#2811,.T.);
#2811 = LINE('',#2812,#2813);
#2812 = CARTESIAN_POINT('',(25.4,44.1,0.));
#2813 = VECTOR('',#2814,1.);
#2814 = DIRECTION('',(0.,0.,1.));
#2815 = PLANE('',#2816);
#2816 = AXIS2_PLACEMENT_3D('',#2817,#2818,#2819);
#2817 = CARTESIAN_POINT('',(12.7,44.1,0.));
#2818 = DIRECTION('',(0.,1.,0.));
#2819 = DIRECTION('',(0.,0.,1.));
#2820 = ADVANCED_FACE('',(#2821),#2839,.T.);
#2821 = FACE_BOUND('',#2822,.T.);
#2822 = EDGE_LOOP('',(#2823,#2824,#2825,#2833));
#2823 = ORIENTED_EDGE('',*,*,#325,.F.);
#2824 = ORIENTED_EDGE('',*,*,#2776,.T.);
#2825 = ORIENTED_EDGE('',*,*,#2826,.T.);
#2826 = EDGE_CURVE('',#2777,#2827,#2829,.T.);
#2827 = VERTEX_POINT('',#2828);
#2828 = CARTESIAN_POINT('',(34.2,-67.,20.));
#2829 = LINE('',#2830,#2831);
#2830 = CARTESIAN_POINT('',(12.7,-67.,20.));
#2831 = VECTOR('',#2832,1.);
#2832 = DIRECTION('',(1.,0.,0.));
#2833 = ORIENTED_EDGE('',*,*,#2834,.F.);
#2834 = EDGE_CURVE('',#326,#2827,#2835,.T.);
#2835 = LINE('',#2836,#2837);
#2836 = CARTESIAN_POINT('',(34.2,-67.,0.));
#2837 = VECTOR('',#2838,1.);
#2838 = DIRECTION('',(0.,0.,1.));
#2839 = PLANE('',#2840);
#2840 = AXIS2_PLACEMENT_3D('',#2841,#2842,#2843);
#2841 = CARTESIAN_POINT('',(12.7,-67.,0.));
#2842 = DIRECTION('',(0.,1.,0.));
#2843 = DIRECTION('',(0.,0.,1.));
#2844 = ADVANCED_FACE('',(#2845),#2863,.T.);
#2845 = FACE_BOUND('',#2846,.T.);
#2846 = EDGE_LOOP('',(#2847,#2848,#2849,#2857));
#2847 = ORIENTED_EDGE('',*,*,#2810,.F.);
#2848 = ORIENTED_EDGE('',*,*,#381,.T.);
#2849 = ORIENTED_EDGE('',*,*,#2850,.T.);
#2850 = EDGE_CURVE('',#374,#2851,#2853,.T.);
#2851 = VERTEX_POINT('',#2852);
#2852 = CARTESIAN_POINT('',(25.4,47.1,20.));
#2853 = LINE('',#2854,#2855);
#2854 = CARTESIAN_POINT('',(25.4,47.1,0.));
#2855 = VECTOR('',#2856,1.);
#2856 = DIRECTION('',(0.,0.,1.));
#2857 = ORIENTED_EDGE('',*,*,#2858,.F.);
#2858 = EDGE_CURVE('',#2803,#2851,#2859,.T.);
#2859 = LINE('',#2860,#2861);
#2860 = CARTESIAN_POINT('',(25.4,44.1,20.));
#2861 = VECTOR('',#2862,1.);
#2862 = DIRECTION('',(0.,1.,0.));
#2863 = PLANE('',#2864);
#2864 = AXIS2_PLACEMENT_3D('',#2865,#2866,#2867);
#2865 = CARTESIAN_POINT('',(25.4,44.1,0.));
#2866 = DIRECTION('',(1.,0.,0.));
#2867 = DIRECTION('',(0.,0.,1.));
#2868 = ADVANCED_FACE('',(#2869),#2887,.F.);
#2869 = FACE_BOUND('',#2870,.F.);
#2870 = EDGE_LOOP('',(#2871,#2872,#2873,#2881));
#2871 = ORIENTED_EDGE('',*,*,#373,.F.);
#2872 = ORIENTED_EDGE('',*,*,#2850,.T.);
#2873 = ORIENTED_EDGE('',*,*,#2874,.T.);
#2874 = EDGE_CURVE('',#2851,#2875,#2877,.T.);
#2875 = VERTEX_POINT('',#2876);
#2876 = CARTESIAN_POINT('',(34.2,47.1,20.));
#2877 = LINE('',#2878,#2879);
#2878 = CARTESIAN_POINT('',(12.7,47.1,20.));
#2879 = VECTOR('',#2880,1.);
#2880 = DIRECTION('',(1.,0.,0.));
#2881 = ORIENTED_EDGE('',*,*,#2882,.F.);
#2882 = EDGE_CURVE('',#366,#2875,#2883,.T.);
#2883 = LINE('',#2884,#2885);
#2884 = CARTESIAN_POINT('',(34.2,47.1,0.));
#2885 = VECTOR('',#2886,1.);
#2886 = DIRECTION('',(0.,0.,1.));
#2887 = PLANE('',#2888);
#2888 = AXIS2_PLACEMENT_3D('',#2889,#2890,#2891);
#2889 = CARTESIAN_POINT('',(12.7,47.1,0.));
#2890 = DIRECTION('',(0.,1.,0.));
#2891 = DIRECTION('',(0.,0.,1.));
#2892 = ADVANCED_FACE('',(#2893),#2918,.F.);
#2893 = FACE_BOUND('',#2894,.F.);
#2894 = EDGE_LOOP('',(#2895,#2896,#2904,#2912));
#2895 = ORIENTED_EDGE('',*,*,#341,.F.);
#2896 = ORIENTED_EDGE('',*,*,#2897,.T.);
#2897 = EDGE_CURVE('',#342,#2898,#2900,.T.);
#2898 = VERTEX_POINT('',#2899);
#2899 = CARTESIAN_POINT('',(25.4,-16.9,20.1));
#2900 = LINE('',#2901,#2902);
#2901 = CARTESIAN_POINT('',(25.4,-16.9,0.));
#2902 = VECTOR('',#2903,1.);
#2903 = DIRECTION('',(0.,0.,1.));
#2904 = ORIENTED_EDGE('',*,*,#2905,.T.);
#2905 = EDGE_CURVE('',#2898,#2906,#2908,.T.);
#2906 = VERTEX_POINT('',#2907);
#2907 = CARTESIAN_POINT('',(34.2,-16.9,20.1));
#2908 = LINE('',#2909,#2910);
#2909 = CARTESIAN_POINT('',(25.4,-16.9,20.1));
#2910 = VECTOR('',#2911,1.);
#2911 = DIRECTION('',(1.,0.,0.));
#2912 = ORIENTED_EDGE('',*,*,#2913,.F.);
#2913 = EDGE_CURVE('',#334,#2906,#2914,.T.);
#2914 = LINE('',#2915,#2916);
#2915 = CARTESIAN_POINT('',(34.2,-16.9,0.));
#2916 = VECTOR('',#2917,1.);
#2917 = DIRECTION('',(0.,0.,1.));
#2918 = PLANE('',#2919);
#2919 = AXIS2_PLACEMENT_3D('',#2920,#2921,#2922);
#2920 = CARTESIAN_POINT('',(25.4,-16.9,0.));
#2921 = DIRECTION('',(0.,1.,0.));
#2922 = DIRECTION('',(0.,0.,1.));
#2923 = ADVANCED_FACE('',(#2924),#2942,.F.);
#2924 = FACE_BOUND('',#2925,.F.);
#2925 = EDGE_LOOP('',(#2926,#2927,#2928,#2936));
#2926 = ORIENTED_EDGE('',*,*,#2897,.F.);
#2927 = ORIENTED_EDGE('',*,*,#349,.T.);
#2928 = ORIENTED_EDGE('',*,*,#2929,.T.);
#2929 = EDGE_CURVE('',#350,#2930,#2932,.T.);
#2930 = VERTEX_POINT('',#2931);
#2931 = CARTESIAN_POINT('',(25.4,-3.,20.1));
#2932 = LINE('',#2933,#2934);
#2933 = CARTESIAN_POINT('',(25.4,-3.,0.));
#2934 = VECTOR('',#2935,1.);
#2935 = DIRECTION('',(0.,0.,1.));
#2936 = ORIENTED_EDGE('',*,*,#2937,.F.);
#2937 = EDGE_CURVE('',#2898,#2930,#2938,.T.);
#2938 = LINE('',#2939,#2940);
#2939 = CARTESIAN_POINT('',(25.4,-16.9,20.1));
#2940 = VECTOR('',#2941,1.);
#2941 = DIRECTION('',(0.,1.,0.));
#2942 = PLANE('',#2943);
#2943 = AXIS2_PLACEMENT_3D('',#2944,#2945,#2946);
#2944 = CARTESIAN_POINT('',(25.4,-16.9,0.));
#2945 = DIRECTION('',(1.,0.,0.));
#2946 = DIRECTION('',(0.,0.,1.));
#2947 = ADVANCED_FACE('',(#2948),#2966,.T.);
#2948 = FACE_BOUND('',#2949,.T.);
#2949 = EDGE_LOOP('',(#2950,#2951,#2952,#2960));
#2950 = ORIENTED_EDGE('',*,*,#357,.F.);
#2951 = ORIENTED_EDGE('',*,*,#2929,.T.);
#2952 = ORIENTED_EDGE('',*,*,#2953,.T.);
#2953 = EDGE_CURVE('',#2930,#2954,#2956,.T.);
#2954 = VERTEX_POINT('',#2955);
#2955 = CARTESIAN_POINT('',(34.2,-3.,20.1));
#2956 = LINE('',#2957,#2958);
#2957 = CARTESIAN_POINT('',(25.4,-3.,20.1));
#2958 = VECTOR('',#2959,1.);
#2959 = DIRECTION('',(1.,0.,0.));
#2960 = ORIENTED_EDGE('',*,*,#2961,.F.);
#2961 = EDGE_CURVE('',#358,#2954,#2962,.T.);
#2962 = LINE('',#2963,#2964);
#2963 = CARTESIAN_POINT('',(34.2,-3.,0.));
#2964 = VECTOR('',#2965,1.);
#2965 = DIRECTION('',(0.,0.,1.));
#2966 = PLANE('',#2967);
#2967 = AXIS2_PLACEMENT_3D('',#2968,#2969,#2970);
#2968 = CARTESIAN_POINT('',(25.4,-3.,0.));
#2969 = DIRECTION('',(0.,1.,0.));
#2970 = DIRECTION('',(0.,0.,1.));
#2971 = ADVANCED_FACE('',(#2972),#2997,.F.);
#2972 = FACE_BOUND('',#2973,.F.);
#2973 = EDGE_LOOP('',(#2974,#2975,#2983,#2991));
#2974 = ORIENTED_EDGE('',*,*,#654,.F.);
#2975 = ORIENTED_EDGE('',*,*,#2976,.T.);
#2976 = EDGE_CURVE('',#655,#2977,#2979,.T.);
#2977 = VERTEX_POINT('',#2978);
#2978 = CARTESIAN_POINT('',(-90.5,-16.9,20.1));
#2979 = LINE('',#2980,#2981);
#2980 = CARTESIAN_POINT('',(-90.5,-16.9,0.));
#2981 = VECTOR('',#2982,1.);
#2982 = DIRECTION('',(0.,0.,1.));
#2983 = ORIENTED_EDGE('',*,*,#2984,.T.);
#2984 = EDGE_CURVE('',#2977,#2985,#2987,.T.);
#2985 = VERTEX_POINT('',#2986);
#2986 = CARTESIAN_POINT('',(-78.5,-16.9,20.1));
#2987 = LINE('',#2988,#2989);
#2988 = CARTESIAN_POINT('',(-90.5,-16.9,20.1));
#2989 = VECTOR('',#2990,1.);
#2990 = DIRECTION('',(1.,0.,0.));
#2991 = ORIENTED_EDGE('',*,*,#2992,.F.);
#2992 = EDGE_CURVE('',#657,#2985,#2993,.T.);
#2993 = LINE('',#2994,#2995);
#2994 = CARTESIAN_POINT('',(-78.5,-16.9,0.));
#2995 = VECTOR('',#2996,1.);
#2996 = DIRECTION('',(0.,0.,1.));
#2997 = PLANE('',#2998);
#2998 = AXIS2_PLACEMENT_3D('',#2999,#3000,#3001);
#2999 = CARTESIAN_POINT('',(-90.5,-16.9,0.));
#3000 = DIRECTION('',(0.,1.,0.));
#3001 = DIRECTION('',(0.,0.,1.));
#3002 = ADVANCED_FACE('',(#3003),#3021,.F.);
#3003 = FACE_BOUND('',#3004,.F.);
#3004 = EDGE_LOOP('',(#3005,#3006,#3007,#3015));
#3005 = ORIENTED_EDGE('',*,*,#2976,.F.);
#3006 = ORIENTED_EDGE('',*,*,#664,.T.);
#3007 = ORIENTED_EDGE('',*,*,#3008,.T.);
#3008 = EDGE_CURVE('',#665,#3009,#3011,.T.);
#3009 = VERTEX_POINT('',#3010);
#3010 = CARTESIAN_POINT('',(-90.5,-3.,20.1));
#3011 = LINE('',#3012,#3013);
#3012 = CARTESIAN_POINT('',(-90.5,-3.,0.));
#3013 = VECTOR('',#3014,1.);
#3014 = DIRECTION('',(0.,0.,1.));
#3015 = ORIENTED_EDGE('',*,*,#3016,.F.);
#3016 = EDGE_CURVE('',#2977,#3009,#3017,.T.);
#3017 = LINE('',#3018,#3019);
#3018 = CARTESIAN_POINT('',(-90.5,-16.9,20.1));
#3019 = VECTOR('',#3020,1.);
#3020 = DIRECTION('',(0.,1.,0.));
#3021 = PLANE('',#3022);
#3022 = AXIS2_PLACEMENT_3D('',#3023,#3024,#3025);
#3023 = CARTESIAN_POINT('',(-90.5,-16.9,0.));
#3024 = DIRECTION('',(1.,0.,0.));
#3025 = DIRECTION('',(0.,0.,1.));
#3026 = ADVANCED_FACE('',(#3027),#3045,.T.);
#3027 = FACE_BOUND('',#3028,.T.);
#3028 = EDGE_LOOP('',(#3029,#3030,#3031,#3039));
#3029 = ORIENTED_EDGE('',*,*,#2992,.F.);
#3030 = ORIENTED_EDGE('',*,*,#680,.T.);
#3031 = ORIENTED_EDGE('',*,*,#3032,.T.);
#3032 = EDGE_CURVE('',#673,#3033,#3035,.T.);
#3033 = VERTEX_POINT('',#3034);
#3034 = CARTESIAN_POINT('',(-78.5,-3.,20.1));
#3035 = LINE('',#3036,#3037);
#3036 = CARTESIAN_POINT('',(-78.5,-3.,0.));
#3037 = VECTOR('',#3038,1.);
#3038 = DIRECTION('',(0.,0.,1.));
#3039 = ORIENTED_EDGE('',*,*,#3040,.F.);
#3040 = EDGE_CURVE('',#2985,#3033,#3041,.T.);
#3041 = LINE('',#3042,#3043);
#3042 = CARTESIAN_POINT('',(-78.5,-16.9,20.1));
#3043 = VECTOR('',#3044,1.);
#3044 = DIRECTION('',(0.,1.,0.));
#3045 = PLANE('',#3046);
#3046 = AXIS2_PLACEMENT_3D('',#3047,#3048,#3049);
#3047 = CARTESIAN_POINT('',(-78.5,-16.9,0.));
#3048 = DIRECTION('',(1.,0.,0.));
#3049 = DIRECTION('',(0.,0.,1.));
#3050 = ADVANCED_FACE('',(#3051),#3062,.T.);
#3051 = FACE_BOUND('',#3052,.T.);
#3052 = EDGE_LOOP('',(#3053,#3054,#3055,#3061));
#3053 = ORIENTED_EDGE('',*,*,#672,.F.);
#3054 = ORIENTED_EDGE('',*,*,#3008,.T.);
#3055 = ORIENTED_EDGE('',*,*,#3056,.T.);
#3056 = EDGE_CURVE('',#3009,#3033,#3057,.T.);
#3057 = LINE('',#3058,#3059);
#3058 = CARTESIAN_POINT('',(-90.5,-3.,20.1));
#3059 = VECTOR('',#3060,1.);
#3060 = DIRECTION('',(1.,0.,0.));
#3061 = ORIENTED_EDGE('',*,*,#3032,.F.);
#3062 = PLANE('',#3063);
#3063 = AXIS2_PLACEMENT_3D('',#3064,#3065,#3066);
#3064 = CARTESIAN_POINT('',(-90.5,-3.,0.));
#3065 = DIRECTION('',(0.,1.,0.));
#3066 = DIRECTION('',(0.,0.,1.));
#3067 = ADVANCED_FACE('',(#3068),#3093,.F.);
#3068 = FACE_BOUND('',#3069,.F.);
#3069 = EDGE_LOOP('',(#3070,#3080,#3086,#3087));
#3070 = ORIENTED_EDGE('',*,*,#3071,.F.);
#3071 = EDGE_CURVE('',#3072,#3074,#3076,.T.);
#3072 = VERTEX_POINT('',#3073);
#3073 = CARTESIAN_POINT('',(-65.9,-16.9,12.));
#3074 = VERTEX_POINT('',#3075);
#3075 = CARTESIAN_POINT('',(-65.9,-14.9,12.));
#3076 = LINE('',#3077,#3078);
#3077 = CARTESIAN_POINT('',(-65.9,-16.9,12.));
#3078 = VECTOR('',#3079,1.);
#3079 = DIRECTION('',(0.,1.,0.));
#3080 = ORIENTED_EDGE('',*,*,#3081,.F.);
#3081 = EDGE_CURVE('',#689,#3072,#3082,.T.);
#3082 = LINE('',#3083,#3084);
#3083 = CARTESIAN_POINT('',(-65.9,-16.9,0.));
#3084 = VECTOR('',#3085,1.);
#3085 = DIRECTION('',(0.,0.,1.));
#3086 = ORIENTED_EDGE('',*,*,#688,.T.);
#3087 = ORIENTED_EDGE('',*,*,#3088,.T.);
#3088 = EDGE_CURVE('',#691,#3074,#3089,.T.);
#3089 = LINE('',#3090,#3091);
#3090 = CARTESIAN_POINT('',(-65.9,-14.9,0.));
#3091 = VECTOR('',#3092,1.);
#3092 = DIRECTION('',(0.,0.,1.));
#3093 = PLANE('',#3094);
#3094 = AXIS2_PLACEMENT_3D('',#3095,#3096,#3097);
#3095 = CARTESIAN_POINT('',(-65.9,-16.9,0.));
#3096 = DIRECTION('',(1.,0.,0.));
#3097 = DIRECTION('',(0.,0.,1.));
#3098 = ADVANCED_FACE('',(#3099),#3117,.F.);
#3099 = FACE_BOUND('',#3100,.F.);
#3100 = EDGE_LOOP('',(#3101,#3102,#3103,#3111));
#3101 = ORIENTED_EDGE('',*,*,#746,.F.);
#3102 = ORIENTED_EDGE('',*,*,#3081,.T.);
#3103 = ORIENTED_EDGE('',*,*,#3104,.T.);
#3104 = EDGE_CURVE('',#3072,#3105,#3107,.T.);
#3105 = VERTEX_POINT('',#3106);
#3106 = CARTESIAN_POINT('',(-62.9,-16.9,12.));
#3107 = LINE('',#3108,#3109);
#3108 = CARTESIAN_POINT('',(-65.9,-16.9,12.));
#3109 = VECTOR('',#3110,1.);
#3110 = DIRECTION('',(1.,0.,0.));
#3111 = ORIENTED_EDGE('',*,*,#3112,.F.);
#3112 = EDGE_CURVE('',#739,#3105,#3113,.T.);
#3113 = LINE('',#3114,#3115);
#3114 = CARTESIAN_POINT('',(-62.9,-16.9,0.));
#3115 = VECTOR('',#3116,1.);
#3116 = DIRECTION('',(0.,0.,1.));
#3117 = PLANE('',#3118);
#3118 = AXIS2_PLACEMENT_3D('',#3119,#3120,#3121);
#3119 = CARTESIAN_POINT('',(-65.9,-16.9,0.));
#3120 = DIRECTION('',(0.,1.,0.));
#3121 = DIRECTION('',(0.,0.,1.));
#3122 = ADVANCED_FACE('',(#3123),#3141,.F.);
#3123 = FACE_BOUND('',#3124,.F.);
#3124 = EDGE_LOOP('',(#3125,#3126,#3127,#3135));
#3125 = ORIENTED_EDGE('',*,*,#3088,.F.);
#3126 = ORIENTED_EDGE('',*,*,#698,.T.);
#3127 = ORIENTED_EDGE('',*,*,#3128,.T.);
#3128 = EDGE_CURVE('',#699,#3129,#3131,.T.);
#3129 = VERTEX_POINT('',#3130);
#3130 = CARTESIAN_POINT('',(-65.9,-4.9,12.));
#3131 = LINE('',#3132,#3133);
#3132 = CARTESIAN_POINT('',(-65.9,-4.9,0.));
#3133 = VECTOR('',#3134,1.);
#3134 = DIRECTION('',(0.,0.,1.));
#3135 = ORIENTED_EDGE('',*,*,#3136,.F.);
#3136 = EDGE_CURVE('',#3074,#3129,#3137,.T.);
#3137 = LINE('',#3138,#3139);
#3138 = CARTESIAN_POINT('',(-65.9,-16.9,12.));
#3139 = VECTOR('',#3140,1.);
#3140 = DIRECTION('',(0.,1.,0.));
#3141 = PLANE('',#3142);
#3142 = AXIS2_PLACEMENT_3D('',#3143,#3144,#3145);
#3143 = CARTESIAN_POINT('',(-65.9,-14.9,0.));
#3144 = DIRECTION('',(1.,0.,0.));
#3145 = DIRECTION('',(0.,0.,1.));
#3146 = ADVANCED_FACE('',(#3147),#3165,.T.);
#3147 = FACE_BOUND('',#3148,.T.);
#3148 = EDGE_LOOP('',(#3149,#3157,#3158,#3159));
#3149 = ORIENTED_EDGE('',*,*,#3150,.F.);
#3150 = EDGE_CURVE('',#3105,#3151,#3153,.T.);
#3151 = VERTEX_POINT('',#3152);
#3152 = CARTESIAN_POINT('',(-62.9,-14.9,12.));
#3153 = LINE('',#3154,#3155);
#3154 = CARTESIAN_POINT('',(-62.9,-16.9,12.));
#3155 = VECTOR('',#3156,1.);
#3156 = DIRECTION('',(0.,1.,0.));
#3157 = ORIENTED_EDGE('',*,*,#3112,.F.);
#3158 = ORIENTED_EDGE('',*,*,#738,.T.);
#3159 = ORIENTED_EDGE('',*,*,#3160,.T.);
#3160 = EDGE_CURVE('',#731,#3151,#3161,.T.);
#3161 = LINE('',#3162,#3163);
#3162 = CARTESIAN_POINT('',(-62.9,-14.9,0.));
#3163 = VECTOR('',#3164,1.);
#3164 = DIRECTION('',(0.,0.,1.));
#3165 = PLANE('',#3166);
#3166 = AXIS2_PLACEMENT_3D('',#3167,#3168,#3169);
#3167 = CARTESIAN_POINT('',(-62.9,-16.9,0.));
#3168 = DIRECTION('',(1.,0.,0.));
#3169 = DIRECTION('',(0.,0.,1.));
#3170 = ADVANCED_FACE('',(#3171),#3189,.F.);
#3171 = FACE_BOUND('',#3172,.F.);
#3172 = EDGE_LOOP('',(#3173,#3181,#3182,#3183));
#3173 = ORIENTED_EDGE('',*,*,#3174,.F.);
#3174 = EDGE_CURVE('',#3129,#3175,#3177,.T.);
#3175 = VERTEX_POINT('',#3176);
#3176 = CARTESIAN_POINT('',(-65.9,-3.,12.));
#3177 = LINE('',#3178,#3179);
#3178 = CARTESIAN_POINT('',(-65.9,-16.9,12.));
#3179 = VECTOR('',#3180,1.);
#3180 = DIRECTION('',(0.,1.,0.));
#3181 = ORIENTED_EDGE('',*,*,#3128,.F.);
#3182 = ORIENTED_EDGE('',*,*,#706,.T.);
#3183 = ORIENTED_EDGE('',*,*,#3184,.T.);
#3184 = EDGE_CURVE('',#707,#3175,#3185,.T.);
#3185 = LINE('',#3186,#3187);
#3186 = CARTESIAN_POINT('',(-65.9,-3.,0.));
#3187 = VECTOR('',#3188,1.);
#3188 = DIRECTION('',(0.,0.,1.));
#3189 = PLANE('',#3190);
#3190 = AXIS2_PLACEMENT_3D('',#3191,#3192,#3193);
#3191 = CARTESIAN_POINT('',(-65.9,-16.9,0.));
#3192 = DIRECTION('',(1.,0.,0.));
#3193 = DIRECTION('',(0.,0.,1.));
#3194 = ADVANCED_FACE('',(#3195),#3213,.T.);
#3195 = FACE_BOUND('',#3196,.T.);
#3196 = EDGE_LOOP('',(#3197,#3198,#3199,#3207));
#3197 = ORIENTED_EDGE('',*,*,#3160,.F.);
#3198 = ORIENTED_EDGE('',*,*,#730,.T.);
#3199 = ORIENTED_EDGE('',*,*,#3200,.T.);
#3200 = EDGE_CURVE('',#723,#3201,#3203,.T.);
#3201 = VERTEX_POINT('',#3202);
#3202 = CARTESIAN_POINT('',(-62.9,-4.9,12.));
#3203 = LINE('',#3204,#3205);
#3204 = CARTESIAN_POINT('',(-62.9,-4.9,0.));
#3205 = VECTOR('',#3206,1.);
#3206 = DIRECTION('',(0.,0.,1.));
#3207 = ORIENTED_EDGE('',*,*,#3208,.F.);
#3208 = EDGE_CURVE('',#3151,#3201,#3209,.T.);
#3209 = LINE('',#3210,#3211);
#3210 = CARTESIAN_POINT('',(-62.9,-16.9,12.));
#3211 = VECTOR('',#3212,1.);
#3212 = DIRECTION('',(0.,1.,0.));
#3213 = PLANE('',#3214);
#3214 = AXIS2_PLACEMENT_3D('',#3215,#3216,#3217);
#3215 = CARTESIAN_POINT('',(-62.9,-14.9,0.));
#3216 = DIRECTION('',(1.,0.,0.));
#3217 = DIRECTION('',(0.,0.,1.));
#3218 = ADVANCED_FACE('',(#3219),#3237,.T.);
#3219 = FACE_BOUND('',#3220,.T.);
#3220 = EDGE_LOOP('',(#3221,#3222,#3223,#3231));
#3221 = ORIENTED_EDGE('',*,*,#714,.F.);
#3222 = ORIENTED_EDGE('',*,*,#3184,.T.);
#3223 = ORIENTED_EDGE('',*,*,#3224,.T.);
#3224 = EDGE_CURVE('',#3175,#3225,#3227,.T.);
#3225 = VERTEX_POINT('',#3226);
#3226 = CARTESIAN_POINT('',(-62.9,-3.,12.));
#3227 = LINE('',#3228,#3229);
#3228 = CARTESIAN_POINT('',(-65.9,-3.,12.));
#3229 = VECTOR('',#3230,1.);
#3230 = DIRECTION('',(1.,0.,0.));
#3231 = ORIENTED_EDGE('',*,*,#3232,.F.);
#3232 = EDGE_CURVE('',#715,#3225,#3233,.T.);
#3233 = LINE('',#3234,#3235);
#3234 = CARTESIAN_POINT('',(-62.9,-3.,0.));
#3235 = VECTOR('',#3236,1.);
#3236 = DIRECTION('',(0.,0.,1.));
#3237 = PLANE('',#3238);
#3238 = AXIS2_PLACEMENT_3D('',#3239,#3240,#3241);
#3239 = CARTESIAN_POINT('',(-65.9,-3.,0.));
#3240 = DIRECTION('',(0.,1.,0.));
#3241 = DIRECTION('',(0.,0.,1.));
#3242 = ADVANCED_FACE('',(#3243),#3254,.T.);
#3243 = FACE_BOUND('',#3244,.T.);
#3244 = EDGE_LOOP('',(#3245,#3251,#3252,#3253));
#3245 = ORIENTED_EDGE('',*,*,#3246,.F.);
#3246 = EDGE_CURVE('',#3201,#3225,#3247,.T.);
#3247 = LINE('',#3248,#3249);
#3248 = CARTESIAN_POINT('',(-62.9,-16.9,12.));
#3249 = VECTOR('',#3250,1.);
#3250 = DIRECTION('',(0.,1.,0.));
#3251 = ORIENTED_EDGE('',*,*,#3200,.F.);
#3252 = ORIENTED_EDGE('',*,*,#722,.T.);
#3253 = ORIENTED_EDGE('',*,*,#3232,.T.);
#3254 = PLANE('',#3255);
#3255 = AXIS2_PLACEMENT_3D('',#3256,#3257,#3258);
#3256 = CARTESIAN_POINT('',(-62.9,-16.9,0.));
#3257 = DIRECTION('',(1.,0.,0.));
#3258 = DIRECTION('',(0.,0.,1.));
#3259 = ADVANCED_FACE('',(#3260),#3285,.F.);
#3260 = FACE_BOUND('',#3261,.F.);
#3261 = EDGE_LOOP('',(#3262,#3263,#3271,#3279));
#3262 = ORIENTED_EDGE('',*,*,#754,.F.);
#3263 = ORIENTED_EDGE('',*,*,#3264,.T.);
#3264 = EDGE_CURVE('',#755,#3265,#3267,.T.);
#3265 = VERTEX_POINT('',#3266);
#3266 = CARTESIAN_POINT('',(-63.2,-30.,12.));
#3267 = LINE('',#3268,#3269);
#3268 = CARTESIAN_POINT('',(-63.2,-30.,0.));
#3269 = VECTOR('',#3270,1.);
#3270 = DIRECTION('',(0.,0.,1.));
#3271 = ORIENTED_EDGE('',*,*,#3272,.T.);
#3272 = EDGE_CURVE('',#3265,#3273,#3275,.T.);
#3273 = VERTEX_POINT('',#3274);
#3274 = CARTESIAN_POINT('',(-4.6,-30.,12.));
#3275 = LINE('',#3276,#3277);
#3276 = CARTESIAN_POINT('',(-63.2,-30.,12.));
#3277 = VECTOR('',#3278,1.);
#3278 = DIRECTION('',(1.,0.,0.));
#3279 = ORIENTED_EDGE('',*,*,#3280,.F.);
#3280 = EDGE_CURVE('',#757,#3273,#3281,.T.);
#3281 = LINE('',#3282,#3283);
#3282 = CARTESIAN_POINT('',(-4.6,-30.,0.));
#3283 = VECTOR('',#3284,1.);
#3284 = DIRECTION('',(0.,0.,1.));
#3285 = PLANE('',#3286);
#3286 = AXIS2_PLACEMENT_3D('',#3287,#3288,#3289);
#3287 = CARTESIAN_POINT('',(-63.2,-30.,0.));
#3288 = DIRECTION('',(0.,1.,0.));
#3289 = DIRECTION('',(0.,0.,1.));
#3290 = ADVANCED_FACE('',(#3291),#3309,.F.);
#3291 = FACE_BOUND('',#3292,.F.);
#3292 = EDGE_LOOP('',(#3293,#3294,#3295,#3303));
#3293 = ORIENTED_EDGE('',*,*,#3264,.F.);
#3294 = ORIENTED_EDGE('',*,*,#764,.T.);
#3295 = ORIENTED_EDGE('',*,*,#3296,.T.);
#3296 = EDGE_CURVE('',#765,#3297,#3299,.T.);
#3297 = VERTEX_POINT('',#3298);
#3298 = CARTESIAN_POINT('',(-63.2,-27.,12.));
#3299 = LINE('',#3300,#3301);
#3300 = CARTESIAN_POINT('',(-63.2,-27.,0.));
#3301 = VECTOR('',#3302,1.);
#3302 = DIRECTION('',(0.,0.,1.));
#3303 = ORIENTED_EDGE('',*,*,#3304,.F.);
#3304 = EDGE_CURVE('',#3265,#3297,#3305,.T.);
#3305 = LINE('',#3306,#3307);
#3306 = CARTESIAN_POINT('',(-63.2,-30.,12.));
#3307 = VECTOR('',#3308,1.);
#3308 = DIRECTION('',(0.,1.,0.));
#3309 = PLANE('',#3310);
#3310 = AXIS2_PLACEMENT_3D('',#3311,#3312,#3313);
#3311 = CARTESIAN_POINT('',(-63.2,-30.,0.));
#3312 = DIRECTION('',(1.,0.,0.));
#3313 = DIRECTION('',(0.,0.,1.));
#3314 = ADVANCED_FACE('',(#3315),#3333,.T.);
#3315 = FACE_BOUND('',#3316,.T.);
#3316 = EDGE_LOOP('',(#3317,#3318,#3319,#3327));
#3317 = ORIENTED_EDGE('',*,*,#3280,.F.);
#3318 = ORIENTED_EDGE('',*,*,#780,.T.);
#3319 = ORIENTED_EDGE('',*,*,#3320,.T.);
#3320 = EDGE_CURVE('',#773,#3321,#3323,.T.);
#3321 = VERTEX_POINT('',#3322);
#3322 = CARTESIAN_POINT('',(-4.6,-27.,12.));
#3323 = LINE('',#3324,#3325);
#3324 = CARTESIAN_POINT('',(-4.6,-27.,0.));
#3325 = VECTOR('',#3326,1.);
#3326 = DIRECTION('',(0.,0.,1.));
#3327 = ORIENTED_EDGE('',*,*,#3328,.F.);
#3328 = EDGE_CURVE('',#3273,#3321,#3329,.T.);
#3329 = LINE('',#3330,#3331);
#3330 = CARTESIAN_POINT('',(-4.6,-30.,12.));
#3331 = VECTOR('',#3332,1.);
#3332 = DIRECTION('',(0.,1.,0.));
#3333 = PLANE('',#3334);
#3334 = AXIS2_PLACEMENT_3D('',#3335,#3336,#3337);
#3335 = CARTESIAN_POINT('',(-4.6,-30.,0.));
#3336 = DIRECTION('',(1.,0.,0.));
#3337 = DIRECTION('',(0.,0.,1.));
#3338 = ADVANCED_FACE('',(#3339),#3350,.T.);
#3339 = FACE_BOUND('',#3340,.T.);
#3340 = EDGE_LOOP('',(#3341,#3342,#3343,#3349));
#3341 = ORIENTED_EDGE('',*,*,#772,.F.);
#3342 = ORIENTED_EDGE('',*,*,#3296,.T.);
#3343 = ORIENTED_EDGE('',*,*,#3344,.T.);
#3344 = EDGE_CURVE('',#3297,#3321,#3345,.T.);
#3345 = LINE('',#3346,#3347);
#3346 = CARTESIAN_POINT('',(-63.2,-27.,12.));
#3347 = VECTOR('',#3348,1.);
#3348 = DIRECTION('',(1.,0.,0.));
#3349 = ORIENTED_EDGE('',*,*,#3320,.F.);
#3350 = PLANE('',#3351);
#3351 = AXIS2_PLACEMENT_3D('',#3352,#3353,#3354);
#3352 = CARTESIAN_POINT('',(-63.2,-27.,0.));
#3353 = DIRECTION('',(0.,1.,0.));
#3354 = DIRECTION('',(0.,0.,1.));
#3355 = ADVANCED_FACE('',(#3356),#3381,.F.);
#3356 = FACE_BOUND('',#3357,.F.);
#3357 = EDGE_LOOP('',(#3358,#3368,#3374,#3375));
#3358 = ORIENTED_EDGE('',*,*,#3359,.F.);
#3359 = EDGE_CURVE('',#3360,#3362,#3364,.T.);
#3360 = VERTEX_POINT('',#3361);
#3361 = CARTESIAN_POINT('',(-4.9,-16.9,12.));
#3362 = VERTEX_POINT('',#3363);
#3363 = CARTESIAN_POINT('',(-4.9,-14.9,12.));
#3364 = LINE('',#3365,#3366);
#3365 = CARTESIAN_POINT('',(-4.9,-16.9,12.));
#3366 = VECTOR('',#3367,1.);
#3367 = DIRECTION('',(0.,1.,0.));
#3368 = ORIENTED_EDGE('',*,*,#3369,.F.);
#3369 = EDGE_CURVE('',#789,#3360,#3370,.T.);
#3370 = LINE('',#3371,#3372);
#3371 = CARTESIAN_POINT('',(-4.9,-16.9,0.));
#3372 = VECTOR('',#3373,1.);
#3373 = DIRECTION('',(0.,0.,1.));
#3374 = ORIENTED_EDGE('',*,*,#788,.T.);
#3375 = ORIENTED_EDGE('',*,*,#3376,.T.);
#3376 = EDGE_CURVE('',#791,#3362,#3377,.T.);
#3377 = LINE('',#3378,#3379);
#3378 = CARTESIAN_POINT('',(-4.9,-14.9,0.));
#3379 = VECTOR('',#3380,1.);
#3380 = DIRECTION('',(0.,0.,1.));
#3381 = PLANE('',#3382);
#3382 = AXIS2_PLACEMENT_3D('',#3383,#3384,#3385);
#3383 = CARTESIAN_POINT('',(-4.9,-16.9,0.));
#3384 = DIRECTION('',(1.,0.,0.));
#3385 = DIRECTION('',(0.,0.,1.));
#3386 = ADVANCED_FACE('',(#3387),#3405,.F.);
#3387 = FACE_BOUND('',#3388,.F.);
#3388 = EDGE_LOOP('',(#3389,#3390,#3391,#3399));
#3389 = ORIENTED_EDGE('',*,*,#846,.F.);
#3390 = ORIENTED_EDGE('',*,*,#3369,.T.);
#3391 = ORIENTED_EDGE('',*,*,#3392,.T.);
#3392 = EDGE_CURVE('',#3360,#3393,#3395,.T.);
#3393 = VERTEX_POINT('',#3394);
#3394 = CARTESIAN_POINT('',(-1.9,-16.9,12.));
#3395 = LINE('',#3396,#3397);
#3396 = CARTESIAN_POINT('',(-4.9,-16.9,12.));
#3397 = VECTOR('',#3398,1.);
#3398 = DIRECTION('',(1.,0.,0.));
#3399 = ORIENTED_EDGE('',*,*,#3400,.F.);
#3400 = EDGE_CURVE('',#839,#3393,#3401,.T.);
#3401 = LINE('',#3402,#3403);
#3402 = CARTESIAN_POINT('',(-1.9,-16.9,0.));
#3403 = VECTOR('',#3404,1.);
#3404 = DIRECTION('',(0.,0.,1.));
#3405 = PLANE('',#3406);
#3406 = AXIS2_PLACEMENT_3D('',#3407,#3408,#3409);
#3407 = CARTESIAN_POINT('',(-4.9,-16.9,0.));
#3408 = DIRECTION('',(0.,1.,0.));
#3409 = DIRECTION('',(0.,0.,1.));
#3410 = ADVANCED_FACE('',(#3411),#3429,.F.);
#3411 = FACE_BOUND('',#3412,.F.);
#3412 = EDGE_LOOP('',(#3413,#3414,#3415,#3423));
#3413 = ORIENTED_EDGE('',*,*,#3376,.F.);
#3414 = ORIENTED_EDGE('',*,*,#798,.T.);
#3415 = ORIENTED_EDGE('',*,*,#3416,.T.);
#3416 = EDGE_CURVE('',#799,#3417,#3419,.T.);
#3417 = VERTEX_POINT('',#3418);
#3418 = CARTESIAN_POINT('',(-4.9,-4.9,12.));
#3419 = LINE('',#3420,#3421);
#3420 = CARTESIAN_POINT('',(-4.9,-4.9,0.));
#3421 = VECTOR('',#3422,1.);
#3422 = DIRECTION('',(0.,0.,1.));
#3423 = ORIENTED_EDGE('',*,*,#3424,.F.);
#3424 = EDGE_CURVE('',#3362,#3417,#3425,.T.);
#3425 = LINE('',#3426,#3427);
#3426 = CARTESIAN_POINT('',(-4.9,-16.9,12.));
#3427 = VECTOR('',#3428,1.);
#3428 = DIRECTION('',(0.,1.,0.));
#3429 = PLANE('',#3430);
#3430 = AXIS2_PLACEMENT_3D('',#3431,#3432,#3433);
#3431 = CARTESIAN_POINT('',(-4.9,-14.9,0.));
#3432 = DIRECTION('',(1.,0.,0.));
#3433 = DIRECTION('',(0.,0.,1.));
#3434 = ADVANCED_FACE('',(#3435),#3453,.T.);
#3435 = FACE_BOUND('',#3436,.T.);
#3436 = EDGE_LOOP('',(#3437,#3445,#3446,#3447));
#3437 = ORIENTED_EDGE('',*,*,#3438,.F.);
#3438 = EDGE_CURVE('',#3393,#3439,#3441,.T.);
#3439 = VERTEX_POINT('',#3440);
#3440 = CARTESIAN_POINT('',(-1.9,-14.9,12.));
#3441 = LINE('',#3442,#3443);
#3442 = CARTESIAN_POINT('',(-1.9,-16.9,12.));
#3443 = VECTOR('',#3444,1.);
#3444 = DIRECTION('',(0.,1.,0.));
#3445 = ORIENTED_EDGE('',*,*,#3400,.F.);
#3446 = ORIENTED_EDGE('',*,*,#838,.T.);
#3447 = ORIENTED_EDGE('',*,*,#3448,.T.);
#3448 = EDGE_CURVE('',#831,#3439,#3449,.T.);
#3449 = LINE('',#3450,#3451);
#3450 = CARTESIAN_POINT('',(-1.9,-14.9,0.));
#3451 = VECTOR('',#3452,1.);
#3452 = DIRECTION('',(0.,0.,1.));
#3453 = PLANE('',#3454);
#3454 = AXIS2_PLACEMENT_3D('',#3455,#3456,#3457);
#3455 = CARTESIAN_POINT('',(-1.9,-16.9,0.));
#3456 = DIRECTION('',(1.,0.,0.));
#3457 = DIRECTION('',(0.,0.,1.));
#3458 = ADVANCED_FACE('',(#3459),#3477,.F.);
#3459 = FACE_BOUND('',#3460,.F.);
#3460 = EDGE_LOOP('',(#3461,#3469,#3470,#3471));
#3461 = ORIENTED_EDGE('',*,*,#3462,.F.);
#3462 = EDGE_CURVE('',#3417,#3463,#3465,.T.);
#3463 = VERTEX_POINT('',#3464);
#3464 = CARTESIAN_POINT('',(-4.9,-3.,12.));
#3465 = LINE('',#3466,#3467);
#3466 = CARTESIAN_POINT('',(-4.9,-16.9,12.));
#3467 = VECTOR('',#3468,1.);
#3468 = DIRECTION('',(0.,1.,0.));
#3469 = ORIENTED_EDGE('',*,*,#3416,.F.);
#3470 = ORIENTED_EDGE('',*,*,#806,.T.);
#3471 = ORIENTED_EDGE('',*,*,#3472,.T.);
#3472 = EDGE_CURVE('',#807,#3463,#3473,.T.);
#3473 = LINE('',#3474,#3475);
#3474 = CARTESIAN_POINT('',(-4.9,-3.,0.));
#3475 = VECTOR('',#3476,1.);
#3476 = DIRECTION('',(0.,0.,1.));
#3477 = PLANE('',#3478);
#3478 = AXIS2_PLACEMENT_3D('',#3479,#3480,#3481);
#3479 = CARTESIAN_POINT('',(-4.9,-16.9,0.));
#3480 = DIRECTION('',(1.,0.,0.));
#3481 = DIRECTION('',(0.,0.,1.));
#3482 = ADVANCED_FACE('',(#3483),#3501,.T.);
#3483 = FACE_BOUND('',#3484,.T.);
#3484 = EDGE_LOOP('',(#3485,#3486,#3487,#3495));
#3485 = ORIENTED_EDGE('',*,*,#3448,.F.);
#3486 = ORIENTED_EDGE('',*,*,#830,.T.);
#3487 = ORIENTED_EDGE('',*,*,#3488,.T.);
#3488 = EDGE_CURVE('',#823,#3489,#3491,.T.);
#3489 = VERTEX_POINT('',#3490);
#3490 = CARTESIAN_POINT('',(-1.9,-4.9,12.));
#3491 = LINE('',#3492,#3493);
#3492 = CARTESIAN_POINT('',(-1.9,-4.9,0.));
#3493 = VECTOR('',#3494,1.);
#3494 = DIRECTION('',(0.,0.,1.));
#3495 = ORIENTED_EDGE('',*,*,#3496,.F.);
#3496 = EDGE_CURVE('',#3439,#3489,#3497,.T.);
#3497 = LINE('',#3498,#3499);
#3498 = CARTESIAN_POINT('',(-1.9,-16.9,12.));
#3499 = VECTOR('',#3500,1.);
#3500 = DIRECTION('',(0.,1.,0.));
#3501 = PLANE('',#3502);
#3502 = AXIS2_PLACEMENT_3D('',#3503,#3504,#3505);
#3503 = CARTESIAN_POINT('',(-1.9,-14.9,0.));
#3504 = DIRECTION('',(1.,0.,0.));
#3505 = DIRECTION('',(0.,0.,1.));
#3506 = ADVANCED_FACE('',(#3507),#3525,.T.);
#3507 = FACE_BOUND('',#3508,.T.);
#3508 = EDGE_LOOP('',(#3509,#3510,#3511,#3519));
#3509 = ORIENTED_EDGE('',*,*,#814,.F.);
#3510 = ORIENTED_EDGE('',*,*,#3472,.T.);
#3511 = ORIENTED_EDGE('',*,*,#3512,.T.);
#3512 = EDGE_CURVE('',#3463,#3513,#3515,.T.);
#3513 = VERTEX_POINT('',#3514);
#3514 = CARTESIAN_POINT('',(-1.9,-3.,12.));
#3515 = LINE('',#3516,#3517);
#3516 = CARTESIAN_POINT('',(-4.9,-3.,12.));
#3517 = VECTOR('',#3518,1.);
#3518 = DIRECTION('',(1.,0.,0.));
#3519 = ORIENTED_EDGE('',*,*,#3520,.F.);
#3520 = EDGE_CURVE('',#815,#3513,#3521,.T.);
#3521 = LINE('',#3522,#3523);
#3522 = CARTESIAN_POINT('',(-1.9,-3.,0.));
#3523 = VECTOR('',#3524,1.);
#3524 = DIRECTION('',(0.,0.,1.));
#3525 = PLANE('',#3526);
#3526 = AXIS2_PLACEMENT_3D('',#3527,#3528,#3529);
#3527 = CARTESIAN_POINT('',(-4.9,-3.,0.));
#3528 = DIRECTION('',(0.,1.,0.));
#3529 = DIRECTION('',(0.,0.,1.));
#3530 = ADVANCED_FACE('',(#3531),#3542,.T.);
#3531 = FACE_BOUND('',#3532,.T.);
#3532 = EDGE_LOOP('',(#3533,#3539,#3540,#3541));
#3533 = ORIENTED_EDGE('',*,*,#3534,.F.);
#3534 = EDGE_CURVE('',#3489,#3513,#3535,.T.);
#3535 = LINE('',#3536,#3537);
#3536 = CARTESIAN_POINT('',(-1.9,-16.9,12.));
#3537 = VECTOR('',#3538,1.);
#3538 = DIRECTION('',(0.,1.,0.));
#3539 = ORIENTED_EDGE('',*,*,#3488,.F.);
#3540 = ORIENTED_EDGE('',*,*,#822,.T.);
#3541 = ORIENTED_EDGE('',*,*,#3520,.T.);
#3542 = PLANE('',#3543);
#3543 = AXIS2_PLACEMENT_3D('',#3544,#3545,#3546);
#3544 = CARTESIAN_POINT('',(-1.9,-16.9,0.));
#3545 = DIRECTION('',(1.,0.,0.));
#3546 = DIRECTION('',(0.,0.,1.));
#3547 = ADVANCED_FACE('',(#3548),#3573,.F.);
#3548 = FACE_BOUND('',#3549,.F.);
#3549 = EDGE_LOOP('',(#3550,#3551,#3559,#3567));
#3550 = ORIENTED_EDGE('',*,*,#854,.F.);
#3551 = ORIENTED_EDGE('',*,*,#3552,.T.);
#3552 = EDGE_CURVE('',#855,#3553,#3555,.T.);
#3553 = VERTEX_POINT('',#3554);
#3554 = CARTESIAN_POINT('',(10.7,-16.9,20.1));
#3555 = LINE('',#3556,#3557);
#3556 = CARTESIAN_POINT('',(10.7,-16.9,0.));
#3557 = VECTOR('',#3558,1.);
#3558 = DIRECTION('',(0.,0.,1.));
#3559 = ORIENTED_EDGE('',*,*,#3560,.T.);
#3560 = EDGE_CURVE('',#3553,#3561,#3563,.T.);
#3561 = VERTEX_POINT('',#3562);
#3562 = CARTESIAN_POINT('',(22.7,-16.9,20.1));
#3563 = LINE('',#3564,#3565);
#3564 = CARTESIAN_POINT('',(10.7,-16.9,20.1));
#3565 = VECTOR('',#3566,1.);
#3566 = DIRECTION('',(1.,0.,0.));
#3567 = ORIENTED_EDGE('',*,*,#3568,.F.);
#3568 = EDGE_CURVE('',#857,#3561,#3569,.T.);
#3569 = LINE('',#3570,#3571);
#3570 = CARTESIAN_POINT('',(22.7,-16.9,0.));
#3571 = VECTOR('',#3572,1.);
#3572 = DIRECTION('',(0.,0.,1.));
#3573 = PLANE('',#3574);
#3574 = AXIS2_PLACEMENT_3D('',#3575,#3576,#3577);
#3575 = CARTESIAN_POINT('',(10.7,-16.9,0.));
#3576 = DIRECTION('',(0.,1.,0.));
#3577 = DIRECTION('',(0.,0.,1.));
#3578 = ADVANCED_FACE('',(#3579),#3597,.F.);
#3579 = FACE_BOUND('',#3580,.F.);
#3580 = EDGE_LOOP('',(#3581,#3582,#3583,#3591));
#3581 = ORIENTED_EDGE('',*,*,#3552,.F.);
#3582 = ORIENTED_EDGE('',*,*,#864,.T.);
#3583 = ORIENTED_EDGE('',*,*,#3584,.T.);
#3584 = EDGE_CURVE('',#865,#3585,#3587,.T.);
#3585 = VERTEX_POINT('',#3586);
#3586 = CARTESIAN_POINT('',(10.7,-3.,20.1));
#3587 = LINE('',#3588,#3589);
#3588 = CARTESIAN_POINT('',(10.7,-3.,0.));
#3589 = VECTOR('',#3590,1.);
#3590 = DIRECTION('',(0.,0.,1.));
#3591 = ORIENTED_EDGE('',*,*,#3592,.F.);
#3592 = EDGE_CURVE('',#3553,#3585,#3593,.T.);
#3593 = LINE('',#3594,#3595);
#3594 = CARTESIAN_POINT('',(10.7,-16.9,20.1));
#3595 = VECTOR('',#3596,1.);
#3596 = DIRECTION('',(0.,1.,0.));
#3597 = PLANE('',#3598);
#3598 = AXIS2_PLACEMENT_3D('',#3599,#3600,#3601);
#3599 = CARTESIAN_POINT('',(10.7,-16.9,0.));
#3600 = DIRECTION('',(1.,0.,0.));
#3601 = DIRECTION('',(0.,0.,1.));
#3602 = ADVANCED_FACE('',(#3603),#3621,.T.);
#3603 = FACE_BOUND('',#3604,.T.);
#3604 = EDGE_LOOP('',(#3605,#3606,#3607,#3615));
#3605 = ORIENTED_EDGE('',*,*,#3568,.F.);
#3606 = ORIENTED_EDGE('',*,*,#880,.T.);
#3607 = ORIENTED_EDGE('',*,*,#3608,.T.);
#3608 = EDGE_CURVE('',#873,#3609,#3611,.T.);
#3609 = VERTEX_POINT('',#3610);
#3610 = CARTESIAN_POINT('',(22.7,-3.,20.1));
#3611 = LINE('',#3612,#3613);
#3612 = CARTESIAN_POINT('',(22.7,-3.,0.));
#3613 = VECTOR('',#3614,1.);
#3614 = DIRECTION('',(0.,0.,1.));
#3615 = ORIENTED_EDGE('',*,*,#3616,.F.);
#3616 = EDGE_CURVE('',#3561,#3609,#3617,.T.);
#3617 = LINE('',#3618,#3619);
#3618 = CARTESIAN_POINT('',(22.7,-16.9,20.1));
#3619 = VECTOR('',#3620,1.);
#3620 = DIRECTION('',(0.,1.,0.));
#3621 = PLANE('',#3622);
#3622 = AXIS2_PLACEMENT_3D('',#3623,#3624,#3625);
#3623 = CARTESIAN_POINT('',(22.7,-16.9,0.));
#3624 = DIRECTION('',(1.,0.,0.));
#3625 = DIRECTION('',(0.,0.,1.));
#3626 = ADVANCED_FACE('',(#3627),#3638,.T.);
#3627 = FACE_BOUND('',#3628,.T.);
#3628 = EDGE_LOOP('',(#3629,#3630,#3631,#3637));
#3629 = ORIENTED_EDGE('',*,*,#872,.F.);
#3630 = ORIENTED_EDGE('',*,*,#3584,.T.);
#3631 = ORIENTED_EDGE('',*,*,#3632,.T.);
#3632 = EDGE_CURVE('',#3585,#3609,#3633,.T.);
#3633 = LINE('',#3634,#3635);
#3634 = CARTESIAN_POINT('',(10.7,-3.,20.1));
#3635 = VECTOR('',#3636,1.);
#3636 = DIRECTION('',(1.,0.,0.));
#3637 = ORIENTED_EDGE('',*,*,#3608,.F.);
#3638 = PLANE('',#3639);
#3639 = AXIS2_PLACEMENT_3D('',#3640,#3641,#3642);
#3640 = CARTESIAN_POINT('',(10.7,-3.,0.));
#3641 = DIRECTION('',(0.,1.,0.));
#3642 = DIRECTION('',(0.,0.,1.));
#3643 = ADVANCED_FACE('',(#3644),#3669,.F.);
#3644 = FACE_BOUND('',#3645,.F.);
#3645 = EDGE_LOOP('',(#3646,#3647,#3655,#3663));
#3646 = ORIENTED_EDGE('',*,*,#888,.F.);
#3647 = ORIENTED_EDGE('',*,*,#3648,.T.);
#3648 = EDGE_CURVE('',#889,#3649,#3651,.T.);
#3649 = VERTEX_POINT('',#3650);
#3650 = CARTESIAN_POINT('',(-65.9,37.1,12.));
#3651 = LINE('',#3652,#3653);
#3652 = CARTESIAN_POINT('',(-65.9,37.1,0.));
#3653 = VECTOR('',#3654,1.);
#3654 = DIRECTION('',(0.,0.,1.));
#3655 = ORIENTED_EDGE('',*,*,#3656,.T.);
#3656 = EDGE_CURVE('',#3649,#3657,#3659,.T.);
#3657 = VERTEX_POINT('',#3658);
#3658 = CARTESIAN_POINT('',(-62.9,37.1,12.));
#3659 = LINE('',#3660,#3661);
#3660 = CARTESIAN_POINT('',(-65.9,37.1,12.));
#3661 = VECTOR('',#3662,1.);
#3662 = DIRECTION('',(1.,0.,0.));
#3663 = ORIENTED_EDGE('',*,*,#3664,.F.);
#3664 = EDGE_CURVE('',#891,#3657,#3665,.T.);
#3665 = LINE('',#3666,#3667);
#3666 = CARTESIAN_POINT('',(-62.9,37.1,0.));
#3667 = VECTOR('',#3668,1.);
#3668 = DIRECTION('',(0.,0.,1.));
#3669 = PLANE('',#3670);
#3670 = AXIS2_PLACEMENT_3D('',#3671,#3672,#3673);
#3671 = CARTESIAN_POINT('',(-65.9,37.1,0.));
#3672 = DIRECTION('',(0.,1.,0.));
#3673 = DIRECTION('',(0.,0.,1.));
#3674 = ADVANCED_FACE('',(#3675),#3693,.F.);
#3675 = FACE_BOUND('',#3676,.F.);
#3676 = EDGE_LOOP('',(#3677,#3678,#3679,#3687));
#3677 = ORIENTED_EDGE('',*,*,#3648,.F.);
#3678 = ORIENTED_EDGE('',*,*,#898,.T.);
#3679 = ORIENTED_EDGE('',*,*,#3680,.T.);
#3680 = EDGE_CURVE('',#899,#3681,#3683,.T.);
#3681 = VERTEX_POINT('',#3682);
#3682 = CARTESIAN_POINT('',(-65.9,47.1,12.));
#3683 = LINE('',#3684,#3685);
#3684 = CARTESIAN_POINT('',(-65.9,47.1,0.));
#3685 = VECTOR('',#3686,1.);
#3686 = DIRECTION('',(0.,0.,1.));
#3687 = ORIENTED_EDGE('',*,*,#3688,.F.);
#3688 = EDGE_CURVE('',#3649,#3681,#3689,.T.);
#3689 = LINE('',#3690,#3691);
#3690 = CARTESIAN_POINT('',(-65.9,37.1,12.));
#3691 = VECTOR('',#3692,1.);
#3692 = DIRECTION('',(0.,1.,0.));
#3693 = PLANE('',#3694);
#3694 = AXIS2_PLACEMENT_3D('',#3695,#3696,#3697);
#3695 = CARTESIAN_POINT('',(-65.9,37.1,0.));
#3696 = DIRECTION('',(1.,0.,0.));
#3697 = DIRECTION('',(0.,0.,1.));
#3698 = ADVANCED_FACE('',(#3699),#3717,.T.);
#3699 = FACE_BOUND('',#3700,.T.);
#3700 = EDGE_LOOP('',(#3701,#3702,#3703,#3711));
#3701 = ORIENTED_EDGE('',*,*,#3664,.F.);
#3702 = ORIENTED_EDGE('',*,*,#914,.T.);
#3703 = ORIENTED_EDGE('',*,*,#3704,.T.);
#3704 = EDGE_CURVE('',#907,#3705,#3707,.T.);
#3705 = VERTEX_POINT('',#3706);
#3706 = CARTESIAN_POINT('',(-62.9,47.1,12.));
#3707 = LINE('',#3708,#3709);
#3708 = CARTESIAN_POINT('',(-62.9,47.1,0.));
#3709 = VECTOR('',#3710,1.);
#3710 = DIRECTION('',(0.,0.,1.));
#3711 = ORIENTED_EDGE('',*,*,#3712,.F.);
#3712 = EDGE_CURVE('',#3657,#3705,#3713,.T.);
#3713 = LINE('',#3714,#3715);
#3714 = CARTESIAN_POINT('',(-62.9,37.1,12.));
#3715 = VECTOR('',#3716,1.);
#3716 = DIRECTION('',(0.,1.,0.));
#3717 = PLANE('',#3718);
#3718 = AXIS2_PLACEMENT_3D('',#3719,#3720,#3721);
#3719 = CARTESIAN_POINT('',(-62.9,37.1,0.));
#3720 = DIRECTION('',(1.,0.,0.));
#3721 = DIRECTION('',(0.,0.,1.));
#3722 = ADVANCED_FACE('',(#3723),#3734,.T.);
#3723 = FACE_BOUND('',#3724,.T.);
#3724 = EDGE_LOOP('',(#3725,#3726,#3727,#3733));
#3725 = ORIENTED_EDGE('',*,*,#906,.F.);
#3726 = ORIENTED_EDGE('',*,*,#3680,.T.);
#3727 = ORIENTED_EDGE('',*,*,#3728,.T.);
#3728 = EDGE_CURVE('',#3681,#3705,#3729,.T.);
#3729 = LINE('',#3730,#3731);
#3730 = CARTESIAN_POINT('',(-65.9,47.1,12.));
#3731 = VECTOR('',#3732,1.);
#3732 = DIRECTION('',(1.,0.,0.));
#3733 = ORIENTED_EDGE('',*,*,#3704,.F.);
#3734 = PLANE('',#3735);
#3735 = AXIS2_PLACEMENT_3D('',#3736,#3737,#3738);
#3736 = CARTESIAN_POINT('',(-65.9,47.1,0.));
#3737 = DIRECTION('',(0.,1.,0.));
#3738 = DIRECTION('',(0.,0.,1.));
#3739 = ADVANCED_FACE('',(#3740),#3759,.T.);
#3740 = FACE_BOUND('',#3741,.F.);
#3741 = EDGE_LOOP('',(#3742,#3750,#3757,#3758));
#3742 = ORIENTED_EDGE('',*,*,#3743,.T.);
#3743 = EDGE_CURVE('',#923,#3744,#3746,.T.);
#3744 = VERTEX_POINT('',#3745);
#3745 = CARTESIAN_POINT('',(-77.9,72.,32.));
#3746 = LINE('',#3747,#3748);
#3747 = CARTESIAN_POINT('',(-77.9,72.,0.));
#3748 = VECTOR('',#3749,1.);
#3749 = DIRECTION('',(0.,0.,1.));
#3750 = ORIENTED_EDGE('',*,*,#3751,.T.);
#3751 = EDGE_CURVE('',#3744,#3744,#3752,.T.);
#3752 = CIRCLE('',#3753,4.);
#3753 = AXIS2_PLACEMENT_3D('',#3754,#3755,#3756);
#3754 = CARTESIAN_POINT('',(-81.9,72.,32.));
#3755 = DIRECTION('',(0.,0.,1.));
#3756 = DIRECTION('',(1.,0.,0.));
#3757 = ORIENTED_EDGE('',*,*,#3743,.F.);
#3758 = ORIENTED_EDGE('',*,*,#922,.F.);
#3759 = CYLINDRICAL_SURFACE('',#3760,4.);
#3760 = AXIS2_PLACEMENT_3D('',#3761,#3762,#3763);
#3761 = CARTESIAN_POINT('',(-81.9,72.,0.));
#3762 = DIRECTION('',(-0.,-0.,-1.));
#3763 = DIRECTION('',(1.,0.,0.));
#3764 = ADVANCED_FACE('',(#3765),#3790,.F.);
#3765 = FACE_BOUND('',#3766,.F.);
#3766 = EDGE_LOOP('',(#3767,#3768,#3776,#3784));
#3767 = ORIENTED_EDGE('',*,*,#936,.F.);
#3768 = ORIENTED_EDGE('',*,*,#3769,.T.);
#3769 = EDGE_CURVE('',#937,#3770,#3772,.T.);
#3770 = VERTEX_POINT('',#3771);
#3771 = CARTESIAN_POINT('',(-4.9,37.1,12.));
#3772 = LINE('',#3773,#3774);
#3773 = CARTESIAN_POINT('',(-4.9,37.1,0.));
#3774 = VECTOR('',#3775,1.);
#3775 = DIRECTION('',(0.,0.,1.));
#3776 = ORIENTED_EDGE('',*,*,#3777,.T.);
#3777 = EDGE_CURVE('',#3770,#3778,#3780,.T.);
#3778 = VERTEX_POINT('',#3779);
#3779 = CARTESIAN_POINT('',(-1.9,37.1,12.));
#3780 = LINE('',#3781,#3782);
#3781 = CARTESIAN_POINT('',(-4.9,37.1,12.));
#3782 = VECTOR('',#3783,1.);
#3783 = DIRECTION('',(1.,0.,0.));
#3784 = ORIENTED_EDGE('',*,*,#3785,.F.);
#3785 = EDGE_CURVE('',#939,#3778,#3786,.T.);
#3786 = LINE('',#3787,#3788);
#3787 = CARTESIAN_POINT('',(-1.9,37.1,0.));
#3788 = VECTOR('',#3789,1.);
#3789 = DIRECTION('',(0.,0.,1.));
#3790 = PLANE('',#3791);
#3791 = AXIS2_PLACEMENT_3D('',#3792,#3793,#3794);
#3792 = CARTESIAN_POINT('',(-4.9,37.1,0.));
#3793 = DIRECTION('',(0.,1.,0.));
#3794 = DIRECTION('',(0.,0.,1.));
#3795 = ADVANCED_FACE('',(#3796),#3814,.F.);
#3796 = FACE_BOUND('',#3797,.F.);
#3797 = EDGE_LOOP('',(#3798,#3799,#3800,#3808));
#3798 = ORIENTED_EDGE('',*,*,#3769,.F.);
#3799 = ORIENTED_EDGE('',*,*,#946,.T.);
#3800 = ORIENTED_EDGE('',*,*,#3801,.T.);
#3801 = EDGE_CURVE('',#947,#3802,#3804,.T.);
#3802 = VERTEX_POINT('',#3803);
#3803 = CARTESIAN_POINT('',(-4.9,47.1,12.));
#3804 = LINE('',#3805,#3806);
#3805 = CARTESIAN_POINT('',(-4.9,47.1,0.));
#3806 = VECTOR('',#3807,1.);
#3807 = DIRECTION('',(0.,0.,1.));
#3808 = ORIENTED_EDGE('',*,*,#3809,.F.);
#3809 = EDGE_CURVE('',#3770,#3802,#3810,.T.);
#3810 = LINE('',#3811,#3812);
#3811 = CARTESIAN_POINT('',(-4.9,37.1,12.));
#3812 = VECTOR('',#3813,1.);
#3813 = DIRECTION('',(0.,1.,0.));
#3814 = PLANE('',#3815);
#3815 = AXIS2_PLACEMENT_3D('',#3816,#3817,#3818);
#3816 = CARTESIAN_POINT('',(-4.9,37.1,0.));
#3817 = DIRECTION('',(1.,0.,0.));
#3818 = DIRECTION('',(0.,0.,1.));
#3819 = ADVANCED_FACE('',(#3820),#3838,.T.);
#3820 = FACE_BOUND('',#3821,.T.);
#3821 = EDGE_LOOP('',(#3822,#3823,#3824,#3832));
#3822 = ORIENTED_EDGE('',*,*,#3785,.F.);
#3823 = ORIENTED_EDGE('',*,*,#962,.T.);
#3824 = ORIENTED_EDGE('',*,*,#3825,.T.);
#3825 = EDGE_CURVE('',#955,#3826,#3828,.T.);
#3826 = VERTEX_POINT('',#3827);
#3827 = CARTESIAN_POINT('',(-1.9,47.1,12.));
#3828 = LINE('',#3829,#3830);
#3829 = CARTESIAN_POINT('',(-1.9,47.1,0.));
#3830 = VECTOR('',#3831,1.);
#3831 = DIRECTION('',(0.,0.,1.));
#3832 = ORIENTED_EDGE('',*,*,#3833,.F.);
#3833 = EDGE_CURVE('',#3778,#3826,#3834,.T.);
#3834 = LINE('',#3835,#3836);
#3835 = CARTESIAN_POINT('',(-1.9,37.1,12.));
#3836 = VECTOR('',#3837,1.);
#3837 = DIRECTION('',(0.,1.,0.));
#3838 = PLANE('',#3839);
#3839 = AXIS2_PLACEMENT_3D('',#3840,#3841,#3842);
#3840 = CARTESIAN_POINT('',(-1.9,37.1,0.));
#3841 = DIRECTION('',(1.,0.,0.));
#3842 = DIRECTION('',(0.,0.,1.));
#3843 = ADVANCED_FACE('',(#3844),#3855,.T.);
#3844 = FACE_BOUND('',#3845,.T.);
#3845 = EDGE_LOOP('',(#3846,#3847,#3848,#3854));
#3846 = ORIENTED_EDGE('',*,*,#954,.F.);
#3847 = ORIENTED_EDGE('',*,*,#3801,.T.);
#3848 = ORIENTED_EDGE('',*,*,#3849,.T.);
#3849 = EDGE_CURVE('',#3802,#3826,#3850,.T.);
#3850 = LINE('',#3851,#3852);
#3851 = CARTESIAN_POINT('',(-4.9,47.1,12.));
#3852 = VECTOR('',#3853,1.);
#3853 = DIRECTION('',(1.,0.,0.));
#3854 = ORIENTED_EDGE('',*,*,#3825,.F.);
#3855 = PLANE('',#3856);
#3856 = AXIS2_PLACEMENT_3D('',#3857,#3858,#3859);
#3857 = CARTESIAN_POINT('',(-4.9,47.1,0.));
#3858 = DIRECTION('',(0.,1.,0.));
#3859 = DIRECTION('',(0.,0.,1.));
#3860 = ADVANCED_FACE('',(#3861),#3880,.T.);
#3861 = FACE_BOUND('',#3862,.F.);
#3862 = EDGE_LOOP('',(#3863,#3871,#3878,#3879));
#3863 = ORIENTED_EDGE('',*,*,#3864,.T.);
#3864 = EDGE_CURVE('',#971,#3865,#3867,.T.);
#3865 = VERTEX_POINT('',#3866);
#3866 = CARTESIAN_POINT('',(3.4,70.,12.));
#3867 = LINE('',#3868,#3869);
#3868 = CARTESIAN_POINT('',(3.4,70.,0.));
#3869 = VECTOR('',#3870,1.);
#3870 = DIRECTION('',(0.,0.,1.));
#3871 = ORIENTED_EDGE('',*,*,#3872,.T.);
#3872 = EDGE_CURVE('',#3865,#3865,#3873,.T.);
#3873 = CIRCLE('',#3874,2.);
#3874 = AXIS2_PLACEMENT_3D('',#3875,#3876,#3877);
#3875 = CARTESIAN_POINT('',(1.4,70.,12.));
#3876 = DIRECTION('',(0.,0.,1.));
#3877 = DIRECTION('',(1.,0.,0.));
#3878 = ORIENTED_EDGE('',*,*,#3864,.F.);
#3879 = ORIENTED_EDGE('',*,*,#970,.F.);
#3880 = CYLINDRICAL_SURFACE('',#3881,2.);
#3881 = AXIS2_PLACEMENT_3D('',#3882,#3883,#3884);
#3882 = CARTESIAN_POINT('',(1.4,70.,0.));
#3883 = DIRECTION('',(-0.,-0.,-1.));
#3884 = DIRECTION('',(1.,0.,0.));
#3885 = ADVANCED_FACE('',(#3886),#3905,.T.);
#3886 = FACE_BOUND('',#3887,.F.);
#3887 = EDGE_LOOP('',(#3888,#3896,#3903,#3904));
#3888 = ORIENTED_EDGE('',*,*,#3889,.T.);
#3889 = EDGE_CURVE('',#982,#3890,#3892,.T.);
#3890 = VERTEX_POINT('',#3891);
#3891 = CARTESIAN_POINT('',(18.1,72.,32.));
#3892 = LINE('',#3893,#3894);
#3893 = CARTESIAN_POINT('',(18.1,72.,0.));
#3894 = VECTOR('',#3895,1.);
#3895 = DIRECTION('',(0.,0.,1.));
#3896 = ORIENTED_EDGE('',*,*,#3897,.T.);
#3897 = EDGE_CURVE('',#3890,#3890,#3898,.T.);
#3898 = CIRCLE('',#3899,4.);
#3899 = AXIS2_PLACEMENT_3D('',#3900,#3901,#3902);
#3900 = CARTESIAN_POINT('',(14.1,72.,32.));
#3901 = DIRECTION('',(0.,0.,1.));
#3902 = DIRECTION('',(1.,0.,0.));
#3903 = ORIENTED_EDGE('',*,*,#3889,.F.);
#3904 = ORIENTED_EDGE('',*,*,#981,.F.);
#3905 = CYLINDRICAL_SURFACE('',#3906,4.);
#3906 = AXIS2_PLACEMENT_3D('',#3907,#3908,#3909);
#3907 = CARTESIAN_POINT('',(14.1,72.,0.));
#3908 = DIRECTION('',(-0.,-0.,-1.));
#3909 = DIRECTION('',(1.,0.,0.));
#3910 = ADVANCED_FACE('',(#3911),#3927,.T.);
#3911 = FACE_BOUND('',#3912,.T.);
#3912 = EDGE_LOOP('',(#3913,#3914,#3920,#3921));
#3913 = ORIENTED_EDGE('',*,*,#1554,.F.);
#3914 = ORIENTED_EDGE('',*,*,#3915,.T.);
#3915 = EDGE_CURVE('',#1510,#1008,#3916,.T.);
#3916 = LINE('',#3917,#3918);
#3917 = CARTESIAN_POINT('',(-102.,-108.,0.));
#3918 = VECTOR('',#3919,1.);
#3919 = DIRECTION('',(1.,0.,0.));
#3920 = ORIENTED_EDGE('',*,*,#1007,.T.);
#3921 = ORIENTED_EDGE('',*,*,#3922,.F.);
#3922 = EDGE_CURVE('',#1547,#1010,#3923,.T.);
#3923 = LINE('',#3924,#3925);
#3924 = CARTESIAN_POINT('',(-102.,-80.,0.));
#3925 = VECTOR('',#3926,1.);
#3926 = DIRECTION('',(1.,0.,0.));
#3927 = PLANE('',#3928);
#3928 = AXIS2_PLACEMENT_3D('',#3929,#3930,#3931);
#3929 = CARTESIAN_POINT('',(-102.,-108.,0.));
#3930 = DIRECTION('',(0.,0.,1.));
#3931 = DIRECTION('',(1.,0.,0.));
#3932 = ADVANCED_FACE('',(#3933),#3965,.F.);
#3933 = FACE_BOUND('',#3934,.F.);
#3934 = EDGE_LOOP('',(#3935,#3945,#3951,#3952,#3958,#3959));
#3935 = ORIENTED_EDGE('',*,*,#3936,.F.);
#3936 = EDGE_CURVE('',#3937,#3939,#3941,.T.);
#3937 = VERTEX_POINT('',#3938);
#3938 = CARTESIAN_POINT('',(-87.9,-108.,-5.));
#3939 = VERTEX_POINT('',#3940);
#3940 = CARTESIAN_POINT('',(20.1,-108.,-5.));
#3941 = LINE('',#3942,#3943);
#3942 = CARTESIAN_POINT('',(-102.,-108.,-5.));
#3943 = VECTOR('',#3944,1.);
#3944 = DIRECTION('',(1.,0.,0.));
#3945 = ORIENTED_EDGE('',*,*,#3946,.T.);
#3946 = EDGE_CURVE('',#3937,#1008,#3947,.T.);
#3947 = LINE('',#3948,#3949);
#3948 = CARTESIAN_POINT('',(-87.9,-108.,-10.));
#3949 = VECTOR('',#3950,1.);
#3950 = DIRECTION('',(0.,0.,1.));
#3951 = ORIENTED_EDGE('',*,*,#1017,.T.);
#3952 = ORIENTED_EDGE('',*,*,#3953,.T.);
#3953 = EDGE_CURVE('',#1018,#2280,#3954,.T.);
#3954 = LINE('',#3955,#3956);
#3955 = CARTESIAN_POINT('',(-102.,-108.,0.));
#3956 = VECTOR('',#3957,1.);
#3957 = DIRECTION('',(1.,0.,0.));
#3958 = ORIENTED_EDGE('',*,*,#2313,.T.);
#3959 = ORIENTED_EDGE('',*,*,#3960,.F.);
#3960 = EDGE_CURVE('',#3939,#2314,#3961,.T.);
#3961 = LINE('',#3962,#3963);
#3962 = CARTESIAN_POINT('',(20.1,-108.,-10.));
#3963 = VECTOR('',#3964,1.);
#3964 = DIRECTION('',(0.,0.,1.));
#3965 = PLANE('',#3966);
#3966 = AXIS2_PLACEMENT_3D('',#3967,#3968,#3969);
#3967 = CARTESIAN_POINT('',(-102.,-108.,-5.));
#3968 = DIRECTION('',(0.,1.,0.));
#3969 = DIRECTION('',(0.,0.,1.));
#3970 = ADVANCED_FACE('',(#3971),#3997,.F.);
#3971 = FACE_BOUND('',#3972,.F.);
#3972 = EDGE_LOOP('',(#3973,#3974,#3982,#3990,#3996));
#3973 = ORIENTED_EDGE('',*,*,#3922,.F.);
#3974 = ORIENTED_EDGE('',*,*,#3975,.T.);
#3975 = EDGE_CURVE('',#1547,#3976,#3978,.T.);
#3976 = VERTEX_POINT('',#3977);
#3977 = CARTESIAN_POINT('',(-102.,-80.,20.));
#3978 = LINE('',#3979,#3980);
#3979 = CARTESIAN_POINT('',(-102.,-80.,0.));
#3980 = VECTOR('',#3981,1.);
#3981 = DIRECTION('',(0.,0.,1.));
#3982 = ORIENTED_EDGE('',*,*,#3983,.T.);
#3983 = EDGE_CURVE('',#3976,#3984,#3986,.T.);
#3984 = VERTEX_POINT('',#3985);
#3985 = CARTESIAN_POINT('',(-80.5,-80.,20.));
#3986 = LINE('',#3987,#3988);
#3987 = CARTESIAN_POINT('',(-102.,-80.,20.));
#3988 = VECTOR('',#3989,1.);
#3989 = DIRECTION('',(1.,0.,0.));
#3990 = ORIENTED_EDGE('',*,*,#3991,.F.);
#3991 = EDGE_CURVE('',#1061,#3984,#3992,.T.);
#3992 = LINE('',#3993,#3994);
#3993 = CARTESIAN_POINT('',(-80.5,-80.,0.));
#3994 = VECTOR('',#3995,1.);
#3995 = DIRECTION('',(0.,0.,1.));
#3996 = ORIENTED_EDGE('',*,*,#1068,.F.);
#3997 = PLANE('',#3998);
#3998 = AXIS2_PLACEMENT_3D('',#3999,#4000,#4001);
#3999 = CARTESIAN_POINT('',(-102.,-80.,0.));
#4000 = DIRECTION('',(0.,1.,0.));
#4001 = DIRECTION('',(0.,0.,1.));
#4002 = ADVANCED_FACE('',(#4003,#4021),#4032,.T.);
#4003 = FACE_BOUND('',#4004,.T.);
#4004 = EDGE_LOOP('',(#4005,#4006,#4007,#4015));
#4005 = ORIENTED_EDGE('',*,*,#3991,.F.);
#4006 = ORIENTED_EDGE('',*,*,#1060,.T.);
#4007 = ORIENTED_EDGE('',*,*,#4008,.T.);
#4008 = EDGE_CURVE('',#1053,#4009,#4011,.T.);
#4009 = VERTEX_POINT('',#4010);
#4010 = CARTESIAN_POINT('',(-80.5,-67.,20.));
#4011 = LINE('',#4012,#4013);
#4012 = CARTESIAN_POINT('',(-80.5,-67.,0.));
#4013 = VECTOR('',#4014,1.);
#4014 = DIRECTION('',(0.,0.,1.));
#4015 = ORIENTED_EDGE('',*,*,#4016,.F.);
#4016 = EDGE_CURVE('',#3984,#4009,#4017,.T.);
#4017 = LINE('',#4018,#4019);
#4018 = CARTESIAN_POINT('',(-80.5,-80.,20.));
#4019 = VECTOR('',#4020,1.);
#4020 = DIRECTION('',(0.,1.,0.));
#4021 = FACE_BOUND('',#4022,.T.);
#4022 = EDGE_LOOP('',(#4023));
#4023 = ORIENTED_EDGE('',*,*,#4024,.T.);
#4024 = EDGE_CURVE('',#4025,#4025,#4027,.T.);
#4025 = VERTEX_POINT('',#4026);
#4026 = CARTESIAN_POINT('',(-80.5,-72.,6.));
#4027 = CIRCLE('',#4028,4.);
#4028 = AXIS2_PLACEMENT_3D('',#4029,#4030,#4031);
#4029 = CARTESIAN_POINT('',(-80.5,-72.,10.));
#4030 = DIRECTION('',(-1.,0.,2.2E-16));
#4031 = DIRECTION('',(-2.2E-16,0.,-1.));
#4032 = PLANE('',#4033);
#4033 = AXIS2_PLACEMENT_3D('',#4034,#4035,#4036);
#4034 = CARTESIAN_POINT('',(-80.5,-80.,0.));
#4035 = DIRECTION('',(1.,0.,0.));
#4036 = DIRECTION('',(0.,0.,1.));
#4037 = ADVANCED_FACE('',(#4038),#4056,.T.);
#4038 = FACE_BOUND('',#4039,.T.);
#4039 = EDGE_LOOP('',(#4040,#4041,#4042,#4050));
#4040 = ORIENTED_EDGE('',*,*,#4008,.F.);
#4041 = ORIENTED_EDGE('',*,*,#1052,.T.);
#4042 = ORIENTED_EDGE('',*,*,#4043,.T.);
#4043 = EDGE_CURVE('',#1045,#4044,#4046,.T.);
#4044 = VERTEX_POINT('',#4045);
#4045 = CARTESIAN_POINT('',(-80.5,-64.,20.));
#4046 = LINE('',#4047,#4048);
#4047 = CARTESIAN_POINT('',(-80.5,-64.,0.));
#4048 = VECTOR('',#4049,1.);
#4049 = DIRECTION('',(0.,0.,1.));
#4050 = ORIENTED_EDGE('',*,*,#4051,.F.);
#4051 = EDGE_CURVE('',#4009,#4044,#4052,.T.);
#4052 = LINE('',#4053,#4054);
#4053 = CARTESIAN_POINT('',(-80.5,-67.,20.));
#4054 = VECTOR('',#4055,1.);
#4055 = DIRECTION('',(0.,1.,0.));
#4056 = PLANE('',#4057);
#4057 = AXIS2_PLACEMENT_3D('',#4058,#4059,#4060);
#4058 = CARTESIAN_POINT('',(-80.5,-67.,0.));
#4059 = DIRECTION('',(1.,0.,0.));
#4060 = DIRECTION('',(0.,0.,1.));
#4061 = ADVANCED_FACE('',(#4062,#4073,#4084),#4095,.T.);
#4062 = FACE_BOUND('',#4063,.T.);
#4063 = EDGE_LOOP('',(#4064,#4065,#4066,#4067));
#4064 = ORIENTED_EDGE('',*,*,#4043,.F.);
#4065 = ORIENTED_EDGE('',*,*,#1044,.T.);
#4066 = ORIENTED_EDGE('',*,*,#1222,.T.);
#4067 = ORIENTED_EDGE('',*,*,#4068,.F.);
#4068 = EDGE_CURVE('',#4044,#1215,#4069,.T.);
#4069 = LINE('',#4070,#4071);
#4070 = CARTESIAN_POINT('',(-80.5,-64.,20.));
#4071 = VECTOR('',#4072,1.);
#4072 = DIRECTION('',(0.,1.,0.));
#4073 = FACE_BOUND('',#4074,.T.);
#4074 = EDGE_LOOP('',(#4075));
#4075 = ORIENTED_EDGE('',*,*,#4076,.T.);
#4076 = EDGE_CURVE('',#4077,#4077,#4079,.T.);
#4077 = VERTEX_POINT('',#4078);
#4078 = CARTESIAN_POINT('',(-80.5,-61.8,3.));
#4079 = CIRCLE('',#4080,2.);
#4080 = AXIS2_PLACEMENT_3D('',#4081,#4082,#4083);
#4081 = CARTESIAN_POINT('',(-80.5,-61.8,5.));
#4082 = DIRECTION('',(-1.,0.,2.2E-16));
#4083 = DIRECTION('',(-2.2E-16,0.,-1.));
#4084 = FACE_BOUND('',#4085,.T.);
#4085 = EDGE_LOOP('',(#4086));
#4086 = ORIENTED_EDGE('',*,*,#4087,.T.);
#4087 = EDGE_CURVE('',#4088,#4088,#4090,.T.);
#4088 = VERTEX_POINT('',#4089);
#4089 = CARTESIAN_POINT('',(-80.5,-61.8,13.));
#4090 = CIRCLE('',#4091,2.);
#4091 = AXIS2_PLACEMENT_3D('',#4092,#4093,#4094);
#4092 = CARTESIAN_POINT('',(-80.5,-61.8,15.));
#4093 = DIRECTION('',(-1.,0.,2.2E-16));
#4094 = DIRECTION('',(-2.2E-16,0.,-1.));
#4095 = PLANE('',#4096);
#4096 = AXIS2_PLACEMENT_3D('',#4097,#4098,#4099);
#4097 = CARTESIAN_POINT('',(-80.5,-64.,0.));
#4098 = DIRECTION('',(1.,0.,0.));
#4099 = DIRECTION('',(0.,0.,1.));
#4100 = ADVANCED_FACE('',(#4101),#4120,.T.);
#4101 = FACE_BOUND('',#4102,.F.);
#4102 = EDGE_LOOP('',(#4103,#4111,#4118,#4119));
#4103 = ORIENTED_EDGE('',*,*,#4104,.T.);
#4104 = EDGE_CURVE('',#1077,#4105,#4107,.T.);
#4105 = VERTEX_POINT('',#4106);
#4106 = CARTESIAN_POINT('',(-79.,-98.,32.));
#4107 = LINE('',#4108,#4109);
#4108 = CARTESIAN_POINT('',(-79.,-98.,0.));
#4109 = VECTOR('',#4110,1.);
#4110 = DIRECTION('',(0.,0.,1.));
#4111 = ORIENTED_EDGE('',*,*,#4112,.T.);
#4112 = EDGE_CURVE('',#4105,#4105,#4113,.T.);
#4113 = CIRCLE('',#4114,4.);
#4114 = AXIS2_PLACEMENT_3D('',#4115,#4116,#4117);
#4115 = CARTESIAN_POINT('',(-83.,-98.,32.));
#4116 = DIRECTION('',(0.,0.,1.));
#4117 = DIRECTION('',(1.,0.,0.));
#4118 = ORIENTED_EDGE('',*,*,#4104,.F.);
#4119 = ORIENTED_EDGE('',*,*,#1076,.F.);
#4120 = CYLINDRICAL_SURFACE('',#4121,4.);
#4121 = AXIS2_PLACEMENT_3D('',#4122,#4123,#4124);
#4122 = CARTESIAN_POINT('',(-83.,-98.,0.));
#4123 = DIRECTION('',(-0.,-0.,-1.));
#4124 = DIRECTION('',(1.,0.,0.));
#4125 = ADVANCED_FACE('',(#4126,#4137,#4148),#4159,.F.);
#4126 = FACE_BOUND('',#4127,.F.);
#4127 = EDGE_LOOP('',(#4128,#4129,#4130,#4136));
#4128 = ORIENTED_EDGE('',*,*,#3953,.F.);
#4129 = ORIENTED_EDGE('',*,*,#1093,.T.);
#4130 = ORIENTED_EDGE('',*,*,#4131,.T.);
#4131 = EDGE_CURVE('',#1094,#2282,#4132,.T.);
#4132 = LINE('',#4133,#4134);
#4133 = CARTESIAN_POINT('',(-60.9,-108.,19.));
#4134 = VECTOR('',#4135,1.);
#4135 = DIRECTION('',(1.,0.,0.));
#4136 = ORIENTED_EDGE('',*,*,#2279,.F.);
#4137 = FACE_BOUND('',#4138,.F.);
#4138 = EDGE_LOOP('',(#4139));
#4139 = ORIENTED_EDGE('',*,*,#4140,.T.);
#4140 = EDGE_CURVE('',#4141,#4141,#4143,.T.);
#4141 = VERTEX_POINT('',#4142);
#4142 = CARTESIAN_POINT('',(-38.9,-108.,8.2));
#4143 = CIRCLE('',#4144,8.);
#4144 = AXIS2_PLACEMENT_3D('',#4145,#4146,#4147);
#4145 = CARTESIAN_POINT('',(-46.9,-108.,8.2));
#4146 = DIRECTION('',(0.,-1.,0.));
#4147 = DIRECTION('',(1.,0.,0.));
#4148 = FACE_BOUND('',#4149,.F.);
#4149 = EDGE_LOOP('',(#4150));
#4150 = ORIENTED_EDGE('',*,*,#4151,.T.);
#4151 = EDGE_CURVE('',#4152,#4152,#4154,.T.);
#4152 = VERTEX_POINT('',#4153);
#4153 = CARTESIAN_POINT('',(-12.9,-108.,8.2));
#4154 = CIRCLE('',#4155,8.);
#4155 = AXIS2_PLACEMENT_3D('',#4156,#4157,#4158);
#4156 = CARTESIAN_POINT('',(-20.9,-108.,8.2));
#4157 = DIRECTION('',(0.,-1.,0.));
#4158 = DIRECTION('',(1.,0.,0.));
#4159 = PLANE('',#4160);
#4160 = AXIS2_PLACEMENT_3D('',#4161,#4162,#4163);
#4161 = CARTESIAN_POINT('',(-60.9,-108.,0.));
#4162 = DIRECTION('',(0.,1.,0.));
#4163 = DIRECTION('',(0.,0.,1.));
#4164 = ADVANCED_FACE('',(#4165),#4192,.T.);
#4165 = FACE_BOUND('',#4166,.T.);
#4166 = EDGE_LOOP('',(#4167,#4168,#4169,#4170,#4178,#4186));
#4167 = ORIENTED_EDGE('',*,*,#1111,.F.);
#4168 = ORIENTED_EDGE('',*,*,#4131,.T.);
#4169 = ORIENTED_EDGE('',*,*,#2297,.T.);
#4170 = ORIENTED_EDGE('',*,*,#4171,.T.);
#4171 = EDGE_CURVE('',#2225,#4172,#4174,.T.);
#4172 = VERTEX_POINT('',#4173);
#4173 = CARTESIAN_POINT('',(-6.9,-93.,19.));
#4174 = LINE('',#4175,#4176);
#4175 = CARTESIAN_POINT('',(-6.9,-108.,19.));
#4176 = VECTOR('',#4177,1.);
#4177 = DIRECTION('',(0.,1.,0.));
#4178 = ORIENTED_EDGE('',*,*,#4179,.F.);
#4179 = EDGE_CURVE('',#4180,#4172,#4182,.T.);
#4180 = VERTEX_POINT('',#4181);
#4181 = CARTESIAN_POINT('',(-60.9,-93.,19.));
#4182 = LINE('',#4183,#4184);
#4183 = CARTESIAN_POINT('',(-60.9,-93.,19.));
#4184 = VECTOR('',#4185,1.);
#4185 = DIRECTION('',(1.,0.,0.));
#4186 = ORIENTED_EDGE('',*,*,#4187,.F.);
#4187 = EDGE_CURVE('',#1104,#4180,#4188,.T.);
#4188 = LINE('',#4189,#4190);
#4189 = CARTESIAN_POINT('',(-60.9,-108.,19.));
#4190 = VECTOR('',#4191,1.);
#4191 = DIRECTION('',(0.,1.,0.));
#4192 = PLANE('',#4193);
#4193 = AXIS2_PLACEMENT_3D('',#4194,#4195,#4196);
#4194 = CARTESIAN_POINT('',(-60.9,-108.,19.));
#4195 = DIRECTION('',(0.,0.,1.));
#4196 = DIRECTION('',(1.,0.,0.));
#4197 = ADVANCED_FACE('',(#4198),#4216,.T.);
#4198 = FACE_BOUND('',#4199,.T.);
#4199 = EDGE_LOOP('',(#4200,#4208,#4209,#4210));
#4200 = ORIENTED_EDGE('',*,*,#4201,.F.);
#4201 = EDGE_CURVE('',#1135,#4202,#4204,.T.);
#4202 = VERTEX_POINT('',#4203);
#4203 = CARTESIAN_POINT('',(-60.9,-93.,32.));
#4204 = LINE('',#4205,#4206);
#4205 = CARTESIAN_POINT('',(-60.9,-96.,32.));
#4206 = VECTOR('',#4207,1.);
#4207 = DIRECTION('',(0.,1.,0.));
#4208 = ORIENTED_EDGE('',*,*,#1142,.F.);
#4209 = ORIENTED_EDGE('',*,*,#4187,.T.);
#4210 = ORIENTED_EDGE('',*,*,#4211,.T.);
#4211 = EDGE_CURVE('',#4180,#4202,#4212,.T.);
#4212 = LINE('',#4213,#4214);
#4213 = CARTESIAN_POINT('',(-60.9,-93.,0.));
#4214 = VECTOR('',#4215,1.);
#4215 = DIRECTION('',(0.,0.,1.));
#4216 = PLANE('',#4217);
#4217 = AXIS2_PLACEMENT_3D('',#4218,#4219,#4220);
#4218 = CARTESIAN_POINT('',(-60.9,-96.,0.));
#4219 = DIRECTION('',(1.,0.,0.));
#4220 = DIRECTION('',(0.,0.,1.));
#4221 = ADVANCED_FACE('',(#4222),#4242,.T.);
#4222 = FACE_BOUND('',#4223,.T.);
#4223 = EDGE_LOOP('',(#4224,#4225,#4226,#4227,#4228,#4236));
#4224 = ORIENTED_EDGE('',*,*,#1181,.F.);
#4225 = ORIENTED_EDGE('',*,*,#1166,.T.);
#4226 = ORIENTED_EDGE('',*,*,#1134,.T.);
#4227 = ORIENTED_EDGE('',*,*,#4201,.T.);
#4228 = ORIENTED_EDGE('',*,*,#4229,.F.);
#4229 = EDGE_CURVE('',#4230,#4202,#4232,.T.);
#4230 = VERTEX_POINT('',#4231);
#4231 = CARTESIAN_POINT('',(-67.9,-93.,32.));
#4232 = LINE('',#4233,#4234);
#4233 = CARTESIAN_POINT('',(-75.9,-93.,32.));
#4234 = VECTOR('',#4235,1.);
#4235 = DIRECTION('',(1.,0.,0.));
#4236 = ORIENTED_EDGE('',*,*,#4237,.F.);
#4237 = EDGE_CURVE('',#1182,#4230,#4238,.T.);
#4238 = LINE('',#4239,#4240);
#4239 = CARTESIAN_POINT('',(-75.9,-93.,32.));
#4240 = VECTOR('',#4241,1.);
#4241 = DIRECTION('',(1.,0.,0.));
#4242 = PLANE('',#4243);
#4243 = AXIS2_PLACEMENT_3D('',#4244,#4245,#4246);
#4244 = CARTESIAN_POINT('',(-75.9,-96.,32.));
#4245 = DIRECTION('',(0.,0.,1.));
#4246 = DIRECTION('',(1.,0.,0.));
#4247 = ADVANCED_FACE('',(#4248),#4259,.T.);
#4248 = FACE_BOUND('',#4249,.T.);
#4249 = EDGE_LOOP('',(#4250,#4251,#4257,#4258));
#4250 = ORIENTED_EDGE('',*,*,#1287,.F.);
#4251 = ORIENTED_EDGE('',*,*,#4252,.T.);
#4252 = EDGE_CURVE('',#1278,#4044,#4253,.T.);
#4253 = LINE('',#4254,#4255);
#4254 = CARTESIAN_POINT('',(-93.2,-64.,20.));
#4255 = VECTOR('',#4256,1.);
#4256 = DIRECTION('',(1.,0.,0.));
#4257 = ORIENTED_EDGE('',*,*,#4068,.T.);
#4258 = ORIENTED_EDGE('',*,*,#1214,.F.);
#4259 = PLANE('',#4260);
#4260 = AXIS2_PLACEMENT_3D('',#4261,#4262,#4263);
#4261 = CARTESIAN_POINT('',(-90.5,-64.,20.));
#4262 = DIRECTION('',(0.,0.,1.));
#4263 = DIRECTION('',(1.,0.,0.));
#4264 = ADVANCED_FACE('',(#4265),#4292,.T.);
#4265 = FACE_BOUND('',#4266,.T.);
#4266 = EDGE_LOOP('',(#4267,#4268,#4269,#4278,#4286));
#4267 = ORIENTED_EDGE('',*,*,#1237,.F.);
#4268 = ORIENTED_EDGE('',*,*,#4237,.T.);
#4269 = ORIENTED_EDGE('',*,*,#4270,.F.);
#4270 = EDGE_CURVE('',#4271,#4230,#4273,.T.);
#4271 = VERTEX_POINT('',#4272);
#4272 = CARTESIAN_POINT('',(-72.9,-88.,32.));
#4273 = CIRCLE('',#4274,5.);
#4274 = AXIS2_PLACEMENT_3D('',#4275,#4276,#4277);
#4275 = CARTESIAN_POINT('',(-67.9,-88.,32.));
#4276 = DIRECTION('',(-0.,0.,1.));
#4277 = DIRECTION('',(0.,-1.,0.));
#4278 = ORIENTED_EDGE('',*,*,#4279,.T.);
#4279 = EDGE_CURVE('',#4271,#4280,#4282,.T.);
#4280 = VERTEX_POINT('',#4281);
#4281 = CARTESIAN_POINT('',(-72.9,-86.,32.));
#4282 = LINE('',#4283,#4284);
#4283 = CARTESIAN_POINT('',(-72.9,-93.,32.));
#4284 = VECTOR('',#4285,1.);
#4285 = DIRECTION('',(0.,1.,0.));
#4286 = ORIENTED_EDGE('',*,*,#4287,.T.);
#4287 = EDGE_CURVE('',#4280,#1238,#4288,.T.);
#4288 = LINE('',#4289,#4290);
#4289 = CARTESIAN_POINT('',(-85.9,-86.,32.));
#4290 = VECTOR('',#4291,1.);
#4291 = DIRECTION('',(-1.,0.,0.));
#4292 = PLANE('',#4293);
#4293 = AXIS2_PLACEMENT_3D('',#4294,#4295,#4296);
#4294 = CARTESIAN_POINT('',(-75.9,-96.,32.));
#4295 = DIRECTION('',(0.,0.,1.));
#4296 = DIRECTION('',(1.,0.,0.));
#4297 = ADVANCED_FACE('',(#4298),#4316,.T.);
#4298 = FACE_BOUND('',#4299,.T.);
#4299 = EDGE_LOOP('',(#4300,#4308,#4309,#4310));
#4300 = ORIENTED_EDGE('',*,*,#4301,.F.);
#4301 = EDGE_CURVE('',#1256,#4302,#4304,.T.);
#4302 = VERTEX_POINT('',#4303);
#4303 = CARTESIAN_POINT('',(-72.9,-86.,27.));
#4304 = LINE('',#4305,#4306);
#4305 = CARTESIAN_POINT('',(-95.9,-86.,27.));
#4306 = VECTOR('',#4307,1.);
#4307 = DIRECTION('',(1.,0.,0.));
#4308 = ORIENTED_EDGE('',*,*,#1263,.T.);
#4309 = ORIENTED_EDGE('',*,*,#4287,.F.);
#4310 = ORIENTED_EDGE('',*,*,#4311,.F.);
#4311 = EDGE_CURVE('',#4302,#4280,#4312,.T.);
#4312 = LINE('',#4313,#4314);
#4313 = CARTESIAN_POINT('',(-72.9,-86.,13.5));
#4314 = VECTOR('',#4315,1.);
#4315 = DIRECTION('',(0.,0.,1.));
#4316 = PLANE('',#4317);
#4317 = AXIS2_PLACEMENT_3D('',#4318,#4319,#4320);
#4318 = CARTESIAN_POINT('',(-95.9,-86.,27.));
#4319 = DIRECTION('',(0.,1.,0.));
#4320 = DIRECTION('',(0.,0.,1.));
#4321 = ADVANCED_FACE('',(#4322),#4333,.T.);
#4322 = FACE_BOUND('',#4323,.T.);
#4323 = EDGE_LOOP('',(#4324,#4325,#4326,#4332));
#4324 = ORIENTED_EDGE('',*,*,#1255,.T.);
#4325 = ORIENTED_EDGE('',*,*,#4301,.T.);
#4326 = ORIENTED_EDGE('',*,*,#4327,.F.);
#4327 = EDGE_CURVE('',#1326,#4302,#4328,.T.);
#4328 = LINE('',#4329,#4330);
#4329 = CARTESIAN_POINT('',(-72.9,-89.5,27.));
#4330 = VECTOR('',#4331,1.);
#4331 = DIRECTION('',(0.,-1.,0.));
#4332 = ORIENTED_EDGE('',*,*,#1325,.F.);
#4333 = PLANE('',#4334);
#4334 = AXIS2_PLACEMENT_3D('',#4335,#4336,#4337);
#4335 = CARTESIAN_POINT('',(-95.9,-86.,27.));
#4336 = DIRECTION('',(0.,0.,1.));
#4337 = DIRECTION('',(1.,0.,0.));
#4338 = ADVANCED_FACE('',(#4339),#4350,.F.);
#4339 = FACE_BOUND('',#4340,.T.);
#4340 = EDGE_LOOP('',(#4341,#4342,#4348,#4349));
#4341 = ORIENTED_EDGE('',*,*,#1295,.T.);
#4342 = ORIENTED_EDGE('',*,*,#4343,.T.);
#4343 = EDGE_CURVE('',#1296,#4077,#4344,.T.);
#4344 = LINE('',#4345,#4346);
#4345 = CARTESIAN_POINT('',(-93.2,-61.8,3.));
#4346 = VECTOR('',#4347,1.);
#4347 = DIRECTION('',(1.,0.,0.));
#4348 = ORIENTED_EDGE('',*,*,#4076,.F.);
#4349 = ORIENTED_EDGE('',*,*,#4343,.F.);
#4350 = CYLINDRICAL_SURFACE('',#4351,2.);
#4351 = AXIS2_PLACEMENT_3D('',#4352,#4353,#4354);
#4352 = CARTESIAN_POINT('',(-93.2,-61.8,5.));
#4353 = DIRECTION('',(-1.,-0.,0.));
#4354 = DIRECTION('',(0.,0.,-1.));
#4355 = ADVANCED_FACE('',(#4356),#4367,.F.);
#4356 = FACE_BOUND('',#4357,.T.);
#4357 = EDGE_LOOP('',(#4358,#4359,#4365,#4366));
#4358 = ORIENTED_EDGE('',*,*,#1306,.T.);
#4359 = ORIENTED_EDGE('',*,*,#4360,.T.);
#4360 = EDGE_CURVE('',#1307,#4088,#4361,.T.);
#4361 = LINE('',#4362,#4363);
#4362 = CARTESIAN_POINT('',(-93.2,-61.8,13.));
#4363 = VECTOR('',#4364,1.);
#4364 = DIRECTION('',(1.,0.,0.));
#4365 = ORIENTED_EDGE('',*,*,#4087,.F.);
#4366 = ORIENTED_EDGE('',*,*,#4360,.F.);
#4367 = CYLINDRICAL_SURFACE('',#4368,2.);
#4368 = AXIS2_PLACEMENT_3D('',#4369,#4370,#4371);
#4369 = CARTESIAN_POINT('',(-93.2,-61.8,15.));
#4370 = DIRECTION('',(-1.,-0.,0.));
#4371 = DIRECTION('',(0.,0.,-1.));
#4372 = ADVANCED_FACE('',(#4373),#4386,.T.);
#4373 = FACE_BOUND('',#4374,.T.);
#4374 = EDGE_LOOP('',(#4375,#4376,#4382,#4383,#4384,#4385));
#4375 = ORIENTED_EDGE('',*,*,#4279,.F.);
#4376 = ORIENTED_EDGE('',*,*,#4377,.F.);
#4377 = EDGE_CURVE('',#1381,#4271,#4378,.T.);
#4378 = LINE('',#4379,#4380);
#4379 = CARTESIAN_POINT('',(-72.9,-88.,0.));
#4380 = VECTOR('',#4381,1.);
#4381 = DIRECTION('',(0.,0.,1.));
#4382 = ORIENTED_EDGE('',*,*,#1380,.T.);
#4383 = ORIENTED_EDGE('',*,*,#1333,.T.);
#4384 = ORIENTED_EDGE('',*,*,#4327,.T.);
#4385 = ORIENTED_EDGE('',*,*,#4311,.T.);
#4386 = PLANE('',#4387);
#4387 = AXIS2_PLACEMENT_3D('',#4388,#4389,#4390);
#4388 = CARTESIAN_POINT('',(-72.9,-93.,0.));
#4389 = DIRECTION('',(1.,0.,0.));
#4390 = DIRECTION('',(0.,0.,1.));
#4391 = ADVANCED_FACE('',(#4392),#4404,.T.);
#4392 = FACE_BOUND('',#4393,.T.);
#4393 = EDGE_LOOP('',(#4394,#4395,#4401,#4402,#4403));
#4394 = ORIENTED_EDGE('',*,*,#1420,.F.);
#4395 = ORIENTED_EDGE('',*,*,#4396,.T.);
#4396 = EDGE_CURVE('',#1411,#4009,#4397,.T.);
#4397 = LINE('',#4398,#4399);
#4398 = CARTESIAN_POINT('',(-102.,-67.,20.));
#4399 = VECTOR('',#4400,1.);
#4400 = DIRECTION('',(1.,0.,0.));
#4401 = ORIENTED_EDGE('',*,*,#4051,.T.);
#4402 = ORIENTED_EDGE('',*,*,#4252,.F.);
#4403 = ORIENTED_EDGE('',*,*,#1356,.F.);
#4404 = PLANE('',#4405);
#4405 = AXIS2_PLACEMENT_3D('',#4406,#4407,#4408);
#4406 = CARTESIAN_POINT('',(-93.2,-67.,20.));
#4407 = DIRECTION('',(0.,0.,1.));
#4408 = DIRECTION('',(1.,0.,0.));
#4409 = ADVANCED_FACE('',(#4410),#4435,.F.);
#4410 = FACE_BOUND('',#4411,.T.);
#4411 = EDGE_LOOP('',(#4412,#4420,#4428,#4434));
#4412 = ORIENTED_EDGE('',*,*,#4413,.F.);
#4413 = EDGE_CURVE('',#4414,#1389,#4416,.T.);
#4414 = VERTEX_POINT('',#4415);
#4415 = CARTESIAN_POINT('',(-77.89,-88.,-5.));
#4416 = LINE('',#4417,#4418);
#4417 = CARTESIAN_POINT('',(-72.9,-88.,-1.E-02));
#4418 = VECTOR('',#4419,1.);
#4419 = DIRECTION('',(0.707106781187,4.E-17,0.707106781187));
#4420 = ORIENTED_EDGE('',*,*,#4421,.T.);
#4421 = EDGE_CURVE('',#4414,#4422,#4424,.T.);
#4422 = VERTEX_POINT('',#4423);
#4423 = CARTESIAN_POINT('',(-77.89,-62.,-5.));
#4424 = LINE('',#4425,#4426);
#4425 = CARTESIAN_POINT('',(-77.89,-88.,-5.));
#4426 = VECTOR('',#4427,1.);
#4427 = DIRECTION('',(0.,1.,0.));
#4428 = ORIENTED_EDGE('',*,*,#4429,.T.);
#4429 = EDGE_CURVE('',#4422,#1372,#4430,.T.);
#4430 = LINE('',#4431,#4432);
#4431 = CARTESIAN_POINT('',(-75.395,-62.,-2.505));
#4432 = VECTOR('',#4433,1.);
#4433 = DIRECTION('',(0.707106781187,0.,0.707106781187));
#4434 = ORIENTED_EDGE('',*,*,#1396,.F.);
#4435 = PLANE('',#4436);
#4436 = AXIS2_PLACEMENT_3D('',#4437,#4438,#4439);
#4437 = CARTESIAN_POINT('',(-75.395,-88.,-2.505));
#4438 = DIRECTION('',(-0.707106781187,0.,0.707106781187));
#4439 = DIRECTION('',(-0.,-1.,-0.));
#4440 = ADVANCED_FACE('',(#4441),#4468,.F.);
#4441 = FACE_BOUND('',#4442,.F.);
#4442 = EDGE_LOOP('',(#4443,#4444,#4453,#4461));
#4443 = ORIENTED_EDGE('',*,*,#1388,.F.);
#4444 = ORIENTED_EDGE('',*,*,#4445,.F.);
#4445 = EDGE_CURVE('',#4446,#1389,#4448,.T.);
#4446 = VERTEX_POINT('',#4447);
#4447 = CARTESIAN_POINT('',(-67.9,-93.,-9.999999999998E-03));
#4448 = CIRCLE('',#4449,5.);
#4449 = AXIS2_PLACEMENT_3D('',#4450,#4451,#4452);
#4450 = CARTESIAN_POINT('',(-67.9,-88.,-1.E-02));
#4451 = DIRECTION('',(-0.,-0.,-1.));
#4452 = DIRECTION('',(0.,-1.,0.));
#4453 = ORIENTED_EDGE('',*,*,#4454,.T.);
#4454 = EDGE_CURVE('',#4446,#4455,#4457,.T.);
#4455 = VERTEX_POINT('',#4456);
#4456 = CARTESIAN_POINT('',(-67.9,-93.,0.));
#4457 = LINE('',#4458,#4459);
#4458 = CARTESIAN_POINT('',(-67.9,-93.,-5.));
#4459 = VECTOR('',#4460,1.);
#4460 = DIRECTION('',(0.,0.,1.));
#4461 = ORIENTED_EDGE('',*,*,#4462,.F.);
#4462 = EDGE_CURVE('',#1381,#4455,#4463,.T.);
#4463 = CIRCLE('',#4464,5.);
#4464 = AXIS2_PLACEMENT_3D('',#4465,#4466,#4467);
#4465 = CARTESIAN_POINT('',(-67.9,-88.,0.));
#4466 = DIRECTION('',(-0.,0.,1.));
#4467 = DIRECTION('',(0.,-1.,0.));
#4468 = CYLINDRICAL_SURFACE('',#4469,5.);
#4469 = AXIS2_PLACEMENT_3D('',#4470,#4471,#4472);
#4470 = CARTESIAN_POINT('',(-67.9,-88.,-5.));
#4471 = DIRECTION('',(0.,0.,1.));
#4472 = DIRECTION('',(-1.,0.,0.));
#4473 = ADVANCED_FACE('',(#4474),#4493,.F.);
#4474 = FACE_BOUND('',#4475,.T.);
#4475 = EDGE_LOOP('',(#4476,#4477,#4486,#4492));
#4476 = ORIENTED_EDGE('',*,*,#4429,.F.);
#4477 = ORIENTED_EDGE('',*,*,#4478,.T.);
#4478 = EDGE_CURVE('',#4422,#4479,#4481,.T.);
#4479 = VERTEX_POINT('',#4480);
#4480 = CARTESIAN_POINT('',(-67.9,-52.01,-5.));
#4481 = CIRCLE('',#4482,9.99);
#4482 = AXIS2_PLACEMENT_3D('',#4483,#4484,#4485);
#4483 = CARTESIAN_POINT('',(-67.9,-62.,-5.));
#4484 = DIRECTION('',(0.,0.,-1.));
#4485 = DIRECTION('',(-1.,0.,0.));
#4486 = ORIENTED_EDGE('',*,*,#4487,.T.);
#4487 = EDGE_CURVE('',#4479,#1435,#4488,.T.);
#4488 = LINE('',#4489,#4490);
#4489 = CARTESIAN_POINT('',(-67.9,-57.,-1.E-02));
#4490 = VECTOR('',#4491,1.);
#4491 = DIRECTION('',(4.E-17,-0.707106781187,0.707106781187));
#4492 = ORIENTED_EDGE('',*,*,#1442,.F.);
#4493 = CONICAL_SURFACE('',#4494,5.,0.785398163397);
#4494 = AXIS2_PLACEMENT_3D('',#4495,#4496,#4497);
#4495 = CARTESIAN_POINT('',(-67.9,-62.,-1.E-02));
#4496 = DIRECTION('',(-0.,-0.,-1.));
#4497 = DIRECTION('',(-1.,0.,0.));
#4498 = ADVANCED_FACE('',(#4499),#4511,.T.);
#4499 = FACE_BOUND('',#4500,.T.);
#4500 = EDGE_LOOP('',(#4501,#4507,#4508,#4509,#4510));
#4501 = ORIENTED_EDGE('',*,*,#4502,.F.);
#4502 = EDGE_CURVE('',#3976,#1461,#4503,.T.);
#4503 = LINE('',#4504,#4505);
#4504 = CARTESIAN_POINT('',(-102.,-80.,20.));
#4505 = VECTOR('',#4506,1.);
#4506 = DIRECTION('',(0.,1.,0.));
#4507 = ORIENTED_EDGE('',*,*,#3983,.T.);
#4508 = ORIENTED_EDGE('',*,*,#4016,.T.);
#4509 = ORIENTED_EDGE('',*,*,#4396,.F.);
#4510 = ORIENTED_EDGE('',*,*,#1468,.F.);
#4511 = PLANE('',#4512);
#4512 = AXIS2_PLACEMENT_3D('',#4513,#4514,#4515);
#4513 = CARTESIAN_POINT('',(-102.,-80.,20.));
#4514 = DIRECTION('',(0.,0.,1.));
#4515 = DIRECTION('',(1.,0.,0.));
#4516 = ADVANCED_FACE('',(#4517,#4523),#4534,.F.);
#4517 = FACE_BOUND('',#4518,.F.);
#4518 = EDGE_LOOP('',(#4519,#4520,#4521,#4522));
#4519 = ORIENTED_EDGE('',*,*,#3975,.F.);
#4520 = ORIENTED_EDGE('',*,*,#1546,.T.);
#4521 = ORIENTED_EDGE('',*,*,#1460,.T.);
#4522 = ORIENTED_EDGE('',*,*,#4502,.F.);
#4523 = FACE_BOUND('',#4524,.F.);
#4524 = EDGE_LOOP('',(#4525));
#4525 = ORIENTED_EDGE('',*,*,#4526,.T.);
#4526 = EDGE_CURVE('',#4527,#4527,#4529,.T.);
#4527 = VERTEX_POINT('',#4528);
#4528 = CARTESIAN_POINT('',(-102.,-72.,6.));
#4529 = CIRCLE('',#4530,4.);
#4530 = AXIS2_PLACEMENT_3D('',#4531,#4532,#4533);
#4531 = CARTESIAN_POINT('',(-102.,-72.,10.));
#4532 = DIRECTION('',(-1.,0.,2.2E-16));
#4533 = DIRECTION('',(-2.2E-16,0.,-1.));
#4534 = PLANE('',#4535);
#4535 = AXIS2_PLACEMENT_3D('',#4536,#4537,#4538);
#4536 = CARTESIAN_POINT('',(-102.,-80.,0.));
#4537 = DIRECTION('',(1.,0.,0.));
#4538 = DIRECTION('',(0.,0.,1.));
#4539 = ADVANCED_FACE('',(#4540),#4558,.T.);
#4540 = FACE_BOUND('',#4541,.T.);
#4541 = EDGE_LOOP('',(#4542,#4543,#4551,#4557));
#4542 = ORIENTED_EDGE('',*,*,#4487,.F.);
#4543 = ORIENTED_EDGE('',*,*,#4544,.T.);
#4544 = EDGE_CURVE('',#4479,#4545,#4547,.T.);
#4545 = VERTEX_POINT('',#4546);
#4546 = CARTESIAN_POINT('',(-67.89,-52.01,-5.));
#4547 = LINE('',#4548,#4549);
#4548 = CARTESIAN_POINT('',(-67.9,-52.01,-5.));
#4549 = VECTOR('',#4550,1.);
#4550 = DIRECTION('',(1.,0.,0.));
#4551 = ORIENTED_EDGE('',*,*,#4552,.T.);
#4552 = EDGE_CURVE('',#4545,#1486,#4553,.T.);
#4553 = LINE('',#4554,#4555);
#4554 = CARTESIAN_POINT('',(-68.73,-51.17,-5.84));
#4555 = VECTOR('',#4556,1.);
#4556 = DIRECTION('',(0.57735026919,-0.57735026919,0.57735026919));
#4557 = ORIENTED_EDGE('',*,*,#1493,.F.);
#4558 = PLANE('',#4559);
#4559 = AXIS2_PLACEMENT_3D('',#4560,#4561,#4562);
#4560 = CARTESIAN_POINT('',(-67.9,-54.505,-2.505));
#4561 = DIRECTION('',(-7.E-17,-0.707106781187,-0.707106781187));
#4562 = DIRECTION('',(1.,-4.949747468306E-17,-4.949747468306E-17));
#4563 = ADVANCED_FACE('',(#4564),#4575,.F.);
#4564 = FACE_BOUND('',#4565,.F.);
#4565 = EDGE_LOOP('',(#4566,#4572,#4573,#4574));
#4566 = ORIENTED_EDGE('',*,*,#4567,.F.);
#4567 = EDGE_CURVE('',#1508,#3937,#4568,.T.);
#4568 = LINE('',#4569,#4570);
#4569 = CARTESIAN_POINT('',(-102.,-108.,-5.));
#4570 = VECTOR('',#4571,1.);
#4571 = DIRECTION('',(1.,0.,0.));
#4572 = ORIENTED_EDGE('',*,*,#1507,.T.);
#4573 = ORIENTED_EDGE('',*,*,#3915,.T.);
#4574 = ORIENTED_EDGE('',*,*,#3946,.F.);
#4575 = PLANE('',#4576);
#4576 = AXIS2_PLACEMENT_3D('',#4577,#4578,#4579);
#4577 = CARTESIAN_POINT('',(-102.,-108.,-5.));
#4578 = DIRECTION('',(0.,1.,0.));
#4579 = DIRECTION('',(0.,0.,1.));
#4580 = ADVANCED_FACE('',(#4581),#4600,.F.);
#4581 = FACE_BOUND('',#4582,.F.);
#4582 = EDGE_LOOP('',(#4583,#4584,#4585,#4586,#4594));
#4583 = ORIENTED_EDGE('',*,*,#1593,.F.);
#4584 = ORIENTED_EDGE('',*,*,#1539,.T.);
#4585 = ORIENTED_EDGE('',*,*,#1697,.T.);
#4586 = ORIENTED_EDGE('',*,*,#4587,.F.);
#4587 = EDGE_CURVE('',#4588,#1698,#4590,.T.);
#4588 = VERTEX_POINT('',#4589);
#4589 = CARTESIAN_POINT('',(-102.,-10.,20.1));
#4590 = LINE('',#4591,#4592);
#4591 = CARTESIAN_POINT('',(-102.,-16.9,20.1));
#4592 = VECTOR('',#4593,1.);
#4593 = DIRECTION('',(0.,1.,0.));
#4594 = ORIENTED_EDGE('',*,*,#4595,.F.);
#4595 = EDGE_CURVE('',#1594,#4588,#4596,.T.);
#4596 = LINE('',#4597,#4598);
#4597 = CARTESIAN_POINT('',(-102.,-16.9,20.1));
#4598 = VECTOR('',#4599,1.);
#4599 = DIRECTION('',(0.,1.,0.));
#4600 = PLANE('',#4601);
#4601 = AXIS2_PLACEMENT_3D('',#4602,#4603,#4604);
#4602 = CARTESIAN_POINT('',(-102.,-16.9,0.));
#4603 = DIRECTION('',(1.,0.,0.));
#4604 = DIRECTION('',(0.,0.,1.));
#4605 = ADVANCED_FACE('',(#4606,#4617),#4628,.F.);
#4606 = FACE_BOUND('',#4607,.F.);
#4607 = EDGE_LOOP('',(#4608,#4609,#4610,#4611));
#4608 = ORIENTED_EDGE('',*,*,#1770,.F.);
#4609 = ORIENTED_EDGE('',*,*,#1532,.T.);
#4610 = ORIENTED_EDGE('',*,*,#2256,.T.);
#4611 = ORIENTED_EDGE('',*,*,#4612,.F.);
#4612 = EDGE_CURVE('',#1771,#2257,#4613,.T.);
#4613 = LINE('',#4614,#4615);
#4614 = CARTESIAN_POINT('',(-102.,47.1,20.));
#4615 = VECTOR('',#4616,1.);
#4616 = DIRECTION('',(0.,1.,0.));
#4617 = FACE_BOUND('',#4618,.F.);
#4618 = EDGE_LOOP('',(#4619));
#4619 = ORIENTED_EDGE('',*,*,#4620,.T.);
#4620 = EDGE_CURVE('',#4621,#4621,#4623,.T.);
#4621 = VERTEX_POINT('',#4622);
#4622 = CARTESIAN_POINT('',(-102.,52.,6.));
#4623 = CIRCLE('',#4624,4.);
#4624 = AXIS2_PLACEMENT_3D('',#4625,#4626,#4627);
#4625 = CARTESIAN_POINT('',(-102.,52.,10.));
#4626 = DIRECTION('',(-1.,0.,2.2E-16));
#4627 = DIRECTION('',(-2.2E-16,0.,-1.));
#4628 = PLANE('',#4629);
#4629 = AXIS2_PLACEMENT_3D('',#4630,#4631,#4632);
#4630 = CARTESIAN_POINT('',(-102.,47.1,0.));
#4631 = DIRECTION('',(1.,0.,0.));
#4632 = DIRECTION('',(0.,0.,1.));
#4633 = ADVANCED_FACE('',(#4634,#4718,#4814,#4825,#4836,#4847),#4858,.F.
  );
#4634 = FACE_BOUND('',#4635,.F.);
#4635 = EDGE_LOOP('',(#4636,#4637,#4638,#4639,#4647,#4655,#4663,#4672,
    #4680,#4689,#4697,#4705,#4711,#4717));
#4636 = ORIENTED_EDGE('',*,*,#2390,.F.);
#4637 = ORIENTED_EDGE('',*,*,#1517,.F.);
#4638 = ORIENTED_EDGE('',*,*,#4567,.T.);
#4639 = ORIENTED_EDGE('',*,*,#4640,.T.);
#4640 = EDGE_CURVE('',#3937,#4641,#4643,.T.);
#4641 = VERTEX_POINT('',#4642);
#4642 = CARTESIAN_POINT('',(-87.9,-33.,-5.));
#4643 = LINE('',#4644,#4645);
#4644 = CARTESIAN_POINT('',(-87.9,-108.,-5.));
#4645 = VECTOR('',#4646,1.);
#4646 = DIRECTION('',(0.,1.,0.));
#4647 = ORIENTED_EDGE('',*,*,#4648,.F.);
#4648 = EDGE_CURVE('',#4649,#4641,#4651,.T.);
#4649 = VERTEX_POINT('',#4650);
#4650 = CARTESIAN_POINT('',(-77.9,-33.,-5.));
#4651 = LINE('',#4652,#4653);
#4652 = CARTESIAN_POINT('',(-94.95,-33.,-5.));
#4653 = VECTOR('',#4654,1.);
#4654 = DIRECTION('',(-1.,0.,0.));
#4655 = ORIENTED_EDGE('',*,*,#4656,.F.);
#4656 = EDGE_CURVE('',#4657,#4649,#4659,.T.);
#4657 = VERTEX_POINT('',#4658);
#4658 = CARTESIAN_POINT('',(-77.9,-88.,-5.));
#4659 = LINE('',#4660,#4661);
#4660 = CARTESIAN_POINT('',(-77.9,-103.,-5.));
#4661 = VECTOR('',#4662,1.);
#4662 = DIRECTION('',(0.,1.,0.));
#4663 = ORIENTED_EDGE('',*,*,#4664,.T.);
#4664 = EDGE_CURVE('',#4657,#4665,#4667,.T.);
#4665 = VERTEX_POINT('',#4666);
#4666 = CARTESIAN_POINT('',(-67.9,-98.,-5.));
#4667 = CIRCLE('',#4668,10.);
#4668 = AXIS2_PLACEMENT_3D('',#4669,#4670,#4671);
#4669 = CARTESIAN_POINT('',(-67.9,-88.,-5.));
#4670 = DIRECTION('',(0.,0.,1.));
#4671 = DIRECTION('',(-1.,0.,0.));
#4672 = ORIENTED_EDGE('',*,*,#4673,.F.);
#4673 = EDGE_CURVE('',#4674,#4665,#4676,.T.);
#4674 = VERTEX_POINT('',#4675);
#4675 = CARTESIAN_POINT('',(1.E-01,-98.,-5.));
#4676 = LINE('',#4677,#4678);
#4677 = CARTESIAN_POINT('',(-89.95,-98.,-5.));
#4678 = VECTOR('',#4679,1.);
#4679 = DIRECTION('',(-1.,0.,0.));
#4680 = ORIENTED_EDGE('',*,*,#4681,.T.);
#4681 = EDGE_CURVE('',#4674,#4682,#4684,.T.);
#4682 = VERTEX_POINT('',#4683);
#4683 = CARTESIAN_POINT('',(10.1,-88.,-5.));
#4684 = CIRCLE('',#4685,10.);
#4685 = AXIS2_PLACEMENT_3D('',#4686,#4687,#4688);
#4686 = CARTESIAN_POINT('',(1.E-01,-88.,-5.));
#4687 = DIRECTION('',(0.,0.,1.));
#4688 = DIRECTION('',(1.,0.,0.));
#4689 = ORIENTED_EDGE('',*,*,#4690,.T.);
#4690 = EDGE_CURVE('',#4682,#4691,#4693,.T.);
#4691 = VERTEX_POINT('',#4692);
#4692 = CARTESIAN_POINT('',(10.1,-33.,-5.));
#4693 = LINE('',#4694,#4695);
#4694 = CARTESIAN_POINT('',(10.1,-103.,-5.));
#4695 = VECTOR('',#4696,1.);
#4696 = DIRECTION('',(0.,1.,0.));
#4697 = ORIENTED_EDGE('',*,*,#4698,.F.);
#4698 = EDGE_CURVE('',#4699,#4691,#4701,.T.);
#4699 = VERTEX_POINT('',#4700);
#4700 = CARTESIAN_POINT('',(20.1,-33.,-5.));
#4701 = LINE('',#4702,#4703);
#4702 = CARTESIAN_POINT('',(-94.95,-33.,-5.));
#4703 = VECTOR('',#4704,1.);
#4704 = DIRECTION('',(-1.,0.,0.));
#4705 = ORIENTED_EDGE('',*,*,#4706,.F.);
#4706 = EDGE_CURVE('',#3939,#4699,#4707,.T.);
#4707 = LINE('',#4708,#4709);
#4708 = CARTESIAN_POINT('',(20.1,-108.,-5.));
#4709 = VECTOR('',#4710,1.);
#4710 = DIRECTION('',(0.,1.,0.));
#4711 = ORIENTED_EDGE('',*,*,#4712,.T.);
#4712 = EDGE_CURVE('',#3939,#2415,#4713,.T.);
#4713 = LINE('',#4714,#4715);
#4714 = CARTESIAN_POINT('',(-102.,-108.,-5.));
#4715 = VECTOR('',#4716,1.);
#4716 = DIRECTION('',(1.,0.,0.));
#4717 = ORIENTED_EDGE('',*,*,#2424,.T.);
#4718 = FACE_BOUND('',#4719,.F.);
#4719 = EDGE_LOOP('',(#4720,#4730,#4738,#4747,#4755,#4764,#4772,#4779,
    #4780,#4781,#4782,#4790,#4799,#4807));
#4720 = ORIENTED_EDGE('',*,*,#4721,.F.);
#4721 = EDGE_CURVE('',#4722,#4724,#4726,.T.);
#4722 = VERTEX_POINT('',#4723);
#4723 = CARTESIAN_POINT('',(9.E-02,-52.01,-5.));
#4724 = VERTEX_POINT('',#4725);
#4725 = CARTESIAN_POINT('',(9.E-02,-37.,-5.));
#4726 = LINE('',#4727,#4728);
#4727 = CARTESIAN_POINT('',(9.E-02,-57.,-5.));
#4728 = VECTOR('',#4729,1.);
#4729 = DIRECTION('',(0.,1.,0.));
#4730 = ORIENTED_EDGE('',*,*,#4731,.T.);
#4731 = EDGE_CURVE('',#4722,#4732,#4734,.T.);
#4732 = VERTEX_POINT('',#4733);
#4733 = CARTESIAN_POINT('',(9.999999999999E-02,-52.01,-5.));
#4734 = LINE('',#4735,#4736);
#4735 = CARTESIAN_POINT('',(-4.9,-52.01,-5.));
#4736 = VECTOR('',#4737,1.);
#4737 = DIRECTION('',(1.,0.,0.));
#4738 = ORIENTED_EDGE('',*,*,#4739,.T.);
#4739 = EDGE_CURVE('',#4732,#4740,#4742,.T.);
#4740 = VERTEX_POINT('',#4741);
#4741 = CARTESIAN_POINT('',(10.09,-62.,-5.));
#4742 = CIRCLE('',#4743,9.99);
#4743 = AXIS2_PLACEMENT_3D('',#4744,#4745,#4746);
#4744 = CARTESIAN_POINT('',(9.999999999999E-02,-62.,-5.));
#4745 = DIRECTION('',(0.,0.,-1.));
#4746 = DIRECTION('',(3.E-16,1.,0.));
#4747 = ORIENTED_EDGE('',*,*,#4748,.T.);
#4748 = EDGE_CURVE('',#4740,#4749,#4751,.T.);
#4749 = VERTEX_POINT('',#4750);
#4750 = CARTESIAN_POINT('',(10.09,-88.,-5.));
#4751 = LINE('',#4752,#4753);
#4752 = CARTESIAN_POINT('',(10.09,-62.,-5.));
#4753 = VECTOR('',#4754,1.);
#4754 = DIRECTION('',(-0.,-1.,-0.));
#4755 = ORIENTED_EDGE('',*,*,#4756,.T.);
#4756 = EDGE_CURVE('',#4749,#4757,#4759,.T.);
#4757 = VERTEX_POINT('',#4758);
#4758 = CARTESIAN_POINT('',(9.999999999999E-02,-97.99,-5.));
#4759 = CIRCLE('',#4760,9.99);
#4760 = AXIS2_PLACEMENT_3D('',#4761,#4762,#4763);
#4761 = CARTESIAN_POINT('',(9.999999999999E-02,-88.,-5.));
#4762 = DIRECTION('',(0.,0.,-1.));
#4763 = DIRECTION('',(1.,0.,0.));
#4764 = ORIENTED_EDGE('',*,*,#4765,.T.);
#4765 = EDGE_CURVE('',#4757,#4766,#4768,.T.);
#4766 = VERTEX_POINT('',#4767);
#4767 = CARTESIAN_POINT('',(-67.9,-97.99,-5.));
#4768 = LINE('',#4769,#4770);
#4769 = CARTESIAN_POINT('',(9.999999999999E-02,-97.99,-5.));
#4770 = VECTOR('',#4771,1.);
#4771 = DIRECTION('',(-1.,-0.,-0.));
#4772 = ORIENTED_EDGE('',*,*,#4773,.T.);
#4773 = EDGE_CURVE('',#4766,#4414,#4774,.T.);
#4774 = CIRCLE('',#4775,9.99);
#4775 = AXIS2_PLACEMENT_3D('',#4776,#4777,#4778);
#4776 = CARTESIAN_POINT('',(-67.9,-88.,-5.));
#4777 = DIRECTION('',(-0.,-0.,-1.));
#4778 = DIRECTION('',(0.,-1.,0.));
#4779 = ORIENTED_EDGE('',*,*,#4421,.T.);
#4780 = ORIENTED_EDGE('',*,*,#4478,.T.);
#4781 = ORIENTED_EDGE('',*,*,#4544,.T.);
#4782 = ORIENTED_EDGE('',*,*,#4783,.F.);
#4783 = EDGE_CURVE('',#4784,#4545,#4786,.T.);
#4784 = VERTEX_POINT('',#4785);
#4785 = CARTESIAN_POINT('',(-67.89,-37.,-5.));
#4786 = LINE('',#4787,#4788);
#4787 = CARTESIAN_POINT('',(-67.89,-37.,-5.));
#4788 = VECTOR('',#4789,1.);
#4789 = DIRECTION('',(-0.,-1.,-0.));
#4790 = ORIENTED_EDGE('',*,*,#4791,.F.);
#4791 = EDGE_CURVE('',#4792,#4784,#4794,.T.);
#4792 = VERTEX_POINT('',#4793);
#4793 = CARTESIAN_POINT('',(-57.9,-27.01,-5.));
#4794 = CIRCLE('',#4795,9.99);
#4795 = AXIS2_PLACEMENT_3D('',#4796,#4797,#4798);
#4796 = CARTESIAN_POINT('',(-57.9,-37.,-5.));
#4797 = DIRECTION('',(0.,-0.,1.));
#4798 = DIRECTION('',(0.,1.,0.));
#4799 = ORIENTED_EDGE('',*,*,#4800,.F.);
#4800 = EDGE_CURVE('',#4801,#4792,#4803,.T.);
#4801 = VERTEX_POINT('',#4802);
#4802 = CARTESIAN_POINT('',(-9.9,-27.01,-5.));
#4803 = LINE('',#4804,#4805);
#4804 = CARTESIAN_POINT('',(-9.9,-27.01,-5.));
#4805 = VECTOR('',#4806,1.);
#4806 = DIRECTION('',(-1.,-0.,-0.));
#4807 = ORIENTED_EDGE('',*,*,#4808,.F.);
#4808 = EDGE_CURVE('',#4724,#4801,#4809,.T.);
#4809 = CIRCLE('',#4810,9.99);
#4810 = AXIS2_PLACEMENT_3D('',#4811,#4812,#4813);
#4811 = CARTESIAN_POINT('',(-9.9,-37.,-5.));
#4812 = DIRECTION('',(0.,0.,1.));
#4813 = DIRECTION('',(1.,0.,0.));
#4814 = FACE_BOUND('',#4815,.F.);
#4815 = EDGE_LOOP('',(#4816));
#4816 = ORIENTED_EDGE('',*,*,#4817,.F.);
#4817 = EDGE_CURVE('',#4818,#4818,#4820,.T.);
#4818 = VERTEX_POINT('',#4819);
#4819 = CARTESIAN_POINT('',(-81.,-10.,-5.));
#4820 = CIRCLE('',#4821,4.);
#4821 = AXIS2_PLACEMENT_3D('',#4822,#4823,#4824);
#4822 = CARTESIAN_POINT('',(-85.,-10.,-5.));
#4823 = DIRECTION('',(0.,0.,1.));
#4824 = DIRECTION('',(1.,0.,0.));
#4825 = FACE_BOUND('',#4826,.F.);
#4826 = EDGE_LOOP('',(#4827));
#4827 = ORIENTED_EDGE('',*,*,#4828,.F.);
#4828 = EDGE_CURVE('',#4829,#4829,#4831,.T.);
#4829 = VERTEX_POINT('',#4830);
#4830 = CARTESIAN_POINT('',(-79.9,72.,-5.));
#4831 = CIRCLE('',#4832,2.);
#4832 = AXIS2_PLACEMENT_3D('',#4833,#4834,#4835);
#4833 = CARTESIAN_POINT('',(-81.9,72.,-5.));
#4834 = DIRECTION('',(0.,0.,1.));
#4835 = DIRECTION('',(1.,0.,0.));
#4836 = FACE_BOUND('',#4837,.F.);
#4837 = EDGE_LOOP('',(#4838));
#4838 = ORIENTED_EDGE('',*,*,#4839,.F.);
#4839 = EDGE_CURVE('',#4840,#4840,#4842,.T.);
#4840 = VERTEX_POINT('',#4841);
#4841 = CARTESIAN_POINT('',(21.2,-10.,-5.));
#4842 = CIRCLE('',#4843,4.);
#4843 = AXIS2_PLACEMENT_3D('',#4844,#4845,#4846);
#4844 = CARTESIAN_POINT('',(17.2,-10.,-5.));
#4845 = DIRECTION('',(0.,0.,1.));
#4846 = DIRECTION('',(1.,0.,0.));
#4847 = FACE_BOUND('',#4848,.F.);
#4848 = EDGE_LOOP('',(#4849));
#4849 = ORIENTED_EDGE('',*,*,#4850,.F.);
#4850 = EDGE_CURVE('',#4851,#4851,#4853,.T.);
#4851 = VERTEX_POINT('',#4852);
#4852 = CARTESIAN_POINT('',(16.1,72.,-5.));
#4853 = CIRCLE('',#4854,2.);
#4854 = AXIS2_PLACEMENT_3D('',#4855,#4856,#4857);
#4855 = CARTESIAN_POINT('',(14.1,72.,-5.));
#4856 = DIRECTION('',(0.,0.,1.));
#4857 = DIRECTION('',(1.,0.,0.));
#4858 = PLANE('',#4859);
#4859 = AXIS2_PLACEMENT_3D('',#4860,#4861,#4862);
#4860 = CARTESIAN_POINT('',(-102.,-108.,-5.));
#4861 = DIRECTION('',(0.,0.,1.));
#4862 = DIRECTION('',(1.,0.,0.));
#4863 = ADVANCED_FACE('',(#4864),#4875,.F.);
#4864 = FACE_BOUND('',#4865,.F.);
#4865 = EDGE_LOOP('',(#4866,#4872,#4873,#4874));
#4866 = ORIENTED_EDGE('',*,*,#4867,.F.);
#4867 = EDGE_CURVE('',#4784,#1569,#4868,.T.);
#4868 = LINE('',#4869,#4870);
#4869 = CARTESIAN_POINT('',(-62.9,-37.,-1.E-02));
#4870 = VECTOR('',#4871,1.);
#4871 = DIRECTION('',(0.707106781187,-4.E-17,0.707106781187));
#4872 = ORIENTED_EDGE('',*,*,#4783,.T.);
#4873 = ORIENTED_EDGE('',*,*,#4552,.T.);
#4874 = ORIENTED_EDGE('',*,*,#1578,.F.);
#4875 = PLANE('',#4876);
#4876 = AXIS2_PLACEMENT_3D('',#4877,#4878,#4879);
#4877 = CARTESIAN_POINT('',(-65.395,-37.,-2.505));
#4878 = DIRECTION('',(-0.707106781187,0.,0.707106781187));
#4879 = DIRECTION('',(0.,-1.,0.));
#4880 = ADVANCED_FACE('',(#4881,#4888),#4906,.T.);
#4881 = FACE_BOUND('',#4882,.T.);
#4882 = EDGE_LOOP('',(#4883,#4884,#4885,#4886,#4887));
#4883 = ORIENTED_EDGE('',*,*,#4595,.F.);
#4884 = ORIENTED_EDGE('',*,*,#1601,.T.);
#4885 = ORIENTED_EDGE('',*,*,#1658,.T.);
#4886 = ORIENTED_EDGE('',*,*,#1705,.F.);
#4887 = ORIENTED_EDGE('',*,*,#4587,.F.);
#4888 = FACE_BOUND('',#4889,.T.);
#4889 = EDGE_LOOP('',(#4890,#4899));
#4890 = ORIENTED_EDGE('',*,*,#4891,.T.);
#4891 = EDGE_CURVE('',#4892,#4588,#4894,.T.);
#4892 = VERTEX_POINT('',#4893);
#4893 = CARTESIAN_POINT('',(-94.,-10.,20.1));
#4894 = CIRCLE('',#4895,4.);
#4895 = AXIS2_PLACEMENT_3D('',#4896,#4897,#4898);
#4896 = CARTESIAN_POINT('',(-98.,-10.,20.1));
#4897 = DIRECTION('',(0.,0.,-1.));
#4898 = DIRECTION('',(1.,0.,0.));
#4899 = ORIENTED_EDGE('',*,*,#4900,.T.);
#4900 = EDGE_CURVE('',#4588,#4892,#4901,.T.);
#4901 = CIRCLE('',#4902,4.);
#4902 = AXIS2_PLACEMENT_3D('',#4903,#4904,#4905);
#4903 = CARTESIAN_POINT('',(-98.,-10.,20.1));
#4904 = DIRECTION('',(0.,0.,-1.));
#4905 = DIRECTION('',(1.,0.,0.));
#4906 = PLANE('',#4907);
#4907 = AXIS2_PLACEMENT_3D('',#4908,#4909,#4910);
#4908 = CARTESIAN_POINT('',(-102.,-16.9,20.1));
#4909 = DIRECTION('',(0.,0.,1.));
#4910 = DIRECTION('',(1.,0.,0.));
#4911 = ADVANCED_FACE('',(#4912),#4923,.F.);
#4912 = FACE_BOUND('',#4913,.F.);
#4913 = EDGE_LOOP('',(#4914,#4920,#4921,#4922));
#4914 = ORIENTED_EDGE('',*,*,#4915,.F.);
#4915 = EDGE_CURVE('',#4792,#1624,#4916,.T.);
#4916 = LINE('',#4917,#4918);
#4917 = CARTESIAN_POINT('',(-57.9,-29.505,-2.505));
#4918 = VECTOR('',#4919,1.);
#4919 = DIRECTION('',(0.,-0.707106781187,0.707106781187));
#4920 = ORIENTED_EDGE('',*,*,#4791,.T.);
#4921 = ORIENTED_EDGE('',*,*,#4867,.T.);
#4922 = ORIENTED_EDGE('',*,*,#1631,.F.);
#4923 = CONICAL_SURFACE('',#4924,5.,0.785398163397);
#4924 = AXIS2_PLACEMENT_3D('',#4925,#4926,#4927);
#4925 = CARTESIAN_POINT('',(-57.9,-37.,-1.E-02));
#4926 = DIRECTION('',(-0.,-0.,-1.));
#4927 = DIRECTION('',(0.,1.,0.));
#4928 = ADVANCED_FACE('',(#4929),#4940,.T.);
#4929 = FACE_BOUND('',#4930,.F.);
#4930 = EDGE_LOOP('',(#4931,#4937,#4938,#4939));
#4931 = ORIENTED_EDGE('',*,*,#4932,.F.);
#4932 = EDGE_CURVE('',#4801,#1675,#4933,.T.);
#4933 = LINE('',#4934,#4935);
#4934 = CARTESIAN_POINT('',(-9.9,-32.,-1.E-02));
#4935 = VECTOR('',#4936,1.);
#4936 = DIRECTION('',(-4.E-17,-0.707106781187,0.707106781187));
#4937 = ORIENTED_EDGE('',*,*,#4800,.T.);
#4938 = ORIENTED_EDGE('',*,*,#4915,.T.);
#4939 = ORIENTED_EDGE('',*,*,#1682,.F.);
#4940 = PLANE('',#4941);
#4941 = AXIS2_PLACEMENT_3D('',#4942,#4943,#4944);
#4942 = CARTESIAN_POINT('',(-9.9,-29.505,-2.505));
#4943 = DIRECTION('',(-7.E-17,-0.707106781187,-0.707106781187));
#4944 = DIRECTION('',(1.,-4.949747468306E-17,-4.949747468306E-17));
#4945 = ADVANCED_FACE('',(#4946),#4957,.F.);
#4946 = FACE_BOUND('',#4947,.F.);
#4947 = EDGE_LOOP('',(#4948,#4954,#4955,#4956));
#4948 = ORIENTED_EDGE('',*,*,#4949,.F.);
#4949 = EDGE_CURVE('',#4724,#1722,#4950,.T.);
#4950 = LINE('',#4951,#4952);
#4951 = CARTESIAN_POINT('',(-2.405,-37.,-2.505));
#4952 = VECTOR('',#4953,1.);
#4953 = DIRECTION('',(-0.707106781187,0.,0.707106781187));
#4954 = ORIENTED_EDGE('',*,*,#4808,.T.);
#4955 = ORIENTED_EDGE('',*,*,#4932,.T.);
#4956 = ORIENTED_EDGE('',*,*,#1721,.F.);
#4957 = CONICAL_SURFACE('',#4958,5.,0.785398163397);
#4958 = AXIS2_PLACEMENT_3D('',#4959,#4960,#4961);
#4959 = CARTESIAN_POINT('',(-9.9,-37.,-1.E-02));
#4960 = DIRECTION('',(-0.,-0.,-1.));
#4961 = DIRECTION('',(1.,0.,0.));
#4962 = ADVANCED_FACE('',(#4963),#4974,.T.);
#4963 = FACE_BOUND('',#4964,.F.);
#4964 = EDGE_LOOP('',(#4965,#4971,#4972,#4973));
#4965 = ORIENTED_EDGE('',*,*,#4966,.F.);
#4966 = EDGE_CURVE('',#4722,#1748,#4967,.T.);
#4967 = LINE('',#4968,#4969);
#4968 = CARTESIAN_POINT('',(-3.236666666667,-55.33666666666,
    -1.673333333333));
#4969 = VECTOR('',#4970,1.);
#4970 = DIRECTION('',(-0.57735026919,-0.57735026919,0.57735026919));
#4971 = ORIENTED_EDGE('',*,*,#4721,.T.);
#4972 = ORIENTED_EDGE('',*,*,#4949,.T.);
#4973 = ORIENTED_EDGE('',*,*,#1755,.F.);
#4974 = PLANE('',#4975);
#4975 = AXIS2_PLACEMENT_3D('',#4976,#4977,#4978);
#4976 = CARTESIAN_POINT('',(-2.405,-57.,-2.505));
#4977 = DIRECTION('',(-0.707106781187,0.,-0.707106781187));
#4978 = DIRECTION('',(-0.,-1.,-0.));
#4979 = ADVANCED_FACE('',(#4980),#4992,.T.);
#4980 = FACE_BOUND('',#4981,.T.);
#4981 = EDGE_LOOP('',(#4982,#4983,#4984,#4990,#4991));
#4982 = ORIENTED_EDGE('',*,*,#4612,.F.);
#4983 = ORIENTED_EDGE('',*,*,#1778,.T.);
#4984 = ORIENTED_EDGE('',*,*,#4985,.T.);
#4985 = EDGE_CURVE('',#1779,#2143,#4986,.T.);
#4986 = LINE('',#4987,#4988);
#4987 = CARTESIAN_POINT('',(-102.,47.1,20.));
#4988 = VECTOR('',#4989,1.);
#4989 = DIRECTION('',(1.,0.,0.));
#4990 = ORIENTED_EDGE('',*,*,#2198,.T.);
#4991 = ORIENTED_EDGE('',*,*,#2264,.F.);
#4992 = PLANE('',#4993);
#4993 = AXIS2_PLACEMENT_3D('',#4994,#4995,#4996);
#4994 = CARTESIAN_POINT('',(-102.,47.1,20.));
#4995 = DIRECTION('',(0.,0.,1.));
#4996 = DIRECTION('',(1.,0.,0.));
#4997 = ADVANCED_FACE('',(#4998),#5009,.T.);
#4998 = FACE_BOUND('',#4999,.T.);
#4999 = EDGE_LOOP('',(#5000,#5001,#5002,#5008));
#5000 = ORIENTED_EDGE('',*,*,#4966,.F.);
#5001 = ORIENTED_EDGE('',*,*,#4731,.T.);
#5002 = ORIENTED_EDGE('',*,*,#5003,.T.);
#5003 = EDGE_CURVE('',#4732,#1801,#5004,.T.);
#5004 = LINE('',#5005,#5006);
#5005 = CARTESIAN_POINT('',(1.E-01,-54.505,-2.505));
#5006 = VECTOR('',#5007,1.);
#5007 = DIRECTION('',(0.,-0.707106781187,0.707106781187));
#5008 = ORIENTED_EDGE('',*,*,#1808,.F.);
#5009 = PLANE('',#5010);
#5010 = AXIS2_PLACEMENT_3D('',#5011,#5012,#5013);
#5011 = CARTESIAN_POINT('',(-4.9,-54.505,-2.505));
#5012 = DIRECTION('',(-7.E-17,-0.707106781187,-0.707106781187));
#5013 = DIRECTION('',(1.,-4.949747468306E-17,-4.949747468306E-17));
#5014 = ADVANCED_FACE('',(#5015),#5027,.T.);
#5015 = FACE_BOUND('',#5016,.T.);
#5016 = EDGE_LOOP('',(#5017,#5018,#5019,#5025,#5026));
#5017 = ORIENTED_EDGE('',*,*,#1834,.F.);
#5018 = ORIENTED_EDGE('',*,*,#1875,.T.);
#5019 = ORIENTED_EDGE('',*,*,#5020,.T.);
#5020 = EDGE_CURVE('',#1876,#2073,#5021,.T.);
#5021 = LINE('',#5022,#5023);
#5022 = CARTESIAN_POINT('',(-93.2,44.1,20.));
#5023 = VECTOR('',#5024,1.);
#5024 = DIRECTION('',(1.,0.,0.));
#5025 = ORIENTED_EDGE('',*,*,#2150,.T.);
#5026 = ORIENTED_EDGE('',*,*,#4985,.F.);
#5027 = PLANE('',#5028);
#5028 = AXIS2_PLACEMENT_3D('',#5029,#5030,#5031);
#5029 = CARTESIAN_POINT('',(-93.2,44.1,20.));
#5030 = DIRECTION('',(0.,0.,1.));
#5031 = DIRECTION('',(1.,0.,0.));
#5032 = ADVANCED_FACE('',(#5033),#5044,.F.);
#5033 = FACE_BOUND('',#5034,.T.);
#5034 = EDGE_LOOP('',(#5035,#5036,#5037,#5043));
#5035 = ORIENTED_EDGE('',*,*,#5003,.F.);
#5036 = ORIENTED_EDGE('',*,*,#4739,.T.);
#5037 = ORIENTED_EDGE('',*,*,#5038,.T.);
#5038 = EDGE_CURVE('',#4740,#1849,#5039,.T.);
#5039 = LINE('',#5040,#5041);
#5040 = CARTESIAN_POINT('',(5.1,-62.,-1.E-02));
#5041 = VECTOR('',#5042,1.);
#5042 = DIRECTION('',(-0.707106781187,1.7E-16,0.707106781187));
#5043 = ORIENTED_EDGE('',*,*,#1856,.F.);
#5044 = CONICAL_SURFACE('',#5045,5.,0.785398163397);
#5045 = AXIS2_PLACEMENT_3D('',#5046,#5047,#5048);
#5046 = CARTESIAN_POINT('',(9.999999999999E-02,-62.,-1.E-02));
#5047 = DIRECTION('',(-0.,-0.,-1.));
#5048 = DIRECTION('',(3.E-16,1.,0.));
#5049 = ADVANCED_FACE('',(#5050),#5061,.T.);
#5050 = FACE_BOUND('',#5051,.T.);
#5051 = EDGE_LOOP('',(#5052,#5053,#5054,#5060));
#5052 = ORIENTED_EDGE('',*,*,#5038,.F.);
#5053 = ORIENTED_EDGE('',*,*,#4748,.T.);
#5054 = ORIENTED_EDGE('',*,*,#5055,.T.);
#5055 = EDGE_CURVE('',#4749,#1908,#5056,.T.);
#5056 = LINE('',#5057,#5058);
#5057 = CARTESIAN_POINT('',(7.595,-88.,-2.505));
#5058 = VECTOR('',#5059,1.);
#5059 = DIRECTION('',(-0.707106781187,0.,0.707106781187));
#5060 = ORIENTED_EDGE('',*,*,#1915,.F.);
#5061 = PLANE('',#5062);
#5062 = AXIS2_PLACEMENT_3D('',#5063,#5064,#5065);
#5063 = CARTESIAN_POINT('',(7.595,-62.,-2.505));
#5064 = DIRECTION('',(-0.707106781187,0.,-0.707106781187));
#5065 = DIRECTION('',(0.,-1.,0.));
#5066 = ADVANCED_FACE('',(#5067),#5101,.F.);
#5067 = FACE_BOUND('',#5068,.F.);
#5068 = EDGE_LOOP('',(#5069,#5079,#5085,#5086,#5087,#5095));
#5069 = ORIENTED_EDGE('',*,*,#5070,.F.);
#5070 = EDGE_CURVE('',#5071,#5073,#5075,.T.);
#5071 = VERTEX_POINT('',#5072);
#5072 = CARTESIAN_POINT('',(5.1,-88.,32.));
#5073 = VERTEX_POINT('',#5074);
#5074 = CARTESIAN_POINT('',(5.1,-86.,32.));
#5075 = LINE('',#5076,#5077);
#5076 = CARTESIAN_POINT('',(5.1,-93.,32.));
#5077 = VECTOR('',#5078,1.);
#5078 = DIRECTION('',(0.,1.,0.));
#5079 = ORIENTED_EDGE('',*,*,#5080,.F.);
#5080 = EDGE_CURVE('',#1900,#5071,#5081,.T.);
#5081 = LINE('',#5082,#5083);
#5082 = CARTESIAN_POINT('',(5.1,-88.,0.));
#5083 = VECTOR('',#5084,1.);
#5084 = DIRECTION('',(0.,0.,1.));
#5085 = ORIENTED_EDGE('',*,*,#1899,.T.);
#5086 = ORIENTED_EDGE('',*,*,#1976,.T.);
#5087 = ORIENTED_EDGE('',*,*,#5088,.T.);
#5088 = EDGE_CURVE('',#1977,#5089,#5091,.T.);
#5089 = VERTEX_POINT('',#5090);
#5090 = CARTESIAN_POINT('',(5.1,-86.,27.));
#5091 = LINE('',#5092,#5093);
#5092 = CARTESIAN_POINT('',(5.1,-89.5,27.));
#5093 = VECTOR('',#5094,1.);
#5094 = DIRECTION('',(0.,-1.,0.));
#5095 = ORIENTED_EDGE('',*,*,#5096,.T.);
#5096 = EDGE_CURVE('',#5089,#5073,#5097,.T.);
#5097 = LINE('',#5098,#5099);
#5098 = CARTESIAN_POINT('',(5.1,-86.,13.5));
#5099 = VECTOR('',#5100,1.);
#5100 = DIRECTION('',(0.,0.,1.));
#5101 = PLANE('',#5102);
#5102 = AXIS2_PLACEMENT_3D('',#5103,#5104,#5105);
#5103 = CARTESIAN_POINT('',(5.1,-93.,0.));
#5104 = DIRECTION('',(1.,0.,0.));
#5105 = DIRECTION('',(0.,0.,1.));
#5106 = ADVANCED_FACE('',(#5107),#5134,.F.);
#5107 = FACE_BOUND('',#5108,.F.);
#5108 = EDGE_LOOP('',(#5109,#5119,#5126,#5127));
#5109 = ORIENTED_EDGE('',*,*,#5110,.F.);
#5110 = EDGE_CURVE('',#5111,#5113,#5115,.T.);
#5111 = VERTEX_POINT('',#5112);
#5112 = CARTESIAN_POINT('',(9.999999999999E-02,-93.,-1.E-02));
#5113 = VERTEX_POINT('',#5114);
#5114 = CARTESIAN_POINT('',(9.999999999999E-02,-93.,0.));
#5115 = LINE('',#5116,#5117);
#5116 = CARTESIAN_POINT('',(1.E-01,-93.,-5.));
#5117 = VECTOR('',#5118,1.);
#5118 = DIRECTION('',(0.,0.,1.));
#5119 = ORIENTED_EDGE('',*,*,#5120,.F.);
#5120 = EDGE_CURVE('',#1908,#5111,#5121,.T.);
#5121 = CIRCLE('',#5122,5.);
#5122 = AXIS2_PLACEMENT_3D('',#5123,#5124,#5125);
#5123 = CARTESIAN_POINT('',(9.999999999999E-02,-88.,-1.E-02));
#5124 = DIRECTION('',(0.,0.,-1.));
#5125 = DIRECTION('',(1.,0.,0.));
#5126 = ORIENTED_EDGE('',*,*,#1907,.T.);
#5127 = ORIENTED_EDGE('',*,*,#5128,.F.);
#5128 = EDGE_CURVE('',#5113,#1900,#5129,.T.);
#5129 = CIRCLE('',#5130,5.);
#5130 = AXIS2_PLACEMENT_3D('',#5131,#5132,#5133);
#5131 = CARTESIAN_POINT('',(1.E-01,-88.,0.));
#5132 = DIRECTION('',(-0.,0.,1.));
#5133 = DIRECTION('',(0.,-1.,0.));
#5134 = CYLINDRICAL_SURFACE('',#5135,5.);
#5135 = AXIS2_PLACEMENT_3D('',#5136,#5137,#5138);
#5136 = CARTESIAN_POINT('',(1.E-01,-88.,-5.));
#5137 = DIRECTION('',(0.,0.,1.));
#5138 = DIRECTION('',(0.,-1.,0.));
#5139 = ADVANCED_FACE('',(#5140),#5146,.T.);
#5140 = FACE_BOUND('',#5141,.T.);
#5141 = EDGE_LOOP('',(#5142,#5143,#5144,#5145));
#5142 = ORIENTED_EDGE('',*,*,#1939,.F.);
#5143 = ORIENTED_EDGE('',*,*,#2008,.T.);
#5144 = ORIENTED_EDGE('',*,*,#2080,.T.);
#5145 = ORIENTED_EDGE('',*,*,#5020,.F.);
#5146 = PLANE('',#5147);
#5147 = AXIS2_PLACEMENT_3D('',#5148,#5149,#5150);
#5148 = CARTESIAN_POINT('',(-90.5,37.1,20.));
#5149 = DIRECTION('',(0.,0.,1.));
#5150 = DIRECTION('',(1.,0.,0.));
#5151 = ADVANCED_FACE('',(#5152),#5163,.F.);
#5152 = FACE_BOUND('',#5153,.T.);
#5153 = EDGE_LOOP('',(#5154,#5155,#5161,#5162));
#5154 = ORIENTED_EDGE('',*,*,#1947,.T.);
#5155 = ORIENTED_EDGE('',*,*,#5156,.T.);
#5156 = EDGE_CURVE('',#1948,#2089,#5157,.T.);
#5157 = LINE('',#5158,#5159);
#5158 = CARTESIAN_POINT('',(-93.2,41.9,3.));
#5159 = VECTOR('',#5160,1.);
#5160 = DIRECTION('',(1.,0.,0.));
#5161 = ORIENTED_EDGE('',*,*,#2088,.F.);
#5162 = ORIENTED_EDGE('',*,*,#5156,.F.);
#5163 = CYLINDRICAL_SURFACE('',#5164,2.);
#5164 = AXIS2_PLACEMENT_3D('',#5165,#5166,#5167);
#5165 = CARTESIAN_POINT('',(-93.2,41.9,5.));
#5166 = DIRECTION('',(-1.,-0.,0.));
#5167 = DIRECTION('',(0.,0.,-1.));
#5168 = ADVANCED_FACE('',(#5169),#5180,.F.);
#5169 = FACE_BOUND('',#5170,.T.);
#5170 = EDGE_LOOP('',(#5171,#5172,#5178,#5179));
#5171 = ORIENTED_EDGE('',*,*,#1958,.T.);
#5172 = ORIENTED_EDGE('',*,*,#5173,.T.);
#5173 = EDGE_CURVE('',#1959,#2100,#5174,.T.);
#5174 = LINE('',#5175,#5176);
#5175 = CARTESIAN_POINT('',(-93.2,41.9,13.));
#5176 = VECTOR('',#5177,1.);
#5177 = DIRECTION('',(1.,0.,0.));
#5178 = ORIENTED_EDGE('',*,*,#2099,.F.);
#5179 = ORIENTED_EDGE('',*,*,#5173,.F.);
#5180 = CYLINDRICAL_SURFACE('',#5181,2.);
#5181 = AXIS2_PLACEMENT_3D('',#5182,#5183,#5184);
#5182 = CARTESIAN_POINT('',(-93.2,41.9,15.));
#5183 = DIRECTION('',(-1.,-0.,0.));
#5184 = DIRECTION('',(0.,0.,-1.));
#5185 = ADVANCED_FACE('',(#5186),#5197,.T.);
#5186 = FACE_BOUND('',#5187,.T.);
#5187 = EDGE_LOOP('',(#5188,#5194,#5195,#5196));
#5188 = ORIENTED_EDGE('',*,*,#5189,.T.);
#5189 = EDGE_CURVE('',#5089,#2041,#5190,.T.);
#5190 = LINE('',#5191,#5192);
#5191 = CARTESIAN_POINT('',(-95.9,-86.,27.));
#5192 = VECTOR('',#5193,1.);
#5193 = DIRECTION('',(1.,0.,0.));
#5194 = ORIENTED_EDGE('',*,*,#2040,.F.);
#5195 = ORIENTED_EDGE('',*,*,#1984,.F.);
#5196 = ORIENTED_EDGE('',*,*,#5088,.T.);
#5197 = PLANE('',#5198);
#5198 = AXIS2_PLACEMENT_3D('',#5199,#5200,#5201);
#5199 = CARTESIAN_POINT('',(-95.9,-86.,27.));
#5200 = DIRECTION('',(0.,0.,1.));
#5201 = DIRECTION('',(1.,0.,0.));
#5202 = ADVANCED_FACE('',(#5203),#5228,.T.);
#5203 = FACE_BOUND('',#5204,.T.);
#5204 = EDGE_LOOP('',(#5205,#5206,#5215,#5221,#5222));
#5205 = ORIENTED_EDGE('',*,*,#5070,.F.);
#5206 = ORIENTED_EDGE('',*,*,#5207,.T.);
#5207 = EDGE_CURVE('',#5071,#5208,#5210,.T.);
#5208 = VERTEX_POINT('',#5209);
#5209 = CARTESIAN_POINT('',(1.E-01,-93.,32.));
#5210 = CIRCLE('',#5211,5.);
#5211 = AXIS2_PLACEMENT_3D('',#5212,#5213,#5214);
#5212 = CARTESIAN_POINT('',(1.E-01,-88.,32.));
#5213 = DIRECTION('',(-0.,-0.,-1.));
#5214 = DIRECTION('',(0.,-1.,0.));
#5215 = ORIENTED_EDGE('',*,*,#5216,.T.);
#5216 = EDGE_CURVE('',#5208,#2031,#5217,.T.);
#5217 = LINE('',#5218,#5219);
#5218 = CARTESIAN_POINT('',(-75.9,-93.,32.));
#5219 = VECTOR('',#5220,1.);
#5220 = DIRECTION('',(1.,0.,0.));
#5221 = ORIENTED_EDGE('',*,*,#2056,.T.);
#5222 = ORIENTED_EDGE('',*,*,#5223,.T.);
#5223 = EDGE_CURVE('',#2049,#5073,#5224,.T.);
#5224 = LINE('',#5225,#5226);
#5225 = CARTESIAN_POINT('',(-85.9,-86.,32.));
#5226 = VECTOR('',#5227,1.);
#5227 = DIRECTION('',(-1.,0.,0.));
#5228 = PLANE('',#5229);
#5229 = AXIS2_PLACEMENT_3D('',#5230,#5231,#5232);
#5230 = CARTESIAN_POINT('',(-75.9,-93.,32.));
#5231 = DIRECTION('',(0.,0.,1.));
#5232 = DIRECTION('',(1.,0.,0.));
#5233 = ADVANCED_FACE('',(#5234),#5240,.T.);
#5234 = FACE_BOUND('',#5235,.T.);
#5235 = EDGE_LOOP('',(#5236,#5237,#5238,#5239));
#5236 = ORIENTED_EDGE('',*,*,#5189,.F.);
#5237 = ORIENTED_EDGE('',*,*,#5096,.T.);
#5238 = ORIENTED_EDGE('',*,*,#5223,.F.);
#5239 = ORIENTED_EDGE('',*,*,#2048,.F.);
#5240 = PLANE('',#5241);
#5241 = AXIS2_PLACEMENT_3D('',#5242,#5243,#5244);
#5242 = CARTESIAN_POINT('',(-95.9,-86.,27.));
#5243 = DIRECTION('',(0.,1.,0.));
#5244 = DIRECTION('',(0.,0.,1.));
#5245 = ADVANCED_FACE('',(#5246),#5266,.T.);
#5246 = FACE_BOUND('',#5247,.T.);
#5247 = EDGE_LOOP('',(#5248,#5249,#5250,#5258,#5264,#5265));
#5248 = ORIENTED_EDGE('',*,*,#2116,.T.);
#5249 = ORIENTED_EDGE('',*,*,#5216,.F.);
#5250 = ORIENTED_EDGE('',*,*,#5251,.F.);
#5251 = EDGE_CURVE('',#5252,#5208,#5254,.T.);
#5252 = VERTEX_POINT('',#5253);
#5253 = CARTESIAN_POINT('',(-6.9,-93.,32.));
#5254 = LINE('',#5255,#5256);
#5255 = CARTESIAN_POINT('',(-75.9,-93.,32.));
#5256 = VECTOR('',#5257,1.);
#5257 = DIRECTION('',(1.,0.,0.));
#5258 = ORIENTED_EDGE('',*,*,#5259,.F.);
#5259 = EDGE_CURVE('',#2233,#5252,#5260,.T.);
#5260 = LINE('',#5261,#5262);
#5261 = CARTESIAN_POINT('',(-6.9,-96.,32.));
#5262 = VECTOR('',#5263,1.);
#5263 = DIRECTION('',(0.,1.,0.));
#5264 = ORIENTED_EDGE('',*,*,#2240,.T.);
#5265 = ORIENTED_EDGE('',*,*,#2173,.T.);
#5266 = PLANE('',#5267);
#5267 = AXIS2_PLACEMENT_3D('',#5268,#5269,#5270);
#5268 = CARTESIAN_POINT('',(-6.9,-96.,32.));
#5269 = DIRECTION('',(0.,0.,1.));
#5270 = DIRECTION('',(1.,0.,0.));
#5271 = ADVANCED_FACE('',(#5272),#5283,.F.);
#5272 = FACE_BOUND('',#5273,.T.);
#5273 = EDGE_LOOP('',(#5274,#5275,#5281,#5282));
#5274 = ORIENTED_EDGE('',*,*,#4620,.T.);
#5275 = ORIENTED_EDGE('',*,*,#5276,.T.);
#5276 = EDGE_CURVE('',#4621,#2207,#5277,.T.);
#5277 = LINE('',#5278,#5279);
#5278 = CARTESIAN_POINT('',(-121.,52.,6.));
#5279 = VECTOR('',#5280,1.);
#5280 = DIRECTION('',(1.,0.,0.));
#5281 = ORIENTED_EDGE('',*,*,#2206,.F.);
#5282 = ORIENTED_EDGE('',*,*,#5276,.F.);
#5283 = CYLINDRICAL_SURFACE('',#5284,4.);
#5284 = AXIS2_PLACEMENT_3D('',#5285,#5286,#5287);
#5285 = CARTESIAN_POINT('',(-121.,52.,10.));
#5286 = DIRECTION('',(-1.,-0.,0.));
#5287 = DIRECTION('',(0.,0.,-1.));
#5288 = ADVANCED_FACE('',(#5289),#5300,.F.);
#5289 = FACE_BOUND('',#5290,.F.);
#5290 = EDGE_LOOP('',(#5291,#5292,#5293,#5294));
#5291 = ORIENTED_EDGE('',*,*,#5259,.F.);
#5292 = ORIENTED_EDGE('',*,*,#2232,.F.);
#5293 = ORIENTED_EDGE('',*,*,#4171,.T.);
#5294 = ORIENTED_EDGE('',*,*,#5295,.F.);
#5295 = EDGE_CURVE('',#5252,#4172,#5296,.T.);
#5296 = LINE('',#5297,#5298);
#5297 = CARTESIAN_POINT('',(-6.9,-93.,0.));
#5298 = VECTOR('',#5299,1.);
#5299 = DIRECTION('',(0.,0.,-1.));
#5300 = PLANE('',#5301);
#5301 = AXIS2_PLACEMENT_3D('',#5302,#5303,#5304);
#5302 = CARTESIAN_POINT('',(-6.9,-96.,0.));
#5303 = DIRECTION('',(1.,0.,0.));
#5304 = DIRECTION('',(0.,0.,1.));
#5305 = ADVANCED_FACE('',(#5306),#5322,.T.);
#5306 = FACE_BOUND('',#5307,.T.);
#5307 = EDGE_LOOP('',(#5308,#5309,#5315,#5316));
#5308 = ORIENTED_EDGE('',*,*,#2321,.F.);
#5309 = ORIENTED_EDGE('',*,*,#5310,.T.);
#5310 = EDGE_CURVE('',#2314,#2417,#5311,.T.);
#5311 = LINE('',#5312,#5313);
#5312 = CARTESIAN_POINT('',(-102.,-108.,0.));
#5313 = VECTOR('',#5314,1.);
#5314 = DIRECTION('',(1.,0.,0.));
#5315 = ORIENTED_EDGE('',*,*,#2454,.T.);
#5316 = ORIENTED_EDGE('',*,*,#5317,.F.);
#5317 = EDGE_CURVE('',#2322,#2447,#5318,.T.);
#5318 = LINE('',#5319,#5320);
#5319 = CARTESIAN_POINT('',(12.7,-80.,0.));
#5320 = VECTOR('',#5321,1.);
#5321 = DIRECTION('',(1.,0.,0.));
#5322 = PLANE('',#5323);
#5323 = AXIS2_PLACEMENT_3D('',#5324,#5325,#5326);
#5324 = CARTESIAN_POINT('',(-102.,-108.,0.));
#5325 = DIRECTION('',(0.,0.,1.));
#5326 = DIRECTION('',(1.,0.,0.));
#5327 = ADVANCED_FACE('',(#5328),#5354,.F.);
#5328 = FACE_BOUND('',#5329,.F.);
#5329 = EDGE_LOOP('',(#5330,#5331,#5339,#5347,#5353));
#5330 = ORIENTED_EDGE('',*,*,#2329,.F.);
#5331 = ORIENTED_EDGE('',*,*,#5332,.T.);
#5332 = EDGE_CURVE('',#2330,#5333,#5335,.T.);
#5333 = VERTEX_POINT('',#5334);
#5334 = CARTESIAN_POINT('',(12.7,-80.,20.));
#5335 = LINE('',#5336,#5337);
#5336 = CARTESIAN_POINT('',(12.7,-80.,0.));
#5337 = VECTOR('',#5338,1.);
#5338 = DIRECTION('',(0.,0.,1.));
#5339 = ORIENTED_EDGE('',*,*,#5340,.T.);
#5340 = EDGE_CURVE('',#5333,#5341,#5343,.T.);
#5341 = VERTEX_POINT('',#5342);
#5342 = CARTESIAN_POINT('',(34.2,-80.,20.));
#5343 = LINE('',#5344,#5345);
#5344 = CARTESIAN_POINT('',(12.7,-80.,20.));
#5345 = VECTOR('',#5346,1.);
#5346 = DIRECTION('',(1.,0.,0.));
#5347 = ORIENTED_EDGE('',*,*,#5348,.F.);
#5348 = EDGE_CURVE('',#2447,#5341,#5349,.T.);
#5349 = LINE('',#5350,#5351);
#5350 = CARTESIAN_POINT('',(34.2,-80.,0.));
#5351 = VECTOR('',#5352,1.);
#5352 = DIRECTION('',(0.,0.,1.));
#5353 = ORIENTED_EDGE('',*,*,#5317,.F.);
#5354 = PLANE('',#5355);
#5355 = AXIS2_PLACEMENT_3D('',#5356,#5357,#5358);
#5356 = CARTESIAN_POINT('',(12.7,-80.,0.));
#5357 = DIRECTION('',(0.,1.,0.));
#5358 = DIRECTION('',(0.,0.,1.));
#5359 = ADVANCED_FACE('',(#5360,#5378),#5389,.F.);
#5360 = FACE_BOUND('',#5361,.F.);
#5361 = EDGE_LOOP('',(#5362,#5363,#5364,#5372));
#5362 = ORIENTED_EDGE('',*,*,#5332,.F.);
#5363 = ORIENTED_EDGE('',*,*,#2337,.T.);
#5364 = ORIENTED_EDGE('',*,*,#5365,.T.);
#5365 = EDGE_CURVE('',#2338,#5366,#5368,.T.);
#5366 = VERTEX_POINT('',#5367);
#5367 = CARTESIAN_POINT('',(12.7,-67.,20.));
#5368 = LINE('',#5369,#5370);
#5369 = CARTESIAN_POINT('',(12.7,-67.,0.));
#5370 = VECTOR('',#5371,1.);
#5371 = DIRECTION('',(0.,0.,1.));
#5372 = ORIENTED_EDGE('',*,*,#5373,.F.);
#5373 = EDGE_CURVE('',#5333,#5366,#5374,.T.);
#5374 = LINE('',#5375,#5376);
#5375 = CARTESIAN_POINT('',(12.7,-80.,20.));
#5376 = VECTOR('',#5377,1.);
#5377 = DIRECTION('',(0.,1.,0.));
#5378 = FACE_BOUND('',#5379,.F.);
#5379 = EDGE_LOOP('',(#5380));
#5380 = ORIENTED_EDGE('',*,*,#5381,.T.);
#5381 = EDGE_CURVE('',#5382,#5382,#5384,.T.);
#5382 = VERTEX_POINT('',#5383);
#5383 = CARTESIAN_POINT('',(12.7,-72.,6.));
#5384 = CIRCLE('',#5385,4.);
#5385 = AXIS2_PLACEMENT_3D('',#5386,#5387,#5388);
#5386 = CARTESIAN_POINT('',(12.7,-72.,10.));
#5387 = DIRECTION('',(-1.,0.,2.2E-16));
#5388 = DIRECTION('',(-2.2E-16,0.,-1.));
#5389 = PLANE('',#5390);
#5390 = AXIS2_PLACEMENT_3D('',#5391,#5392,#5393);
#5391 = CARTESIAN_POINT('',(12.7,-80.,0.));
#5392 = DIRECTION('',(1.,0.,0.));
#5393 = DIRECTION('',(0.,0.,1.));
#5394 = ADVANCED_FACE('',(#5395),#5413,.F.);
#5395 = FACE_BOUND('',#5396,.F.);
#5396 = EDGE_LOOP('',(#5397,#5398,#5399,#5407));
#5397 = ORIENTED_EDGE('',*,*,#5365,.F.);
#5398 = ORIENTED_EDGE('',*,*,#2345,.T.);
#5399 = ORIENTED_EDGE('',*,*,#5400,.T.);
#5400 = EDGE_CURVE('',#2346,#5401,#5403,.T.);
#5401 = VERTEX_POINT('',#5402);
#5402 = CARTESIAN_POINT('',(12.7,-64.,20.));
#5403 = LINE('',#5404,#5405);
#5404 = CARTESIAN_POINT('',(12.7,-64.,0.));
#5405 = VECTOR('',#5406,1.);
#5406 = DIRECTION('',(0.,0.,1.));
#5407 = ORIENTED_EDGE('',*,*,#5408,.F.);
#5408 = EDGE_CURVE('',#5366,#5401,#5409,.T.);
#5409 = LINE('',#5410,#5411);
#5410 = CARTESIAN_POINT('',(12.7,-67.,20.));
#5411 = VECTOR('',#5412,1.);
#5412 = DIRECTION('',(0.,1.,0.));
#5413 = PLANE('',#5414);
#5414 = AXIS2_PLACEMENT_3D('',#5415,#5416,#5417);
#5415 = CARTESIAN_POINT('',(12.7,-67.,0.));
#5416 = DIRECTION('',(1.,0.,0.));
#5417 = DIRECTION('',(0.,0.,1.));
#5418 = ADVANCED_FACE('',(#5419,#5430,#5441),#5452,.F.);
#5419 = FACE_BOUND('',#5420,.F.);
#5420 = EDGE_LOOP('',(#5421,#5422,#5423,#5424));
#5421 = ORIENTED_EDGE('',*,*,#5400,.F.);
#5422 = ORIENTED_EDGE('',*,*,#2353,.T.);
#5423 = ORIENTED_EDGE('',*,*,#2559,.T.);
#5424 = ORIENTED_EDGE('',*,*,#5425,.F.);
#5425 = EDGE_CURVE('',#5401,#2560,#5426,.T.);
#5426 = LINE('',#5427,#5428);
#5427 = CARTESIAN_POINT('',(12.7,-64.,20.));
#5428 = VECTOR('',#5429,1.);
#5429 = DIRECTION('',(0.,1.,0.));
#5430 = FACE_BOUND('',#5431,.F.);
#5431 = EDGE_LOOP('',(#5432));
#5432 = ORIENTED_EDGE('',*,*,#5433,.T.);
#5433 = EDGE_CURVE('',#5434,#5434,#5436,.T.);
#5434 = VERTEX_POINT('',#5435);
#5435 = CARTESIAN_POINT('',(12.7,-61.8,3.));
#5436 = CIRCLE('',#5437,2.);
#5437 = AXIS2_PLACEMENT_3D('',#5438,#5439,#5440);
#5438 = CARTESIAN_POINT('',(12.7,-61.8,5.));
#5439 = DIRECTION('',(-1.,0.,2.2E-16));
#5440 = DIRECTION('',(-2.2E-16,0.,-1.));
#5441 = FACE_BOUND('',#5442,.F.);
#5442 = EDGE_LOOP('',(#5443));
#5443 = ORIENTED_EDGE('',*,*,#5444,.T.);
#5444 = EDGE_CURVE('',#5445,#5445,#5447,.T.);
#5445 = VERTEX_POINT('',#5446);
#5446 = CARTESIAN_POINT('',(12.7,-61.8,13.));
#5447 = CIRCLE('',#5448,2.);
#5448 = AXIS2_PLACEMENT_3D('',#5449,#5450,#5451);
#5449 = CARTESIAN_POINT('',(12.7,-61.8,15.));
#5450 = DIRECTION('',(-1.,0.,2.2E-16));
#5451 = DIRECTION('',(-2.2E-16,0.,-1.));
#5452 = PLANE('',#5453);
#5453 = AXIS2_PLACEMENT_3D('',#5454,#5455,#5456);
#5454 = CARTESIAN_POINT('',(12.7,-64.,0.));
#5455 = DIRECTION('',(1.,0.,0.));
#5456 = DIRECTION('',(0.,0.,1.));
#5457 = ADVANCED_FACE('',(#5458),#5477,.T.);
#5458 = FACE_BOUND('',#5459,.F.);
#5459 = EDGE_LOOP('',(#5460,#5468,#5475,#5476));
#5460 = ORIENTED_EDGE('',*,*,#5461,.T.);
#5461 = EDGE_CURVE('',#2374,#5462,#5464,.T.);
#5462 = VERTEX_POINT('',#5463);
#5463 = CARTESIAN_POINT('',(19.2,-98.,32.));
#5464 = LINE('',#5465,#5466);
#5465 = CARTESIAN_POINT('',(19.2,-98.,0.));
#5466 = VECTOR('',#5467,1.);
#5467 = DIRECTION('',(0.,0.,1.));
#5468 = ORIENTED_EDGE('',*,*,#5469,.T.);
#5469 = EDGE_CURVE('',#5462,#5462,#5470,.T.);
#5470 = CIRCLE('',#5471,4.);
#5471 = AXIS2_PLACEMENT_3D('',#5472,#5473,#5474);
#5472 = CARTESIAN_POINT('',(15.2,-98.,32.));
#5473 = DIRECTION('',(0.,0.,1.));
#5474 = DIRECTION('',(1.,0.,0.));
#5475 = ORIENTED_EDGE('',*,*,#5461,.F.);
#5476 = ORIENTED_EDGE('',*,*,#2373,.F.);
#5477 = CYLINDRICAL_SURFACE('',#5478,4.);
#5478 = AXIS2_PLACEMENT_3D('',#5479,#5480,#5481);
#5479 = CARTESIAN_POINT('',(15.2,-98.,0.));
#5480 = DIRECTION('',(-0.,-0.,-1.));
#5481 = DIRECTION('',(1.,0.,0.));
#5482 = ADVANCED_FACE('',(#5483),#5489,.F.);
#5483 = FACE_BOUND('',#5484,.F.);
#5484 = EDGE_LOOP('',(#5485,#5486,#5487,#5488));
#5485 = ORIENTED_EDGE('',*,*,#4712,.F.);
#5486 = ORIENTED_EDGE('',*,*,#3960,.T.);
#5487 = ORIENTED_EDGE('',*,*,#5310,.T.);
#5488 = ORIENTED_EDGE('',*,*,#2414,.F.);
#5489 = PLANE('',#5490);
#5490 = AXIS2_PLACEMENT_3D('',#5491,#5492,#5493);
#5491 = CARTESIAN_POINT('',(-102.,-108.,-5.));
#5492 = DIRECTION('',(0.,1.,0.));
#5493 = DIRECTION('',(0.,0.,1.));
#5494 = ADVANCED_FACE('',(#5495,#5506),#5517,.T.);
#5495 = FACE_BOUND('',#5496,.T.);
#5496 = EDGE_LOOP('',(#5497,#5498,#5499,#5500));
#5497 = ORIENTED_EDGE('',*,*,#5348,.F.);
#5498 = ORIENTED_EDGE('',*,*,#2446,.T.);
#5499 = ORIENTED_EDGE('',*,*,#2834,.T.);
#5500 = ORIENTED_EDGE('',*,*,#5501,.F.);
#5501 = EDGE_CURVE('',#5341,#2827,#5502,.T.);
#5502 = LINE('',#5503,#5504);
#5503 = CARTESIAN_POINT('',(34.2,-80.,20.));
#5504 = VECTOR('',#5505,1.);
#5505 = DIRECTION('',(0.,1.,0.));
#5506 = FACE_BOUND('',#5507,.T.);
#5507 = EDGE_LOOP('',(#5508));
#5508 = ORIENTED_EDGE('',*,*,#5509,.T.);
#5509 = EDGE_CURVE('',#5510,#5510,#5512,.T.);
#5510 = VERTEX_POINT('',#5511);
#5511 = CARTESIAN_POINT('',(34.2,-72.,6.));
#5512 = CIRCLE('',#5513,4.);
#5513 = AXIS2_PLACEMENT_3D('',#5514,#5515,#5516);
#5514 = CARTESIAN_POINT('',(34.2,-72.,10.));
#5515 = DIRECTION('',(-1.,0.,2.2E-16));
#5516 = DIRECTION('',(-2.2E-16,0.,-1.));
#5517 = PLANE('',#5518);
#5518 = AXIS2_PLACEMENT_3D('',#5519,#5520,#5521);
#5519 = CARTESIAN_POINT('',(34.2,-80.,0.));
#5520 = DIRECTION('',(1.,0.,0.));
#5521 = DIRECTION('',(0.,0.,1.));
#5522 = ADVANCED_FACE('',(#5523),#5542,.T.);
#5523 = FACE_BOUND('',#5524,.T.);
#5524 = EDGE_LOOP('',(#5525,#5526,#5527,#5528,#5536));
#5525 = ORIENTED_EDGE('',*,*,#2913,.F.);
#5526 = ORIENTED_EDGE('',*,*,#2439,.T.);
#5527 = ORIENTED_EDGE('',*,*,#2961,.T.);
#5528 = ORIENTED_EDGE('',*,*,#5529,.F.);
#5529 = EDGE_CURVE('',#5530,#2954,#5532,.T.);
#5530 = VERTEX_POINT('',#5531);
#5531 = CARTESIAN_POINT('',(34.2,-10.,20.1));
#5532 = LINE('',#5533,#5534);
#5533 = CARTESIAN_POINT('',(34.2,-16.9,20.1));
#5534 = VECTOR('',#5535,1.);
#5535 = DIRECTION('',(0.,1.,0.));
#5536 = ORIENTED_EDGE('',*,*,#5537,.F.);
#5537 = EDGE_CURVE('',#2906,#5530,#5538,.T.);
#5538 = LINE('',#5539,#5540);
#5539 = CARTESIAN_POINT('',(34.2,-16.9,20.1));
#5540 = VECTOR('',#5541,1.);
#5541 = DIRECTION('',(0.,1.,0.));
#5542 = PLANE('',#5543);
#5543 = AXIS2_PLACEMENT_3D('',#5544,#5545,#5546);
#5544 = CARTESIAN_POINT('',(34.2,-16.9,0.));
#5545 = DIRECTION('',(1.,0.,0.));
#5546 = DIRECTION('',(0.,0.,1.));
#5547 = ADVANCED_FACE('',(#5548,#5559),#5570,.T.);
#5548 = FACE_BOUND('',#5549,.T.);
#5549 = EDGE_LOOP('',(#5550,#5551,#5552,#5553));
#5550 = ORIENTED_EDGE('',*,*,#2882,.F.);
#5551 = ORIENTED_EDGE('',*,*,#2432,.T.);
#5552 = ORIENTED_EDGE('',*,*,#2485,.T.);
#5553 = ORIENTED_EDGE('',*,*,#5554,.F.);
#5554 = EDGE_CURVE('',#2875,#2478,#5555,.T.);
#5555 = LINE('',#5556,#5557);
#5556 = CARTESIAN_POINT('',(34.2,47.1,20.));
#5557 = VECTOR('',#5558,1.);
#5558 = DIRECTION('',(0.,1.,0.));
#5559 = FACE_BOUND('',#5560,.T.);
#5560 = EDGE_LOOP('',(#5561));
#5561 = ORIENTED_EDGE('',*,*,#5562,.T.);
#5562 = EDGE_CURVE('',#5563,#5563,#5565,.T.);
#5563 = VERTEX_POINT('',#5564);
#5564 = CARTESIAN_POINT('',(34.2,52.,6.));
#5565 = CIRCLE('',#5566,4.);
#5566 = AXIS2_PLACEMENT_3D('',#5567,#5568,#5569);
#5567 = CARTESIAN_POINT('',(34.2,52.,10.));
#5568 = DIRECTION('',(-1.,0.,2.2E-16));
#5569 = DIRECTION('',(-2.2E-16,0.,-1.));
#5570 = PLANE('',#5571);
#5571 = AXIS2_PLACEMENT_3D('',#5572,#5573,#5574);
#5572 = CARTESIAN_POINT('',(34.2,47.1,0.));
#5573 = DIRECTION('',(1.,0.,0.));
#5574 = DIRECTION('',(0.,0.,1.));
#5575 = ADVANCED_FACE('',(#5576),#5588,.T.);
#5576 = FACE_BOUND('',#5577,.T.);
#5577 = EDGE_LOOP('',(#5578,#5579,#5585,#5586,#5587));
#5578 = ORIENTED_EDGE('',*,*,#2509,.F.);
#5579 = ORIENTED_EDGE('',*,*,#5580,.T.);
#5580 = EDGE_CURVE('',#2500,#2851,#5581,.T.);
#5581 = LINE('',#5582,#5583);
#5582 = CARTESIAN_POINT('',(12.7,47.1,20.));
#5583 = VECTOR('',#5584,1.);
#5584 = DIRECTION('',(1.,0.,0.));
#5585 = ORIENTED_EDGE('',*,*,#2874,.T.);
#5586 = ORIENTED_EDGE('',*,*,#5554,.T.);
#5587 = ORIENTED_EDGE('',*,*,#2477,.F.);
#5588 = PLANE('',#5589);
#5589 = AXIS2_PLACEMENT_3D('',#5590,#5591,#5592);
#5590 = CARTESIAN_POINT('',(12.7,47.1,20.));
#5591 = DIRECTION('',(0.,0.,1.));
#5592 = DIRECTION('',(1.,0.,0.));
#5593 = ADVANCED_FACE('',(#5594),#5605,.F.);
#5594 = FACE_BOUND('',#5595,.T.);
#5595 = EDGE_LOOP('',(#5596,#5597,#5603,#5604));
#5596 = ORIENTED_EDGE('',*,*,#2517,.T.);
#5597 = ORIENTED_EDGE('',*,*,#5598,.T.);
#5598 = EDGE_CURVE('',#2518,#5563,#5599,.T.);
#5599 = LINE('',#5600,#5601);
#5600 = CARTESIAN_POINT('',(6.1,52.,6.));
#5601 = VECTOR('',#5602,1.);
#5602 = DIRECTION('',(1.,0.,0.));
#5603 = ORIENTED_EDGE('',*,*,#5562,.F.);
#5604 = ORIENTED_EDGE('',*,*,#5598,.F.);
#5605 = CYLINDRICAL_SURFACE('',#5606,4.);
#5606 = AXIS2_PLACEMENT_3D('',#5607,#5608,#5609);
#5607 = CARTESIAN_POINT('',(6.1,52.,10.));
#5608 = DIRECTION('',(-1.,-0.,0.));
#5609 = DIRECTION('',(0.,0.,-1.));
#5610 = ADVANCED_FACE('',(#5611),#5623,.T.);
#5611 = FACE_BOUND('',#5612,.T.);
#5612 = EDGE_LOOP('',(#5613,#5614,#5620,#5621,#5622));
#5613 = ORIENTED_EDGE('',*,*,#2544,.F.);
#5614 = ORIENTED_EDGE('',*,*,#5615,.T.);
#5615 = EDGE_CURVE('',#2535,#2733,#5616,.T.);
#5616 = LINE('',#5617,#5618);
#5617 = CARTESIAN_POINT('',(12.7,44.1,20.));
#5618 = VECTOR('',#5619,1.);
#5619 = DIRECTION('',(1.,0.,0.));
#5620 = ORIENTED_EDGE('',*,*,#2802,.T.);
#5621 = ORIENTED_EDGE('',*,*,#2858,.T.);
#5622 = ORIENTED_EDGE('',*,*,#5580,.F.);
#5623 = PLANE('',#5624);
#5624 = AXIS2_PLACEMENT_3D('',#5625,#5626,#5627);
#5625 = CARTESIAN_POINT('',(12.7,44.1,20.));
#5626 = DIRECTION('',(0.,0.,1.));
#5627 = DIRECTION('',(1.,0.,0.));
#5628 = ADVANCED_FACE('',(#5629),#5640,.T.);
#5629 = FACE_BOUND('',#5630,.T.);
#5630 = EDGE_LOOP('',(#5631,#5632,#5638,#5639));
#5631 = ORIENTED_EDGE('',*,*,#5425,.F.);
#5632 = ORIENTED_EDGE('',*,*,#5633,.T.);
#5633 = EDGE_CURVE('',#5401,#2637,#5634,.T.);
#5634 = LINE('',#5635,#5636);
#5635 = CARTESIAN_POINT('',(12.7,-64.,20.));
#5636 = VECTOR('',#5637,1.);
#5637 = DIRECTION('',(1.,0.,0.));
#5638 = ORIENTED_EDGE('',*,*,#2646,.T.);
#5639 = ORIENTED_EDGE('',*,*,#2567,.F.);
#5640 = PLANE('',#5641);
#5641 = AXIS2_PLACEMENT_3D('',#5642,#5643,#5644);
#5642 = CARTESIAN_POINT('',(12.7,-64.,20.));
#5643 = DIRECTION('',(0.,0.,1.));
#5644 = DIRECTION('',(1.,0.,0.));
#5645 = ADVANCED_FACE('',(#5646),#5652,.T.);
#5646 = FACE_BOUND('',#5647,.T.);
#5647 = EDGE_LOOP('',(#5648,#5649,#5650,#5651));
#5648 = ORIENTED_EDGE('',*,*,#2600,.F.);
#5649 = ORIENTED_EDGE('',*,*,#2684,.T.);
#5650 = ORIENTED_EDGE('',*,*,#2740,.T.);
#5651 = ORIENTED_EDGE('',*,*,#5615,.F.);
#5652 = PLANE('',#5653);
#5653 = AXIS2_PLACEMENT_3D('',#5654,#5655,#5656);
#5654 = CARTESIAN_POINT('',(12.7,37.1,20.));
#5655 = DIRECTION('',(0.,0.,1.));
#5656 = DIRECTION('',(1.,0.,0.));
#5657 = ADVANCED_FACE('',(#5658),#5669,.F.);
#5658 = FACE_BOUND('',#5659,.T.);
#5659 = EDGE_LOOP('',(#5660,#5661,#5667,#5668));
#5660 = ORIENTED_EDGE('',*,*,#2608,.T.);
#5661 = ORIENTED_EDGE('',*,*,#5662,.T.);
#5662 = EDGE_CURVE('',#2609,#2749,#5663,.T.);
#5663 = LINE('',#5664,#5665);
#5664 = CARTESIAN_POINT('',(5.4,41.9,3.));
#5665 = VECTOR('',#5666,1.);
#5666 = DIRECTION('',(1.,0.,0.));
#5667 = ORIENTED_EDGE('',*,*,#2748,.F.);
#5668 = ORIENTED_EDGE('',*,*,#5662,.F.);
#5669 = CYLINDRICAL_SURFACE('',#5670,2.);
#5670 = AXIS2_PLACEMENT_3D('',#5671,#5672,#5673);
#5671 = CARTESIAN_POINT('',(5.4,41.9,5.));
#5672 = DIRECTION('',(-1.,-0.,0.));
#5673 = DIRECTION('',(0.,0.,-1.));
#5674 = ADVANCED_FACE('',(#5675),#5686,.F.);
#5675 = FACE_BOUND('',#5676,.T.);
#5676 = EDGE_LOOP('',(#5677,#5678,#5684,#5685));
#5677 = ORIENTED_EDGE('',*,*,#2619,.T.);
#5678 = ORIENTED_EDGE('',*,*,#5679,.T.);
#5679 = EDGE_CURVE('',#2620,#2760,#5680,.T.);
#5680 = LINE('',#5681,#5682);
#5681 = CARTESIAN_POINT('',(5.4,41.9,13.));
#5682 = VECTOR('',#5683,1.);
#5683 = DIRECTION('',(1.,0.,0.));
#5684 = ORIENTED_EDGE('',*,*,#2759,.F.);
#5685 = ORIENTED_EDGE('',*,*,#5679,.F.);
#5686 = CYLINDRICAL_SURFACE('',#5687,2.);
#5687 = AXIS2_PLACEMENT_3D('',#5688,#5689,#5690);
#5688 = CARTESIAN_POINT('',(5.4,41.9,15.));
#5689 = DIRECTION('',(-1.,-0.,0.));
#5690 = DIRECTION('',(0.,0.,-1.));
#5691 = ADVANCED_FACE('',(#5692),#5703,.F.);
#5692 = FACE_BOUND('',#5693,.T.);
#5693 = EDGE_LOOP('',(#5694,#5695,#5701,#5702));
#5694 = ORIENTED_EDGE('',*,*,#5433,.T.);
#5695 = ORIENTED_EDGE('',*,*,#5696,.T.);
#5696 = EDGE_CURVE('',#5434,#2655,#5697,.T.);
#5697 = LINE('',#5698,#5699);
#5698 = CARTESIAN_POINT('',(5.4,-61.8,3.));
#5699 = VECTOR('',#5700,1.);
#5700 = DIRECTION('',(1.,0.,0.));
#5701 = ORIENTED_EDGE('',*,*,#2654,.F.);
#5702 = ORIENTED_EDGE('',*,*,#5696,.F.);
#5703 = CYLINDRICAL_SURFACE('',#5704,2.);
#5704 = AXIS2_PLACEMENT_3D('',#5705,#5706,#5707);
#5705 = CARTESIAN_POINT('',(5.4,-61.8,5.));
#5706 = DIRECTION('',(-1.,-0.,0.));
#5707 = DIRECTION('',(0.,0.,-1.));
#5708 = ADVANCED_FACE('',(#5709),#5720,.F.);
#5709 = FACE_BOUND('',#5710,.T.);
#5710 = EDGE_LOOP('',(#5711,#5712,#5718,#5719));
#5711 = ORIENTED_EDGE('',*,*,#5444,.T.);
#5712 = ORIENTED_EDGE('',*,*,#5713,.T.);
#5713 = EDGE_CURVE('',#5445,#2666,#5714,.T.);
#5714 = LINE('',#5715,#5716);
#5715 = CARTESIAN_POINT('',(5.4,-61.8,13.));
#5716 = VECTOR('',#5717,1.);
#5717 = DIRECTION('',(1.,0.,0.));
#5718 = ORIENTED_EDGE('',*,*,#2665,.F.);
#5719 = ORIENTED_EDGE('',*,*,#5713,.F.);
#5720 = CYLINDRICAL_SURFACE('',#5721,2.);
#5721 = AXIS2_PLACEMENT_3D('',#5722,#5723,#5724);
#5722 = CARTESIAN_POINT('',(5.4,-61.8,15.));
#5723 = DIRECTION('',(-1.,-0.,0.));
#5724 = DIRECTION('',(0.,0.,-1.));
#5725 = ADVANCED_FACE('',(#5726),#5738,.T.);
#5726 = FACE_BOUND('',#5727,.T.);
#5727 = EDGE_LOOP('',(#5728,#5729,#5735,#5736,#5737));
#5728 = ORIENTED_EDGE('',*,*,#5408,.F.);
#5729 = ORIENTED_EDGE('',*,*,#5730,.T.);
#5730 = EDGE_CURVE('',#5366,#2777,#5731,.T.);
#5731 = LINE('',#5732,#5733);
#5732 = CARTESIAN_POINT('',(12.7,-67.,20.));
#5733 = VECTOR('',#5734,1.);
#5734 = DIRECTION('',(1.,0.,0.));
#5735 = ORIENTED_EDGE('',*,*,#2786,.T.);
#5736 = ORIENTED_EDGE('',*,*,#2708,.F.);
#5737 = ORIENTED_EDGE('',*,*,#5633,.F.);
#5738 = PLANE('',#5739);
#5739 = AXIS2_PLACEMENT_3D('',#5740,#5741,#5742);
#5740 = CARTESIAN_POINT('',(12.7,-67.,20.));
#5741 = DIRECTION('',(0.,0.,1.));
#5742 = DIRECTION('',(1.,0.,0.));
#5743 = ADVANCED_FACE('',(#5744),#5751,.T.);
#5744 = FACE_BOUND('',#5745,.T.);
#5745 = EDGE_LOOP('',(#5746,#5747,#5748,#5749,#5750));
#5746 = ORIENTED_EDGE('',*,*,#5373,.F.);
#5747 = ORIENTED_EDGE('',*,*,#5340,.T.);
#5748 = ORIENTED_EDGE('',*,*,#5501,.T.);
#5749 = ORIENTED_EDGE('',*,*,#2826,.F.);
#5750 = ORIENTED_EDGE('',*,*,#5730,.F.);
#5751 = PLANE('',#5752);
#5752 = AXIS2_PLACEMENT_3D('',#5753,#5754,#5755);
#5753 = CARTESIAN_POINT('',(12.7,-80.,20.));
#5754 = DIRECTION('',(0.,0.,1.));
#5755 = DIRECTION('',(1.,0.,0.));
#5756 = ADVANCED_FACE('',(#5757,#5764),#5773,.T.);
#5757 = FACE_BOUND('',#5758,.T.);
#5758 = EDGE_LOOP('',(#5759,#5760,#5761,#5762,#5763));
#5759 = ORIENTED_EDGE('',*,*,#2953,.F.);
#5760 = ORIENTED_EDGE('',*,*,#2937,.F.);
#5761 = ORIENTED_EDGE('',*,*,#2905,.T.);
#5762 = ORIENTED_EDGE('',*,*,#5537,.T.);
#5763 = ORIENTED_EDGE('',*,*,#5529,.T.);
#5764 = FACE_BOUND('',#5765,.T.);
#5765 = EDGE_LOOP('',(#5766));
#5766 = ORIENTED_EDGE('',*,*,#5767,.F.);
#5767 = EDGE_CURVE('',#5530,#5530,#5768,.T.);
#5768 = CIRCLE('',#5769,4.);
#5769 = AXIS2_PLACEMENT_3D('',#5770,#5771,#5772);
#5770 = CARTESIAN_POINT('',(30.2,-10.,20.1));
#5771 = DIRECTION('',(0.,0.,1.));
#5772 = DIRECTION('',(1.,0.,0.));
#5773 = PLANE('',#5774);
#5774 = AXIS2_PLACEMENT_3D('',#5775,#5776,#5777);
#5775 = CARTESIAN_POINT('',(25.4,-16.9,20.1));
#5776 = DIRECTION('',(0.,0.,1.));
#5777 = DIRECTION('',(1.,0.,0.));
#5778 = ADVANCED_FACE('',(#5779,#5785),#5796,.T.);
#5779 = FACE_BOUND('',#5780,.T.);
#5780 = EDGE_LOOP('',(#5781,#5782,#5783,#5784));
#5781 = ORIENTED_EDGE('',*,*,#3016,.F.);
#5782 = ORIENTED_EDGE('',*,*,#2984,.T.);
#5783 = ORIENTED_EDGE('',*,*,#3040,.T.);
#5784 = ORIENTED_EDGE('',*,*,#3056,.F.);
#5785 = FACE_BOUND('',#5786,.T.);
#5786 = EDGE_LOOP('',(#5787));
#5787 = ORIENTED_EDGE('',*,*,#5788,.T.);
#5788 = EDGE_CURVE('',#5789,#5789,#5791,.T.);
#5789 = VERTEX_POINT('',#5790);
#5790 = CARTESIAN_POINT('',(-83.,-10.,20.1));
#5791 = CIRCLE('',#5792,2.);
#5792 = AXIS2_PLACEMENT_3D('',#5793,#5794,#5795);
#5793 = CARTESIAN_POINT('',(-85.,-10.,20.1));
#5794 = DIRECTION('',(0.,0.,-1.));
#5795 = DIRECTION('',(1.,0.,0.));
#5796 = PLANE('',#5797);
#5797 = AXIS2_PLACEMENT_3D('',#5798,#5799,#5800);
#5798 = CARTESIAN_POINT('',(-90.5,-16.9,20.1));
#5799 = DIRECTION('',(0.,0.,1.));
#5800 = DIRECTION('',(1.,0.,0.));
#5801 = ADVANCED_FACE('',(#5802),#5813,.T.);
#5802 = FACE_BOUND('',#5803,.T.);
#5803 = EDGE_LOOP('',(#5804,#5805,#5806,#5807));
#5804 = ORIENTED_EDGE('',*,*,#3071,.F.);
#5805 = ORIENTED_EDGE('',*,*,#3104,.T.);
#5806 = ORIENTED_EDGE('',*,*,#3150,.T.);
#5807 = ORIENTED_EDGE('',*,*,#5808,.F.);
#5808 = EDGE_CURVE('',#3074,#3151,#5809,.T.);
#5809 = LINE('',#5810,#5811);
#5810 = CARTESIAN_POINT('',(-65.9,-14.9,12.));
#5811 = VECTOR('',#5812,1.);
#5812 = DIRECTION('',(1.,0.,0.));
#5813 = PLANE('',#5814);
#5814 = AXIS2_PLACEMENT_3D('',#5815,#5816,#5817);
#5815 = CARTESIAN_POINT('',(-65.9,-16.9,12.));
#5816 = DIRECTION('',(0.,0.,1.));
#5817 = DIRECTION('',(1.,0.,0.));
#5818 = ADVANCED_FACE('',(#5819),#5844,.F.);
#5819 = FACE_BOUND('',#5820,.F.);
#5820 = EDGE_LOOP('',(#5821,#5829,#5830,#5838));
#5821 = ORIENTED_EDGE('',*,*,#5822,.F.);
#5822 = EDGE_CURVE('',#3074,#5823,#5825,.T.);
#5823 = VERTEX_POINT('',#5824);
#5824 = CARTESIAN_POINT('',(-65.9,-14.9,27.));
#5825 = LINE('',#5826,#5827);
#5826 = CARTESIAN_POINT('',(-65.9,-14.9,0.));
#5827 = VECTOR('',#5828,1.);
#5828 = DIRECTION('',(0.,0.,1.));
#5829 = ORIENTED_EDGE('',*,*,#3136,.T.);
#5830 = ORIENTED_EDGE('',*,*,#5831,.T.);
#5831 = EDGE_CURVE('',#3129,#5832,#5834,.T.);
#5832 = VERTEX_POINT('',#5833);
#5833 = CARTESIAN_POINT('',(-65.9,-4.9,27.));
#5834 = LINE('',#5835,#5836);
#5835 = CARTESIAN_POINT('',(-65.9,-4.9,0.));
#5836 = VECTOR('',#5837,1.);
#5837 = DIRECTION('',(0.,0.,1.));
#5838 = ORIENTED_EDGE('',*,*,#5839,.F.);
#5839 = EDGE_CURVE('',#5823,#5832,#5840,.T.);
#5840 = LINE('',#5841,#5842);
#5841 = CARTESIAN_POINT('',(-65.9,-14.9,27.));
#5842 = VECTOR('',#5843,1.);
#5843 = DIRECTION('',(0.,1.,0.));
#5844 = PLANE('',#5845);
#5845 = AXIS2_PLACEMENT_3D('',#5846,#5847,#5848);
#5846 = CARTESIAN_POINT('',(-65.9,-14.9,0.));
#5847 = DIRECTION('',(1.,0.,0.));
#5848 = DIRECTION('',(0.,0.,1.));
#5849 = ADVANCED_FACE('',(#5850),#5861,.T.);
#5850 = FACE_BOUND('',#5851,.T.);
#5851 = EDGE_LOOP('',(#5852,#5853,#5859,#5860));
#5852 = ORIENTED_EDGE('',*,*,#3174,.F.);
#5853 = ORIENTED_EDGE('',*,*,#5854,.T.);
#5854 = EDGE_CURVE('',#3129,#3201,#5855,.T.);
#5855 = LINE('',#5856,#5857);
#5856 = CARTESIAN_POINT('',(-65.9,-4.9,12.));
#5857 = VECTOR('',#5858,1.);
#5858 = DIRECTION('',(1.,0.,0.));
#5859 = ORIENTED_EDGE('',*,*,#3246,.T.);
#5860 = ORIENTED_EDGE('',*,*,#3224,.F.);
#5861 = PLANE('',#5862);
#5862 = AXIS2_PLACEMENT_3D('',#5863,#5864,#5865);
#5863 = CARTESIAN_POINT('',(-65.9,-16.9,12.));
#5864 = DIRECTION('',(0.,0.,1.));
#5865 = DIRECTION('',(1.,0.,0.));
#5866 = ADVANCED_FACE('',(#5867),#5892,.T.);
#5867 = FACE_BOUND('',#5868,.T.);
#5868 = EDGE_LOOP('',(#5869,#5877,#5878,#5886));
#5869 = ORIENTED_EDGE('',*,*,#5870,.F.);
#5870 = EDGE_CURVE('',#3151,#5871,#5873,.T.);
#5871 = VERTEX_POINT('',#5872);
#5872 = CARTESIAN_POINT('',(-62.9,-14.9,27.));
#5873 = LINE('',#5874,#5875);
#5874 = CARTESIAN_POINT('',(-62.9,-14.9,0.));
#5875 = VECTOR('',#5876,1.);
#5876 = DIRECTION('',(0.,0.,1.));
#5877 = ORIENTED_EDGE('',*,*,#3208,.T.);
#5878 = ORIENTED_EDGE('',*,*,#5879,.T.);
#5879 = EDGE_CURVE('',#3201,#5880,#5882,.T.);
#5880 = VERTEX_POINT('',#5881);
#5881 = CARTESIAN_POINT('',(-62.9,-4.9,27.));
#5882 = LINE('',#5883,#5884);
#5883 = CARTESIAN_POINT('',(-62.9,-4.9,0.));
#5884 = VECTOR('',#5885,1.);
#5885 = DIRECTION('',(0.,0.,1.));
#5886 = ORIENTED_EDGE('',*,*,#5887,.F.);
#5887 = EDGE_CURVE('',#5871,#5880,#5888,.T.);
#5888 = LINE('',#5889,#5890);
#5889 = CARTESIAN_POINT('',(-62.9,-14.9,27.));
#5890 = VECTOR('',#5891,1.);
#5891 = DIRECTION('',(0.,1.,0.));
#5892 = PLANE('',#5893);
#5893 = AXIS2_PLACEMENT_3D('',#5894,#5895,#5896);
#5894 = CARTESIAN_POINT('',(-62.9,-14.9,0.));
#5895 = DIRECTION('',(1.,0.,0.));
#5896 = DIRECTION('',(0.,0.,1.));
#5897 = ADVANCED_FACE('',(#5898),#5904,.T.);
#5898 = FACE_BOUND('',#5899,.T.);
#5899 = EDGE_LOOP('',(#5900,#5901,#5902,#5903));
#5900 = ORIENTED_EDGE('',*,*,#3304,.F.);
#5901 = ORIENTED_EDGE('',*,*,#3272,.T.);
#5902 = ORIENTED_EDGE('',*,*,#3328,.T.);
#5903 = ORIENTED_EDGE('',*,*,#3344,.F.);
#5904 = PLANE('',#5905);
#5905 = AXIS2_PLACEMENT_3D('',#5906,#5907,#5908);
#5906 = CARTESIAN_POINT('',(-63.2,-30.,12.));
#5907 = DIRECTION('',(0.,0.,1.));
#5908 = DIRECTION('',(1.,0.,0.));
#5909 = ADVANCED_FACE('',(#5910),#5921,.T.);
#5910 = FACE_BOUND('',#5911,.T.);
#5911 = EDGE_LOOP('',(#5912,#5913,#5914,#5915));
#5912 = ORIENTED_EDGE('',*,*,#3359,.F.);
#5913 = ORIENTED_EDGE('',*,*,#3392,.T.);
#5914 = ORIENTED_EDGE('',*,*,#3438,.T.);
#5915 = ORIENTED_EDGE('',*,*,#5916,.F.);
#5916 = EDGE_CURVE('',#3362,#3439,#5917,.T.);
#5917 = LINE('',#5918,#5919);
#5918 = CARTESIAN_POINT('',(-4.9,-14.9,12.));
#5919 = VECTOR('',#5920,1.);
#5920 = DIRECTION('',(1.,0.,0.));
#5921 = PLANE('',#5922);
#5922 = AXIS2_PLACEMENT_3D('',#5923,#5924,#5925);
#5923 = CARTESIAN_POINT('',(-4.9,-16.9,12.));
#5924 = DIRECTION('',(0.,0.,1.));
#5925 = DIRECTION('',(1.,0.,0.));
#5926 = ADVANCED_FACE('',(#5927),#5952,.F.);
#5927 = FACE_BOUND('',#5928,.F.);
#5928 = EDGE_LOOP('',(#5929,#5937,#5938,#5946));
#5929 = ORIENTED_EDGE('',*,*,#5930,.F.);
#5930 = EDGE_CURVE('',#3362,#5931,#5933,.T.);
#5931 = VERTEX_POINT('',#5932);
#5932 = CARTESIAN_POINT('',(-4.9,-14.9,27.));
#5933 = LINE('',#5934,#5935);
#5934 = CARTESIAN_POINT('',(-4.9,-14.9,0.));
#5935 = VECTOR('',#5936,1.);
#5936 = DIRECTION('',(0.,0.,1.));
#5937 = ORIENTED_EDGE('',*,*,#3424,.T.);
#5938 = ORIENTED_EDGE('',*,*,#5939,.T.);
#5939 = EDGE_CURVE('',#3417,#5940,#5942,.T.);
#5940 = VERTEX_POINT('',#5941);
#5941 = CARTESIAN_POINT('',(-4.9,-4.9,27.));
#5942 = LINE('',#5943,#5944);
#5943 = CARTESIAN_POINT('',(-4.9,-4.9,0.));
#5944 = VECTOR('',#5945,1.);
#5945 = DIRECTION('',(0.,0.,1.));
#5946 = ORIENTED_EDGE('',*,*,#5947,.F.);
#5947 = EDGE_CURVE('',#5931,#5940,#5948,.T.);
#5948 = LINE('',#5949,#5950);
#5949 = CARTESIAN_POINT('',(-4.9,-14.9,27.));
#5950 = VECTOR('',#5951,1.);
#5951 = DIRECTION('',(0.,1.,0.));
#5952 = PLANE('',#5953);
#5953 = AXIS2_PLACEMENT_3D('',#5954,#5955,#5956);
#5954 = CARTESIAN_POINT('',(-4.9,-14.9,0.));
#5955 = DIRECTION('',(1.,0.,0.));
#5956 = DIRECTION('',(0.,0.,1.));
#5957 = ADVANCED_FACE('',(#5958),#5969,.T.);
#5958 = FACE_BOUND('',#5959,.T.);
#5959 = EDGE_LOOP('',(#5960,#5961,#5967,#5968));
#5960 = ORIENTED_EDGE('',*,*,#3462,.F.);
#5961 = ORIENTED_EDGE('',*,*,#5962,.T.);
#5962 = EDGE_CURVE('',#3417,#3489,#5963,.T.);
#5963 = LINE('',#5964,#5965);
#5964 = CARTESIAN_POINT('',(-4.9,-4.9,12.));
#5965 = VECTOR('',#5966,1.);
#5966 = DIRECTION('',(1.,0.,0.));
#5967 = ORIENTED_EDGE('',*,*,#3534,.T.);
#5968 = ORIENTED_EDGE('',*,*,#3512,.F.);
#5969 = PLANE('',#5970);
#5970 = AXIS2_PLACEMENT_3D('',#5971,#5972,#5973);
#5971 = CARTESIAN_POINT('',(-4.9,-16.9,12.));
#5972 = DIRECTION('',(0.,0.,1.));
#5973 = DIRECTION('',(1.,0.,0.));
#5974 = ADVANCED_FACE('',(#5975),#6000,.T.);
#5975 = FACE_BOUND('',#5976,.T.);
#5976 = EDGE_LOOP('',(#5977,#5985,#5986,#5994));
#5977 = ORIENTED_EDGE('',*,*,#5978,.F.);
#5978 = EDGE_CURVE('',#3439,#5979,#5981,.T.);
#5979 = VERTEX_POINT('',#5980);
#5980 = CARTESIAN_POINT('',(-1.9,-14.9,27.));
#5981 = LINE('',#5982,#5983);
#5982 = CARTESIAN_POINT('',(-1.9,-14.9,0.));
#5983 = VECTOR('',#5984,1.);
#5984 = DIRECTION('',(0.,0.,1.));
#5985 = ORIENTED_EDGE('',*,*,#3496,.T.);
#5986 = ORIENTED_EDGE('',*,*,#5987,.T.);
#5987 = EDGE_CURVE('',#3489,#5988,#5990,.T.);
#5988 = VERTEX_POINT('',#5989);
#5989 = CARTESIAN_POINT('',(-1.9,-4.9,27.));
#5990 = LINE('',#5991,#5992);
#5991 = CARTESIAN_POINT('',(-1.9,-4.9,0.));
#5992 = VECTOR('',#5993,1.);
#5993 = DIRECTION('',(0.,0.,1.));
#5994 = ORIENTED_EDGE('',*,*,#5995,.F.);
#5995 = EDGE_CURVE('',#5979,#5988,#5996,.T.);
#5996 = LINE('',#5997,#5998);
#5997 = CARTESIAN_POINT('',(-1.9,-14.9,27.));
#5998 = VECTOR('',#5999,1.);
#5999 = DIRECTION('',(0.,1.,0.));
#6000 = PLANE('',#6001);
#6001 = AXIS2_PLACEMENT_3D('',#6002,#6003,#6004);
#6002 = CARTESIAN_POINT('',(-1.9,-14.9,0.));
#6003 = DIRECTION('',(1.,0.,0.));
#6004 = DIRECTION('',(0.,0.,1.));
#6005 = ADVANCED_FACE('',(#6006,#6012),#6023,.T.);
#6006 = FACE_BOUND('',#6007,.T.);
#6007 = EDGE_LOOP('',(#6008,#6009,#6010,#6011));
#6008 = ORIENTED_EDGE('',*,*,#3592,.F.);
#6009 = ORIENTED_EDGE('',*,*,#3560,.T.);
#6010 = ORIENTED_EDGE('',*,*,#3616,.T.);
#6011 = ORIENTED_EDGE('',*,*,#3632,.F.);
#6012 = FACE_BOUND('',#6013,.T.);
#6013 = EDGE_LOOP('',(#6014));
#6014 = ORIENTED_EDGE('',*,*,#6015,.F.);
#6015 = EDGE_CURVE('',#6016,#6016,#6018,.T.);
#6016 = VERTEX_POINT('',#6017);
#6017 = CARTESIAN_POINT('',(19.2,-10.,20.1));
#6018 = CIRCLE('',#6019,2.);
#6019 = AXIS2_PLACEMENT_3D('',#6020,#6021,#6022);
#6020 = CARTESIAN_POINT('',(17.2,-10.,20.1));
#6021 = DIRECTION('',(0.,0.,1.));
#6022 = DIRECTION('',(1.,0.,0.));
#6023 = PLANE('',#6024);
#6024 = AXIS2_PLACEMENT_3D('',#6025,#6026,#6027);
#6025 = CARTESIAN_POINT('',(10.7,-16.9,20.1));
#6026 = DIRECTION('',(0.,0.,1.));
#6027 = DIRECTION('',(1.,0.,0.));
#6028 = ADVANCED_FACE('',(#6029),#6035,.T.);
#6029 = FACE_BOUND('',#6030,.T.);
#6030 = EDGE_LOOP('',(#6031,#6032,#6033,#6034));
#6031 = ORIENTED_EDGE('',*,*,#3688,.F.);
#6032 = ORIENTED_EDGE('',*,*,#3656,.T.);
#6033 = ORIENTED_EDGE('',*,*,#3712,.T.);
#6034 = ORIENTED_EDGE('',*,*,#3728,.F.);
#6035 = PLANE('',#6036);
#6036 = AXIS2_PLACEMENT_3D('',#6037,#6038,#6039);
#6037 = CARTESIAN_POINT('',(-65.9,37.1,12.));
#6038 = DIRECTION('',(0.,0.,1.));
#6039 = DIRECTION('',(1.,0.,0.));
#6040 = ADVANCED_FACE('',(#6041,#6044),#6055,.T.);
#6041 = FACE_BOUND('',#6042,.T.);
#6042 = EDGE_LOOP('',(#6043));
#6043 = ORIENTED_EDGE('',*,*,#3751,.T.);
#6044 = FACE_BOUND('',#6045,.T.);
#6045 = EDGE_LOOP('',(#6046));
#6046 = ORIENTED_EDGE('',*,*,#6047,.T.);
#6047 = EDGE_CURVE('',#6048,#6048,#6050,.T.);
#6048 = VERTEX_POINT('',#6049);
#6049 = CARTESIAN_POINT('',(-79.9,72.,32.));
#6050 = CIRCLE('',#6051,2.);
#6051 = AXIS2_PLACEMENT_3D('',#6052,#6053,#6054);
#6052 = CARTESIAN_POINT('',(-81.9,72.,32.));
#6053 = DIRECTION('',(0.,0.,-1.));
#6054 = DIRECTION('',(1.,0.,0.));
#6055 = PLANE('',#6056);
#6056 = AXIS2_PLACEMENT_3D('',#6057,#6058,#6059);
#6057 = CARTESIAN_POINT('',(-81.9,72.,32.));
#6058 = DIRECTION('',(0.,0.,1.));
#6059 = DIRECTION('',(1.,0.,0.));
#6060 = ADVANCED_FACE('',(#6061),#6067,.T.);
#6061 = FACE_BOUND('',#6062,.T.);
#6062 = EDGE_LOOP('',(#6063,#6064,#6065,#6066));
#6063 = ORIENTED_EDGE('',*,*,#3809,.F.);
#6064 = ORIENTED_EDGE('',*,*,#3777,.T.);
#6065 = ORIENTED_EDGE('',*,*,#3833,.T.);
#6066 = ORIENTED_EDGE('',*,*,#3849,.F.);
#6067 = PLANE('',#6068);
#6068 = AXIS2_PLACEMENT_3D('',#6069,#6070,#6071);
#6069 = CARTESIAN_POINT('',(-4.9,37.1,12.));
#6070 = DIRECTION('',(0.,0.,1.));
#6071 = DIRECTION('',(1.,0.,0.));
#6072 = ADVANCED_FACE('',(#6073),#6076,.T.);
#6073 = FACE_BOUND('',#6074,.F.);
#6074 = EDGE_LOOP('',(#6075));
#6075 = ORIENTED_EDGE('',*,*,#3872,.F.);
#6076 = PLANE('',#6077);
#6077 = AXIS2_PLACEMENT_3D('',#6078,#6079,#6080);
#6078 = CARTESIAN_POINT('',(1.4,70.,12.));
#6079 = DIRECTION('',(0.,0.,1.));
#6080 = DIRECTION('',(1.,0.,0.));
#6081 = ADVANCED_FACE('',(#6082,#6085),#6096,.T.);
#6082 = FACE_BOUND('',#6083,.T.);
#6083 = EDGE_LOOP('',(#6084));
#6084 = ORIENTED_EDGE('',*,*,#3897,.T.);
#6085 = FACE_BOUND('',#6086,.T.);
#6086 = EDGE_LOOP('',(#6087));
#6087 = ORIENTED_EDGE('',*,*,#6088,.T.);
#6088 = EDGE_CURVE('',#6089,#6089,#6091,.T.);
#6089 = VERTEX_POINT('',#6090);
#6090 = CARTESIAN_POINT('',(16.1,72.,32.));
#6091 = CIRCLE('',#6092,2.);
#6092 = AXIS2_PLACEMENT_3D('',#6093,#6094,#6095);
#6093 = CARTESIAN_POINT('',(14.1,72.,32.));
#6094 = DIRECTION('',(0.,0.,-1.));
#6095 = DIRECTION('',(1.,0.,0.));
#6096 = PLANE('',#6097);
#6097 = AXIS2_PLACEMENT_3D('',#6098,#6099,#6100);
#6098 = CARTESIAN_POINT('',(14.1,72.,32.));
#6099 = DIRECTION('',(0.,0.,1.));
#6100 = DIRECTION('',(1.,0.,0.));
#6101 = ADVANCED_FACE('',(#6102),#6127,.F.);
#6102 = FACE_BOUND('',#6103,.F.);
#6103 = EDGE_LOOP('',(#6104,#6112,#6120,#6126));
#6104 = ORIENTED_EDGE('',*,*,#6105,.F.);
#6105 = EDGE_CURVE('',#6106,#3939,#6108,.T.);
#6106 = VERTEX_POINT('',#6107);
#6107 = CARTESIAN_POINT('',(20.1,-108.,-5.01));
#6108 = LINE('',#6109,#6110);
#6109 = CARTESIAN_POINT('',(20.1,-108.,-10.));
#6110 = VECTOR('',#6111,1.);
#6111 = DIRECTION('',(0.,0.,1.));
#6112 = ORIENTED_EDGE('',*,*,#6113,.F.);
#6113 = EDGE_CURVE('',#6114,#6106,#6116,.T.);
#6114 = VERTEX_POINT('',#6115);
#6115 = CARTESIAN_POINT('',(-87.9,-108.,-5.01));
#6116 = LINE('',#6117,#6118);
#6117 = CARTESIAN_POINT('',(-87.9,-108.,-5.01));
#6118 = VECTOR('',#6119,1.);
#6119 = DIRECTION('',(1.,0.,0.));
#6120 = ORIENTED_EDGE('',*,*,#6121,.T.);
#6121 = EDGE_CURVE('',#6114,#3937,#6122,.T.);
#6122 = LINE('',#6123,#6124);
#6123 = CARTESIAN_POINT('',(-87.9,-108.,-10.));
#6124 = VECTOR('',#6125,1.);
#6125 = DIRECTION('',(0.,0.,1.));
#6126 = ORIENTED_EDGE('',*,*,#3936,.T.);
#6127 = PLANE('',#6128);
#6128 = AXIS2_PLACEMENT_3D('',#6129,#6130,#6131);
#6129 = CARTESIAN_POINT('',(-87.9,-108.,-10.));
#6130 = DIRECTION('',(0.,1.,0.));
#6131 = DIRECTION('',(0.,0.,1.));
#6132 = ADVANCED_FACE('',(#6133),#6144,.F.);
#6133 = FACE_BOUND('',#6134,.T.);
#6134 = EDGE_LOOP('',(#6135,#6136,#6142,#6143));
#6135 = ORIENTED_EDGE('',*,*,#4526,.T.);
#6136 = ORIENTED_EDGE('',*,*,#6137,.T.);
#6137 = EDGE_CURVE('',#4527,#4025,#6138,.T.);
#6138 = LINE('',#6139,#6140);
#6139 = CARTESIAN_POINT('',(-121.,-72.,6.));
#6140 = VECTOR('',#6141,1.);
#6141 = DIRECTION('',(1.,0.,0.));
#6142 = ORIENTED_EDGE('',*,*,#4024,.F.);
#6143 = ORIENTED_EDGE('',*,*,#6137,.F.);
#6144 = CYLINDRICAL_SURFACE('',#6145,4.);
#6145 = AXIS2_PLACEMENT_3D('',#6146,#6147,#6148);
#6146 = CARTESIAN_POINT('',(-121.,-72.,10.));
#6147 = DIRECTION('',(-1.,-0.,0.));
#6148 = DIRECTION('',(0.,0.,-1.));
#6149 = ADVANCED_FACE('',(#6150,#6153),#6164,.T.);
#6150 = FACE_BOUND('',#6151,.T.);
#6151 = EDGE_LOOP('',(#6152));
#6152 = ORIENTED_EDGE('',*,*,#4112,.T.);
#6153 = FACE_BOUND('',#6154,.T.);
#6154 = EDGE_LOOP('',(#6155));
#6155 = ORIENTED_EDGE('',*,*,#6156,.T.);
#6156 = EDGE_CURVE('',#6157,#6157,#6159,.T.);
#6157 = VERTEX_POINT('',#6158);
#6158 = CARTESIAN_POINT('',(-81.,-98.,32.));
#6159 = CIRCLE('',#6160,2.);
#6160 = AXIS2_PLACEMENT_3D('',#6161,#6162,#6163);
#6161 = CARTESIAN_POINT('',(-83.,-98.,32.));
#6162 = DIRECTION('',(0.,0.,-1.));
#6163 = DIRECTION('',(1.,0.,0.));
#6164 = PLANE('',#6165);
#6165 = AXIS2_PLACEMENT_3D('',#6166,#6167,#6168);
#6166 = CARTESIAN_POINT('',(-83.,-98.,32.));
#6167 = DIRECTION('',(0.,0.,1.));
#6168 = DIRECTION('',(1.,0.,0.));
#6169 = ADVANCED_FACE('',(#6170),#6189,.F.);
#6170 = FACE_BOUND('',#6171,.T.);
#6171 = EDGE_LOOP('',(#6172,#6180,#6187,#6188));
#6172 = ORIENTED_EDGE('',*,*,#6173,.F.);
#6173 = EDGE_CURVE('',#6174,#4141,#6176,.T.);
#6174 = VERTEX_POINT('',#6175);
#6175 = CARTESIAN_POINT('',(-38.9,-98.,8.2));
#6176 = LINE('',#6177,#6178);
#6177 = CARTESIAN_POINT('',(-38.9,-93.,8.2));
#6178 = VECTOR('',#6179,1.);
#6179 = DIRECTION('',(0.,-1.,0.));
#6180 = ORIENTED_EDGE('',*,*,#6181,.T.);
#6181 = EDGE_CURVE('',#6174,#6174,#6182,.T.);
#6182 = CIRCLE('',#6183,8.);
#6183 = AXIS2_PLACEMENT_3D('',#6184,#6185,#6186);
#6184 = CARTESIAN_POINT('',(-46.9,-98.,8.2));
#6185 = DIRECTION('',(-0.,1.,2.2E-16));
#6186 = DIRECTION('',(1.,0.,0.));
#6187 = ORIENTED_EDGE('',*,*,#6173,.T.);
#6188 = ORIENTED_EDGE('',*,*,#4140,.T.);
#6189 = CYLINDRICAL_SURFACE('',#6190,8.);
#6190 = AXIS2_PLACEMENT_3D('',#6191,#6192,#6193);
#6191 = CARTESIAN_POINT('',(-46.9,-93.,8.2));
#6192 = DIRECTION('',(-0.,1.,-0.));
#6193 = DIRECTION('',(1.,0.,0.));
#6194 = ADVANCED_FACE('',(#6195),#6214,.F.);
#6195 = FACE_BOUND('',#6196,.T.);
#6196 = EDGE_LOOP('',(#6197,#6205,#6212,#6213));
#6197 = ORIENTED_EDGE('',*,*,#6198,.F.);
#6198 = EDGE_CURVE('',#6199,#4152,#6201,.T.);
#6199 = VERTEX_POINT('',#6200);
#6200 = CARTESIAN_POINT('',(-12.9,-98.,8.2));
#6201 = LINE('',#6202,#6203);
#6202 = CARTESIAN_POINT('',(-12.9,-93.,8.2));
#6203 = VECTOR('',#6204,1.);
#6204 = DIRECTION('',(0.,-1.,0.));
#6205 = ORIENTED_EDGE('',*,*,#6206,.T.);
#6206 = EDGE_CURVE('',#6199,#6199,#6207,.T.);
#6207 = CIRCLE('',#6208,8.);
#6208 = AXIS2_PLACEMENT_3D('',#6209,#6210,#6211);
#6209 = CARTESIAN_POINT('',(-20.9,-98.,8.2));
#6210 = DIRECTION('',(-0.,1.,2.2E-16));
#6211 = DIRECTION('',(1.,0.,0.));
#6212 = ORIENTED_EDGE('',*,*,#6198,.T.);
#6213 = ORIENTED_EDGE('',*,*,#4151,.T.);
#6214 = CYLINDRICAL_SURFACE('',#6215,8.);
#6215 = AXIS2_PLACEMENT_3D('',#6216,#6217,#6218);
#6216 = CARTESIAN_POINT('',(-20.9,-93.,8.2));
#6217 = DIRECTION('',(-0.,1.,-0.));
#6218 = DIRECTION('',(1.,0.,0.));
#6219 = ADVANCED_FACE('',(#6220),#6277,.T.);
#6220 = FACE_BOUND('',#6221,.T.);
#6221 = EDGE_LOOP('',(#6222,#6232,#6238,#6239,#6247,#6255,#6263,#6271));
#6222 = ORIENTED_EDGE('',*,*,#6223,.F.);
#6223 = EDGE_CURVE('',#6224,#6226,#6228,.T.);
#6224 = VERTEX_POINT('',#6225);
#6225 = CARTESIAN_POINT('',(-60.9,-93.,0.));
#6226 = VERTEX_POINT('',#6227);
#6227 = CARTESIAN_POINT('',(-56.5,-93.,0.));
#6228 = LINE('',#6229,#6230);
#6229 = CARTESIAN_POINT('',(-72.9,-93.,0.));
#6230 = VECTOR('',#6231,1.);
#6231 = DIRECTION('',(1.,0.,0.));
#6232 = ORIENTED_EDGE('',*,*,#6233,.T.);
#6233 = EDGE_CURVE('',#6224,#4180,#6234,.T.);
#6234 = LINE('',#6235,#6236);
#6235 = CARTESIAN_POINT('',(-60.9,-93.,0.));
#6236 = VECTOR('',#6237,1.);
#6237 = DIRECTION('',(0.,0.,1.));
#6238 = ORIENTED_EDGE('',*,*,#4179,.T.);
#6239 = ORIENTED_EDGE('',*,*,#6240,.F.);
#6240 = EDGE_CURVE('',#6241,#4172,#6243,.T.);
#6241 = VERTEX_POINT('',#6242);
#6242 = CARTESIAN_POINT('',(-6.9,-93.,0.));
#6243 = LINE('',#6244,#6245);
#6244 = CARTESIAN_POINT('',(-6.9,-93.,0.));
#6245 = VECTOR('',#6246,1.);
#6246 = DIRECTION('',(0.,0.,1.));
#6247 = ORIENTED_EDGE('',*,*,#6248,.F.);
#6248 = EDGE_CURVE('',#6249,#6241,#6251,.T.);
#6249 = VERTEX_POINT('',#6250);
#6250 = CARTESIAN_POINT('',(-11.3,-93.,0.));
#6251 = LINE('',#6252,#6253);
#6252 = CARTESIAN_POINT('',(-72.9,-93.,0.));
#6253 = VECTOR('',#6254,1.);
#6254 = DIRECTION('',(1.,0.,0.));
#6255 = ORIENTED_EDGE('',*,*,#6256,.T.);
#6256 = EDGE_CURVE('',#6249,#6257,#6259,.T.);
#6257 = VERTEX_POINT('',#6258);
#6258 = CARTESIAN_POINT('',(-11.3,-93.,18.4));
#6259 = LINE('',#6260,#6261);
#6260 = CARTESIAN_POINT('',(-11.3,-93.,-2.));
#6261 = VECTOR('',#6262,1.);
#6262 = DIRECTION('',(0.,0.,1.));
#6263 = ORIENTED_EDGE('',*,*,#6264,.F.);
#6264 = EDGE_CURVE('',#6265,#6257,#6267,.T.);
#6265 = VERTEX_POINT('',#6266);
#6266 = CARTESIAN_POINT('',(-56.5,-93.,18.4));
#6267 = LINE('',#6268,#6269);
#6268 = CARTESIAN_POINT('',(-56.5,-93.,18.4));
#6269 = VECTOR('',#6270,1.);
#6270 = DIRECTION('',(1.,0.,0.));
#6271 = ORIENTED_EDGE('',*,*,#6272,.F.);
#6272 = EDGE_CURVE('',#6226,#6265,#6273,.T.);
#6273 = LINE('',#6274,#6275);
#6274 = CARTESIAN_POINT('',(-56.5,-93.,-2.));
#6275 = VECTOR('',#6276,1.);
#6276 = DIRECTION('',(0.,0.,1.));
#6277 = PLANE('',#6278);
#6278 = AXIS2_PLACEMENT_3D('',#6279,#6280,#6281);
#6279 = CARTESIAN_POINT('',(-60.9,-93.,0.));
#6280 = DIRECTION('',(0.,1.,0.));
#6281 = DIRECTION('',(0.,0.,1.));
#6282 = ADVANCED_FACE('',(#6283),#6300,.T.);
#6283 = FACE_BOUND('',#6284,.T.);
#6284 = EDGE_LOOP('',(#6285,#6291,#6297,#6298,#6299));
#6285 = ORIENTED_EDGE('',*,*,#6286,.F.);
#6286 = EDGE_CURVE('',#4455,#6224,#6287,.T.);
#6287 = LINE('',#6288,#6289);
#6288 = CARTESIAN_POINT('',(-72.9,-93.,0.));
#6289 = VECTOR('',#6290,1.);
#6290 = DIRECTION('',(1.,0.,0.));
#6291 = ORIENTED_EDGE('',*,*,#6292,.T.);
#6292 = EDGE_CURVE('',#4455,#4230,#6293,.T.);
#6293 = LINE('',#6294,#6295);
#6294 = CARTESIAN_POINT('',(-67.9,-93.,0.));
#6295 = VECTOR('',#6296,1.);
#6296 = DIRECTION('',(0.,0.,1.));
#6297 = ORIENTED_EDGE('',*,*,#4229,.T.);
#6298 = ORIENTED_EDGE('',*,*,#4211,.F.);
#6299 = ORIENTED_EDGE('',*,*,#6233,.F.);
#6300 = PLANE('',#6301);
#6301 = AXIS2_PLACEMENT_3D('',#6302,#6303,#6304);
#6302 = CARTESIAN_POINT('',(-72.9,-93.,0.));
#6303 = DIRECTION('',(0.,1.,0.));
#6304 = DIRECTION('',(0.,0.,1.));
#6305 = ADVANCED_FACE('',(#6306),#6312,.F.);
#6306 = FACE_BOUND('',#6307,.F.);
#6307 = EDGE_LOOP('',(#6308,#6309,#6310,#6311));
#6308 = ORIENTED_EDGE('',*,*,#4462,.T.);
#6309 = ORIENTED_EDGE('',*,*,#6292,.T.);
#6310 = ORIENTED_EDGE('',*,*,#4270,.F.);
#6311 = ORIENTED_EDGE('',*,*,#4377,.F.);
#6312 = CYLINDRICAL_SURFACE('',#6313,5.);
#6313 = AXIS2_PLACEMENT_3D('',#6314,#6315,#6316);
#6314 = CARTESIAN_POINT('',(-67.9,-88.,0.));
#6315 = DIRECTION('',(0.,0.,1.));
#6316 = DIRECTION('',(-1.,0.,0.));
#6317 = ADVANCED_FACE('',(#6318),#6329,.F.);
#6318 = FACE_BOUND('',#6319,.T.);
#6319 = EDGE_LOOP('',(#6320,#6326,#6327,#6328));
#6320 = ORIENTED_EDGE('',*,*,#6321,.F.);
#6321 = EDGE_CURVE('',#4766,#4446,#6322,.T.);
#6322 = LINE('',#6323,#6324);
#6323 = CARTESIAN_POINT('',(-67.9,-95.495,-2.505));
#6324 = VECTOR('',#6325,1.);
#6325 = DIRECTION('',(0.,0.707106781187,0.707106781187));
#6326 = ORIENTED_EDGE('',*,*,#4773,.T.);
#6327 = ORIENTED_EDGE('',*,*,#4413,.T.);
#6328 = ORIENTED_EDGE('',*,*,#4445,.F.);
#6329 = CONICAL_SURFACE('',#6330,5.,0.785398163397);
#6330 = AXIS2_PLACEMENT_3D('',#6331,#6332,#6333);
#6331 = CARTESIAN_POINT('',(-67.9,-88.,-1.E-02));
#6332 = DIRECTION('',(-0.,-0.,-1.));
#6333 = DIRECTION('',(0.,-1.,0.));
#6334 = ADVANCED_FACE('',(#6335),#6354,.T.);
#6335 = FACE_BOUND('',#6336,.T.);
#6336 = EDGE_LOOP('',(#6337,#6345,#6346,#6347,#6348));
#6337 = ORIENTED_EDGE('',*,*,#6338,.T.);
#6338 = EDGE_CURVE('',#6339,#4446,#6341,.T.);
#6339 = VERTEX_POINT('',#6340);
#6340 = CARTESIAN_POINT('',(-56.5,-93.,-1.E-02));
#6341 = LINE('',#6342,#6343);
#6342 = CARTESIAN_POINT('',(9.999999999999E-02,-93.,-1.E-02));
#6343 = VECTOR('',#6344,1.);
#6344 = DIRECTION('',(-1.,-0.,-0.));
#6345 = ORIENTED_EDGE('',*,*,#4454,.T.);
#6346 = ORIENTED_EDGE('',*,*,#6286,.T.);
#6347 = ORIENTED_EDGE('',*,*,#6223,.T.);
#6348 = ORIENTED_EDGE('',*,*,#6349,.F.);
#6349 = EDGE_CURVE('',#6339,#6226,#6350,.T.);
#6350 = LINE('',#6351,#6352);
#6351 = CARTESIAN_POINT('',(-56.5,-93.,-2.));
#6352 = VECTOR('',#6353,1.);
#6353 = DIRECTION('',(0.,0.,1.));
#6354 = PLANE('',#6355);
#6355 = AXIS2_PLACEMENT_3D('',#6356,#6357,#6358);
#6356 = CARTESIAN_POINT('',(-72.9,-93.,-5.));
#6357 = DIRECTION('',(0.,1.,0.));
#6358 = DIRECTION('',(0.,0.,1.));
#6359 = ADVANCED_FACE('',(#6360),#6378,.T.);
#6360 = FACE_BOUND('',#6361,.T.);
#6361 = EDGE_LOOP('',(#6362,#6363,#6371,#6377));
#6362 = ORIENTED_EDGE('',*,*,#6105,.F.);
#6363 = ORIENTED_EDGE('',*,*,#6364,.T.);
#6364 = EDGE_CURVE('',#6106,#6365,#6367,.T.);
#6365 = VERTEX_POINT('',#6366);
#6366 = CARTESIAN_POINT('',(20.1,-33.,-5.01));
#6367 = LINE('',#6368,#6369);
#6368 = CARTESIAN_POINT('',(20.1,-108.,-5.01));
#6369 = VECTOR('',#6370,1.);
#6370 = DIRECTION('',(0.,1.,0.));
#6371 = ORIENTED_EDGE('',*,*,#6372,.T.);
#6372 = EDGE_CURVE('',#6365,#4699,#6373,.T.);
#6373 = LINE('',#6374,#6375);
#6374 = CARTESIAN_POINT('',(20.1,-33.,-10.));
#6375 = VECTOR('',#6376,1.);
#6376 = DIRECTION('',(0.,0.,1.));
#6377 = ORIENTED_EDGE('',*,*,#4706,.F.);
#6378 = PLANE('',#6379);
#6379 = AXIS2_PLACEMENT_3D('',#6380,#6381,#6382);
#6380 = CARTESIAN_POINT('',(20.1,-108.,-10.));
#6381 = DIRECTION('',(1.,0.,0.));
#6382 = DIRECTION('',(0.,0.,1.));
#6383 = ADVANCED_FACE('',(#6384),#6402,.F.);
#6384 = FACE_BOUND('',#6385,.F.);
#6385 = EDGE_LOOP('',(#6386,#6387,#6395,#6401));
#6386 = ORIENTED_EDGE('',*,*,#6121,.F.);
#6387 = ORIENTED_EDGE('',*,*,#6388,.T.);
#6388 = EDGE_CURVE('',#6114,#6389,#6391,.T.);
#6389 = VERTEX_POINT('',#6390);
#6390 = CARTESIAN_POINT('',(-87.9,-33.,-5.01));
#6391 = LINE('',#6392,#6393);
#6392 = CARTESIAN_POINT('',(-87.9,-108.,-5.01));
#6393 = VECTOR('',#6394,1.);
#6394 = DIRECTION('',(0.,1.,0.));
#6395 = ORIENTED_EDGE('',*,*,#6396,.T.);
#6396 = EDGE_CURVE('',#6389,#4641,#6397,.T.);
#6397 = LINE('',#6398,#6399);
#6398 = CARTESIAN_POINT('',(-87.9,-33.,-10.));
#6399 = VECTOR('',#6400,1.);
#6400 = DIRECTION('',(0.,0.,1.));
#6401 = ORIENTED_EDGE('',*,*,#4640,.F.);
#6402 = PLANE('',#6403);
#6403 = AXIS2_PLACEMENT_3D('',#6404,#6405,#6406);
#6404 = CARTESIAN_POINT('',(-87.9,-108.,-10.));
#6405 = DIRECTION('',(1.,0.,0.));
#6406 = DIRECTION('',(0.,0.,1.));
#6407 = ADVANCED_FACE('',(#6408),#6426,.T.);
#6408 = FACE_BOUND('',#6409,.T.);
#6409 = EDGE_LOOP('',(#6410,#6411,#6419,#6425));
#6410 = ORIENTED_EDGE('',*,*,#6372,.F.);
#6411 = ORIENTED_EDGE('',*,*,#6412,.F.);
#6412 = EDGE_CURVE('',#6413,#6365,#6415,.T.);
#6413 = VERTEX_POINT('',#6414);
#6414 = CARTESIAN_POINT('',(10.1,-33.,-5.01));
#6415 = LINE('',#6416,#6417);
#6416 = CARTESIAN_POINT('',(10.1,-33.,-5.01));
#6417 = VECTOR('',#6418,1.);
#6418 = DIRECTION('',(1.,0.,0.));
#6419 = ORIENTED_EDGE('',*,*,#6420,.T.);
#6420 = EDGE_CURVE('',#6413,#4691,#6421,.T.);
#6421 = LINE('',#6422,#6423);
#6422 = CARTESIAN_POINT('',(10.1,-33.,-10.));
#6423 = VECTOR('',#6424,1.);
#6424 = DIRECTION('',(0.,0.,1.));
#6425 = ORIENTED_EDGE('',*,*,#4698,.F.);
#6426 = PLANE('',#6427);
#6427 = AXIS2_PLACEMENT_3D('',#6428,#6429,#6430);
#6428 = CARTESIAN_POINT('',(-87.9,-33.,-10.));
#6429 = DIRECTION('',(0.,1.,0.));
#6430 = DIRECTION('',(0.,0.,1.));
#6431 = ADVANCED_FACE('',(#6432),#6450,.T.);
#6432 = FACE_BOUND('',#6433,.T.);
#6433 = EDGE_LOOP('',(#6434,#6442,#6448,#6449));
#6434 = ORIENTED_EDGE('',*,*,#6435,.F.);
#6435 = EDGE_CURVE('',#6436,#4649,#6438,.T.);
#6436 = VERTEX_POINT('',#6437);
#6437 = CARTESIAN_POINT('',(-77.9,-33.,-5.01));
#6438 = LINE('',#6439,#6440);
#6439 = CARTESIAN_POINT('',(-77.9,-33.,-10.));
#6440 = VECTOR('',#6441,1.);
#6441 = DIRECTION('',(0.,0.,1.));
#6442 = ORIENTED_EDGE('',*,*,#6443,.F.);
#6443 = EDGE_CURVE('',#6389,#6436,#6444,.T.);
#6444 = LINE('',#6445,#6446);
#6445 = CARTESIAN_POINT('',(-87.9,-33.,-5.01));
#6446 = VECTOR('',#6447,1.);
#6447 = DIRECTION('',(1.,0.,0.));
#6448 = ORIENTED_EDGE('',*,*,#6396,.T.);
#6449 = ORIENTED_EDGE('',*,*,#4648,.F.);
#6450 = PLANE('',#6451);
#6451 = AXIS2_PLACEMENT_3D('',#6452,#6453,#6454);
#6452 = CARTESIAN_POINT('',(-87.9,-33.,-10.));
#6453 = DIRECTION('',(0.,1.,0.));
#6454 = DIRECTION('',(0.,0.,1.));
#6455 = ADVANCED_FACE('',(#6456),#6474,.F.);
#6456 = FACE_BOUND('',#6457,.F.);
#6457 = EDGE_LOOP('',(#6458,#6466,#6472,#6473));
#6458 = ORIENTED_EDGE('',*,*,#6459,.F.);
#6459 = EDGE_CURVE('',#6460,#4682,#6462,.T.);
#6460 = VERTEX_POINT('',#6461);
#6461 = CARTESIAN_POINT('',(10.1,-88.,-5.01));
#6462 = LINE('',#6463,#6464);
#6463 = CARTESIAN_POINT('',(10.1,-88.,-10.));
#6464 = VECTOR('',#6465,1.);
#6465 = DIRECTION('',(0.,0.,1.));
#6466 = ORIENTED_EDGE('',*,*,#6467,.F.);
#6467 = EDGE_CURVE('',#6413,#6460,#6468,.T.);
#6468 = LINE('',#6469,#6470);
#6469 = CARTESIAN_POINT('',(10.1,-33.,-5.01));
#6470 = VECTOR('',#6471,1.);
#6471 = DIRECTION('',(-0.,-1.,-0.));
#6472 = ORIENTED_EDGE('',*,*,#6420,.T.);
#6473 = ORIENTED_EDGE('',*,*,#4690,.F.);
#6474 = PLANE('',#6475);
#6475 = AXIS2_PLACEMENT_3D('',#6476,#6477,#6478);
#6476 = CARTESIAN_POINT('',(10.1,-98.,-10.));
#6477 = DIRECTION('',(1.,0.,0.));
#6478 = DIRECTION('',(0.,0.,1.));
#6479 = ADVANCED_FACE('',(#6480),#6498,.T.);
#6480 = FACE_BOUND('',#6481,.T.);
#6481 = EDGE_LOOP('',(#6482,#6490,#6496,#6497));
#6482 = ORIENTED_EDGE('',*,*,#6483,.F.);
#6483 = EDGE_CURVE('',#6484,#4657,#6486,.T.);
#6484 = VERTEX_POINT('',#6485);
#6485 = CARTESIAN_POINT('',(-77.9,-88.,-5.01));
#6486 = LINE('',#6487,#6488);
#6487 = CARTESIAN_POINT('',(-77.9,-88.,-10.));
#6488 = VECTOR('',#6489,1.);
#6489 = DIRECTION('',(0.,0.,1.));
#6490 = ORIENTED_EDGE('',*,*,#6491,.T.);
#6491 = EDGE_CURVE('',#6484,#6436,#6492,.T.);
#6492 = LINE('',#6493,#6494);
#6493 = CARTESIAN_POINT('',(-77.9,-88.,-5.01));
#6494 = VECTOR('',#6495,1.);
#6495 = DIRECTION('',(0.,1.,0.));
#6496 = ORIENTED_EDGE('',*,*,#6435,.T.);
#6497 = ORIENTED_EDGE('',*,*,#4656,.F.);
#6498 = PLANE('',#6499);
#6499 = AXIS2_PLACEMENT_3D('',#6500,#6501,#6502);
#6500 = CARTESIAN_POINT('',(-77.9,-98.,-10.));
#6501 = DIRECTION('',(1.,0.,0.));
#6502 = DIRECTION('',(0.,0.,1.));
#6503 = ADVANCED_FACE('',(#6504),#6523,.F.);
#6504 = FACE_BOUND('',#6505,.T.);
#6505 = EDGE_LOOP('',(#6506,#6507,#6516,#6522));
#6506 = ORIENTED_EDGE('',*,*,#6459,.F.);
#6507 = ORIENTED_EDGE('',*,*,#6508,.T.);
#6508 = EDGE_CURVE('',#6460,#6509,#6511,.T.);
#6509 = VERTEX_POINT('',#6510);
#6510 = CARTESIAN_POINT('',(9.999999999999E-02,-98.,-5.01));
#6511 = CIRCLE('',#6512,10.);
#6512 = AXIS2_PLACEMENT_3D('',#6513,#6514,#6515);
#6513 = CARTESIAN_POINT('',(9.999999999999E-02,-88.,-5.01));
#6514 = DIRECTION('',(0.,0.,-1.));
#6515 = DIRECTION('',(1.,0.,0.));
#6516 = ORIENTED_EDGE('',*,*,#6517,.T.);
#6517 = EDGE_CURVE('',#6509,#4674,#6518,.T.);
#6518 = LINE('',#6519,#6520);
#6519 = CARTESIAN_POINT('',(1.E-01,-98.,-10.));
#6520 = VECTOR('',#6521,1.);
#6521 = DIRECTION('',(0.,0.,1.));
#6522 = ORIENTED_EDGE('',*,*,#4681,.T.);
#6523 = CYLINDRICAL_SURFACE('',#6524,10.);
#6524 = AXIS2_PLACEMENT_3D('',#6525,#6526,#6527);
#6525 = CARTESIAN_POINT('',(1.E-01,-88.,-10.));
#6526 = DIRECTION('',(0.,0.,1.));
#6527 = DIRECTION('',(1.,0.,0.));
#6528 = ADVANCED_FACE('',(#6529),#6548,.F.);
#6529 = FACE_BOUND('',#6530,.F.);
#6530 = EDGE_LOOP('',(#6531,#6532,#6541,#6547));
#6531 = ORIENTED_EDGE('',*,*,#6483,.F.);
#6532 = ORIENTED_EDGE('',*,*,#6533,.F.);
#6533 = EDGE_CURVE('',#6534,#6484,#6536,.T.);
#6534 = VERTEX_POINT('',#6535);
#6535 = CARTESIAN_POINT('',(-67.9,-98.,-5.01));
#6536 = CIRCLE('',#6537,10.);
#6537 = AXIS2_PLACEMENT_3D('',#6538,#6539,#6540);
#6538 = CARTESIAN_POINT('',(-67.9,-88.,-5.01));
#6539 = DIRECTION('',(-0.,-0.,-1.));
#6540 = DIRECTION('',(0.,-1.,0.));
#6541 = ORIENTED_EDGE('',*,*,#6542,.T.);
#6542 = EDGE_CURVE('',#6534,#4665,#6543,.T.);
#6543 = LINE('',#6544,#6545);
#6544 = CARTESIAN_POINT('',(-67.9,-98.,-10.));
#6545 = VECTOR('',#6546,1.);
#6546 = DIRECTION('',(0.,0.,1.));
#6547 = ORIENTED_EDGE('',*,*,#4664,.F.);
#6548 = CYLINDRICAL_SURFACE('',#6549,10.);
#6549 = AXIS2_PLACEMENT_3D('',#6550,#6551,#6552);
#6550 = CARTESIAN_POINT('',(-67.9,-88.,-10.));
#6551 = DIRECTION('',(0.,0.,1.));
#6552 = DIRECTION('',(-1.,0.,0.));
#6553 = ADVANCED_FACE('',(#6554),#6565,.T.);
#6554 = FACE_BOUND('',#6555,.T.);
#6555 = EDGE_LOOP('',(#6556,#6562,#6563,#6564));
#6556 = ORIENTED_EDGE('',*,*,#6557,.T.);
#6557 = EDGE_CURVE('',#6509,#6534,#6558,.T.);
#6558 = LINE('',#6559,#6560);
#6559 = CARTESIAN_POINT('',(9.999999999999E-02,-98.,-5.01));
#6560 = VECTOR('',#6561,1.);
#6561 = DIRECTION('',(-1.,-0.,-0.));
#6562 = ORIENTED_EDGE('',*,*,#6542,.T.);
#6563 = ORIENTED_EDGE('',*,*,#4673,.F.);
#6564 = ORIENTED_EDGE('',*,*,#6517,.F.);
#6565 = PLANE('',#6566);
#6566 = AXIS2_PLACEMENT_3D('',#6567,#6568,#6569);
#6567 = CARTESIAN_POINT('',(-77.9,-98.,-10.));
#6568 = DIRECTION('',(0.,1.,0.));
#6569 = DIRECTION('',(0.,0.,1.));
#6570 = ADVANCED_FACE('',(#6571),#6582,.F.);
#6571 = FACE_BOUND('',#6572,.T.);
#6572 = EDGE_LOOP('',(#6573,#6574,#6575,#6581));
#6573 = ORIENTED_EDGE('',*,*,#5055,.F.);
#6574 = ORIENTED_EDGE('',*,*,#4756,.T.);
#6575 = ORIENTED_EDGE('',*,*,#6576,.T.);
#6576 = EDGE_CURVE('',#4757,#5111,#6577,.T.);
#6577 = LINE('',#6578,#6579);
#6578 = CARTESIAN_POINT('',(9.999999999999E-02,-93.,-1.E-02));
#6579 = VECTOR('',#6580,1.);
#6580 = DIRECTION('',(-4.E-17,0.707106781187,0.707106781187));
#6581 = ORIENTED_EDGE('',*,*,#5120,.F.);
#6582 = CONICAL_SURFACE('',#6583,5.,0.785398163397);
#6583 = AXIS2_PLACEMENT_3D('',#6584,#6585,#6586);
#6584 = CARTESIAN_POINT('',(9.999999999999E-02,-88.,-1.E-02));
#6585 = DIRECTION('',(-0.,-0.,-1.));
#6586 = DIRECTION('',(1.,0.,0.));
#6587 = ADVANCED_FACE('',(#6588),#6624,.F.);
#6588 = FACE_BOUND('',#6589,.T.);
#6589 = EDGE_LOOP('',(#6590,#6591,#6592,#6593,#6594,#6602,#6610,#6618));
#6590 = ORIENTED_EDGE('',*,*,#6576,.F.);
#6591 = ORIENTED_EDGE('',*,*,#4765,.T.);
#6592 = ORIENTED_EDGE('',*,*,#6321,.T.);
#6593 = ORIENTED_EDGE('',*,*,#6338,.F.);
#6594 = ORIENTED_EDGE('',*,*,#6595,.T.);
#6595 = EDGE_CURVE('',#6339,#6596,#6598,.T.);
#6596 = VERTEX_POINT('',#6597);
#6597 = CARTESIAN_POINT('',(-56.5,-94.99,-2.));
#6598 = LINE('',#6599,#6600);
#6599 = CARTESIAN_POINT('',(-56.5,-95.995,-3.005));
#6600 = VECTOR('',#6601,1.);
#6601 = DIRECTION('',(0.,-0.707106781187,-0.707106781187));
#6602 = ORIENTED_EDGE('',*,*,#6603,.T.);
#6603 = EDGE_CURVE('',#6596,#6604,#6606,.T.);
#6604 = VERTEX_POINT('',#6605);
#6605 = CARTESIAN_POINT('',(-11.3,-94.99,-2.));
#6606 = LINE('',#6607,#6608);
#6607 = CARTESIAN_POINT('',(-28.2,-94.99,-2.));
#6608 = VECTOR('',#6609,1.);
#6609 = DIRECTION('',(1.,0.,0.));
#6610 = ORIENTED_EDGE('',*,*,#6611,.F.);
#6611 = EDGE_CURVE('',#6612,#6604,#6614,.T.);
#6612 = VERTEX_POINT('',#6613);
#6613 = CARTESIAN_POINT('',(-11.3,-93.,-1.E-02));
#6614 = LINE('',#6615,#6616);
#6615 = CARTESIAN_POINT('',(-11.3,-95.995,-3.005));
#6616 = VECTOR('',#6617,1.);
#6617 = DIRECTION('',(0.,-0.707106781187,-0.707106781187));
#6618 = ORIENTED_EDGE('',*,*,#6619,.F.);
#6619 = EDGE_CURVE('',#5111,#6612,#6620,.T.);
#6620 = LINE('',#6621,#6622);
#6621 = CARTESIAN_POINT('',(9.999999999999E-02,-93.,-1.E-02));
#6622 = VECTOR('',#6623,1.);
#6623 = DIRECTION('',(-1.,-0.,-0.));
#6624 = PLANE('',#6625);
#6625 = AXIS2_PLACEMENT_3D('',#6626,#6627,#6628);
#6626 = CARTESIAN_POINT('',(9.999999999999E-02,-95.495,-2.505));
#6627 = DIRECTION('',(0.,-0.707106781187,0.707106781187));
#6628 = DIRECTION('',(1.,0.,0.));
#6629 = ADVANCED_FACE('',(#6630),#6649,.F.);
#6630 = FACE_BOUND('',#6631,.T.);
#6631 = EDGE_LOOP('',(#6632,#6640,#6647,#6648));
#6632 = ORIENTED_EDGE('',*,*,#6633,.T.);
#6633 = EDGE_CURVE('',#4818,#6634,#6636,.T.);
#6634 = VERTEX_POINT('',#6635);
#6635 = CARTESIAN_POINT('',(-81.,-10.,0.));
#6636 = LINE('',#6637,#6638);
#6637 = CARTESIAN_POINT('',(-81.,-10.,-5.));
#6638 = VECTOR('',#6639,1.);
#6639 = DIRECTION('',(0.,0.,1.));
#6640 = ORIENTED_EDGE('',*,*,#6641,.T.);
#6641 = EDGE_CURVE('',#6634,#6634,#6642,.T.);
#6642 = CIRCLE('',#6643,4.);
#6643 = AXIS2_PLACEMENT_3D('',#6644,#6645,#6646);
#6644 = CARTESIAN_POINT('',(-85.,-10.,0.));
#6645 = DIRECTION('',(0.,0.,1.));
#6646 = DIRECTION('',(1.,0.,0.));
#6647 = ORIENTED_EDGE('',*,*,#6633,.F.);
#6648 = ORIENTED_EDGE('',*,*,#4817,.F.);
#6649 = CYLINDRICAL_SURFACE('',#6650,4.);
#6650 = AXIS2_PLACEMENT_3D('',#6651,#6652,#6653);
#6651 = CARTESIAN_POINT('',(-85.,-10.,-5.));
#6652 = DIRECTION('',(-0.,-0.,-1.));
#6653 = DIRECTION('',(1.,0.,0.));
#6654 = ADVANCED_FACE('',(#6655),#6674,.F.);
#6655 = FACE_BOUND('',#6656,.T.);
#6656 = EDGE_LOOP('',(#6657,#6665,#6666,#6667));
#6657 = ORIENTED_EDGE('',*,*,#6658,.F.);
#6658 = EDGE_CURVE('',#4829,#6659,#6661,.T.);
#6659 = VERTEX_POINT('',#6660);
#6660 = CARTESIAN_POINT('',(-79.9,72.,0.));
#6661 = LINE('',#6662,#6663);
#6662 = CARTESIAN_POINT('',(-79.9,72.,-5.));
#6663 = VECTOR('',#6664,1.);
#6664 = DIRECTION('',(0.,0.,1.));
#6665 = ORIENTED_EDGE('',*,*,#4828,.F.);
#6666 = ORIENTED_EDGE('',*,*,#6658,.T.);
#6667 = ORIENTED_EDGE('',*,*,#6668,.F.);
#6668 = EDGE_CURVE('',#6659,#6659,#6669,.T.);
#6669 = CIRCLE('',#6670,2.);
#6670 = AXIS2_PLACEMENT_3D('',#6671,#6672,#6673);
#6671 = CARTESIAN_POINT('',(-81.9,72.,0.));
#6672 = DIRECTION('',(0.,0.,-1.));
#6673 = DIRECTION('',(1.,0.,0.));
#6674 = CYLINDRICAL_SURFACE('',#6675,2.);
#6675 = AXIS2_PLACEMENT_3D('',#6676,#6677,#6678);
#6676 = CARTESIAN_POINT('',(-81.9,72.,-5.));
#6677 = DIRECTION('',(-0.,-0.,-1.));
#6678 = DIRECTION('',(1.,0.,0.));
#6679 = ADVANCED_FACE('',(#6680),#6699,.F.);
#6680 = FACE_BOUND('',#6681,.T.);
#6681 = EDGE_LOOP('',(#6682,#6690,#6697,#6698));
#6682 = ORIENTED_EDGE('',*,*,#6683,.T.);
#6683 = EDGE_CURVE('',#4840,#6684,#6686,.T.);
#6684 = VERTEX_POINT('',#6685);
#6685 = CARTESIAN_POINT('',(21.2,-10.,0.));
#6686 = LINE('',#6687,#6688);
#6687 = CARTESIAN_POINT('',(21.2,-10.,-5.));
#6688 = VECTOR('',#6689,1.);
#6689 = DIRECTION('',(0.,0.,1.));
#6690 = ORIENTED_EDGE('',*,*,#6691,.T.);
#6691 = EDGE_CURVE('',#6684,#6684,#6692,.T.);
#6692 = CIRCLE('',#6693,4.);
#6693 = AXIS2_PLACEMENT_3D('',#6694,#6695,#6696);
#6694 = CARTESIAN_POINT('',(17.2,-10.,0.));
#6695 = DIRECTION('',(0.,0.,1.));
#6696 = DIRECTION('',(1.,0.,0.));
#6697 = ORIENTED_EDGE('',*,*,#6683,.F.);
#6698 = ORIENTED_EDGE('',*,*,#4839,.F.);
#6699 = CYLINDRICAL_SURFACE('',#6700,4.);
#6700 = AXIS2_PLACEMENT_3D('',#6701,#6702,#6703);
#6701 = CARTESIAN_POINT('',(17.2,-10.,-5.));
#6702 = DIRECTION('',(-0.,-0.,-1.));
#6703 = DIRECTION('',(1.,0.,0.));
#6704 = ADVANCED_FACE('',(#6705),#6724,.F.);
#6705 = FACE_BOUND('',#6706,.T.);
#6706 = EDGE_LOOP('',(#6707,#6715,#6716,#6717));
#6707 = ORIENTED_EDGE('',*,*,#6708,.F.);
#6708 = EDGE_CURVE('',#4851,#6709,#6711,.T.);
#6709 = VERTEX_POINT('',#6710);
#6710 = CARTESIAN_POINT('',(16.1,72.,0.));
#6711 = LINE('',#6712,#6713);
#6712 = CARTESIAN_POINT('',(16.1,72.,-5.));
#6713 = VECTOR('',#6714,1.);
#6714 = DIRECTION('',(0.,0.,1.));
#6715 = ORIENTED_EDGE('',*,*,#4850,.F.);
#6716 = ORIENTED_EDGE('',*,*,#6708,.T.);
#6717 = ORIENTED_EDGE('',*,*,#6718,.F.);
#6718 = EDGE_CURVE('',#6709,#6709,#6719,.T.);
#6719 = CIRCLE('',#6720,2.);
#6720 = AXIS2_PLACEMENT_3D('',#6721,#6722,#6723);
#6721 = CARTESIAN_POINT('',(14.1,72.,0.));
#6722 = DIRECTION('',(0.,0.,-1.));
#6723 = DIRECTION('',(1.,0.,0.));
#6724 = CYLINDRICAL_SURFACE('',#6725,2.);
#6725 = AXIS2_PLACEMENT_3D('',#6726,#6727,#6728);
#6726 = CARTESIAN_POINT('',(14.1,72.,-5.));
#6727 = DIRECTION('',(-0.,-0.,-1.));
#6728 = DIRECTION('',(1.,0.,0.));
#6729 = ADVANCED_FACE('',(#6730),#6756,.F.);
#6730 = FACE_BOUND('',#6731,.T.);
#6731 = EDGE_LOOP('',(#6732,#6740,#6749,#6755));
#6732 = ORIENTED_EDGE('',*,*,#6733,.F.);
#6733 = EDGE_CURVE('',#6734,#4892,#6736,.T.);
#6734 = VERTEX_POINT('',#6735);
#6735 = CARTESIAN_POINT('',(-94.,-10.,15.1));
#6736 = LINE('',#6737,#6738);
#6737 = CARTESIAN_POINT('',(-94.,-10.,15.1));
#6738 = VECTOR('',#6739,1.);
#6739 = DIRECTION('',(0.,0.,1.));
#6740 = ORIENTED_EDGE('',*,*,#6741,.F.);
#6741 = EDGE_CURVE('',#6742,#6734,#6744,.T.);
#6742 = VERTEX_POINT('',#6743);
#6743 = CARTESIAN_POINT('',(-102.,-10.,15.1));
#6744 = CIRCLE('',#6745,4.);
#6745 = AXIS2_PLACEMENT_3D('',#6746,#6747,#6748);
#6746 = CARTESIAN_POINT('',(-98.,-10.,15.1));
#6747 = DIRECTION('',(0.,0.,1.));
#6748 = DIRECTION('',(1.,0.,0.));
#6749 = ORIENTED_EDGE('',*,*,#6750,.F.);
#6750 = EDGE_CURVE('',#4588,#6742,#6751,.T.);
#6751 = LINE('',#6752,#6753);
#6752 = CARTESIAN_POINT('',(-102.,-10.,15.1));
#6753 = VECTOR('',#6754,1.);
#6754 = DIRECTION('',(-0.,-0.,-1.));
#6755 = ORIENTED_EDGE('',*,*,#4891,.F.);
#6756 = CYLINDRICAL_SURFACE('',#6757,4.);
#6757 = AXIS2_PLACEMENT_3D('',#6758,#6759,#6760);
#6758 = CARTESIAN_POINT('',(-98.,-10.,15.1));
#6759 = DIRECTION('',(-0.,-0.,-1.));
#6760 = DIRECTION('',(1.,0.,0.));
#6761 = ADVANCED_FACE('',(#6762),#6774,.F.);
#6762 = FACE_BOUND('',#6763,.T.);
#6763 = EDGE_LOOP('',(#6764,#6771,#6772,#6773));
#6764 = ORIENTED_EDGE('',*,*,#6765,.F.);
#6765 = EDGE_CURVE('',#6734,#6742,#6766,.T.);
#6766 = CIRCLE('',#6767,4.);
#6767 = AXIS2_PLACEMENT_3D('',#6768,#6769,#6770);
#6768 = CARTESIAN_POINT('',(-98.,-10.,15.1));
#6769 = DIRECTION('',(0.,0.,1.));
#6770 = DIRECTION('',(1.,0.,0.));
#6771 = ORIENTED_EDGE('',*,*,#6733,.T.);
#6772 = ORIENTED_EDGE('',*,*,#4900,.F.);
#6773 = ORIENTED_EDGE('',*,*,#6750,.T.);
#6774 = CYLINDRICAL_SURFACE('',#6775,4.);
#6775 = AXIS2_PLACEMENT_3D('',#6776,#6777,#6778);
#6776 = CARTESIAN_POINT('',(-98.,-10.,15.1));
#6777 = DIRECTION('',(-0.,-0.,-1.));
#6778 = DIRECTION('',(1.,0.,0.));
#6779 = ADVANCED_FACE('',(#6780),#6791,.F.);
#6780 = FACE_BOUND('',#6781,.T.);
#6781 = EDGE_LOOP('',(#6782,#6783,#6789,#6790));
#6782 = ORIENTED_EDGE('',*,*,#5128,.F.);
#6783 = ORIENTED_EDGE('',*,*,#6784,.T.);
#6784 = EDGE_CURVE('',#5113,#5208,#6785,.T.);
#6785 = LINE('',#6786,#6787);
#6786 = CARTESIAN_POINT('',(1.E-01,-93.,0.));
#6787 = VECTOR('',#6788,1.);
#6788 = DIRECTION('',(0.,0.,1.));
#6789 = ORIENTED_EDGE('',*,*,#5207,.F.);
#6790 = ORIENTED_EDGE('',*,*,#5080,.F.);
#6791 = CYLINDRICAL_SURFACE('',#6792,5.);
#6792 = AXIS2_PLACEMENT_3D('',#6793,#6794,#6795);
#6793 = CARTESIAN_POINT('',(1.E-01,-88.,0.));
#6794 = DIRECTION('',(0.,0.,1.));
#6795 = DIRECTION('',(1.,0.,0.));
#6796 = ADVANCED_FACE('',(#6797),#6814,.T.);
#6797 = FACE_BOUND('',#6798,.T.);
#6798 = EDGE_LOOP('',(#6799,#6800,#6806,#6807,#6813));
#6799 = ORIENTED_EDGE('',*,*,#6619,.T.);
#6800 = ORIENTED_EDGE('',*,*,#6801,.T.);
#6801 = EDGE_CURVE('',#6612,#6249,#6802,.T.);
#6802 = LINE('',#6803,#6804);
#6803 = CARTESIAN_POINT('',(-11.3,-93.,-2.));
#6804 = VECTOR('',#6805,1.);
#6805 = DIRECTION('',(0.,0.,1.));
#6806 = ORIENTED_EDGE('',*,*,#6248,.T.);
#6807 = ORIENTED_EDGE('',*,*,#6808,.T.);
#6808 = EDGE_CURVE('',#6241,#5113,#6809,.T.);
#6809 = LINE('',#6810,#6811);
#6810 = CARTESIAN_POINT('',(-72.9,-93.,0.));
#6811 = VECTOR('',#6812,1.);
#6812 = DIRECTION('',(1.,0.,0.));
#6813 = ORIENTED_EDGE('',*,*,#5110,.F.);
#6814 = PLANE('',#6815);
#6815 = AXIS2_PLACEMENT_3D('',#6816,#6817,#6818);
#6816 = CARTESIAN_POINT('',(-72.9,-93.,-5.));
#6817 = DIRECTION('',(0.,1.,0.));
#6818 = DIRECTION('',(0.,0.,1.));
#6819 = ADVANCED_FACE('',(#6820),#6827,.T.);
#6820 = FACE_BOUND('',#6821,.T.);
#6821 = EDGE_LOOP('',(#6822,#6823,#6824,#6825,#6826));
#6822 = ORIENTED_EDGE('',*,*,#6808,.F.);
#6823 = ORIENTED_EDGE('',*,*,#6240,.T.);
#6824 = ORIENTED_EDGE('',*,*,#5295,.F.);
#6825 = ORIENTED_EDGE('',*,*,#5251,.T.);
#6826 = ORIENTED_EDGE('',*,*,#6784,.F.);
#6827 = PLANE('',#6828);
#6828 = AXIS2_PLACEMENT_3D('',#6829,#6830,#6831);
#6829 = CARTESIAN_POINT('',(-72.9,-93.,0.));
#6830 = DIRECTION('',(0.,1.,0.));
#6831 = DIRECTION('',(0.,0.,1.));
#6832 = ADVANCED_FACE('',(#6833),#6844,.F.);
#6833 = FACE_BOUND('',#6834,.T.);
#6834 = EDGE_LOOP('',(#6835,#6836,#6842,#6843));
#6835 = ORIENTED_EDGE('',*,*,#5381,.T.);
#6836 = ORIENTED_EDGE('',*,*,#6837,.T.);
#6837 = EDGE_CURVE('',#5382,#5510,#6838,.T.);
#6838 = LINE('',#6839,#6840);
#6839 = CARTESIAN_POINT('',(5.4,-72.,6.));
#6840 = VECTOR('',#6841,1.);
#6841 = DIRECTION('',(1.,0.,0.));
#6842 = ORIENTED_EDGE('',*,*,#5509,.F.);
#6843 = ORIENTED_EDGE('',*,*,#6837,.F.);
#6844 = CYLINDRICAL_SURFACE('',#6845,4.);
#6845 = AXIS2_PLACEMENT_3D('',#6846,#6847,#6848);
#6846 = CARTESIAN_POINT('',(5.4,-72.,10.));
#6847 = DIRECTION('',(-1.,-0.,0.));
#6848 = DIRECTION('',(0.,0.,-1.));
#6849 = ADVANCED_FACE('',(#6850,#6853),#6864,.T.);
#6850 = FACE_BOUND('',#6851,.T.);
#6851 = EDGE_LOOP('',(#6852));
#6852 = ORIENTED_EDGE('',*,*,#5469,.T.);
#6853 = FACE_BOUND('',#6854,.T.);
#6854 = EDGE_LOOP('',(#6855));
#6855 = ORIENTED_EDGE('',*,*,#6856,.T.);
#6856 = EDGE_CURVE('',#6857,#6857,#6859,.T.);
#6857 = VERTEX_POINT('',#6858);
#6858 = CARTESIAN_POINT('',(17.2,-98.,32.));
#6859 = CIRCLE('',#6860,2.);
#6860 = AXIS2_PLACEMENT_3D('',#6861,#6862,#6863);
#6861 = CARTESIAN_POINT('',(15.2,-98.,32.));
#6862 = DIRECTION('',(0.,0.,-1.));
#6863 = DIRECTION('',(1.,0.,0.));
#6864 = PLANE('',#6865);
#6865 = AXIS2_PLACEMENT_3D('',#6866,#6867,#6868);
#6866 = CARTESIAN_POINT('',(15.2,-98.,32.));
#6867 = DIRECTION('',(0.,0.,1.));
#6868 = DIRECTION('',(1.,0.,0.));
#6869 = ADVANCED_FACE('',(#6870),#6889,.F.);
#6870 = FACE_BOUND('',#6871,.T.);
#6871 = EDGE_LOOP('',(#6872,#6880,#6881,#6882));
#6872 = ORIENTED_EDGE('',*,*,#6873,.T.);
#6873 = EDGE_CURVE('',#6874,#5530,#6876,.T.);
#6874 = VERTEX_POINT('',#6875);
#6875 = CARTESIAN_POINT('',(34.2,-10.,15.1));
#6876 = LINE('',#6877,#6878);
#6877 = CARTESIAN_POINT('',(34.2,-10.,15.1));
#6878 = VECTOR('',#6879,1.);
#6879 = DIRECTION('',(0.,0.,1.));
#6880 = ORIENTED_EDGE('',*,*,#5767,.T.);
#6881 = ORIENTED_EDGE('',*,*,#6873,.F.);
#6882 = ORIENTED_EDGE('',*,*,#6883,.F.);
#6883 = EDGE_CURVE('',#6874,#6874,#6884,.T.);
#6884 = CIRCLE('',#6885,4.);
#6885 = AXIS2_PLACEMENT_3D('',#6886,#6887,#6888);
#6886 = CARTESIAN_POINT('',(30.2,-10.,15.1));
#6887 = DIRECTION('',(0.,0.,1.));
#6888 = DIRECTION('',(1.,0.,0.));
#6889 = CYLINDRICAL_SURFACE('',#6890,4.);
#6890 = AXIS2_PLACEMENT_3D('',#6891,#6892,#6893);
#6891 = CARTESIAN_POINT('',(30.2,-10.,15.1));
#6892 = DIRECTION('',(-0.,-0.,-1.));
#6893 = DIRECTION('',(1.,0.,0.));
#6894 = ADVANCED_FACE('',(#6895),#6914,.F.);
#6895 = FACE_BOUND('',#6896,.T.);
#6896 = EDGE_LOOP('',(#6897,#6906,#6912,#6913));
#6897 = ORIENTED_EDGE('',*,*,#6898,.T.);
#6898 = EDGE_CURVE('',#6899,#6899,#6901,.T.);
#6899 = VERTEX_POINT('',#6900);
#6900 = CARTESIAN_POINT('',(-83.,-10.,0.));
#6901 = CIRCLE('',#6902,2.);
#6902 = AXIS2_PLACEMENT_3D('',#6903,#6904,#6905);
#6903 = CARTESIAN_POINT('',(-85.,-10.,0.));
#6904 = DIRECTION('',(0.,0.,-1.));
#6905 = DIRECTION('',(1.,0.,0.));
#6906 = ORIENTED_EDGE('',*,*,#6907,.T.);
#6907 = EDGE_CURVE('',#6899,#5789,#6908,.T.);
#6908 = LINE('',#6909,#6910);
#6909 = CARTESIAN_POINT('',(-83.,-10.,-5.));
#6910 = VECTOR('',#6911,1.);
#6911 = DIRECTION('',(0.,0.,1.));
#6912 = ORIENTED_EDGE('',*,*,#5788,.F.);
#6913 = ORIENTED_EDGE('',*,*,#6907,.F.);
#6914 = CYLINDRICAL_SURFACE('',#6915,2.);
#6915 = AXIS2_PLACEMENT_3D('',#6916,#6917,#6918);
#6916 = CARTESIAN_POINT('',(-85.,-10.,-5.));
#6917 = DIRECTION('',(-0.,-0.,-1.));
#6918 = DIRECTION('',(1.,0.,0.));
#6919 = ADVANCED_FACE('',(#6920),#6931,.F.);
#6920 = FACE_BOUND('',#6921,.F.);
#6921 = EDGE_LOOP('',(#6922,#6923,#6924,#6930));
#6922 = ORIENTED_EDGE('',*,*,#5808,.F.);
#6923 = ORIENTED_EDGE('',*,*,#5822,.T.);
#6924 = ORIENTED_EDGE('',*,*,#6925,.T.);
#6925 = EDGE_CURVE('',#5823,#5871,#6926,.T.);
#6926 = LINE('',#6927,#6928);
#6927 = CARTESIAN_POINT('',(-65.9,-14.9,27.));
#6928 = VECTOR('',#6929,1.);
#6929 = DIRECTION('',(1.,0.,0.));
#6930 = ORIENTED_EDGE('',*,*,#5870,.F.);
#6931 = PLANE('',#6932);
#6932 = AXIS2_PLACEMENT_3D('',#6933,#6934,#6935);
#6933 = CARTESIAN_POINT('',(-65.9,-14.9,0.));
#6934 = DIRECTION('',(0.,1.,0.));
#6935 = DIRECTION('',(0.,0.,1.));
#6936 = ADVANCED_FACE('',(#6937),#6962,.F.);
#6937 = FACE_BOUND('',#6938,.F.);
#6938 = EDGE_LOOP('',(#6939,#6947,#6948,#6956));
#6939 = ORIENTED_EDGE('',*,*,#6940,.F.);
#6940 = EDGE_CURVE('',#5823,#6941,#6943,.T.);
#6941 = VERTEX_POINT('',#6942);
#6942 = CARTESIAN_POINT('',(-65.9,-14.9,29.));
#6943 = LINE('',#6944,#6945);
#6944 = CARTESIAN_POINT('',(-65.9,-14.9,27.));
#6945 = VECTOR('',#6946,1.);
#6946 = DIRECTION('',(0.,0.,1.));
#6947 = ORIENTED_EDGE('',*,*,#5839,.T.);
#6948 = ORIENTED_EDGE('',*,*,#6949,.T.);
#6949 = EDGE_CURVE('',#5832,#6950,#6952,.T.);
#6950 = VERTEX_POINT('',#6951);
#6951 = CARTESIAN_POINT('',(-65.9,-4.9,29.));
#6952 = LINE('',#6953,#6954);
#6953 = CARTESIAN_POINT('',(-65.9,-4.9,27.));
#6954 = VECTOR('',#6955,1.);
#6955 = DIRECTION('',(0.,0.,1.));
#6956 = ORIENTED_EDGE('',*,*,#6957,.F.);
#6957 = EDGE_CURVE('',#6941,#6950,#6958,.T.);
#6958 = LINE('',#6959,#6960);
#6959 = CARTESIAN_POINT('',(-65.9,-14.9,29.));
#6960 = VECTOR('',#6961,1.);
#6961 = DIRECTION('',(0.,1.,0.));
#6962 = PLANE('',#6963);
#6963 = AXIS2_PLACEMENT_3D('',#6964,#6965,#6966);
#6964 = CARTESIAN_POINT('',(-65.9,-14.9,27.));
#6965 = DIRECTION('',(1.,0.,0.));
#6966 = DIRECTION('',(0.,0.,1.));
#6967 = ADVANCED_FACE('',(#6968),#6979,.T.);
#6968 = FACE_BOUND('',#6969,.T.);
#6969 = EDGE_LOOP('',(#6970,#6971,#6972,#6978));
#6970 = ORIENTED_EDGE('',*,*,#5854,.F.);
#6971 = ORIENTED_EDGE('',*,*,#5831,.T.);
#6972 = ORIENTED_EDGE('',*,*,#6973,.T.);
#6973 = EDGE_CURVE('',#5832,#5880,#6974,.T.);
#6974 = LINE('',#6975,#6976);
#6975 = CARTESIAN_POINT('',(-65.9,-4.9,27.));
#6976 = VECTOR('',#6977,1.);
#6977 = DIRECTION('',(1.,0.,0.));
#6978 = ORIENTED_EDGE('',*,*,#5879,.F.);
#6979 = PLANE('',#6980);
#6980 = AXIS2_PLACEMENT_3D('',#6981,#6982,#6983);
#6981 = CARTESIAN_POINT('',(-65.9,-4.9,0.));
#6982 = DIRECTION('',(0.,1.,0.));
#6983 = DIRECTION('',(0.,0.,1.));
#6984 = ADVANCED_FACE('',(#6985),#7001,.F.);
#6985 = FACE_BOUND('',#6986,.F.);
#6986 = EDGE_LOOP('',(#6987,#6988,#6994,#6995));
#6987 = ORIENTED_EDGE('',*,*,#5887,.F.);
#6988 = ORIENTED_EDGE('',*,*,#6989,.T.);
#6989 = EDGE_CURVE('',#5871,#5931,#6990,.T.);
#6990 = LINE('',#6991,#6992);
#6991 = CARTESIAN_POINT('',(-65.9,-14.9,27.));
#6992 = VECTOR('',#6993,1.);
#6993 = DIRECTION('',(1.,0.,0.));
#6994 = ORIENTED_EDGE('',*,*,#5947,.T.);
#6995 = ORIENTED_EDGE('',*,*,#6996,.F.);
#6996 = EDGE_CURVE('',#5880,#5940,#6997,.T.);
#6997 = LINE('',#6998,#6999);
#6998 = CARTESIAN_POINT('',(-65.9,-4.9,27.));
#6999 = VECTOR('',#7000,1.);
#7000 = DIRECTION('',(1.,0.,0.));
#7001 = PLANE('',#7002);
#7002 = AXIS2_PLACEMENT_3D('',#7003,#7004,#7005);
#7003 = CARTESIAN_POINT('',(-65.9,-14.9,27.));
#7004 = DIRECTION('',(0.,0.,1.));
#7005 = DIRECTION('',(1.,0.,0.));
#7006 = ADVANCED_FACE('',(#7007),#7018,.F.);
#7007 = FACE_BOUND('',#7008,.F.);
#7008 = EDGE_LOOP('',(#7009,#7010,#7011,#7017));
#7009 = ORIENTED_EDGE('',*,*,#5916,.F.);
#7010 = ORIENTED_EDGE('',*,*,#5930,.T.);
#7011 = ORIENTED_EDGE('',*,*,#7012,.T.);
#7012 = EDGE_CURVE('',#5931,#5979,#7013,.T.);
#7013 = LINE('',#7014,#7015);
#7014 = CARTESIAN_POINT('',(-65.9,-14.9,27.));
#7015 = VECTOR('',#7016,1.);
#7016 = DIRECTION('',(1.,0.,0.));
#7017 = ORIENTED_EDGE('',*,*,#5978,.F.);
#7018 = PLANE('',#7019);
#7019 = AXIS2_PLACEMENT_3D('',#7020,#7021,#7022);
#7020 = CARTESIAN_POINT('',(-4.9,-14.9,0.));
#7021 = DIRECTION('',(0.,1.,0.));
#7022 = DIRECTION('',(0.,0.,1.));
#7023 = ADVANCED_FACE('',(#7024),#7035,.T.);
#7024 = FACE_BOUND('',#7025,.T.);
#7025 = EDGE_LOOP('',(#7026,#7027,#7028,#7034));
#7026 = ORIENTED_EDGE('',*,*,#5962,.F.);
#7027 = ORIENTED_EDGE('',*,*,#5939,.T.);
#7028 = ORIENTED_EDGE('',*,*,#7029,.T.);
#7029 = EDGE_CURVE('',#5940,#5988,#7030,.T.);
#7030 = LINE('',#7031,#7032);
#7031 = CARTESIAN_POINT('',(-65.9,-4.9,27.));
#7032 = VECTOR('',#7033,1.);
#7033 = DIRECTION('',(1.,0.,0.));
#7034 = ORIENTED_EDGE('',*,*,#5987,.F.);
#7035 = PLANE('',#7036);
#7036 = AXIS2_PLACEMENT_3D('',#7037,#7038,#7039);
#7037 = CARTESIAN_POINT('',(-4.9,-4.9,0.));
#7038 = DIRECTION('',(0.,1.,0.));
#7039 = DIRECTION('',(0.,0.,1.));
#7040 = ADVANCED_FACE('',(#7041),#7066,.T.);
#7041 = FACE_BOUND('',#7042,.T.);
#7042 = EDGE_LOOP('',(#7043,#7051,#7052,#7060));
#7043 = ORIENTED_EDGE('',*,*,#7044,.F.);
#7044 = EDGE_CURVE('',#5979,#7045,#7047,.T.);
#7045 = VERTEX_POINT('',#7046);
#7046 = CARTESIAN_POINT('',(-1.9,-14.9,29.));
#7047 = LINE('',#7048,#7049);
#7048 = CARTESIAN_POINT('',(-1.9,-14.9,27.));
#7049 = VECTOR('',#7050,1.);
#7050 = DIRECTION('',(0.,0.,1.));
#7051 = ORIENTED_EDGE('',*,*,#5995,.T.);
#7052 = ORIENTED_EDGE('',*,*,#7053,.T.);
#7053 = EDGE_CURVE('',#5988,#7054,#7056,.T.);
#7054 = VERTEX_POINT('',#7055);
#7055 = CARTESIAN_POINT('',(-1.9,-4.9,29.));
#7056 = LINE('',#7057,#7058);
#7057 = CARTESIAN_POINT('',(-1.9,-4.9,27.));
#7058 = VECTOR('',#7059,1.);
#7059 = DIRECTION('',(0.,0.,1.));
#7060 = ORIENTED_EDGE('',*,*,#7061,.F.);
#7061 = EDGE_CURVE('',#7045,#7054,#7062,.T.);
#7062 = LINE('',#7063,#7064);
#7063 = CARTESIAN_POINT('',(-1.9,-14.9,29.));
#7064 = VECTOR('',#7065,1.);
#7065 = DIRECTION('',(0.,1.,0.));
#7066 = PLANE('',#7067);
#7067 = AXIS2_PLACEMENT_3D('',#7068,#7069,#7070);
#7068 = CARTESIAN_POINT('',(-1.9,-14.9,27.));
#7069 = DIRECTION('',(1.,0.,0.));
#7070 = DIRECTION('',(0.,0.,1.));
#7071 = ADVANCED_FACE('',(#7072),#7091,.F.);
#7072 = FACE_BOUND('',#7073,.T.);
#7073 = EDGE_LOOP('',(#7074,#7083,#7089,#7090));
#7074 = ORIENTED_EDGE('',*,*,#7075,.T.);
#7075 = EDGE_CURVE('',#7076,#7076,#7078,.T.);
#7076 = VERTEX_POINT('',#7077);
#7077 = CARTESIAN_POINT('',(19.2,-10.,0.));
#7078 = CIRCLE('',#7079,2.);
#7079 = AXIS2_PLACEMENT_3D('',#7080,#7081,#7082);
#7080 = CARTESIAN_POINT('',(17.2,-10.,0.));
#7081 = DIRECTION('',(0.,0.,-1.));
#7082 = DIRECTION('',(1.,0.,0.));
#7083 = ORIENTED_EDGE('',*,*,#7084,.T.);
#7084 = EDGE_CURVE('',#7076,#6016,#7085,.T.);
#7085 = LINE('',#7086,#7087);
#7086 = CARTESIAN_POINT('',(19.2,-10.,-5.));
#7087 = VECTOR('',#7088,1.);
#7088 = DIRECTION('',(0.,0.,1.));
#7089 = ORIENTED_EDGE('',*,*,#6015,.T.);
#7090 = ORIENTED_EDGE('',*,*,#7084,.F.);
#7091 = CYLINDRICAL_SURFACE('',#7092,2.);
#7092 = AXIS2_PLACEMENT_3D('',#7093,#7094,#7095);
#7093 = CARTESIAN_POINT('',(17.2,-10.,-5.));
#7094 = DIRECTION('',(-0.,-0.,-1.));
#7095 = DIRECTION('',(1.,0.,0.));
#7096 = ADVANCED_FACE('',(#7097),#7108,.F.);
#7097 = FACE_BOUND('',#7098,.T.);
#7098 = EDGE_LOOP('',(#7099,#7105,#7106,#7107));
#7099 = ORIENTED_EDGE('',*,*,#7100,.F.);
#7100 = EDGE_CURVE('',#6659,#6048,#7101,.T.);
#7101 = LINE('',#7102,#7103);
#7102 = CARTESIAN_POINT('',(-79.9,72.,-5.));
#7103 = VECTOR('',#7104,1.);
#7104 = DIRECTION('',(0.,0.,1.));
#7105 = ORIENTED_EDGE('',*,*,#6668,.T.);
#7106 = ORIENTED_EDGE('',*,*,#7100,.T.);
#7107 = ORIENTED_EDGE('',*,*,#6047,.F.);
#7108 = CYLINDRICAL_SURFACE('',#7109,2.);
#7109 = AXIS2_PLACEMENT_3D('',#7110,#7111,#7112);
#7110 = CARTESIAN_POINT('',(-81.9,72.,-5.));
#7111 = DIRECTION('',(-0.,-0.,-1.));
#7112 = DIRECTION('',(1.,0.,0.));
#7113 = ADVANCED_FACE('',(#7114),#7125,.F.);
#7114 = FACE_BOUND('',#7115,.T.);
#7115 = EDGE_LOOP('',(#7116,#7122,#7123,#7124));
#7116 = ORIENTED_EDGE('',*,*,#7117,.F.);
#7117 = EDGE_CURVE('',#6709,#6089,#7118,.T.);
#7118 = LINE('',#7119,#7120);
#7119 = CARTESIAN_POINT('',(16.1,72.,-5.));
#7120 = VECTOR('',#7121,1.);
#7121 = DIRECTION('',(0.,0.,1.));
#7122 = ORIENTED_EDGE('',*,*,#6718,.T.);
#7123 = ORIENTED_EDGE('',*,*,#7117,.T.);
#7124 = ORIENTED_EDGE('',*,*,#6088,.F.);
#7125 = CYLINDRICAL_SURFACE('',#7126,2.);
#7126 = AXIS2_PLACEMENT_3D('',#7127,#7128,#7129);
#7127 = CARTESIAN_POINT('',(14.1,72.,-5.));
#7128 = DIRECTION('',(-0.,-0.,-1.));
#7129 = DIRECTION('',(1.,0.,0.));
#7130 = ADVANCED_FACE('',(#7131),#7156,.T.);
#7131 = FACE_BOUND('',#7132,.F.);
#7132 = EDGE_LOOP('',(#7133,#7141,#7142,#7150));
#7133 = ORIENTED_EDGE('',*,*,#7134,.F.);
#7134 = EDGE_CURVE('',#6114,#7135,#7137,.T.);
#7135 = VERTEX_POINT('',#7136);
#7136 = CARTESIAN_POINT('',(-82.91,-103.01,-10.));
#7137 = LINE('',#7138,#7139);
#7138 = CARTESIAN_POINT('',(-86.23666666666,-106.3366666666,
    -6.673333333333));
#7139 = VECTOR('',#7140,1.);
#7140 = DIRECTION('',(0.57735026919,0.57735026919,-0.57735026919));
#7141 = ORIENTED_EDGE('',*,*,#6113,.T.);
#7142 = ORIENTED_EDGE('',*,*,#7143,.T.);
#7143 = EDGE_CURVE('',#6106,#7144,#7146,.T.);
#7144 = VERTEX_POINT('',#7145);
#7145 = CARTESIAN_POINT('',(15.11,-103.01,-10.));
#7146 = LINE('',#7147,#7148);
#7147 = CARTESIAN_POINT('',(0.436666666667,-88.33666666666,
    -24.67333333333));
#7148 = VECTOR('',#7149,1.);
#7149 = DIRECTION('',(-0.57735026919,0.57735026919,-0.57735026919));
#7150 = ORIENTED_EDGE('',*,*,#7151,.F.);
#7151 = EDGE_CURVE('',#7135,#7144,#7152,.T.);
#7152 = LINE('',#7153,#7154);
#7153 = CARTESIAN_POINT('',(-87.9,-103.01,-10.));
#7154 = VECTOR('',#7155,1.);
#7155 = DIRECTION('',(1.,0.,0.));
#7156 = PLANE('',#7157);
#7157 = AXIS2_PLACEMENT_3D('',#7158,#7159,#7160);
#7158 = CARTESIAN_POINT('',(-87.9,-105.505,-7.505));
#7159 = DIRECTION('',(0.,-0.707106781187,-0.707106781187));
#7160 = DIRECTION('',(-1.,-0.,-0.));
#7161 = ADVANCED_FACE('',(#7162),#7181,.F.);
#7162 = FACE_BOUND('',#7163,.T.);
#7163 = EDGE_LOOP('',(#7164,#7172,#7179,#7180));
#7164 = ORIENTED_EDGE('',*,*,#7165,.F.);
#7165 = EDGE_CURVE('',#7166,#6157,#7168,.T.);
#7166 = VERTEX_POINT('',#7167);
#7167 = CARTESIAN_POINT('',(-81.,-98.,0.));
#7168 = LINE('',#7169,#7170);
#7169 = CARTESIAN_POINT('',(-81.,-98.,-5.));
#7170 = VECTOR('',#7171,1.);
#7171 = DIRECTION('',(0.,0.,1.));
#7172 = ORIENTED_EDGE('',*,*,#7173,.T.);
#7173 = EDGE_CURVE('',#7166,#7166,#7174,.T.);
#7174 = CIRCLE('',#7175,2.);
#7175 = AXIS2_PLACEMENT_3D('',#7176,#7177,#7178);
#7176 = CARTESIAN_POINT('',(-83.,-98.,0.));
#7177 = DIRECTION('',(0.,0.,-1.));
#7178 = DIRECTION('',(1.,0.,0.));
#7179 = ORIENTED_EDGE('',*,*,#7165,.T.);
#7180 = ORIENTED_EDGE('',*,*,#6156,.F.);
#7181 = CYLINDRICAL_SURFACE('',#7182,2.);
#7182 = AXIS2_PLACEMENT_3D('',#7183,#7184,#7185);
#7183 = CARTESIAN_POINT('',(-83.,-98.,-5.));
#7184 = DIRECTION('',(-0.,-0.,-1.));
#7185 = DIRECTION('',(1.,0.,0.));
#7186 = ADVANCED_FACE('',(#7187,#7221,#7224),#7227,.T.);
#7187 = FACE_BOUND('',#7188,.T.);
#7188 = EDGE_LOOP('',(#7189,#7199,#7207,#7215));
#7189 = ORIENTED_EDGE('',*,*,#7190,.F.);
#7190 = EDGE_CURVE('',#7191,#7193,#7195,.T.);
#7191 = VERTEX_POINT('',#7192);
#7192 = CARTESIAN_POINT('',(-56.5,-98.,0.));
#7193 = VERTEX_POINT('',#7194);
#7194 = CARTESIAN_POINT('',(-11.3,-98.,0.));
#7195 = LINE('',#7196,#7197);
#7196 = CARTESIAN_POINT('',(-77.9,-98.,0.));
#7197 = VECTOR('',#7198,1.);
#7198 = DIRECTION('',(1.,0.,0.));
#7199 = ORIENTED_EDGE('',*,*,#7200,.T.);
#7200 = EDGE_CURVE('',#7191,#7201,#7203,.T.);
#7201 = VERTEX_POINT('',#7202);
#7202 = CARTESIAN_POINT('',(-56.5,-98.,18.4));
#7203 = LINE('',#7204,#7205);
#7204 = CARTESIAN_POINT('',(-56.5,-98.,-2.));
#7205 = VECTOR('',#7206,1.);
#7206 = DIRECTION('',(0.,0.,1.));
#7207 = ORIENTED_EDGE('',*,*,#7208,.T.);
#7208 = EDGE_CURVE('',#7201,#7209,#7211,.T.);
#7209 = VERTEX_POINT('',#7210);
#7210 = CARTESIAN_POINT('',(-11.3,-98.,18.4));
#7211 = LINE('',#7212,#7213);
#7212 = CARTESIAN_POINT('',(-56.5,-98.,18.4));
#7213 = VECTOR('',#7214,1.);
#7214 = DIRECTION('',(1.,0.,0.));
#7215 = ORIENTED_EDGE('',*,*,#7216,.F.);
#7216 = EDGE_CURVE('',#7193,#7209,#7217,.T.);
#7217 = LINE('',#7218,#7219);
#7218 = CARTESIAN_POINT('',(-11.3,-98.,-2.));
#7219 = VECTOR('',#7220,1.);
#7220 = DIRECTION('',(0.,0.,1.));
#7221 = FACE_BOUND('',#7222,.T.);
#7222 = EDGE_LOOP('',(#7223));
#7223 = ORIENTED_EDGE('',*,*,#6181,.F.);
#7224 = FACE_BOUND('',#7225,.T.);
#7225 = EDGE_LOOP('',(#7226));
#7226 = ORIENTED_EDGE('',*,*,#6206,.F.);
#7227 = PLANE('',#7228);
#7228 = AXIS2_PLACEMENT_3D('',#7229,#7230,#7231);
#7229 = CARTESIAN_POINT('',(-56.5,-98.,-2.));
#7230 = DIRECTION('',(0.,1.,0.));
#7231 = DIRECTION('',(0.,0.,1.));
#7232 = ADVANCED_FACE('',(#7233),#7259,.T.);
#7233 = FACE_BOUND('',#7234,.T.);
#7234 = EDGE_LOOP('',(#7235,#7241,#7242,#7250,#7256,#7257,#7258));
#7235 = ORIENTED_EDGE('',*,*,#7236,.F.);
#7236 = EDGE_CURVE('',#7201,#6265,#7237,.T.);
#7237 = LINE('',#7238,#7239);
#7238 = CARTESIAN_POINT('',(-56.5,-98.,18.4));
#7239 = VECTOR('',#7240,1.);
#7240 = DIRECTION('',(0.,1.,0.));
#7241 = ORIENTED_EDGE('',*,*,#7200,.F.);
#7242 = ORIENTED_EDGE('',*,*,#7243,.F.);
#7243 = EDGE_CURVE('',#7244,#7191,#7246,.T.);
#7244 = VERTEX_POINT('',#7245);
#7245 = CARTESIAN_POINT('',(-56.5,-98.,-2.));
#7246 = LINE('',#7247,#7248);
#7247 = CARTESIAN_POINT('',(-56.5,-98.,-2.));
#7248 = VECTOR('',#7249,1.);
#7249 = DIRECTION('',(0.,0.,1.));
#7250 = ORIENTED_EDGE('',*,*,#7251,.T.);
#7251 = EDGE_CURVE('',#7244,#6596,#7252,.T.);
#7252 = LINE('',#7253,#7254);
#7253 = CARTESIAN_POINT('',(-56.5,-98.,-2.));
#7254 = VECTOR('',#7255,1.);
#7255 = DIRECTION('',(0.,1.,0.));
#7256 = ORIENTED_EDGE('',*,*,#6595,.F.);
#7257 = ORIENTED_EDGE('',*,*,#6349,.T.);
#7258 = ORIENTED_EDGE('',*,*,#6272,.T.);
#7259 = PLANE('',#7260);
#7260 = AXIS2_PLACEMENT_3D('',#7261,#7262,#7263);
#7261 = CARTESIAN_POINT('',(-56.5,-98.,-2.));
#7262 = DIRECTION('',(1.,0.,0.));
#7263 = DIRECTION('',(0.,0.,1.));
#7264 = ADVANCED_FACE('',(#7265),#7276,.F.);
#7265 = FACE_BOUND('',#7266,.F.);
#7266 = EDGE_LOOP('',(#7267,#7268,#7269,#7275));
#7267 = ORIENTED_EDGE('',*,*,#7236,.F.);
#7268 = ORIENTED_EDGE('',*,*,#7208,.T.);
#7269 = ORIENTED_EDGE('',*,*,#7270,.T.);
#7270 = EDGE_CURVE('',#7209,#6257,#7271,.T.);
#7271 = LINE('',#7272,#7273);
#7272 = CARTESIAN_POINT('',(-11.3,-98.,18.4));
#7273 = VECTOR('',#7274,1.);
#7274 = DIRECTION('',(0.,1.,0.));
#7275 = ORIENTED_EDGE('',*,*,#6264,.F.);
#7276 = PLANE('',#7277);
#7277 = AXIS2_PLACEMENT_3D('',#7278,#7279,#7280);
#7278 = CARTESIAN_POINT('',(-56.5,-98.,18.4));
#7279 = DIRECTION('',(0.,0.,1.));
#7280 = DIRECTION('',(1.,0.,0.));
#7281 = ADVANCED_FACE('',(#7282),#7303,.F.);
#7282 = FACE_BOUND('',#7283,.F.);
#7283 = EDGE_LOOP('',(#7284,#7285,#7286,#7294,#7300,#7301,#7302));
#7284 = ORIENTED_EDGE('',*,*,#7270,.F.);
#7285 = ORIENTED_EDGE('',*,*,#7216,.F.);
#7286 = ORIENTED_EDGE('',*,*,#7287,.F.);
#7287 = EDGE_CURVE('',#7288,#7193,#7290,.T.);
#7288 = VERTEX_POINT('',#7289);
#7289 = CARTESIAN_POINT('',(-11.3,-98.,-2.));
#7290 = LINE('',#7291,#7292);
#7291 = CARTESIAN_POINT('',(-11.3,-98.,-2.));
#7292 = VECTOR('',#7293,1.);
#7293 = DIRECTION('',(0.,0.,1.));
#7294 = ORIENTED_EDGE('',*,*,#7295,.T.);
#7295 = EDGE_CURVE('',#7288,#6604,#7296,.T.);
#7296 = LINE('',#7297,#7298);
#7297 = CARTESIAN_POINT('',(-11.3,-98.,-2.));
#7298 = VECTOR('',#7299,1.);
#7299 = DIRECTION('',(0.,1.,0.));
#7300 = ORIENTED_EDGE('',*,*,#6611,.F.);
#7301 = ORIENTED_EDGE('',*,*,#6801,.T.);
#7302 = ORIENTED_EDGE('',*,*,#6256,.T.);
#7303 = PLANE('',#7304);
#7304 = AXIS2_PLACEMENT_3D('',#7305,#7306,#7307);
#7305 = CARTESIAN_POINT('',(-11.3,-98.,-2.));
#7306 = DIRECTION('',(1.,0.,0.));
#7307 = DIRECTION('',(0.,0.,1.));
#7308 = ADVANCED_FACE('',(#7309),#7353,.F.);
#7309 = FACE_BOUND('',#7310,.T.);
#7310 = EDGE_LOOP('',(#7311,#7312,#7313,#7321,#7330,#7339,#7347));
#7311 = ORIENTED_EDGE('',*,*,#6364,.F.);
#7312 = ORIENTED_EDGE('',*,*,#7143,.T.);
#7313 = ORIENTED_EDGE('',*,*,#7314,.T.);
#7314 = EDGE_CURVE('',#7144,#7315,#7317,.T.);
#7315 = VERTEX_POINT('',#7316);
#7316 = CARTESIAN_POINT('',(15.11,-101.9989873718,-10.));
#7317 = LINE('',#7318,#7319);
#7318 = CARTESIAN_POINT('',(15.11,-108.,-10.));
#7319 = VECTOR('',#7320,1.);
#7320 = DIRECTION('',(0.,1.,0.));
#7321 = ORIENTED_EDGE('',*,*,#7322,.T.);
#7322 = EDGE_CURVE('',#7315,#7323,#7325,.T.);
#7323 = VERTEX_POINT('',#7324);
#7324 = CARTESIAN_POINT('',(19.2,-98.,-5.91));
#7325 = ELLIPSE('',#7326,5.656854249492,4.);
#7326 = AXIS2_PLACEMENT_3D('',#7327,#7328,#7329);
#7327 = CARTESIAN_POINT('',(15.2,-98.,-9.91));
#7328 = DIRECTION('',(-0.707106781187,0.,0.707106781187));
#7329 = DIRECTION('',(-0.707106781187,0.,-0.707106781187));
#7330 = ORIENTED_EDGE('',*,*,#7331,.T.);
#7331 = EDGE_CURVE('',#7323,#7332,#7334,.T.);
#7332 = VERTEX_POINT('',#7333);
#7333 = CARTESIAN_POINT('',(15.11,-94.00101262817,-10.));
#7334 = ELLIPSE('',#7335,5.656854249492,4.);
#7335 = AXIS2_PLACEMENT_3D('',#7336,#7337,#7338);
#7336 = CARTESIAN_POINT('',(15.2,-98.,-9.91));
#7337 = DIRECTION('',(-0.707106781187,0.,0.707106781187));
#7338 = DIRECTION('',(-0.707106781187,0.,-0.707106781187));
#7339 = ORIENTED_EDGE('',*,*,#7340,.T.);
#7340 = EDGE_CURVE('',#7332,#7341,#7343,.T.);
#7341 = VERTEX_POINT('',#7342);
#7342 = CARTESIAN_POINT('',(15.11,-37.99,-10.));
#7343 = LINE('',#7344,#7345);
#7344 = CARTESIAN_POINT('',(15.11,-108.,-10.));
#7345 = VECTOR('',#7346,1.);
#7346 = DIRECTION('',(0.,1.,0.));
#7347 = ORIENTED_EDGE('',*,*,#7348,.T.);
#7348 = EDGE_CURVE('',#7341,#6365,#7349,.T.);
#7349 = LINE('',#7350,#7351);
#7350 = CARTESIAN_POINT('',(4.27,-48.83,-20.84));
#7351 = VECTOR('',#7352,1.);
#7352 = DIRECTION('',(0.57735026919,0.57735026919,0.57735026919));
#7353 = PLANE('',#7354);
#7354 = AXIS2_PLACEMENT_3D('',#7355,#7356,#7357);
#7355 = CARTESIAN_POINT('',(17.605,-108.,-7.505));
#7356 = DIRECTION('',(-0.707106781187,0.,0.707106781187));
#7357 = DIRECTION('',(-0.,-1.,-0.));
#7358 = ADVANCED_FACE('',(#7359),#7394,.T.);
#7359 = FACE_BOUND('',#7360,.T.);
#7360 = EDGE_LOOP('',(#7361,#7362,#7363,#7371,#7379,#7388));
#7361 = ORIENTED_EDGE('',*,*,#7134,.F.);
#7362 = ORIENTED_EDGE('',*,*,#6388,.T.);
#7363 = ORIENTED_EDGE('',*,*,#7364,.T.);
#7364 = EDGE_CURVE('',#6389,#7365,#7367,.T.);
#7365 = VERTEX_POINT('',#7366);
#7366 = CARTESIAN_POINT('',(-82.91,-37.99,-10.));
#7367 = LINE('',#7368,#7369);
#7368 = CARTESIAN_POINT('',(-73.73666666666,-47.16333333333,
    -19.17333333333));
#7369 = VECTOR('',#7370,1.);
#7370 = DIRECTION('',(0.57735026919,-0.57735026919,-0.57735026919));
#7371 = ORIENTED_EDGE('',*,*,#7372,.F.);
#7372 = EDGE_CURVE('',#7373,#7365,#7375,.T.);
#7373 = VERTEX_POINT('',#7374);
#7374 = CARTESIAN_POINT('',(-82.91,-94.00101262817,-10.));
#7375 = LINE('',#7376,#7377);
#7376 = CARTESIAN_POINT('',(-82.91,-108.,-10.));
#7377 = VECTOR('',#7378,1.);
#7378 = DIRECTION('',(0.,1.,0.));
#7379 = ORIENTED_EDGE('',*,*,#7380,.F.);
#7380 = EDGE_CURVE('',#7381,#7373,#7383,.T.);
#7381 = VERTEX_POINT('',#7382);
#7382 = CARTESIAN_POINT('',(-82.91,-101.9989873718,-10.));
#7383 = ELLIPSE('',#7384,5.656854249492,4.);
#7384 = AXIS2_PLACEMENT_3D('',#7385,#7386,#7387);
#7385 = CARTESIAN_POINT('',(-83.,-98.,-9.91));
#7386 = DIRECTION('',(-0.707106781187,-0.,-0.707106781187));
#7387 = DIRECTION('',(0.707106781187,0.,-0.707106781187));
#7388 = ORIENTED_EDGE('',*,*,#7389,.F.);
#7389 = EDGE_CURVE('',#7135,#7381,#7390,.T.);
#7390 = LINE('',#7391,#7392);
#7391 = CARTESIAN_POINT('',(-82.91,-108.,-10.));
#7392 = VECTOR('',#7393,1.);
#7393 = DIRECTION('',(0.,1.,0.));
#7394 = PLANE('',#7395);
#7395 = AXIS2_PLACEMENT_3D('',#7396,#7397,#7398);
#7396 = CARTESIAN_POINT('',(-85.405,-108.,-7.505));
#7397 = DIRECTION('',(-0.707106781187,0.,-0.707106781187));
#7398 = DIRECTION('',(0.,1.,0.));
#7399 = ADVANCED_FACE('',(#7400),#7418,.F.);
#7400 = FACE_BOUND('',#7401,.F.);
#7401 = EDGE_LOOP('',(#7402,#7410,#7416,#7417));
#7402 = ORIENTED_EDGE('',*,*,#7403,.F.);
#7403 = EDGE_CURVE('',#7404,#6413,#7406,.T.);
#7404 = VERTEX_POINT('',#7405);
#7405 = CARTESIAN_POINT('',(15.09,-37.99,-10.));
#7406 = LINE('',#7407,#7408);
#7407 = CARTESIAN_POINT('',(11.763333333333,-34.66333333333,
    -6.673333333333));
#7408 = VECTOR('',#7409,1.);
#7409 = DIRECTION('',(-0.57735026919,0.57735026919,0.57735026919));
#7410 = ORIENTED_EDGE('',*,*,#7411,.T.);
#7411 = EDGE_CURVE('',#7404,#7341,#7412,.T.);
#7412 = LINE('',#7413,#7414);
#7413 = CARTESIAN_POINT('',(10.1,-37.99,-10.));
#7414 = VECTOR('',#7415,1.);
#7415 = DIRECTION('',(1.,0.,0.));
#7416 = ORIENTED_EDGE('',*,*,#7348,.T.);
#7417 = ORIENTED_EDGE('',*,*,#6412,.F.);
#7418 = PLANE('',#7419);
#7419 = AXIS2_PLACEMENT_3D('',#7420,#7421,#7422);
#7420 = CARTESIAN_POINT('',(10.1,-35.495,-7.505));
#7421 = DIRECTION('',(7.E-17,-0.707106781187,0.707106781187));
#7422 = DIRECTION('',(1.,4.949747468306E-17,-4.949747468306E-17));
#7423 = ADVANCED_FACE('',(#7424),#7442,.F.);
#7424 = FACE_BOUND('',#7425,.T.);
#7425 = EDGE_LOOP('',(#7426,#7427,#7428,#7436));
#7426 = ORIENTED_EDGE('',*,*,#7364,.F.);
#7427 = ORIENTED_EDGE('',*,*,#6443,.T.);
#7428 = ORIENTED_EDGE('',*,*,#7429,.T.);
#7429 = EDGE_CURVE('',#6436,#7430,#7432,.T.);
#7430 = VERTEX_POINT('',#7431);
#7431 = CARTESIAN_POINT('',(-82.89,-37.99,-10.));
#7432 = LINE('',#7433,#7434);
#7433 = CARTESIAN_POINT('',(-90.39666666666,-45.49666666666,
    -17.50666666666));
#7434 = VECTOR('',#7435,1.);
#7435 = DIRECTION('',(-0.57735026919,-0.57735026919,-0.57735026919));
#7436 = ORIENTED_EDGE('',*,*,#7437,.F.);
#7437 = EDGE_CURVE('',#7365,#7430,#7438,.T.);
#7438 = LINE('',#7439,#7440);
#7439 = CARTESIAN_POINT('',(-87.9,-37.99,-10.));
#7440 = VECTOR('',#7441,1.);
#7441 = DIRECTION('',(1.,0.,0.));
#7442 = PLANE('',#7443);
#7443 = AXIS2_PLACEMENT_3D('',#7444,#7445,#7446);
#7444 = CARTESIAN_POINT('',(-87.9,-35.495,-7.505));
#7445 = DIRECTION('',(7.E-17,-0.707106781187,0.707106781187));
#7446 = DIRECTION('',(-1.,-4.949747468306E-17,4.949747468306E-17));
#7447 = ADVANCED_FACE('',(#7448),#7466,.T.);
#7448 = FACE_BOUND('',#7449,.T.);
#7449 = EDGE_LOOP('',(#7450,#7451,#7459,#7465));
#7450 = ORIENTED_EDGE('',*,*,#7403,.F.);
#7451 = ORIENTED_EDGE('',*,*,#7452,.T.);
#7452 = EDGE_CURVE('',#7404,#7453,#7455,.T.);
#7453 = VERTEX_POINT('',#7454);
#7454 = CARTESIAN_POINT('',(15.09,-88.,-10.));
#7455 = LINE('',#7456,#7457);
#7456 = CARTESIAN_POINT('',(15.09,-33.,-10.));
#7457 = VECTOR('',#7458,1.);
#7458 = DIRECTION('',(-0.,-1.,-0.));
#7459 = ORIENTED_EDGE('',*,*,#7460,.T.);
#7460 = EDGE_CURVE('',#7453,#6460,#7461,.T.);
#7461 = LINE('',#7462,#7463);
#7462 = CARTESIAN_POINT('',(12.595,-88.,-7.505));
#7463 = VECTOR('',#7464,1.);
#7464 = DIRECTION('',(-0.707106781187,0.,0.707106781187));
#7465 = ORIENTED_EDGE('',*,*,#6467,.F.);
#7466 = PLANE('',#7467);
#7467 = AXIS2_PLACEMENT_3D('',#7468,#7469,#7470);
#7468 = CARTESIAN_POINT('',(12.595,-33.,-7.505));
#7469 = DIRECTION('',(-0.707106781187,0.,-0.707106781187));
#7470 = DIRECTION('',(0.,-1.,0.));
#7471 = ADVANCED_FACE('',(#7472),#7490,.F.);
#7472 = FACE_BOUND('',#7473,.T.);
#7473 = EDGE_LOOP('',(#7474,#7482,#7488,#7489));
#7474 = ORIENTED_EDGE('',*,*,#7475,.F.);
#7475 = EDGE_CURVE('',#7476,#6484,#7478,.T.);
#7476 = VERTEX_POINT('',#7477);
#7477 = CARTESIAN_POINT('',(-82.89,-88.,-10.));
#7478 = LINE('',#7479,#7480);
#7479 = CARTESIAN_POINT('',(-77.9,-88.,-5.01));
#7480 = VECTOR('',#7481,1.);
#7481 = DIRECTION('',(0.707106781187,4.E-17,0.707106781187));
#7482 = ORIENTED_EDGE('',*,*,#7483,.T.);
#7483 = EDGE_CURVE('',#7476,#7430,#7484,.T.);
#7484 = LINE('',#7485,#7486);
#7485 = CARTESIAN_POINT('',(-82.89,-88.,-10.));
#7486 = VECTOR('',#7487,1.);
#7487 = DIRECTION('',(0.,1.,0.));
#7488 = ORIENTED_EDGE('',*,*,#7429,.F.);
#7489 = ORIENTED_EDGE('',*,*,#6491,.F.);
#7490 = PLANE('',#7491);
#7491 = AXIS2_PLACEMENT_3D('',#7492,#7493,#7494);
#7492 = CARTESIAN_POINT('',(-80.395,-88.,-7.505));
#7493 = DIRECTION('',(-0.707106781187,0.,0.707106781187));
#7494 = DIRECTION('',(-0.,-1.,-0.));
#7495 = ADVANCED_FACE('',(#7496),#7587,.F.);
#7496 = FACE_BOUND('',#7497,.T.);
#7497 = EDGE_LOOP('',(#7498,#7499,#7508,#7571,#7580,#7586));
#7498 = ORIENTED_EDGE('',*,*,#7460,.F.);
#7499 = ORIENTED_EDGE('',*,*,#7500,.T.);
#7500 = EDGE_CURVE('',#7453,#7501,#7503,.T.);
#7501 = VERTEX_POINT('',#7502);
#7502 = CARTESIAN_POINT('',(13.706871982157,-94.28912830694,-10.));
#7503 = CIRCLE('',#7504,14.99);
#7504 = AXIS2_PLACEMENT_3D('',#7505,#7506,#7507);
#7505 = CARTESIAN_POINT('',(9.999999999999E-02,-88.,-10.));
#7506 = DIRECTION('',(0.,0.,-1.));
#7507 = DIRECTION('',(1.,0.,0.));
#7508 = ORIENTED_EDGE('',*,*,#7509,.T.);
#7509 = EDGE_CURVE('',#7501,#7510,#7512,.T.);
#7510 = VERTEX_POINT('',#7511);
#7511 = CARTESIAN_POINT('',(11.200675074335,-98.07348563775,-10.));
#7512 = B_SPLINE_CURVE_WITH_KNOTS('',8,(#7513,#7514,#7515,#7516,#7517,
    #7518,#7519,#7520,#7521,#7522,#7523,#7524,#7525,#7526,#7527,#7528,
    #7529,#7530,#7531,#7532,#7533,#7534,#7535,#7536,#7537,#7538,#7539,
    #7540,#7541,#7542,#7543,#7544,#7545,#7546,#7547,#7548,#7549,#7550,
    #7551,#7552,#7553,#7554,#7555,#7556,#7557,#7558,#7559,#7560,#7561,
    #7562,#7563,#7564,#7565,#7566,#7567,#7568,#7569,#7570),
  .UNSPECIFIED.,.F.,.F.,(9,7,7,7,7,7,7,7,9),(0.,0.315991708065,
    0.389944301878,0.42750653101,0.49952016022,0.571505134703,
    0.60750230129,0.677854403518,1.),.UNSPECIFIED.);
#7513 = CARTESIAN_POINT('',(13.706871982157,-94.28912830694,-10.));
#7514 = CARTESIAN_POINT('',(13.571871308533,-94.34344796682,
    -9.900245925754));
#7515 = CARTESIAN_POINT('',(13.435050305388,-94.40502237532,
    -9.802739240099));
#7516 = CARTESIAN_POINT('',(13.295705673162,-94.47481896584,
    -9.707476542969));
#7517 = CARTESIAN_POINT('',(13.153435227284,-94.55404738911,
    -9.614918073789));
#7518 = CARTESIAN_POINT('',(13.008136174631,-94.64405723312,
    -9.525945415089));
#7519 = CARTESIAN_POINT('',(12.859946221827,-94.74658000982,
    -9.441994324898));
#7520 = CARTESIAN_POINT('',(12.70927920507,-94.86348507621,
    -9.364945527073));
#7521 = CARTESIAN_POINT('',(12.520799443556,-95.02945244171,
    -9.281910874573));
#7522 = CARTESIAN_POINT('',(12.484974127159,-95.06186237241,
    -9.266712704318));
#7523 = CARTESIAN_POINT('',(12.449086774084,-95.09523333649,
    -9.252104170033));
#7524 = CARTESIAN_POINT('',(12.413162119911,-95.1295887973,
    -9.238130444064));
#7525 = CARTESIAN_POINT('',(12.377231378561,-95.1649476118,
    -9.22484048922));
#7526 = CARTESIAN_POINT('',(12.341332243802,-95.2013226282,
    -9.21228603432));
#7527 = CARTESIAN_POINT('',(12.30550889076,-95.23871928371,
    -9.200520549737));
#7528 = CARTESIAN_POINT('',(12.251680691308,-95.29664602599,
    -9.184050521086));
#7529 = CARTESIAN_POINT('',(12.23358237216,-95.31642004892,
    -9.178720354791));
#7530 = CARTESIAN_POINT('',(12.215523997321,-95.33645559888,
    -9.173615028117));
#7531 = CARTESIAN_POINT('',(12.197513015727,-95.35675111519,
    -9.168741712944));
#7532 = CARTESIAN_POINT('',(12.179557347916,-95.37730414871,
    -9.164107448973));
#7533 = CARTESIAN_POINT('',(12.161665386027,-95.39811136184,
    -9.159719143724));
#7534 = CARTESIAN_POINT('',(12.1438459938,-95.4191685285,-9.155583572538
    ));
#7535 = CARTESIAN_POINT('',(12.09210251552,-95.48131035567,
    -9.144276009315));
#7536 = CARTESIAN_POINT('',(12.058393020218,-95.52305521647,
    -9.137796735308));
#7537 = CARTESIAN_POINT('',(12.025051241694,-95.5656614618,
    -9.132316759383));
#7538 = CARTESIAN_POINT('',(11.992149456928,-95.60907586917,
    -9.127877407882));
#7539 = CARTESIAN_POINT('',(11.959760169345,-95.65323450183,
    -9.124512349031));
#7540 = CARTESIAN_POINT('',(11.927955279319,-95.69806156237,
    -9.122245811313));
#7541 = CARTESIAN_POINT('',(11.896805254657,-95.74346824627,
    -9.121090801849));
#7542 = CARTESIAN_POINT('',(11.835963454642,-95.83521668728,
    -9.121003864987));
#7543 = CARTESIAN_POINT('',(11.806264823049,-95.88156753429,
    -9.122071042347));
#7544 = CARTESIAN_POINT('',(11.777350991098,-95.92830148623,
    -9.124249550611));
#7545 = CARTESIAN_POINT('',(11.749276739645,-95.97531914316,
    -9.127527063165));
#7546 = CARTESIAN_POINT('',(11.722084394244,-96.02252467548,
    -9.131879983059));
#7547 = CARTESIAN_POINT('',(11.695805173775,-96.06982614389,
    -9.13727519303));
#7548 = CARTESIAN_POINT('',(11.670460539065,-96.1171358194,
    -9.143671805539));
#7549 = CARTESIAN_POINT('',(11.633863456826,-96.18799091575,
    -9.154698944285));
#7550 = CARTESIAN_POINT('',(11.62189958949,-96.21159414395,
    -9.158613971164));
#7551 = CARTESIAN_POINT('',(11.610172969184,-96.23517078334,
    -9.162762187731));
#7552 = CARTESIAN_POINT('',(11.598684079081,-96.25871208924,
    -9.167137664553));
#7553 = CARTESIAN_POINT('',(11.58743285585,-96.28220997687,
    -9.171734348468));
#7554 = CARTESIAN_POINT('',(11.576418689652,-96.30565702138,
    -9.17654606259));
#7555 = CARTESIAN_POINT('',(11.565640424149,-96.32904645781,
    -9.181566506306));
#7556 = CARTESIAN_POINT('',(11.534489253327,-96.39795948217,
    -9.19699648557));
#7557 = CARTESIAN_POINT('',(11.514777660108,-96.44330192353,
    -9.207976430611));
#7558 = CARTESIAN_POINT('',(11.495948431961,-96.48835628139,
    -9.219682356492));
#7559 = CARTESIAN_POINT('',(11.477983470124,-96.53308734534,
    -9.232067917053));
#7560 = CARTESIAN_POINT('',(11.460860804913,-96.5774674713,
    -9.245088024604));
#7561 = CARTESIAN_POINT('',(11.44455567868,-96.6214761343,
    -9.258699720655));
#7562 = CARTESIAN_POINT('',(11.42904162877,-96.66509948144,
    -9.27286304663));
#7563 = CARTESIAN_POINT('',(11.346750357429,-96.90628394171,
    -9.354757143835));
#7564 = CARTESIAN_POINT('',(11.295522528248,-97.09513075227,
    -9.432485128841));
#7565 = CARTESIAN_POINT('',(11.257244709236,-97.27575335395,
    -9.517589261517));
#7566 = CARTESIAN_POINT('',(11.229903176924,-97.44847659711,
    -9.608020651136));
#7567 = CARTESIAN_POINT('',(11.211719345539,-97.61386943584,
    -9.702213570635));
#7568 = CARTESIAN_POINT('',(11.201406667912,-97.77258964935,
    -9.799220750955));
#7569 = CARTESIAN_POINT('',(11.197942527652,-97.92554996602,
    -9.898559620383));
#7570 = CARTESIAN_POINT('',(11.20068218525,-98.07387162259,
    -10.00026465565));
#7571 = ORIENTED_EDGE('',*,*,#7572,.T.);
#7572 = EDGE_CURVE('',#7510,#7573,#7575,.T.);
#7573 = VERTEX_POINT('',#7574);
#7574 = CARTESIAN_POINT('',(9.999999999999E-02,-102.99,-10.));
#7575 = CIRCLE('',#7576,14.99);
#7576 = AXIS2_PLACEMENT_3D('',#7577,#7578,#7579);
#7577 = CARTESIAN_POINT('',(9.999999999999E-02,-88.,-10.));
#7578 = DIRECTION('',(0.,0.,-1.));
#7579 = DIRECTION('',(1.,0.,0.));
#7580 = ORIENTED_EDGE('',*,*,#7581,.T.);
#7581 = EDGE_CURVE('',#7573,#6509,#7582,.T.);
#7582 = LINE('',#7583,#7584);
#7583 = CARTESIAN_POINT('',(9.999999999999E-02,-98.,-5.01));
#7584 = VECTOR('',#7585,1.);
#7585 = DIRECTION('',(-4.E-17,0.707106781187,0.707106781187));
#7586 = ORIENTED_EDGE('',*,*,#6508,.F.);
#7587 = CONICAL_SURFACE('',#7588,10.,0.785398163397);
#7588 = AXIS2_PLACEMENT_3D('',#7589,#7590,#7591);
#7589 = CARTESIAN_POINT('',(9.999999999999E-02,-88.,-5.01));
#7590 = DIRECTION('',(-0.,-0.,-1.));
#7591 = DIRECTION('',(1.,0.,0.));
#7592 = ADVANCED_FACE('',(#7593),#7694,.F.);
#7593 = FACE_BOUND('',#7594,.T.);
#7594 = EDGE_LOOP('',(#7595,#7603,#7612,#7622,#7685,#7692,#7693));
#7595 = ORIENTED_EDGE('',*,*,#7596,.F.);
#7596 = EDGE_CURVE('',#7597,#6534,#7599,.T.);
#7597 = VERTEX_POINT('',#7598);
#7598 = CARTESIAN_POINT('',(-67.9,-102.99,-10.));
#7599 = LINE('',#7600,#7601);
#7600 = CARTESIAN_POINT('',(-67.9,-100.495,-7.505));
#7601 = VECTOR('',#7602,1.);
#7602 = DIRECTION('',(0.,0.707106781187,0.707106781187));
#7603 = ORIENTED_EDGE('',*,*,#7604,.T.);
#7604 = EDGE_CURVE('',#7597,#7605,#7607,.T.);
#7605 = VERTEX_POINT('',#7606);
#7606 = CARTESIAN_POINT('',(-79.00067507433,-98.07348563775,-10.));
#7607 = CIRCLE('',#7608,14.99);
#7608 = AXIS2_PLACEMENT_3D('',#7609,#7610,#7611);
#7609 = CARTESIAN_POINT('',(-67.9,-88.,-10.));
#7610 = DIRECTION('',(-0.,-0.,-1.));
#7611 = DIRECTION('',(0.,-1.,0.));
#7612 = ORIENTED_EDGE('',*,*,#7613,.T.);
#7613 = EDGE_CURVE('',#7605,#7614,#7616,.T.);
#7614 = VERTEX_POINT('',#7615);
#7615 = CARTESIAN_POINT('',(-79.,-98.,-9.950214188558));
#7616 = B_SPLINE_CURVE_WITH_KNOTS('',4,(#7617,#7618,#7619,#7620,#7621),
  .UNSPECIFIED.,.F.,.F.,(5,5),(0.,1.),.PIECEWISE_BEZIER_KNOTS.);
#7617 = CARTESIAN_POINT('',(-79.00067507433,-98.07348563775,-10.));
#7618 = CARTESIAN_POINT('',(-79.00034006721,-98.05525347194,
    -9.987499648721));
#7619 = CARTESIAN_POINT('',(-79.00011423644,-98.03692965099,
    -9.975034231869));
#7620 = CARTESIAN_POINT('',(-79.,-98.01851244182,-9.962605203564));
#7621 = CARTESIAN_POINT('',(-79.,-98.,-9.950214188558));
#7622 = ORIENTED_EDGE('',*,*,#7623,.T.);
#7623 = EDGE_CURVE('',#7614,#7624,#7626,.T.);
#7624 = VERTEX_POINT('',#7625);
#7625 = CARTESIAN_POINT('',(-81.50687198215,-94.28912830694,-10.));
#7626 = B_SPLINE_CURVE_WITH_KNOTS('',8,(#7627,#7628,#7629,#7630,#7631,
    #7632,#7633,#7634,#7635,#7636,#7637,#7638,#7639,#7640,#7641,#7642,
    #7643,#7644,#7645,#7646,#7647,#7648,#7649,#7650,#7651,#7652,#7653,
    #7654,#7655,#7656,#7657,#7658,#7659,#7660,#7661,#7662,#7663,#7664,
    #7665,#7666,#7667,#7668,#7669,#7670,#7671,#7672,#7673,#7674,#7675,
    #7676,#7677,#7678,#7679,#7680,#7681,#7682,#7683,#7684),
  .UNSPECIFIED.,.F.,.F.,(9,7,7,7,7,7,7,7,9),(0.,0.312866110959,
    0.38351954226,0.418945185906,0.489247827675,0.561690764992,
    0.599416220742,0.670382233226,1.),.UNSPECIFIED.);
#7627 = CARTESIAN_POINT('',(-79.,-98.,-9.950214188558));
#7628 = CARTESIAN_POINT('',(-79.,-97.85659125135,-9.854225773105));
#7629 = CARTESIAN_POINT('',(-79.00587649316,-97.70881569058,
    -9.760549046084));
#7630 = CARTESIAN_POINT('',(-79.01825225731,-97.55563413691,
    -9.669177176748));
#7631 = CARTESIAN_POINT('',(-79.0380793217,-97.39622053897,
    -9.580577077334));
#7632 = CARTESIAN_POINT('',(-79.06656267746,-97.22997305605,
    -9.495647677886));
#7633 = CARTESIAN_POINT('',(-79.10529945325,-97.05643184764,
    -9.415833846175));
#7634 = CARTESIAN_POINT('',(-79.15614145305,-96.87533097515,
    -9.343040703911));
#7635 = CARTESIAN_POINT('',(-79.23680035344,-96.64339582091,
    -9.265858068481));
#7636 = CARTESIAN_POINT('',(-79.25240992429,-96.60029065587,
    -9.25215259878));
#7637 = CARTESIAN_POINT('',(-79.26879539872,-96.5568171629,
    -9.238995887467));
#7638 = CARTESIAN_POINT('',(-79.28598161206,-96.51299029739,
    -9.226426877434));
#7639 = CARTESIAN_POINT('',(-79.30399154422,-96.46883153702,
    -9.214487234785));
#7640 = CARTESIAN_POINT('',(-79.32284525166,-96.42436930787,
    -9.203220478067));
#7641 = CARTESIAN_POINT('',(-79.34255879934,-96.37963941054,
    -9.192671107505));
#7642 = CARTESIAN_POINT('',(-79.37346421124,-96.31214552033,
    -9.17797634345));
#7643 = CARTESIAN_POINT('',(-79.38400394173,-96.28954960145,
    -9.173260519939));
#7644 = CARTESIAN_POINT('',(-79.39476371778,-96.26690345678,
    -9.168742024273));
#7645 = CARTESIAN_POINT('',(-79.40574438329,-96.24421342404,
    -9.164426490866));
#7646 = CARTESIAN_POINT('',(-79.41694629236,-96.22148641158,
    -9.160319427966));
#7647 = CARTESIAN_POINT('',(-79.42836930933,-96.19872989843,
    -9.156426217662));
#7648 = CARTESIAN_POINT('',(-79.44001280875,-96.17595193425,
    -9.152752115881));
#7649 = CARTESIAN_POINT('',(-79.47541768555,-96.10793251619,
    -9.142455954268));
#7650 = CARTESIAN_POINT('',(-79.49982608494,-96.06264827201,
    -9.13649177955));
#7651 = CARTESIAN_POINT('',(-79.52508822042,-96.0173822156,
    -9.131450144442));
#7652 = CARTESIAN_POINT('',(-79.55118425051,-95.97221187672,
    -9.127366205657));
#7653 = CARTESIAN_POINT('',(-79.5780860697,-95.92721824586,
    -9.124268460994));
#7654 = CARTESIAN_POINT('',(-79.60575623269,-95.88248551398,
    -9.12217734993));
#7655 = CARTESIAN_POINT('',(-79.63414687865,-95.83810081229,
    -9.121103854213));
#7656 = CARTESIAN_POINT('',(-79.69313488549,-95.74886917226,
    -9.120990645253));
#7657 = CARTESIAN_POINT('',(-79.7237788527,-95.70404062173,
    -9.122013833908));
#7658 = CARTESIAN_POINT('',(-79.75506570084,-95.6597672559,
    -9.124118437611));
#7659 = CARTESIAN_POINT('',(-79.78692823527,-95.61613491531,
    -9.127292911251));
#7660 = CARTESIAN_POINT('',(-79.8192976858,-95.57321735152,
    -9.131515008714));
#7661 = CARTESIAN_POINT('',(-79.85210446955,-95.53107725308,
    -9.136753400178));
#7662 = CARTESIAN_POINT('',(-79.88527895369,-95.48976727146,
    -9.142969289412));
#7663 = CARTESIAN_POINT('',(-79.9361837887,-95.42827343873,
    -9.153840816861));
#7664 = CARTESIAN_POINT('',(-79.95369755729,-95.40745146362,
    -9.157816905686));
#7665 = CARTESIAN_POINT('',(-79.97128451535,-95.38687026652,
    -9.162040041973));
#7666 = CARTESIAN_POINT('',(-79.98893609003,-95.36653414211,
    -9.16650382651));
#7667 = CARTESIAN_POINT('',(-80.00664414432,-95.34644653484,
    -9.171201716447));
#7668 = CARTESIAN_POINT('',(-80.02440097712,-95.32661003899,
    -9.176127025294));
#7669 = CARTESIAN_POINT('',(-80.04219932314,-95.30702639864,
    -9.181272922926));
#7670 = CARTESIAN_POINT('',(-80.09357837631,-95.25133471278,
    -9.196714308266));
#7671 = CARTESIAN_POINT('',(-80.12724622656,-95.21587222228,
    -9.207552111048));
#7672 = CARTESIAN_POINT('',(-80.16099238084,-95.18131378371,
    -9.219100667395));
#7673 = CARTESIAN_POINT('',(-80.19477853724,-95.14765674944,
    -9.23131515555));
#7674 = CARTESIAN_POINT('',(-80.22857162664,-95.11489219367,
    -9.244151940231));
#7675 = CARTESIAN_POINT('',(-80.26234382445,-95.08300602939,
    -9.257569404329));
#7676 = CARTESIAN_POINT('',(-80.29607256236,-95.05198012528,
    -9.271528780605));
#7677 = CARTESIAN_POINT('',(-80.48611911122,-94.88158442513,
    -9.353186548607));
#7678 = CARTESIAN_POINT('',(-80.64048886927,-94.76010330931,
    -9.431010371381));
#7679 = CARTESIAN_POINT('',(-80.79233504433,-94.65387207935,
    -9.516285544757));
#7680 = CARTESIAN_POINT('',(-80.94115883539,-94.56089262787,
    -9.606936280424));
#7681 = CARTESIAN_POINT('',(-81.08678451731,-94.47928516758,
    -9.701376023182));
#7682 = CARTESIAN_POINT('',(-81.22931566001,-94.40759400087,
    -9.798647067845));
#7683 = CARTESIAN_POINT('',(-81.36919979054,-94.34450743667,
    -9.898263386533));
#7684 = CARTESIAN_POINT('',(-81.50723013492,-94.28898421858,
    -10.00026465565));
#7685 = ORIENTED_EDGE('',*,*,#7686,.T.);
#7686 = EDGE_CURVE('',#7624,#7476,#7687,.T.);
#7687 = CIRCLE('',#7688,14.99);
#7688 = AXIS2_PLACEMENT_3D('',#7689,#7690,#7691);
#7689 = CARTESIAN_POINT('',(-67.9,-88.,-10.));
#7690 = DIRECTION('',(-0.,-0.,-1.));
#7691 = DIRECTION('',(0.,-1.,0.));
#7692 = ORIENTED_EDGE('',*,*,#7475,.T.);
#7693 = ORIENTED_EDGE('',*,*,#6533,.F.);
#7694 = CONICAL_SURFACE('',#7695,10.,0.785398163397);
#7695 = AXIS2_PLACEMENT_3D('',#7696,#7697,#7698);
#7696 = CARTESIAN_POINT('',(-67.9,-88.,-5.01));
#7697 = DIRECTION('',(-0.,-0.,-1.));
#7698 = DIRECTION('',(0.,-1.,0.));
#7699 = ADVANCED_FACE('',(#7700),#7711,.F.);
#7700 = FACE_BOUND('',#7701,.T.);
#7701 = EDGE_LOOP('',(#7702,#7703,#7709,#7710));
#7702 = ORIENTED_EDGE('',*,*,#7581,.F.);
#7703 = ORIENTED_EDGE('',*,*,#7704,.T.);
#7704 = EDGE_CURVE('',#7573,#7597,#7705,.T.);
#7705 = LINE('',#7706,#7707);
#7706 = CARTESIAN_POINT('',(9.999999999999E-02,-102.99,-10.));
#7707 = VECTOR('',#7708,1.);
#7708 = DIRECTION('',(-1.,-0.,-0.));
#7709 = ORIENTED_EDGE('',*,*,#7596,.T.);
#7710 = ORIENTED_EDGE('',*,*,#6557,.F.);
#7711 = PLANE('',#7712);
#7712 = AXIS2_PLACEMENT_3D('',#7713,#7714,#7715);
#7713 = CARTESIAN_POINT('',(9.999999999999E-02,-100.495,-7.505));
#7714 = DIRECTION('',(0.,-0.707106781187,0.707106781187));
#7715 = DIRECTION('',(1.,0.,0.));
#7716 = ADVANCED_FACE('',(#7717),#7728,.T.);
#7717 = FACE_BOUND('',#7718,.T.);
#7718 = EDGE_LOOP('',(#7719,#7720,#7726,#7727));
#7719 = ORIENTED_EDGE('',*,*,#7251,.F.);
#7720 = ORIENTED_EDGE('',*,*,#7721,.T.);
#7721 = EDGE_CURVE('',#7244,#7288,#7722,.T.);
#7722 = LINE('',#7723,#7724);
#7723 = CARTESIAN_POINT('',(-56.5,-98.,-2.));
#7724 = VECTOR('',#7725,1.);
#7725 = DIRECTION('',(1.,0.,0.));
#7726 = ORIENTED_EDGE('',*,*,#7295,.T.);
#7727 = ORIENTED_EDGE('',*,*,#6603,.F.);
#7728 = PLANE('',#7729);
#7729 = AXIS2_PLACEMENT_3D('',#7730,#7731,#7732);
#7730 = CARTESIAN_POINT('',(-56.5,-98.,-2.));
#7731 = DIRECTION('',(0.,0.,1.));
#7732 = DIRECTION('',(1.,0.,0.));
#7733 = ADVANCED_FACE('',(#7734,#7737),#7740,.F.);
#7734 = FACE_BOUND('',#7735,.F.);
#7735 = EDGE_LOOP('',(#7736));
#7736 = ORIENTED_EDGE('',*,*,#6641,.T.);
#7737 = FACE_BOUND('',#7738,.F.);
#7738 = EDGE_LOOP('',(#7739));
#7739 = ORIENTED_EDGE('',*,*,#6898,.T.);
#7740 = PLANE('',#7741);
#7741 = AXIS2_PLACEMENT_3D('',#7742,#7743,#7744);
#7742 = CARTESIAN_POINT('',(-90.5,-16.9,0.));
#7743 = DIRECTION('',(0.,0.,1.));
#7744 = DIRECTION('',(1.,0.,0.));
#7745 = ADVANCED_FACE('',(#7746,#7749),#7752,.F.);
#7746 = FACE_BOUND('',#7747,.F.);
#7747 = EDGE_LOOP('',(#7748));
#7748 = ORIENTED_EDGE('',*,*,#6691,.T.);
#7749 = FACE_BOUND('',#7750,.F.);
#7750 = EDGE_LOOP('',(#7751));
#7751 = ORIENTED_EDGE('',*,*,#7075,.T.);
#7752 = PLANE('',#7753);
#7753 = AXIS2_PLACEMENT_3D('',#7754,#7755,#7756);
#7754 = CARTESIAN_POINT('',(10.7,-16.9,0.));
#7755 = DIRECTION('',(0.,0.,1.));
#7756 = DIRECTION('',(1.,0.,0.));
#7757 = ADVANCED_FACE('',(#7758),#7762,.T.);
#7758 = FACE_BOUND('',#7759,.F.);
#7759 = EDGE_LOOP('',(#7760,#7761));
#7760 = ORIENTED_EDGE('',*,*,#6765,.F.);
#7761 = ORIENTED_EDGE('',*,*,#6741,.F.);
#7762 = PLANE('',#7763);
#7763 = AXIS2_PLACEMENT_3D('',#7764,#7765,#7766);
#7764 = CARTESIAN_POINT('',(-98.,-10.,15.1));
#7765 = DIRECTION('',(0.,0.,1.));
#7766 = DIRECTION('',(1.,0.,0.));
#7767 = ADVANCED_FACE('',(#7768),#7787,.F.);
#7768 = FACE_BOUND('',#7769,.T.);
#7769 = EDGE_LOOP('',(#7770,#7778,#7785,#7786));
#7770 = ORIENTED_EDGE('',*,*,#7771,.F.);
#7771 = EDGE_CURVE('',#7772,#6857,#7774,.T.);
#7772 = VERTEX_POINT('',#7773);
#7773 = CARTESIAN_POINT('',(17.2,-98.,0.));
#7774 = LINE('',#7775,#7776);
#7775 = CARTESIAN_POINT('',(17.2,-98.,0.));
#7776 = VECTOR('',#7777,1.);
#7777 = DIRECTION('',(0.,0.,1.));
#7778 = ORIENTED_EDGE('',*,*,#7779,.T.);
#7779 = EDGE_CURVE('',#7772,#7772,#7780,.T.);
#7780 = CIRCLE('',#7781,2.);
#7781 = AXIS2_PLACEMENT_3D('',#7782,#7783,#7784);
#7782 = CARTESIAN_POINT('',(15.2,-98.,0.));
#7783 = DIRECTION('',(0.,0.,-1.));
#7784 = DIRECTION('',(1.,0.,0.));
#7785 = ORIENTED_EDGE('',*,*,#7771,.T.);
#7786 = ORIENTED_EDGE('',*,*,#6856,.F.);
#7787 = CYLINDRICAL_SURFACE('',#7788,2.);
#7788 = AXIS2_PLACEMENT_3D('',#7789,#7790,#7791);
#7789 = CARTESIAN_POINT('',(15.2,-98.,0.));
#7790 = DIRECTION('',(-0.,-0.,-1.));
#7791 = DIRECTION('',(1.,0.,0.));
#7792 = ADVANCED_FACE('',(#7793),#7796,.T.);
#7793 = FACE_BOUND('',#7794,.F.);
#7794 = EDGE_LOOP('',(#7795));
#7795 = ORIENTED_EDGE('',*,*,#6883,.F.);
#7796 = PLANE('',#7797);
#7797 = AXIS2_PLACEMENT_3D('',#7798,#7799,#7800);
#7798 = CARTESIAN_POINT('',(30.2,-10.,15.1));
#7799 = DIRECTION('',(0.,0.,1.));
#7800 = DIRECTION('',(1.,0.,0.));
#7801 = ADVANCED_FACE('',(#7802),#7815,.F.);
#7802 = FACE_BOUND('',#7803,.F.);
#7803 = EDGE_LOOP('',(#7804,#7805,#7806,#7812,#7813,#7814));
#7804 = ORIENTED_EDGE('',*,*,#6925,.F.);
#7805 = ORIENTED_EDGE('',*,*,#6940,.T.);
#7806 = ORIENTED_EDGE('',*,*,#7807,.T.);
#7807 = EDGE_CURVE('',#6941,#7045,#7808,.T.);
#7808 = LINE('',#7809,#7810);
#7809 = CARTESIAN_POINT('',(-65.9,-14.9,29.));
#7810 = VECTOR('',#7811,1.);
#7811 = DIRECTION('',(1.,0.,0.));
#7812 = ORIENTED_EDGE('',*,*,#7044,.F.);
#7813 = ORIENTED_EDGE('',*,*,#7012,.F.);
#7814 = ORIENTED_EDGE('',*,*,#6989,.F.);
#7815 = PLANE('',#7816);
#7816 = AXIS2_PLACEMENT_3D('',#7817,#7818,#7819);
#7817 = CARTESIAN_POINT('',(-65.9,-14.9,27.));
#7818 = DIRECTION('',(0.,1.,0.));
#7819 = DIRECTION('',(0.,0.,1.));
#7820 = ADVANCED_FACE('',(#7821),#7832,.T.);
#7821 = FACE_BOUND('',#7822,.T.);
#7822 = EDGE_LOOP('',(#7823,#7824,#7825,#7826));
#7823 = ORIENTED_EDGE('',*,*,#6957,.F.);
#7824 = ORIENTED_EDGE('',*,*,#7807,.T.);
#7825 = ORIENTED_EDGE('',*,*,#7061,.T.);
#7826 = ORIENTED_EDGE('',*,*,#7827,.F.);
#7827 = EDGE_CURVE('',#6950,#7054,#7828,.T.);
#7828 = LINE('',#7829,#7830);
#7829 = CARTESIAN_POINT('',(-65.9,-4.9,29.));
#7830 = VECTOR('',#7831,1.);
#7831 = DIRECTION('',(1.,0.,0.));
#7832 = PLANE('',#7833);
#7833 = AXIS2_PLACEMENT_3D('',#7834,#7835,#7836);
#7834 = CARTESIAN_POINT('',(-65.9,-14.9,29.));
#7835 = DIRECTION('',(0.,0.,1.));
#7836 = DIRECTION('',(1.,0.,0.));
#7837 = ADVANCED_FACE('',(#7838),#7846,.T.);
#7838 = FACE_BOUND('',#7839,.T.);
#7839 = EDGE_LOOP('',(#7840,#7841,#7842,#7843,#7844,#7845));
#7840 = ORIENTED_EDGE('',*,*,#6973,.F.);
#7841 = ORIENTED_EDGE('',*,*,#6949,.T.);
#7842 = ORIENTED_EDGE('',*,*,#7827,.T.);
#7843 = ORIENTED_EDGE('',*,*,#7053,.F.);
#7844 = ORIENTED_EDGE('',*,*,#7029,.F.);
#7845 = ORIENTED_EDGE('',*,*,#6996,.F.);
#7846 = PLANE('',#7847);
#7847 = AXIS2_PLACEMENT_3D('',#7848,#7849,#7850);
#7848 = CARTESIAN_POINT('',(-65.9,-4.9,27.));
#7849 = DIRECTION('',(0.,1.,0.));
#7850 = DIRECTION('',(0.,0.,1.));
#7851 = ADVANCED_FACE('',(#7852),#7874,.F.);
#7852 = FACE_BOUND('',#7853,.F.);
#7853 = EDGE_LOOP('',(#7854,#7855,#7856,#7857,#7864,#7865,#7866,#7867));
#7854 = ORIENTED_EDGE('',*,*,#7389,.F.);
#7855 = ORIENTED_EDGE('',*,*,#7151,.T.);
#7856 = ORIENTED_EDGE('',*,*,#7314,.T.);
#7857 = ORIENTED_EDGE('',*,*,#7858,.F.);
#7858 = EDGE_CURVE('',#7510,#7315,#7859,.T.);
#7859 = CIRCLE('',#7860,4.);
#7860 = AXIS2_PLACEMENT_3D('',#7861,#7862,#7863);
#7861 = CARTESIAN_POINT('',(15.2,-98.,-10.));
#7862 = DIRECTION('',(0.,0.,1.));
#7863 = DIRECTION('',(1.,0.,0.));
#7864 = ORIENTED_EDGE('',*,*,#7572,.T.);
#7865 = ORIENTED_EDGE('',*,*,#7704,.T.);
#7866 = ORIENTED_EDGE('',*,*,#7604,.T.);
#7867 = ORIENTED_EDGE('',*,*,#7868,.F.);
#7868 = EDGE_CURVE('',#7381,#7605,#7869,.T.);
#7869 = CIRCLE('',#7870,4.);
#7870 = AXIS2_PLACEMENT_3D('',#7871,#7872,#7873);
#7871 = CARTESIAN_POINT('',(-83.,-98.,-10.));
#7872 = DIRECTION('',(0.,0.,1.));
#7873 = DIRECTION('',(1.,0.,0.));
#7874 = PLANE('',#7875);
#7875 = AXIS2_PLACEMENT_3D('',#7876,#7877,#7878);
#7876 = CARTESIAN_POINT('',(-87.9,-108.,-10.));
#7877 = DIRECTION('',(0.,0.,1.));
#7878 = DIRECTION('',(1.,0.,0.));
#7879 = ADVANCED_FACE('',(#7880),#7899,.F.);
#7880 = FACE_BOUND('',#7881,.T.);
#7881 = EDGE_LOOP('',(#7882,#7890,#7897,#7898));
#7882 = ORIENTED_EDGE('',*,*,#7883,.F.);
#7883 = EDGE_CURVE('',#7884,#7166,#7886,.T.);
#7884 = VERTEX_POINT('',#7885);
#7885 = CARTESIAN_POINT('',(-81.,-98.,-5.));
#7886 = LINE('',#7887,#7888);
#7887 = CARTESIAN_POINT('',(-81.,-98.,-5.));
#7888 = VECTOR('',#7889,1.);
#7889 = DIRECTION('',(0.,0.,1.));
#7890 = ORIENTED_EDGE('',*,*,#7891,.F.);
#7891 = EDGE_CURVE('',#7884,#7884,#7892,.T.);
#7892 = CIRCLE('',#7893,2.);
#7893 = AXIS2_PLACEMENT_3D('',#7894,#7895,#7896);
#7894 = CARTESIAN_POINT('',(-83.,-98.,-5.));
#7895 = DIRECTION('',(0.,0.,1.));
#7896 = DIRECTION('',(1.,0.,0.));
#7897 = ORIENTED_EDGE('',*,*,#7883,.T.);
#7898 = ORIENTED_EDGE('',*,*,#7173,.F.);
#7899 = CYLINDRICAL_SURFACE('',#7900,2.);
#7900 = AXIS2_PLACEMENT_3D('',#7901,#7902,#7903);
#7901 = CARTESIAN_POINT('',(-83.,-98.,-5.));
#7902 = DIRECTION('',(-0.,-0.,-1.));
#7903 = DIRECTION('',(1.,0.,0.));
#7904 = ADVANCED_FACE('',(#7905),#7911,.T.);
#7905 = FACE_BOUND('',#7906,.T.);
#7906 = EDGE_LOOP('',(#7907,#7908,#7909,#7910));
#7907 = ORIENTED_EDGE('',*,*,#7721,.F.);
#7908 = ORIENTED_EDGE('',*,*,#7243,.T.);
#7909 = ORIENTED_EDGE('',*,*,#7190,.T.);
#7910 = ORIENTED_EDGE('',*,*,#7287,.F.);
#7911 = PLANE('',#7912);
#7912 = AXIS2_PLACEMENT_3D('',#7913,#7914,#7915);
#7913 = CARTESIAN_POINT('',(-56.5,-98.,-2.));
#7914 = DIRECTION('',(0.,1.,0.));
#7915 = DIRECTION('',(0.,0.,1.));
#7916 = ADVANCED_FACE('',(#7917),#7930,.F.);
#7917 = FACE_BOUND('',#7918,.F.);
#7918 = EDGE_LOOP('',(#7919,#7926,#7927,#7928,#7929));
#7919 = ORIENTED_EDGE('',*,*,#7920,.F.);
#7920 = EDGE_CURVE('',#7332,#7501,#7921,.T.);
#7921 = CIRCLE('',#7922,4.);
#7922 = AXIS2_PLACEMENT_3D('',#7923,#7924,#7925);
#7923 = CARTESIAN_POINT('',(15.2,-98.,-10.));
#7924 = DIRECTION('',(0.,0.,1.));
#7925 = DIRECTION('',(1.,0.,0.));
#7926 = ORIENTED_EDGE('',*,*,#7340,.T.);
#7927 = ORIENTED_EDGE('',*,*,#7411,.F.);
#7928 = ORIENTED_EDGE('',*,*,#7452,.T.);
#7929 = ORIENTED_EDGE('',*,*,#7500,.T.);
#7930 = PLANE('',#7931);
#7931 = AXIS2_PLACEMENT_3D('',#7932,#7933,#7934);
#7932 = CARTESIAN_POINT('',(-87.9,-108.,-10.));
#7933 = DIRECTION('',(0.,0.,1.));
#7934 = DIRECTION('',(1.,0.,0.));
#7935 = ADVANCED_FACE('',(#7936),#7959,.F.);
#7936 = FACE_BOUND('',#7937,.T.);
#7937 = EDGE_LOOP('',(#7938,#7946,#7947,#7948,#7949,#7950,#7951,#7952));
#7938 = ORIENTED_EDGE('',*,*,#7939,.F.);
#7939 = EDGE_CURVE('',#7323,#7940,#7942,.T.);
#7940 = VERTEX_POINT('',#7941);
#7941 = CARTESIAN_POINT('',(19.2,-98.,-5.));
#7942 = LINE('',#7943,#7944);
#7943 = CARTESIAN_POINT('',(19.2,-98.,-10.));
#7944 = VECTOR('',#7945,1.);
#7945 = DIRECTION('',(0.,0.,1.));
#7946 = ORIENTED_EDGE('',*,*,#7322,.F.);
#7947 = ORIENTED_EDGE('',*,*,#7858,.F.);
#7948 = ORIENTED_EDGE('',*,*,#7509,.F.);
#7949 = ORIENTED_EDGE('',*,*,#7920,.F.);
#7950 = ORIENTED_EDGE('',*,*,#7331,.F.);
#7951 = ORIENTED_EDGE('',*,*,#7939,.T.);
#7952 = ORIENTED_EDGE('',*,*,#7953,.T.);
#7953 = EDGE_CURVE('',#7940,#7940,#7954,.T.);
#7954 = CIRCLE('',#7955,4.);
#7955 = AXIS2_PLACEMENT_3D('',#7956,#7957,#7958);
#7956 = CARTESIAN_POINT('',(15.2,-98.,-5.));
#7957 = DIRECTION('',(0.,0.,1.));
#7958 = DIRECTION('',(1.,0.,0.));
#7959 = CYLINDRICAL_SURFACE('',#7960,4.);
#7960 = AXIS2_PLACEMENT_3D('',#7961,#7962,#7963);
#7961 = CARTESIAN_POINT('',(15.2,-98.,-10.));
#7962 = DIRECTION('',(-0.,-0.,-1.));
#7963 = DIRECTION('',(1.,0.,0.));
#7964 = ADVANCED_FACE('',(#7965),#7994,.F.);
#7965 = FACE_BOUND('',#7966,.T.);
#7966 = EDGE_LOOP('',(#7967,#7975,#7976,#7977,#7978,#7985,#7986,#7987));
#7967 = ORIENTED_EDGE('',*,*,#7968,.F.);
#7968 = EDGE_CURVE('',#7614,#7969,#7971,.T.);
#7969 = VERTEX_POINT('',#7970);
#7970 = CARTESIAN_POINT('',(-79.,-98.,-5.));
#7971 = LINE('',#7972,#7973);
#7972 = CARTESIAN_POINT('',(-79.,-98.,-10.));
#7973 = VECTOR('',#7974,1.);
#7974 = DIRECTION('',(0.,0.,1.));
#7975 = ORIENTED_EDGE('',*,*,#7613,.F.);
#7976 = ORIENTED_EDGE('',*,*,#7868,.F.);
#7977 = ORIENTED_EDGE('',*,*,#7380,.T.);
#7978 = ORIENTED_EDGE('',*,*,#7979,.F.);
#7979 = EDGE_CURVE('',#7624,#7373,#7980,.T.);
#7980 = CIRCLE('',#7981,4.);
#7981 = AXIS2_PLACEMENT_3D('',#7982,#7983,#7984);
#7982 = CARTESIAN_POINT('',(-83.,-98.,-10.));
#7983 = DIRECTION('',(0.,0.,1.));
#7984 = DIRECTION('',(1.,0.,0.));
#7985 = ORIENTED_EDGE('',*,*,#7623,.F.);
#7986 = ORIENTED_EDGE('',*,*,#7968,.T.);
#7987 = ORIENTED_EDGE('',*,*,#7988,.T.);
#7988 = EDGE_CURVE('',#7969,#7969,#7989,.T.);
#7989 = CIRCLE('',#7990,4.);
#7990 = AXIS2_PLACEMENT_3D('',#7991,#7992,#7993);
#7991 = CARTESIAN_POINT('',(-83.,-98.,-5.));
#7992 = DIRECTION('',(0.,0.,1.));
#7993 = DIRECTION('',(1.,0.,0.));
#7994 = CYLINDRICAL_SURFACE('',#7995,4.);
#7995 = AXIS2_PLACEMENT_3D('',#7996,#7997,#7998);
#7996 = CARTESIAN_POINT('',(-83.,-98.,-10.));
#7997 = DIRECTION('',(-0.,-0.,-1.));
#7998 = DIRECTION('',(1.,0.,0.));
#7999 = ADVANCED_FACE('',(#8000),#8007,.F.);
#8000 = FACE_BOUND('',#8001,.F.);
#8001 = EDGE_LOOP('',(#8002,#8003,#8004,#8005,#8006));
#8002 = ORIENTED_EDGE('',*,*,#7372,.F.);
#8003 = ORIENTED_EDGE('',*,*,#7979,.F.);
#8004 = ORIENTED_EDGE('',*,*,#7686,.T.);
#8005 = ORIENTED_EDGE('',*,*,#7483,.T.);
#8006 = ORIENTED_EDGE('',*,*,#7437,.F.);
#8007 = PLANE('',#8008);
#8008 = AXIS2_PLACEMENT_3D('',#8009,#8010,#8011);
#8009 = CARTESIAN_POINT('',(-87.9,-108.,-10.));
#8010 = DIRECTION('',(0.,0.,1.));
#8011 = DIRECTION('',(1.,0.,0.));
#8012 = ADVANCED_FACE('',(#8013),#8032,.F.);
#8013 = FACE_BOUND('',#8014,.T.);
#8014 = EDGE_LOOP('',(#8015,#8023,#8030,#8031));
#8015 = ORIENTED_EDGE('',*,*,#8016,.F.);
#8016 = EDGE_CURVE('',#8017,#7772,#8019,.T.);
#8017 = VERTEX_POINT('',#8018);
#8018 = CARTESIAN_POINT('',(17.2,-98.,-5.));
#8019 = LINE('',#8020,#8021);
#8020 = CARTESIAN_POINT('',(17.2,-98.,-5.));
#8021 = VECTOR('',#8022,1.);
#8022 = DIRECTION('',(0.,0.,1.));
#8023 = ORIENTED_EDGE('',*,*,#8024,.F.);
#8024 = EDGE_CURVE('',#8017,#8017,#8025,.T.);
#8025 = CIRCLE('',#8026,2.);
#8026 = AXIS2_PLACEMENT_3D('',#8027,#8028,#8029);
#8027 = CARTESIAN_POINT('',(15.2,-98.,-5.));
#8028 = DIRECTION('',(0.,0.,1.));
#8029 = DIRECTION('',(1.,0.,0.));
#8030 = ORIENTED_EDGE('',*,*,#8016,.T.);
#8031 = ORIENTED_EDGE('',*,*,#7779,.F.);
#8032 = CYLINDRICAL_SURFACE('',#8033,2.);
#8033 = AXIS2_PLACEMENT_3D('',#8034,#8035,#8036);
#8034 = CARTESIAN_POINT('',(15.2,-98.,-5.));
#8035 = DIRECTION('',(-0.,-0.,-1.));
#8036 = DIRECTION('',(1.,0.,0.));
#8037 = ADVANCED_FACE('',(#8038,#8041),#8044,.F.);
#8038 = FACE_BOUND('',#8039,.F.);
#8039 = EDGE_LOOP('',(#8040));
#8040 = ORIENTED_EDGE('',*,*,#7988,.T.);
#8041 = FACE_BOUND('',#8042,.F.);
#8042 = EDGE_LOOP('',(#8043));
#8043 = ORIENTED_EDGE('',*,*,#7891,.F.);
#8044 = PLANE('',#8045);
#8045 = AXIS2_PLACEMENT_3D('',#8046,#8047,#8048);
#8046 = CARTESIAN_POINT('',(-102.,-108.,-5.));
#8047 = DIRECTION('',(0.,0.,1.));
#8048 = DIRECTION('',(1.,0.,0.));
#8049 = ADVANCED_FACE('',(#8050,#8053),#8056,.F.);
#8050 = FACE_BOUND('',#8051,.F.);
#8051 = EDGE_LOOP('',(#8052));
#8052 = ORIENTED_EDGE('',*,*,#7953,.T.);
#8053 = FACE_BOUND('',#8054,.F.);
#8054 = EDGE_LOOP('',(#8055));
#8055 = ORIENTED_EDGE('',*,*,#8024,.F.);
#8056 = PLANE('',#8057);
#8057 = AXIS2_PLACEMENT_3D('',#8058,#8059,#8060);
#8058 = CARTESIAN_POINT('',(-102.,-108.,-5.));
#8059 = DIRECTION('',(0.,0.,1.));
#8060 = DIRECTION('',(1.,0.,0.));
#8061 = ( GEOMETRIC_REPRESENTATION_CONTEXT(3) 
GLOBAL_UNCERTAINTY_ASSIGNED_CONTEXT((#8065)) 
GLOBAL_UNIT_ASSIGNED_CONTEXT((#8062,#8063,#8064)) REPRESENTATION_CONTEXT
('Context #1','3D Context with UNIT and UNCERTAINTY') );
#8062 = ( LENGTH_UNIT() NAMED_UNIT(*) SI_UNIT(.MILLI.,.METRE.) );
#8063 = ( NAMED_UNIT(*) PLANE_ANGLE_UNIT() SI_UNIT($,.RADIAN.) );
#8064 = ( NAMED_UNIT(*) SI_UNIT($,.STERADIAN.) SOLID_ANGLE_UNIT() );
#8065 = UNCERTAINTY_MEASURE_WITH_UNIT(LENGTH_MEASURE(5.E-06),#8062,
  'distance_accuracy_value','confusion accuracy');
#8066 = PRODUCT_RELATED_PRODUCT_CATEGORY('part',$,(#7));
#8067 = MECHANICAL_DESIGN_GEOMETRIC_PRESENTATION_REPRESENTATION('',(
    #8068),#8061);
#8068 = STYLED_ITEM('color',(#8069),#15);
#8069 = PRESENTATION_STYLE_ASSIGNMENT((#8070,#8076));
#8070 = SURFACE_STYLE_USAGE(.BOTH.,#8071);
#8071 = SURFACE_SIDE_STYLE('',(#8072));
#8072 = SURFACE_STYLE_FILL_AREA(#8073);
#8073 = FILL_AREA_STYLE('',(#8074));
#8074 = FILL_AREA_STYLE_COLOUR('',#8075);
#8075 = COLOUR_RGB('',0.678431390124,0.709803936702,0.741176476869);
#8076 = CURVE_STYLE('',#8077,POSITIVE_LENGTH_MEASURE(0.1),#8078);
#8077 = DRAUGHTING_PRE_DEFINED_CURVE_FONT('continuous');
#8078 = COLOUR_RGB('',9.803921802644E-02,9.803921802644E-02,
  9.803921802644E-02);
ENDSEC;
END-ISO-10303-21;
