ISO-10303-21;
HEADER;
FILE_DESCRIPTION(('FreeCAD Model'),'2;1');
FILE_NAME('Open CASCADE Shape Model','2025-06-29T14:30:00',('Author'),(
    ''),'Open CASCADE STEP processor 7.7','FreeCAD','Unknown');
FILE_SCHEMA(('AUTOMOTIVE_DESIGN { 1 0 10303 214 1 1 1 1 }'));
ENDSEC;
DATA;
#1 = APPLICATION_PROTOCOL_DEFINITION('international standard',
  'automotive_design',2000,#2);
#2 = APPLICATION_CONTEXT(
  'core data for automotive mechanical design processes');
#3 = SHAPE_DEFINITION_REPRESENTATION(#4,#10);
#4 = PRODUCT_DEFINITION_SHAPE('','',#5);
#5 = PRODUCT_DEFINITION('design','',#6,#9);
#6 = PRODUCT_DEFINITION_FORMATION('','',#7);
#7 = PRODUCT('レスキューアーム','レスキューアーム','',(
    #8));
#8 = PRODUCT_CONTEXT('',#2,'mechanical');
#9 = PRODUCT_DEFINITION_CONTEXT('part definition',#2,'design');
#10 = ADVANCED_BREP_SHAPE_REPRESENTATION('',(#11,#15),#11750);
#11 = AXIS2_PLACEMENT_3D('',#12,#13,#14);
#12 = CARTESIAN_POINT('',(0.,0.,0.));
#13 = DIRECTION('',(0.,0.,1.));
#14 = DIRECTION('',(1.,0.,-0.));
#15 = MANIFOLD_SOLID_BREP('',#16);
#16 = CLOSED_SHELL('',(#17,#58,#134,#165,#1920,#1951,#2006,#2023,#2040,
    #2076,#2100,#2202,#2218,#2243,#2276,#2299,#4046,#4078,#4178,#4202,
    #4302,#4326,#4426,#4450,#4550,#4574,#4674,#4698,#4798,#4822,#4922,
    #4946,#5046,#5070,#5170,#5194,#5294,#5318,#5418,#5442,#5542,#5566,
    #5666,#5690,#5790,#5814,#5914,#5938,#6038,#6062,#6162,#6186,#6286,
    #6310,#6410,#6434,#6534,#6558,#6658,#6682,#6782,#6806,#6906,#6930,
    #7030,#7054,#7154,#7179,#7197,#7236,#7253,#7318,#7547,#7676,#7811,
    #7839,#7881,#7899,#7999,#8023,#8123,#8147,#8247,#8271,#8371,#8395,
    #8495,#8519,#8619,#8643,#8743,#8767,#8867,#8891,#8991,#9015,#9115,
    #9139,#9239,#9263,#9363,#9387,#9487,#9511,#9611,#9635,#9735,#9759,
    #9859,#9883,#9983,#10007,#10107,#10131,#10231,#10255,#10355,#10379,
    #10479,#10503,#10603,#10627,#10727,#10751,#10851,#10875,#10968,
    #11087,#11112,#11175,#11199,#11223,#11247,#11296,#11313,#11358,
    #11383,#11418,#11437,#11461,#11485,#11509,#11526,#11555,#11579,
    #11603,#11625,#11642,#11654,#11679,#11691,#11703,#11715,#11741));
#17 = ADVANCED_FACE('',(#18),#53,.F.);
#18 = FACE_BOUND('',#19,.F.);
#19 = EDGE_LOOP('',(#20,#30,#38,#47));
#20 = ORIENTED_EDGE('',*,*,#21,.F.);
#21 = EDGE_CURVE('',#22,#24,#26,.T.);
#22 = VERTEX_POINT('',#23);
#23 = CARTESIAN_POINT('',(-31.3,-112.,62.));
#24 = VERTEX_POINT('',#25);
#25 = CARTESIAN_POINT('',(-31.3,-112.,82.));
#26 = LINE('',#27,#28);
#27 = CARTESIAN_POINT('',(-31.3,-112.,15.));
#28 = VECTOR('',#29,1.);
#29 = DIRECTION('',(0.,0.,1.));
#30 = ORIENTED_EDGE('',*,*,#31,.T.);
#31 = EDGE_CURVE('',#22,#32,#34,.T.);
#32 = VERTEX_POINT('',#33);
#33 = CARTESIAN_POINT('',(-31.3,-89.,62.));
#34 = LINE('',#35,#36);
#35 = CARTESIAN_POINT('',(-31.3,-112.,62.));
#36 = VECTOR('',#37,1.);
#37 = DIRECTION('',(0.,1.,0.));
#38 = ORIENTED_EDGE('',*,*,#39,.F.);
#39 = EDGE_CURVE('',#40,#32,#42,.T.);
#40 = VERTEX_POINT('',#41);
#41 = CARTESIAN_POINT('',(-31.3,-89.,82.));
#42 = CIRCLE('',#43,10.);
#43 = AXIS2_PLACEMENT_3D('',#44,#45,#46);
#44 = CARTESIAN_POINT('',(-31.3,-89.,72.));
#45 = DIRECTION('',(1.,0.,0.));
#46 = DIRECTION('',(0.,1.,0.));
#47 = ORIENTED_EDGE('',*,*,#48,.F.);
#48 = EDGE_CURVE('',#24,#40,#49,.T.);
#49 = LINE('',#50,#51);
#50 = CARTESIAN_POINT('',(-31.3,-112.,82.));
#51 = VECTOR('',#52,1.);
#52 = DIRECTION('',(0.,1.,0.));
#53 = PLANE('',#54);
#54 = AXIS2_PLACEMENT_3D('',#55,#56,#57);
#55 = CARTESIAN_POINT('',(-31.3,-112.,62.));
#56 = DIRECTION('',(1.,0.,0.));
#57 = DIRECTION('',(0.,0.,1.));
#58 = ADVANCED_FACE('',(#59,#118),#129,.F.);
#59 = FACE_BOUND('',#60,.F.);
#60 = EDGE_LOOP('',(#61,#72,#80,#89,#97,#105,#111,#112));
#61 = ORIENTED_EDGE('',*,*,#62,.F.);
#62 = EDGE_CURVE('',#63,#65,#67,.T.);
#63 = VERTEX_POINT('',#64);
#64 = CARTESIAN_POINT('',(-31.3,-158.4603107978,48.578838324886));
#65 = VERTEX_POINT('',#66);
#66 = CARTESIAN_POINT('',(-31.3,-112.01,82.));
#67 = CIRCLE('',#68,48.99);
#68 = AXIS2_PLACEMENT_3D('',#69,#70,#71);
#69 = CARTESIAN_POINT('',(-31.3,-112.01,33.01));
#70 = DIRECTION('',(-1.,0.,0.));
#71 = DIRECTION('',(0.,0.,1.));
#72 = ORIENTED_EDGE('',*,*,#73,.F.);
#73 = EDGE_CURVE('',#74,#63,#76,.T.);
#74 = VERTEX_POINT('',#75);
#75 = CARTESIAN_POINT('',(-31.3,-128.7224080404,48.578838324886));
#76 = LINE('',#77,#78);
#77 = CARTESIAN_POINT('',(-31.3,-153.,48.578838324886));
#78 = VECTOR('',#79,1.);
#79 = DIRECTION('',(0.,-1.,0.));
#80 = ORIENTED_EDGE('',*,*,#81,.F.);
#81 = EDGE_CURVE('',#82,#74,#84,.T.);
#82 = VERTEX_POINT('',#83);
#83 = CARTESIAN_POINT('',(-31.3,-112.1106400183,20.));
#84 = CIRCLE('',#85,32.889359981611);
#85 = AXIS2_PLACEMENT_3D('',#86,#87,#88);
#86 = CARTESIAN_POINT('',(-31.3,-145.,20.));
#87 = DIRECTION('',(1.,0.,-0.));
#88 = DIRECTION('',(0.,0.,1.));
#89 = ORIENTED_EDGE('',*,*,#90,.T.);
#90 = EDGE_CURVE('',#82,#91,#93,.T.);
#91 = VERTEX_POINT('',#92);
#92 = CARTESIAN_POINT('',(-31.3,-112.1106400183,15.));
#93 = LINE('',#94,#95);
#94 = CARTESIAN_POINT('',(-31.3,-112.1106400183,-30.));
#95 = VECTOR('',#96,1.);
#96 = DIRECTION('',(-0.,-0.,-1.));
#97 = ORIENTED_EDGE('',*,*,#98,.T.);
#98 = EDGE_CURVE('',#91,#99,#101,.T.);
#99 = VERTEX_POINT('',#100);
#100 = CARTESIAN_POINT('',(-31.3,-112.,15.));
#101 = LINE('',#102,#103);
#102 = CARTESIAN_POINT('',(-31.3,-161.,15.));
#103 = VECTOR('',#104,1.);
#104 = DIRECTION('',(0.,1.,0.));
#105 = ORIENTED_EDGE('',*,*,#106,.T.);
#106 = EDGE_CURVE('',#99,#22,#107,.T.);
#107 = LINE('',#108,#109);
#108 = CARTESIAN_POINT('',(-31.3,-112.,15.));
#109 = VECTOR('',#110,1.);
#110 = DIRECTION('',(0.,0.,1.));
#111 = ORIENTED_EDGE('',*,*,#21,.T.);
#112 = ORIENTED_EDGE('',*,*,#113,.F.);
#113 = EDGE_CURVE('',#65,#24,#114,.T.);
#114 = LINE('',#115,#116);
#115 = CARTESIAN_POINT('',(-31.3,-161.,82.));
#116 = VECTOR('',#117,1.);
#117 = DIRECTION('',(0.,1.,0.));
#118 = FACE_BOUND('',#119,.F.);
#119 = EDGE_LOOP('',(#120));
#120 = ORIENTED_EDGE('',*,*,#121,.F.);
#121 = EDGE_CURVE('',#122,#122,#124,.T.);
#122 = VERTEX_POINT('',#123);
#123 = CARTESIAN_POINT('',(-31.3,-120.,60.));
#124 = CIRCLE('',#125,8.);
#125 = AXIS2_PLACEMENT_3D('',#126,#127,#128);
#126 = CARTESIAN_POINT('',(-31.3,-128.,60.));
#127 = DIRECTION('',(1.,0.,0.));
#128 = DIRECTION('',(0.,1.,0.));
#129 = PLANE('',#130);
#130 = AXIS2_PLACEMENT_3D('',#131,#132,#133);
#131 = CARTESIAN_POINT('',(-31.3,-161.,15.));
#132 = DIRECTION('',(1.,0.,0.));
#133 = DIRECTION('',(0.,0.,1.));
#134 = ADVANCED_FACE('',(#135),#160,.T.);
#135 = FACE_BOUND('',#136,.T.);
#136 = EDGE_LOOP('',(#137,#138,#146,#154));
#137 = ORIENTED_EDGE('',*,*,#48,.F.);
#138 = ORIENTED_EDGE('',*,*,#139,.T.);
#139 = EDGE_CURVE('',#24,#140,#142,.T.);
#140 = VERTEX_POINT('',#141);
#141 = CARTESIAN_POINT('',(-16.3,-112.,82.));
#142 = LINE('',#143,#144);
#143 = CARTESIAN_POINT('',(-31.3,-112.,82.));
#144 = VECTOR('',#145,1.);
#145 = DIRECTION('',(1.,0.,0.));
#146 = ORIENTED_EDGE('',*,*,#147,.T.);
#147 = EDGE_CURVE('',#140,#148,#150,.T.);
#148 = VERTEX_POINT('',#149);
#149 = CARTESIAN_POINT('',(-16.3,-89.,82.));
#150 = LINE('',#151,#152);
#151 = CARTESIAN_POINT('',(-16.3,-112.,82.));
#152 = VECTOR('',#153,1.);
#153 = DIRECTION('',(0.,1.,0.));
#154 = ORIENTED_EDGE('',*,*,#155,.F.);
#155 = EDGE_CURVE('',#40,#148,#156,.T.);
#156 = LINE('',#157,#158);
#157 = CARTESIAN_POINT('',(-31.3,-89.,82.));
#158 = VECTOR('',#159,1.);
#159 = DIRECTION('',(1.,0.,0.));
#160 = PLANE('',#161);
#161 = AXIS2_PLACEMENT_3D('',#162,#163,#164);
#162 = CARTESIAN_POINT('',(-31.3,-112.,82.));
#163 = DIRECTION('',(0.,0.,1.));
#164 = DIRECTION('',(1.,0.,0.));
#165 = ADVANCED_FACE('',(#166),#1915,.F.);
#166 = FACE_BOUND('',#167,.F.);
#167 = EDGE_LOOP('',(#168,#176,#177,#185,#193,#255,#265,#320,#330,#392,
    #402,#457,#467,#529,#539,#594,#604,#666,#676,#731,#741,#803,#813,
    #876,#886,#948,#958,#1013,#1023,#1085,#1095,#1150,#1160,#1222,#1232,
    #1287,#1297,#1359,#1369,#1424,#1434,#1496,#1506,#1561,#1571,#1633,
    #1643,#1698,#1708,#1770,#1780,#1835,#1845,#1907));
#168 = ORIENTED_EDGE('',*,*,#169,.T.);
#169 = EDGE_CURVE('',#170,#40,#172,.T.);
#170 = VERTEX_POINT('',#171);
#171 = CARTESIAN_POINT('',(-31.3,-89.,74.694672166756));
#172 = LINE('',#173,#174);
#173 = CARTESIAN_POINT('',(-31.3,-89.,62.));
#174 = VECTOR('',#175,1.);
#175 = DIRECTION('',(0.,0.,1.));
#176 = ORIENTED_EDGE('',*,*,#39,.T.);
#177 = ORIENTED_EDGE('',*,*,#178,.T.);
#178 = EDGE_CURVE('',#32,#179,#181,.T.);
#179 = VERTEX_POINT('',#180);
#180 = CARTESIAN_POINT('',(-31.3,-89.,68.762047846576));
#181 = LINE('',#182,#183);
#182 = CARTESIAN_POINT('',(-31.3,-89.,62.));
#183 = VECTOR('',#184,1.);
#184 = DIRECTION('',(0.,0.,1.));
#185 = ORIENTED_EDGE('',*,*,#186,.T.);
#186 = EDGE_CURVE('',#179,#187,#189,.T.);
#187 = VERTEX_POINT('',#188);
#188 = CARTESIAN_POINT('',(-31.3,-89.11517748102,68.762047846576));
#189 = LINE('',#190,#191);
#190 = CARTESIAN_POINT('',(-31.3,-100.5575887405,68.762047846576));
#191 = VECTOR('',#192,1.);
#192 = DIRECTION('',(0.,-1.,0.));
#193 = ORIENTED_EDGE('',*,*,#194,.T.);
#194 = EDGE_CURVE('',#187,#195,#197,.T.);
#195 = VERTEX_POINT('',#196);
#196 = CARTESIAN_POINT('',(-31.3,-89.16953440272,69.305327833244));
#197 = B_SPLINE_CURVE_WITH_KNOTS('',6,(#198,#199,#200,#201,#202,#203,
    #204,#205,#206,#207,#208,#209,#210,#211,#212,#213,#214,#215,#216,
    #217,#218,#219,#220,#221,#222,#223,#224,#225,#226,#227,#228,#229,
    #230,#231,#232,#233,#234,#235,#236,#237,#238,#239,#240,#241,#242,
    #243,#244,#245,#246,#247,#248,#249,#250,#251,#252,#253,#254),
  .UNSPECIFIED.,.F.,.F.,(7,5,5,5,5,5,5,5,5,5,5,7),(0.,0.249746328907,
    0.369242312979,0.491132957616,0.519813109866,0.532958206927,
    0.546103566732,0.554469239288,0.573768905207,0.629472933252,
    0.76499936912,1.),.UNSPECIFIED.);
#198 = CARTESIAN_POINT('',(-31.3,-89.11517748102,68.762047846576));
#199 = CARTESIAN_POINT('',(-31.3,-89.12394905994,68.779340178607));
#200 = CARTESIAN_POINT('',(-31.3,-89.13230350081,68.796844559676));
#201 = CARTESIAN_POINT('',(-31.3,-89.14020057887,68.814563382787));
#202 = CARTESIAN_POINT('',(-31.3,-89.14761630649,68.832492733661));
#203 = CARTESIAN_POINT('',(-31.3,-89.15449787732,68.850630950729));
#204 = CARTESIAN_POINT('',(-31.3,-89.16378540167,68.877752153294));
#205 = CARTESIAN_POINT('',(-31.3,-89.16665360942,68.88657622491));
#206 = CARTESIAN_POINT('',(-31.3,-89.16937667181,68.895447072422));
#207 = CARTESIAN_POINT('',(-31.3,-89.17194566505,68.904364141189));
#208 = CARTESIAN_POINT('',(-31.3,-89.17434911392,68.913326697838));
#209 = CARTESIAN_POINT('',(-31.3,-89.17883879502,68.93152181616));
#210 = CARTESIAN_POINT('',(-31.3,-89.18091669906,68.940755085324));
#211 = CARTESIAN_POINT('',(-31.3,-89.18279177335,68.950034468506));
#212 = CARTESIAN_POINT('',(-31.3,-89.18443424688,68.959358787274));
#213 = CARTESIAN_POINT('',(-31.3,-89.18582501605,68.968724528325));
#214 = CARTESIAN_POINT('',(-31.3,-89.18712930274,68.980341149653));
#215 = CARTESIAN_POINT('',(-31.3,-89.18735921172,68.982555895676));
#216 = CARTESIAN_POINT('',(-31.3,-89.18756955033,68.984772666013));
#217 = CARTESIAN_POINT('',(-31.3,-89.1877587806,68.986991378147));
#218 = CARTESIAN_POINT('',(-31.3,-89.18792487029,68.989211898945));
#219 = CARTESIAN_POINT('',(-31.3,-89.18812965346,68.992452530217));
#220 = CARTESIAN_POINT('',(-31.3,-89.18818853204,68.993471351378));
#221 = CARTESIAN_POINT('',(-31.3,-89.18824185613,68.994490506925));
#222 = CARTESIAN_POINT('',(-31.3,-89.18828928224,68.99550997673));
#223 = CARTESIAN_POINT('',(-31.3,-89.18833019603,68.996529721752));
#224 = CARTESIAN_POINT('',(-31.3,-89.18839722909,68.998569666711));
#225 = CARTESIAN_POINT('',(-31.3,-89.18842296306,68.999589797553));
#226 = CARTESIAN_POINT('',(-31.3,-89.18844280941,69.00061026842));
#227 = CARTESIAN_POINT('',(-31.3,-89.1884496413,69.001630644979));
#228 = CARTESIAN_POINT('',(-31.3,-89.18845151891,69.002651344901));
#229 = CARTESIAN_POINT('',(-31.3,-89.18843152043,69.00432126722));
#230 = CARTESIAN_POINT('',(-31.3,-89.18841700123,69.004970548047));
#231 = CARTESIAN_POINT('',(-31.3,-89.18839269365,69.005619503715));
#232 = CARTESIAN_POINT('',(-31.3,-89.18835853539,69.006268066477));
#233 = CARTESIAN_POINT('',(-31.3,-89.18831744845,69.006916271543));
#234 = CARTESIAN_POINT('',(-31.3,-89.18817819274,69.009059164324));
#235 = CARTESIAN_POINT('',(-31.3,-89.18814557197,69.009467366102));
#236 = CARTESIAN_POINT('',(-31.3,-89.1880894364,69.010307839042));
#237 = CARTESIAN_POINT('',(-31.3,-89.1879734407,69.012192577238));
#238 = CARTESIAN_POINT('',(-31.3,-89.18781293468,69.014826592247));
#239 = CARTESIAN_POINT('',(-31.3,-89.18727674077,69.023303791906));
#240 = CARTESIAN_POINT('',(-31.3,-89.1868811756,69.029599829862));
#241 = CARTESIAN_POINT('',(-31.3,-89.18648598895,69.035895890382));
#242 = CARTESIAN_POINT('',(-31.3,-89.18609006167,69.042191906448));
#243 = CARTESIAN_POINT('',(-31.3,-89.18569343429,69.048487880602));
#244 = CARTESIAN_POINT('',(-31.3,-89.18433353973,69.070101898007));
#245 = CARTESIAN_POINT('',(-31.3,-89.18340802214,69.084812802905));
#246 = CARTESIAN_POINT('',(-31.3,-89.18249761452,69.09928363261));
#247 = CARTESIAN_POINT('',(-31.3,-89.18158214589,69.113834632422));
#248 = CARTESIAN_POINT('',(-31.3,-89.18064441395,69.128739259974));
#249 = CARTESIAN_POINT('',(-31.3,-89.1779808882,69.171074793242));
#250 = CARTESIAN_POINT('',(-31.3,-89.17629159104,69.197925401239));
#251 = CARTESIAN_POINT('',(-31.3,-89.17460229387,69.224776009234));
#252 = CARTESIAN_POINT('',(-31.3,-89.17291299679,69.251626617236));
#253 = CARTESIAN_POINT('',(-31.3,-89.17122369979,69.278477225242));
#254 = CARTESIAN_POINT('',(-31.3,-89.16953440272,69.305327833244));
#255 = ORIENTED_EDGE('',*,*,#256,.T.);
#256 = EDGE_CURVE('',#195,#257,#259,.T.);
#257 = VERTEX_POINT('',#258);
#258 = CARTESIAN_POINT('',(-31.3,-89.50592954938,69.347824423033));
#259 = B_SPLINE_CURVE_WITH_KNOTS('',4,(#260,#261,#262,#263,#264),
  .UNSPECIFIED.,.F.,.F.,(5,5),(0.,1.),.PIECEWISE_BEZIER_KNOTS.);
#260 = CARTESIAN_POINT('',(-31.3,-89.16953440272,69.305327833244));
#261 = CARTESIAN_POINT('',(-31.3,-89.25363318939,69.315951980691));
#262 = CARTESIAN_POINT('',(-31.3,-89.33773197605,69.326576128138));
#263 = CARTESIAN_POINT('',(-31.3,-89.42183076271,69.337200275585));
#264 = CARTESIAN_POINT('',(-31.3,-89.50592954938,69.347824423033));
#265 = ORIENTED_EDGE('',*,*,#266,.T.);
#266 = EDGE_CURVE('',#257,#267,#269,.T.);
#267 = VERTEX_POINT('',#268);
#268 = CARTESIAN_POINT('',(-31.3,-89.69368698702,68.835130592893));
#269 = B_SPLINE_CURVE_WITH_KNOTS('',7,(#270,#271,#272,#273,#274,#275,
    #276,#277,#278,#279,#280,#281,#282,#283,#284,#285,#286,#287,#288,
    #289,#290,#291,#292,#293,#294,#295,#296,#297,#298,#299,#300,#301,
    #302,#303,#304,#305,#306,#307,#308,#309,#310,#311,#312,#313,#314,
    #315,#316,#317,#318,#319),.UNSPECIFIED.,.F.,.F.,(8,6,6,6,6,6,6,6,8),
  (0.,0.420971514032,0.514965160156,0.540967991017,0.551970094856,
    0.584973598865,0.652979138709,0.820992115558,1.),.UNSPECIFIED.);
#270 = CARTESIAN_POINT('',(-31.3,-89.50592954938,69.347824423033));
#271 = CARTESIAN_POINT('',(-31.3,-89.51220255305,69.314940186191));
#272 = CARTESIAN_POINT('',(-31.3,-89.51847556867,69.282055951671));
#273 = CARTESIAN_POINT('',(-31.3,-89.52474857605,69.249171715548));
#274 = CARTESIAN_POINT('',(-31.3,-89.53102156804,69.216287476442));
#275 = CARTESIAN_POINT('',(-31.3,-89.53729455066,69.183403235514));
#276 = CARTESIAN_POINT('',(-31.3,-89.54356754298,69.15051899647));
#277 = CARTESIAN_POINT('',(-31.3,-89.55124120725,69.110292442713));
#278 = CARTESIAN_POINT('',(-31.3,-89.55264065614,69.102949891668));
#279 = CARTESIAN_POINT('',(-31.3,-89.55404090064,69.095607494947));
#280 = CARTESIAN_POINT('',(-31.3,-89.55544264613,69.088265388922));
#281 = CARTESIAN_POINT('',(-31.3,-89.55684532661,69.080923463821));
#282 = CARTESIAN_POINT('',(-31.3,-89.55824710468,69.07358136372));
#283 = CARTESIAN_POINT('',(-31.3,-89.56003155618,69.064207119523));
#284 = CARTESIAN_POINT('',(-31.3,-89.56043974344,69.062178608809));
#285 = CARTESIAN_POINT('',(-31.3,-89.56074853977,69.060137109434));
#286 = CARTESIAN_POINT('',(-31.3,-89.5612623995,69.058127813528));
#287 = CARTESIAN_POINT('',(-31.3,-89.56157359972,69.056082789799));
#288 = CARTESIAN_POINT('',(-31.3,-89.56192644464,69.054044133606));
#289 = CARTESIAN_POINT('',(-31.3,-89.56257482861,69.051174455026));
#290 = CARTESIAN_POINT('',(-31.3,-89.56278437924,69.050325127843));
#291 = CARTESIAN_POINT('',(-31.3,-89.56300276141,69.049477643105));
#292 = CARTESIAN_POINT('',(-31.3,-89.56322053645,69.048630775076));
#293 = CARTESIAN_POINT('',(-31.3,-89.56345140469,69.047786844599));
#294 = CARTESIAN_POINT('',(-31.3,-89.56368497968,69.046944041816));
#295 = CARTESIAN_POINT('',(-31.3,-89.5646432359,69.043578878962));
#296 = CARTESIAN_POINT('',(-31.3,-89.56541113762,69.041069035083));
#297 = CARTESIAN_POINT('',(-31.3,-89.56621319469,69.038569964222));
#298 = CARTESIAN_POINT('',(-31.3,-89.56704705017,69.036081446687));
#299 = CARTESIAN_POINT('',(-31.3,-89.56791104045,69.033603301645));
#300 = CARTESIAN_POINT('',(-31.3,-89.56880097081,69.031134579159));
#301 = CARTESIAN_POINT('',(-31.3,-89.57160050686,69.023606556474));
#302 = CARTESIAN_POINT('',(-31.3,-89.5735893573,69.018577083934));
#303 = CARTESIAN_POINT('',(-31.3,-89.57566758046,69.013583494336));
#304 = CARTESIAN_POINT('',(-31.3,-89.57782543631,69.008623974524));
#305 = CARTESIAN_POINT('',(-31.3,-89.58005649403,69.003697399057));
#306 = CARTESIAN_POINT('',(-31.3,-89.58235602445,68.998802855792));
#307 = CARTESIAN_POINT('',(-31.3,-89.59055827725,68.981923060892));
#308 = CARTESIAN_POINT('',(-31.3,-89.59678689152,68.970097111425));
#309 = CARTESIAN_POINT('',(-31.3,-89.60334260081,68.958447422241));
#310 = CARTESIAN_POINT('',(-31.3,-89.61019092583,68.946968218646));
#311 = CARTESIAN_POINT('',(-31.3,-89.61730647068,68.935655193756));
#312 = CARTESIAN_POINT('',(-31.3,-89.62466618552,68.924503112384));
#313 = CARTESIAN_POINT('',(-31.3,-89.64034035747,68.90179269148));
#314 = CARTESIAN_POINT('',(-31.3,-89.64868433736,68.890256427965));
#315 = CARTESIAN_POINT('',(-31.3,-89.65726741993,68.878894787147));
#316 = CARTESIAN_POINT('',(-31.3,-89.66607122897,68.867703742329));
#317 = CARTESIAN_POINT('',(-31.3,-89.67508293485,68.856680942231));
#318 = CARTESIAN_POINT('',(-31.3,-89.68429310808,68.845824732053));
#319 = CARTESIAN_POINT('',(-31.3,-89.69368698702,68.835130592893));
#320 = ORIENTED_EDGE('',*,*,#321,.T.);
#321 = EDGE_CURVE('',#267,#322,#324,.T.);
#322 = VERTEX_POINT('',#323);
#323 = CARTESIAN_POINT('',(-31.3,-89.91680492434,68.892417542413));
#324 = B_SPLINE_CURVE_WITH_KNOTS('',4,(#325,#326,#327,#328,#329),
  .UNSPECIFIED.,.F.,.F.,(5,5),(0.,1.),.PIECEWISE_BEZIER_KNOTS.);
#325 = CARTESIAN_POINT('',(-31.3,-89.69368698702,68.835130592893));
#326 = CARTESIAN_POINT('',(-31.3,-89.74946647135,68.849452330273));
#327 = CARTESIAN_POINT('',(-31.3,-89.80524595568,68.863774067653));
#328 = CARTESIAN_POINT('',(-31.3,-89.86102544001,68.878095805033));
#329 = CARTESIAN_POINT('',(-31.3,-89.91680492434,68.892417542413));
#330 = ORIENTED_EDGE('',*,*,#331,.T.);
#331 = EDGE_CURVE('',#322,#332,#334,.T.);
#332 = VERTEX_POINT('',#333);
#333 = CARTESIAN_POINT('',(-31.3,-89.83434588481,69.432147406003));
#334 = B_SPLINE_CURVE_WITH_KNOTS('',6,(#335,#336,#337,#338,#339,#340,
    #341,#342,#343,#344,#345,#346,#347,#348,#349,#350,#351,#352,#353,
    #354,#355,#356,#357,#358,#359,#360,#361,#362,#363,#364,#365,#366,
    #367,#368,#369,#370,#371,#372,#373,#374,#375,#376,#377,#378,#379,
    #380,#381,#382,#383,#384,#385,#386,#387,#388,#389,#390,#391),
  .UNSPECIFIED.,.F.,.F.,(7,5,5,5,5,5,5,5,5,5,5,7),(0.,0.251012533923,
    0.371114358389,0.493622984265,0.522448543868,0.535660286103,
    0.548872292416,0.557280378634,0.576677893174,0.632664338661,
    0.766759093075,1.),.UNSPECIFIED.);
#335 = CARTESIAN_POINT('',(-31.3,-89.91680492434,68.892417542413));
#336 = CARTESIAN_POINT('',(-31.3,-89.92100049987,68.911348007006));
#337 = CARTESIAN_POINT('',(-31.3,-89.92473930806,68.930380120713));
#338 = CARTESIAN_POINT('',(-31.3,-89.92798179278,68.949506197865));
#339 = CARTESIAN_POINT('',(-31.3,-89.93070569344,68.968716481678));
#340 = CARTESIAN_POINT('',(-31.3,-89.93286027591,68.987996230376));
#341 = CARTESIAN_POINT('',(-31.3,-89.9351112468,69.016575083873));
#342 = CARTESIAN_POINT('',(-31.3,-89.93569488715,69.025835225314));
#343 = CARTESIAN_POINT('',(-31.3,-89.93612630946,69.035104576918));
#344 = CARTESIAN_POINT('',(-31.3,-89.93639700823,69.044380382211));
#345 = CARTESIAN_POINT('',(-31.3,-89.93649605113,69.053659077089));
#346 = CARTESIAN_POINT('',(-31.3,-89.93631973872,69.072399100598));
#347 = CARTESIAN_POINT('',(-31.3,-89.93603614092,69.081859043354));
#348 = CARTESIAN_POINT('',(-31.3,-89.93554461754,69.091313209663));
#349 = CARTESIAN_POINT('',(-31.3,-89.93481662597,69.100753054367));
#350 = CARTESIAN_POINT('',(-31.3,-89.93383453648,69.11017042367));
#351 = CARTESIAN_POINT('',(-31.3,-89.93220891036,69.121746450386));
#352 = CARTESIAN_POINT('',(-31.3,-89.93188081138,69.123948792127));
#353 = CARTESIAN_POINT('',(-31.3,-89.93153325346,69.126148227634));
#354 = CARTESIAN_POINT('',(-31.3,-89.93116476744,69.1283442945));
#355 = CARTESIAN_POINT('',(-31.3,-89.93077341805,69.13053635838));
#356 = CARTESIAN_POINT('',(-31.3,-89.93016585536,69.133726106766));
#357 = CARTESIAN_POINT('',(-31.3,-89.92996951364,69.134727562295));
#358 = CARTESIAN_POINT('',(-31.3,-89.92976770877,69.135727960356));
#359 = CARTESIAN_POINT('',(-31.3,-89.92956011308,69.136727196038));
#360 = CARTESIAN_POINT('',(-31.3,-89.92934614121,69.137725078741));
#361 = CARTESIAN_POINT('',(-31.3,-89.92890375462,69.139717605522));
#362 = CARTESIAN_POINT('',(-31.3,-89.92867498388,69.140712086855));
#363 = CARTESIAN_POINT('',(-31.3,-89.92844042594,69.14170543334));
#364 = CARTESIAN_POINT('',(-31.3,-89.92819328586,69.142695451915));
#365 = CARTESIAN_POINT('',(-31.3,-89.92794126674,69.143684551614));
#366 = CARTESIAN_POINT('',(-31.3,-89.92750660375,69.145297036833));
#367 = CARTESIAN_POINT('',(-31.3,-89.92733107112,69.145922308531));
#368 = CARTESIAN_POINT('',(-31.3,-89.9271461385,69.146544831015));
#369 = CARTESIAN_POINT('',(-31.3,-89.92695176238,69.14716452317));
#370 = CARTESIAN_POINT('',(-31.3,-89.92675076422,69.147782145776));
#371 = CARTESIAN_POINT('',(-31.3,-89.92608296772,69.149823084154));
#372 = CARTESIAN_POINT('',(-31.3,-89.92594985614,69.150210349066));
#373 = CARTESIAN_POINT('',(-31.3,-89.92568646705,69.151010456654));
#374 = CARTESIAN_POINT('',(-31.3,-89.92510540024,69.152807135375));
#375 = CARTESIAN_POINT('',(-31.3,-89.92429488392,69.155318481736));
#376 = CARTESIAN_POINT('',(-31.3,-89.92166734169,69.163396008576));
#377 = CARTESIAN_POINT('',(-31.3,-89.91971844296,69.169395871864));
#378 = CARTESIAN_POINT('',(-31.3,-89.91776990525,69.175395851143));
#379 = CARTESIAN_POINT('',(-31.3,-89.91582066123,69.181395603177));
#380 = CARTESIAN_POINT('',(-31.3,-89.91387074952,69.187395140506));
#381 = CARTESIAN_POINT('',(-31.3,-89.90725216697,69.207764864698));
#382 = CARTESIAN_POINT('',(-31.3,-89.90257782587,69.22215105152));
#383 = CARTESIAN_POINT('',(-31.3,-89.89804292615,69.236108100285));
#384 = CARTESIAN_POINT('',(-31.3,-89.89363736027,69.249667046373));
#385 = CARTESIAN_POINT('',(-31.3,-89.88919627844,69.263335252163));
#386 = CARTESIAN_POINT('',(-31.3,-89.87605772142,69.303771573583));
#387 = CARTESIAN_POINT('',(-31.3,-89.86771535404,69.329446740048));
#388 = CARTESIAN_POINT('',(-31.3,-89.85937298664,69.355121906509));
#389 = CARTESIAN_POINT('',(-31.3,-89.85103061934,69.380797072998));
#390 = CARTESIAN_POINT('',(-31.3,-89.84268825211,69.406472239511));
#391 = CARTESIAN_POINT('',(-31.3,-89.83434588481,69.432147406003));
#392 = ORIENTED_EDGE('',*,*,#393,.T.);
#393 = EDGE_CURVE('',#332,#394,#396,.T.);
#394 = VERTEX_POINT('',#395);
#395 = CARTESIAN_POINT('',(-31.3,-90.14960408722,69.556966958342));
#396 = B_SPLINE_CURVE_WITH_KNOTS('',4,(#397,#398,#399,#400,#401),
  .UNSPECIFIED.,.F.,.F.,(5,5),(0.,1.),.PIECEWISE_BEZIER_KNOTS.);
#397 = CARTESIAN_POINT('',(-31.3,-89.83434588481,69.432147406003));
#398 = CARTESIAN_POINT('',(-31.3,-89.91316043541,69.463352294088));
#399 = CARTESIAN_POINT('',(-31.3,-89.99197498601,69.494557182172));
#400 = CARTESIAN_POINT('',(-31.3,-90.07078953662,69.525762070257));
#401 = CARTESIAN_POINT('',(-31.3,-90.14960408722,69.556966958342));
#402 = ORIENTED_EDGE('',*,*,#403,.T.);
#403 = EDGE_CURVE('',#394,#404,#406,.T.);
#404 = VERTEX_POINT('',#405);
#405 = CARTESIAN_POINT('',(-31.3,-90.45896455046,69.107073723635));
#406 = B_SPLINE_CURVE_WITH_KNOTS('',7,(#407,#408,#409,#410,#411,#412,
    #413,#414,#415,#416,#417,#418,#419,#420,#421,#422,#423,#424,#425,
    #426,#427,#428,#429,#430,#431,#432,#433,#434,#435,#436,#437,#438,
    #439,#440,#441,#442,#443,#444,#445,#446,#447,#448,#449,#450,#451,
    #452,#453,#454,#455,#456),.UNSPECIFIED.,.F.,.F.,(8,6,6,6,6,6,6,6,8),
  (0.,0.397004146661,0.497167675393,0.524124633562,0.535530439896,
    0.569744948376,0.640245829709,0.814423741837,1.),.UNSPECIFIED.);
#407 = CARTESIAN_POINT('',(-31.3,-90.14960408722,69.556966958342));
#408 = CARTESIAN_POINT('',(-31.3,-90.16358713208,69.527251475419));
#409 = CARTESIAN_POINT('',(-31.3,-90.17757018271,69.497535995231));
#410 = CARTESIAN_POINT('',(-31.3,-90.19155322946,69.467820513204));
#411 = CARTESIAN_POINT('',(-31.3,-90.20553626884,69.438105027682));
#412 = CARTESIAN_POINT('',(-31.3,-90.21951930353,69.408389539932));
#413 = CARTESIAN_POINT('',(-31.3,-90.23350234235,69.37867405414));
#414 = CARTESIAN_POINT('',(-31.3,-90.25101330404,69.341461408854));
#415 = CARTESIAN_POINT('',(-31.3,-90.25443476881,69.334187551678));
#416 = CARTESIAN_POINT('',(-31.3,-90.25786977432,69.326886877556));
#417 = CARTESIAN_POINT('',(-31.3,-90.26136728946,69.319457045993));
#418 = CARTESIAN_POINT('',(-31.3,-90.26490527225,69.311943504332));
#419 = CARTESIAN_POINT('',(-31.3,-90.26839066985,69.304539487751));
#420 = CARTESIAN_POINT('',(-31.3,-90.2725391352,69.295714635927));
#421 = CARTESIAN_POINT('',(-31.3,-90.27343896861,69.293851366648));
#422 = CARTESIAN_POINT('',(-31.3,-90.27424576379,69.291950799258));
#423 = CARTESIAN_POINT('',(-31.3,-90.27524317124,69.290132420792));
#424 = CARTESIAN_POINT('',(-31.3,-90.27605317125,69.288229037594));
#425 = CARTESIAN_POINT('',(-31.3,-90.27690192407,69.286342178496));
#426 = CARTESIAN_POINT('',(-31.3,-90.27824359791,69.283723902682));
#427 = CARTESIAN_POINT('',(-31.3,-90.27865778421,69.282953371797));
#428 = CARTESIAN_POINT('',(-31.3,-90.27908006639,69.282186821789));
#429 = CARTESIAN_POINT('',(-31.3,-90.27950160714,69.281420718126));
#430 = CARTESIAN_POINT('',(-31.3,-90.2799350992,69.280660715872));
#431 = CARTESIAN_POINT('',(-31.3,-90.28037093253,69.279902479027));
#432 = CARTESIAN_POINT('',(-31.3,-90.28213596534,69.276881347582));
#433 = CARTESIAN_POINT('',(-31.3,-90.28350391481,69.274641324457));
#434 = CARTESIAN_POINT('',(-31.3,-90.28490226743,69.272420229985));
#435 = CARTESIAN_POINT('',(-31.3,-90.28632879495,69.27021726523));
#436 = CARTESIAN_POINT('',(-31.3,-90.287781931,69.268031841316));
#437 = CARTESIAN_POINT('',(-31.3,-90.28925784888,69.265861994968));
#438 = CARTESIAN_POINT('',(-31.3,-90.29384157547,69.259266695263));
#439 = CARTESIAN_POINT('',(-31.3,-90.29701872147,69.254889839844));
#440 = CARTESIAN_POINT('',(-31.3,-90.30027350867,69.250569966129));
#441 = CARTESIAN_POINT('',(-31.3,-90.30359695393,69.246302895678));
#442 = CARTESIAN_POINT('',(-31.3,-90.30698310836,69.242085939131));
#443 = CARTESIAN_POINT('',(-31.3,-90.31042761822,69.237917036905));
#444 = CARTESIAN_POINT('',(-31.3,-90.32257001645,69.223607369124));
#445 = CARTESIAN_POINT('',(-31.3,-90.33154394139,69.213701946985));
#446 = CARTESIAN_POINT('',(-31.3,-90.34079085091,69.204048592815));
#447 = CARTESIAN_POINT('',(-31.3,-90.35027878505,69.194633138685));
#448 = CARTESIAN_POINT('',(-31.3,-90.35998421686,69.185445097321));
#449 = CARTESIAN_POINT('',(-31.3,-90.36988612258,69.176473665745));
#450 = CARTESIAN_POINT('',(-31.3,-90.39071571361,69.158374742529));
#451 = CARTESIAN_POINT('',(-31.3,-90.40166650409,69.149275975363));
#452 = CARTESIAN_POINT('',(-31.3,-90.41280545851,69.14040580722));
#453 = CARTESIAN_POINT('',(-31.3,-90.42411577938,69.131755767932));
#454 = CARTESIAN_POINT('',(-31.3,-90.43558562486,69.123320389486));
#455 = CARTESIAN_POINT('',(-31.3,-90.44720627325,69.115095724055));
#456 = CARTESIAN_POINT('',(-31.3,-90.45896455046,69.107073723635));
#457 = ORIENTED_EDGE('',*,*,#458,.T.);
#458 = EDGE_CURVE('',#404,#459,#461,.T.);
#459 = VERTEX_POINT('',#460);
#460 = CARTESIAN_POINT('',(-31.3,-90.66082614248,69.218048072949));
#461 = B_SPLINE_CURVE_WITH_KNOTS('',4,(#462,#463,#464,#465,#466),
  .UNSPECIFIED.,.F.,.F.,(5,5),(0.,1.),.PIECEWISE_BEZIER_KNOTS.);
#462 = CARTESIAN_POINT('',(-31.3,-90.45896455046,69.107073723635));
#463 = CARTESIAN_POINT('',(-31.3,-90.50942994847,69.134817310963));
#464 = CARTESIAN_POINT('',(-31.3,-90.55989534647,69.162560898292));
#465 = CARTESIAN_POINT('',(-31.3,-90.61036074448,69.19030448562));
#466 = CARTESIAN_POINT('',(-31.3,-90.66082614248,69.218048072949));
#467 = ORIENTED_EDGE('',*,*,#468,.T.);
#468 = EDGE_CURVE('',#459,#469,#471,.T.);
#469 = VERTEX_POINT('',#470);
#470 = CARTESIAN_POINT('',(-31.3,-90.44673234644,69.720314601145));
#471 = B_SPLINE_CURVE_WITH_KNOTS('',6,(#472,#473,#474,#475,#476,#477,
    #478,#479,#480,#481,#482,#483,#484,#485,#486,#487,#488,#489,#490,
    #491,#492,#493,#494,#495,#496,#497,#498,#499,#500,#501,#502,#503,
    #504,#505,#506,#507,#508,#509,#510,#511,#512,#513,#514,#515,#516,
    #517,#518,#519,#520,#521,#522,#523,#524,#525,#526,#527,#528),
  .UNSPECIFIED.,.F.,.F.,(7,5,5,5,5,5,5,5,5,5,5,7),(0.,0.249746328908,
    0.369242312981,0.491132957618,0.519813109869,0.532958206929,
    0.546103566734,0.55446923929,0.573768905208,0.629472933253,
    0.764999369121,1.),.UNSPECIFIED.);
#472 = CARTESIAN_POINT('',(-31.3,-90.66082614248,69.218048072949));
#473 = CARTESIAN_POINT('',(-31.3,-90.66018209119,69.237427199392));
#474 = CARTESIAN_POINT('',(-31.3,-90.65907034364,69.256791188037));
#475 = CARTESIAN_POINT('',(-31.3,-90.65745449777,69.276122757463));
#476 = CARTESIAN_POINT('',(-31.3,-90.65531541877,69.295406921432));
#477 = CARTESIAN_POINT('',(-31.3,-90.65260763254,69.314616784243));
#478 = CARTESIAN_POINT('',(-31.3,-90.64768061319,69.342857574202));
#479 = CARTESIAN_POINT('',(-31.3,-90.64594301387,69.351971936724));
#480 = CARTESIAN_POINT('',(-31.3,-90.64405568826,69.361057364969));
#481 = CARTESIAN_POINT('',(-31.3,-90.64201108355,69.370109073826));
#482 = CARTESIAN_POINT('',(-31.3,-90.63979949725,69.37912089241));
#483 = CARTESIAN_POINT('',(-31.3,-90.6349682697,69.397228316509));
#484 = CARTESIAN_POINT('',(-31.3,-90.63234098954,69.406320529861));
#485 = CARTESIAN_POINT('',(-31.3,-90.62951375272,69.415355439258));
#486 = CARTESIAN_POINT('',(-31.3,-90.62646103843,69.424317669739));
#487 = CARTESIAN_POINT('',(-31.3,-90.62316779858,69.433194939344));
#488 = CARTESIAN_POINT('',(-31.3,-90.61871440371,69.444003007117));
#489 = CARTESIAN_POINT('',(-31.3,-90.61784891245,69.446054563345));
#490 = CARTESIAN_POINT('',(-31.3,-90.61696529633,69.4480984654));
#491 = CARTESIAN_POINT('',(-31.3,-90.61606224735,69.450133900041));
#492 = CARTESIAN_POINT('',(-31.3,-90.6151380488,69.452159771567));
#493 = CARTESIAN_POINT('',(-31.3,-90.61375631565,69.455098213446));
#494 = CARTESIAN_POINT('',(-31.3,-90.6133170905,69.456019378208));
#495 = CARTESIAN_POINT('',(-31.3,-90.61287283682,69.456938160093));
#496 = CARTESIAN_POINT('',(-31.3,-90.61242326332,69.457854376));
#497 = CARTESIAN_POINT('',(-31.3,-90.61196785044,69.458767695744));
#498 = CARTESIAN_POINT('',(-31.3,-90.61104384098,69.460587606561));
#499 = CARTESIAN_POINT('',(-31.3,-90.61057494004,69.461493951465));
#500 = CARTESIAN_POINT('',(-31.3,-90.61010071595,69.462397757957));
#501 = CARTESIAN_POINT('',(-31.3,-90.60961513262,69.463295212037));
#502 = CARTESIAN_POINT('',(-31.3,-90.60912505204,69.464190562743));
#503 = CARTESIAN_POINT('',(-31.3,-90.60830303603,69.465644292485));
#504 = CARTESIAN_POINT('',(-31.3,-90.60797751933,69.466206266934));
#505 = CARTESIAN_POINT('',(-31.3,-90.60764358166,69.466763240855));
#506 = CARTESIAN_POINT('',(-31.3,-90.60730120106,69.467315124867));
#507 = CARTESIAN_POINT('',(-31.3,-90.60695292113,69.467863357515));
#508 = CARTESIAN_POINT('',(-31.3,-90.60579854395,69.469674101823));
#509 = CARTESIAN_POINT('',(-31.3,-90.60557330544,69.470016096592));
#510 = CARTESIAN_POINT('',(-31.3,-90.60511921254,69.470725565125));
#511 = CARTESIAN_POINT('',(-31.3,-90.60410958518,69.47232129244));
#512 = CARTESIAN_POINT('',(-31.3,-90.60269998627,69.474552173025));
#513 = CARTESIAN_POINT('',(-31.3,-90.59814619388,69.481722486326));
#514 = CARTESIAN_POINT('',(-31.3,-90.59476641807,69.487049181471));
#515 = CARTESIAN_POINT('',(-31.3,-90.59138696308,69.492376078744));
#516 = CARTESIAN_POINT('',(-31.3,-90.58800688049,69.49770258026));
#517 = CARTESIAN_POINT('',(-31.3,-90.58462620458,69.503028707769));
#518 = CARTESIAN_POINT('',(-31.3,-90.5730218876,69.521314081403));
#519 = CARTESIAN_POINT('',(-31.3,-90.56512381787,69.533759474133));
#520 = CARTESIAN_POINT('',(-31.3,-90.55735464621,69.546001766655));
#521 = CARTESIAN_POINT('',(-31.3,-90.54954241731,69.558311874615));
#522 = CARTESIAN_POINT('',(-31.3,-90.54154031747,69.570921143495));
#523 = CARTESIAN_POINT('',(-31.3,-90.51881095336,69.606736890786));
#524 = CARTESIAN_POINT('',(-31.3,-90.50439523192,69.629452432823));
#525 = CARTESIAN_POINT('',(-31.3,-90.48997951047,69.652167974854));
#526 = CARTESIAN_POINT('',(-31.3,-90.47556378911,69.674883516936));
#527 = CARTESIAN_POINT('',(-31.3,-90.4611480678,69.697599059058));
#528 = CARTESIAN_POINT('',(-31.3,-90.44673234644,69.720314601145));
#529 = ORIENTED_EDGE('',*,*,#530,.T.);
#530 = EDGE_CURVE('',#469,#531,#533,.T.);
#531 = VERTEX_POINT('',#532);
#532 = CARTESIAN_POINT('',(-31.3,-90.72104477232,69.919614244505));
#533 = B_SPLINE_CURVE_WITH_KNOTS('',4,(#534,#535,#536,#537,#538),
  .UNSPECIFIED.,.F.,.F.,(5,5),(0.,1.),.PIECEWISE_BEZIER_KNOTS.);
#534 = CARTESIAN_POINT('',(-31.3,-90.44673234644,69.720314601145));
#535 = CARTESIAN_POINT('',(-31.3,-90.51531045291,69.770139511985));
#536 = CARTESIAN_POINT('',(-31.3,-90.58388855938,69.819964422825));
#537 = CARTESIAN_POINT('',(-31.3,-90.65246666585,69.869789333665));
#538 = CARTESIAN_POINT('',(-31.3,-90.72104477232,69.919614244505));
#539 = ORIENTED_EDGE('',*,*,#540,.T.);
#540 = EDGE_CURVE('',#531,#541,#543,.T.);
#541 = VERTEX_POINT('',#542);
#542 = CARTESIAN_POINT('',(-31.3,-91.13257000551,69.560790051759));
#543 = B_SPLINE_CURVE_WITH_KNOTS('',7,(#544,#545,#546,#547,#548,#549,
    #550,#551,#552,#553,#554,#555,#556,#557,#558,#559,#560,#561,#562,
    #563,#564,#565,#566,#567,#568,#569,#570,#571,#572,#573,#574,#575,
    #576,#577,#578,#579,#580,#581,#582,#583,#584,#585,#586,#587,#588,
    #589,#590,#591,#592,#593),.UNSPECIFIED.,.F.,.F.,(8,6,6,6,6,6,6,6,8),
  (0.,0.421962272887,0.51595387801,0.540958288282,0.551960624676,
    0.584964826292,0.652971803596,0.8209883318,1.),.UNSPECIFIED.);
#544 = CARTESIAN_POINT('',(-31.3,-90.72104477232,69.919614244505));
#545 = CARTESIAN_POINT('',(-31.3,-90.74243463614,69.893758340745));
#546 = CARTESIAN_POINT('',(-31.3,-90.7638245092,69.867902444681));
#547 = CARTESIAN_POINT('',(-31.3,-90.78521437585,69.842046543275));
#548 = CARTESIAN_POINT('',(-31.3,-90.80660423059,69.816190631959));
#549 = CARTESIAN_POINT('',(-31.3,-90.82799407812,69.790334714632));
#550 = CARTESIAN_POINT('',(-31.3,-90.84938393328,69.764478803665));
#551 = CARTESIAN_POINT('',(-31.3,-90.87553839372,69.732863551883));
#552 = CARTESIAN_POINT('',(-31.3,-90.88030197551,69.727103360375));
#553 = CARTESIAN_POINT('',(-31.3,-90.88506623462,69.72134373273));
#554 = CARTESIAN_POINT('',(-31.3,-90.88983175776,69.715585156696));
#555 = CARTESIAN_POINT('',(-31.3,-90.89459805017,69.709827220416));
#556 = CARTESIAN_POINT('',(-31.3,-90.89936353563,69.704068612422));
#557 = CARTESIAN_POINT('',(-31.3,-90.90539238794,69.696774403064));
#558 = CARTESIAN_POINT('',(-31.3,-90.90666818611,69.695249406664));
#559 = CARTESIAN_POINT('',(-31.3,-90.90789492288,69.693687404275));
#560 = CARTESIAN_POINT('',(-31.3,-90.909240213,69.692217867584));
#561 = CARTESIAN_POINT('',(-31.3,-90.91045332139,69.690641852802));
#562 = CARTESIAN_POINT('',(-31.3,-90.91169761766,69.689089871761));
#563 = CARTESIAN_POINT('',(-31.3,-90.91359562091,69.686946967296));
#564 = CARTESIAN_POINT('',(-31.3,-90.91418841802,69.686303647999));
#565 = CARTESIAN_POINT('',(-31.3,-90.91478806666,69.685666197877));
#566 = CARTESIAN_POINT('',(-31.3,-90.91538688617,69.685028995691));
#567 = CARTESIAN_POINT('',(-31.3,-90.91599576415,69.684400675397));
#568 = CARTESIAN_POINT('',(-31.3,-90.91660647082,69.6837746473));
#569 = CARTESIAN_POINT('',(-31.3,-90.91906737671,69.681287376063));
#570 = CARTESIAN_POINT('',(-31.3,-90.92094942063,69.679457922583));
#571 = CARTESIAN_POINT('',(-31.3,-90.92285620517,69.677654364034));
#572 = CARTESIAN_POINT('',(-31.3,-90.92478577076,69.675875372437));
#573 = CARTESIAN_POINT('',(-31.3,-90.92673674669,69.674119987873));
#574 = CARTESIAN_POINT('',(-31.3,-90.92870591474,69.672385357088));
#575 = CARTESIAN_POINT('',(-31.3,-90.93478581947,69.6671371873));
#576 = CARTESIAN_POINT('',(-31.3,-90.93895162927,69.663687962925));
#577 = CARTESIAN_POINT('',(-31.3,-90.94317847025,69.660313238646));
#578 = CARTESIAN_POINT('',(-31.3,-90.94745868063,69.657006733287));
#579 = CARTESIAN_POINT('',(-31.3,-90.95178716724,69.653764362548));
#580 = CARTESIAN_POINT('',(-31.3,-90.95616022532,69.650583048819));
#581 = CARTESIAN_POINT('',(-31.3,-90.97147981744,69.639742637212));
#582 = CARTESIAN_POINT('',(-31.3,-90.98263518834,69.632380136504));
#583 = CARTESIAN_POINT('',(-31.3,-90.99399228076,69.625329673092));
#584 = CARTESIAN_POINT('',(-31.3,-91.00552366222,69.618569576038));
#585 = CARTESIAN_POINT('',(-31.3,-91.01720915301,69.61208383663));
#586 = CARTESIAN_POINT('',(-31.3,-91.02903107646,69.605856762891));
#587 = CARTESIAN_POINT('',(-31.3,-91.05370728676,69.593506559273));
#588 = CARTESIAN_POINT('',(-31.3,-91.06657680941,69.587416997459));
#589 = CARTESIAN_POINT('',(-31.3,-91.07957173421,69.581595647277));
#590 = CARTESIAN_POINT('',(-31.3,-91.09267789784,69.576030127299));
#591 = CARTESIAN_POINT('',(-31.3,-91.10588519035,69.570712196358));
#592 = CARTESIAN_POINT('',(-31.3,-91.11918614581,69.56563586165));
#593 = CARTESIAN_POINT('',(-31.3,-91.13257000551,69.560790051759));
#594 = ORIENTED_EDGE('',*,*,#595,.T.);
#595 = EDGE_CURVE('',#541,#596,#598,.T.);
#596 = VERTEX_POINT('',#597);
#597 = CARTESIAN_POINT('',(-31.3,-91.30049154601,69.718478874365));
#598 = B_SPLINE_CURVE_WITH_KNOTS('',4,(#599,#600,#601,#602,#603),
  .UNSPECIFIED.,.F.,.F.,(5,5),(0.,1.),.PIECEWISE_BEZIER_KNOTS.);
#599 = CARTESIAN_POINT('',(-31.3,-91.13257000551,69.560790051759));
#600 = CARTESIAN_POINT('',(-31.3,-91.17455039063,69.600212257411));
#601 = CARTESIAN_POINT('',(-31.3,-91.21653077576,69.639634463062));
#602 = CARTESIAN_POINT('',(-31.3,-91.25851116088,69.679056668714));
#603 = CARTESIAN_POINT('',(-31.3,-91.30049154601,69.718478874365));
#604 = ORIENTED_EDGE('',*,*,#605,.T.);
#605 = EDGE_CURVE('',#596,#606,#608,.T.);
#606 = VERTEX_POINT('',#607);
#607 = CARTESIAN_POINT('',(-31.3,-90.96821529403,70.151722813993));
#608 = B_SPLINE_CURVE_WITH_KNOTS('',6,(#609,#610,#611,#612,#613,#614,
    #615,#616,#617,#618,#619,#620,#621,#622,#623,#624,#625,#626,#627,
    #628,#629,#630,#631,#632,#633,#634,#635,#636,#637,#638,#639,#640,
    #641,#642,#643,#644,#645,#646,#647,#648,#649,#650,#651,#652,#653,
    #654,#655,#656,#657,#658,#659,#660,#661,#662,#663,#664,#665),
  .UNSPECIFIED.,.F.,.F.,(7,5,5,5,5,5,5,5,5,5,5,7),(0.,0.251012533923,
    0.371114358391,0.493622984267,0.52244854387,0.535660286105,
    0.548872292418,0.557280378637,0.576677893176,0.632664338663,
    0.766759093076,1.),.UNSPECIFIED.);
#609 = CARTESIAN_POINT('',(-31.3,-91.30049154601,69.718478874365));
#610 = CARTESIAN_POINT('',(-31.3,-91.29504833601,69.737089000873));
#611 = CARTESIAN_POINT('',(-31.3,-91.2891558879,69.755568153834));
#612 = CARTESIAN_POINT('',(-31.3,-91.28278324097,69.773890541928));
#613 = CARTESIAN_POINT('',(-31.3,-91.27591558851,69.79203689111));
#614 = CARTESIAN_POINT('',(-31.3,-91.26851557375,69.809969841704));
#615 = CARTESIAN_POINT('',(-31.3,-91.2567201469,69.83609809543));
#616 = CARTESIAN_POINT('',(-31.3,-91.25277048768,69.844493990116));
#617 = CARTESIAN_POINT('',(-31.3,-91.24868300174,69.852824624131));
#618 = CARTESIAN_POINT('',(-31.3,-91.2444515636,69.861083484396));
#619 = CARTESIAN_POINT('',(-31.3,-91.2400683102,69.869262180981));
#620 = CARTESIAN_POINT('',(-31.3,-91.23088573129,69.885599249618));
#621 = CARTESIAN_POINT('',(-31.3,-91.22607985046,69.893752436363));
#622 = CARTESIAN_POINT('',(-31.3,-91.22109454589,69.901800392262));
#623 = CARTESIAN_POINT('',(-31.3,-91.21590892214,69.909721878618));
#624 = CARTESIAN_POINT('',(-31.3,-91.2105114583,69.917501257029));
#625 = CARTESIAN_POINT('',(-31.3,-91.20351011787,69.926862255211));
#626 = CARTESIAN_POINT('',(-31.3,-91.20216161631,69.928634119102));
#627 = CARTESIAN_POINT('',(-31.3,-91.20079746285,69.930394061823));
#628 = CARTESIAN_POINT('',(-31.3,-91.19941659281,69.932140970393));
#629 = CARTESIAN_POINT('',(-31.3,-91.19801761589,69.933873356608));
#630 = CARTESIAN_POINT('',(-31.3,-91.19594853164,69.936375858868));
#631 = CARTESIAN_POINT('',(-31.3,-91.1952940212,69.937158852694));
#632 = CARTESIAN_POINT('',(-31.3,-91.19463523281,69.937938287959));
#633 = CARTESIAN_POINT('',(-31.3,-91.19397192986,69.938713914875));
#634 = CARTESIAN_POINT('',(-31.3,-91.19330369122,69.939485284421));
#635 = CARTESIAN_POINT('',(-31.3,-91.1919561178,69.941018227584));
#636 = CARTESIAN_POINT('',(-31.3,-91.19127654944,69.941779487077));
#637 = CARTESIAN_POINT('',(-31.3,-91.19059245643,69.942536964089));
#638 = CARTESIAN_POINT('',(-31.3,-91.18989894084,69.943285463335));
#639 = CARTESIAN_POINT('',(-31.3,-91.18920159238,69.94403080687));
#640 = CARTESIAN_POINT('',(-31.3,-91.18804387363,69.945234437948));
#641 = CARTESIAN_POINT('',(-31.3,-91.18758882627,69.945697804226));
#642 = CARTESIAN_POINT('',(-31.3,-91.18712686609,69.946154232866));
#643 = CARTESIAN_POINT('',(-31.3,-91.18665799402,69.946603631833));
#644 = CARTESIAN_POINT('',(-31.3,-91.18618431604,69.947048027047));
#645 = CARTESIAN_POINT('',(-31.3,-91.18461589194,69.948514801563));
#646 = CARTESIAN_POINT('',(-31.3,-91.18431267908,69.948790037399));
#647 = CARTESIAN_POINT('',(-31.3,-91.18369641468,69.94936428836));
#648 = CARTESIAN_POINT('',(-31.3,-91.18232166538,69.950658798853));
#649 = CARTESIAN_POINT('',(-31.3,-91.18040155418,69.95246903923));
#650 = CARTESIAN_POINT('',(-31.3,-91.17420764314,69.958281601838));
#651 = CARTESIAN_POINT('',(-31.3,-91.16960935398,69.962600432992));
#652 = CARTESIAN_POINT('',(-31.3,-91.16501132531,69.966919539713));
#653 = CARTESIAN_POINT('',(-31.3,-91.16041278717,69.971238107032));
#654 = CARTESIAN_POINT('',(-31.3,-91.15581376736,69.975556164541));
#655 = CARTESIAN_POINT('',(-31.3,-91.14020066979,69.990217763458));
#656 = CARTESIAN_POINT('',(-31.3,-91.1291739151,70.000572594072));
#657 = CARTESIAN_POINT('',(-31.3,-91.11847609266,70.010618544536));
#658 = CARTESIAN_POINT('',(-31.3,-91.10808339376,70.02037794202));
#659 = CARTESIAN_POINT('',(-31.3,-91.09760693572,70.030215974569));
#660 = CARTESIAN_POINT('',(-31.3,-91.06661318403,70.05932104503));
#661 = CARTESIAN_POINT('',(-31.3,-91.04693360599,70.077801398776));
#662 = CARTESIAN_POINT('',(-31.3,-91.02725402793,70.096281752513));
#663 = CARTESIAN_POINT('',(-31.3,-91.00757444995,70.114762106319));
#664 = CARTESIAN_POINT('',(-31.3,-90.98789487201,70.13324246018));
#665 = CARTESIAN_POINT('',(-31.3,-90.96821529403,70.151722813993));
#666 = ORIENTED_EDGE('',*,*,#667,.T.);
#667 = EDGE_CURVE('',#606,#668,#670,.T.);
#668 = VERTEX_POINT('',#669);
#669 = CARTESIAN_POINT('',(-31.3,-91.18434588481,70.41297981881));
#670 = B_SPLINE_CURVE_WITH_KNOTS('',4,(#671,#672,#673,#674,#675),
  .UNSPECIFIED.,.F.,.F.,(5,5),(0.,1.),.PIECEWISE_BEZIER_KNOTS.);
#671 = CARTESIAN_POINT('',(-31.3,-90.96821529403,70.151722813993));
#672 = CARTESIAN_POINT('',(-31.3,-91.02224794173,70.217037065197));
#673 = CARTESIAN_POINT('',(-31.3,-91.07628058942,70.282351316401));
#674 = CARTESIAN_POINT('',(-31.3,-91.13031323711,70.347665567606));
#675 = CARTESIAN_POINT('',(-31.3,-91.18434588481,70.41297981881));
#676 = ORIENTED_EDGE('',*,*,#677,.T.);
#677 = EDGE_CURVE('',#668,#678,#680,.T.);
#678 = VERTEX_POINT('',#679);
#679 = CARTESIAN_POINT('',(-31.3,-91.67217824406,70.167770911718));
#680 = B_SPLINE_CURVE_WITH_KNOTS('',7,(#681,#682,#683,#684,#685,#686,
    #687,#688,#689,#690,#691,#692,#693,#694,#695,#696,#697,#698,#699,
    #700,#701,#702,#703,#704,#705,#706,#707,#708,#709,#710,#711,#712,
    #713,#714,#715,#716,#717,#718,#719,#720,#721,#722,#723,#724,#725,
    #726,#727,#728,#729,#730),.UNSPECIFIED.,.F.,.F.,(8,6,6,6,6,6,6,6,8),
  (0.,0.225855928811,0.282010094817,0.320501701051,0.336787952764,
    0.385642551996,0.486310147586,0.735017274185,1.),.UNSPECIFIED.);
#681 = CARTESIAN_POINT('',(-31.3,-91.18434588481,70.41297981881));
#682 = CARTESIAN_POINT('',(-31.3,-91.21136518518,70.393349148016));
#683 = CARTESIAN_POINT('',(-31.3,-91.23838449262,70.373718487027));
#684 = CARTESIAN_POINT('',(-31.3,-91.2654037952,70.354087819295));
#685 = CARTESIAN_POINT('',(-31.3,-91.29242308869,70.334457138976));
#686 = CARTESIAN_POINT('',(-31.3,-91.31944237661,70.314826450927));
#687 = CARTESIAN_POINT('',(-31.3,-91.34646167017,70.295195770711));
#688 = CARTESIAN_POINT('',(-31.3,-91.38019875434,70.27068439125));
#689 = CARTESIAN_POINT('',(-31.3,-91.38579514665,70.266617806016));
#690 = CARTESIAN_POINT('',(-31.3,-91.39198638034,70.26211943373));
#691 = CARTESIAN_POINT('',(-31.3,-91.39932402698,70.256788876452));
#692 = CARTESIAN_POINT('',(-31.3,-91.4071950146,70.251071273462));
#693 = CARTESIAN_POINT('',(-31.3,-91.41382162774,70.246257301255));
#694 = CARTESIAN_POINT('',(-31.3,-91.41793395476,70.243267074542));
#695 = CARTESIAN_POINT('',(-31.3,-91.4196201216,70.242067777275));
#696 = CARTESIAN_POINT('',(-31.3,-91.42124272693,70.240790973917));
#697 = CARTESIAN_POINT('',(-31.3,-91.42299277225,70.239678021425));
#698 = CARTESIAN_POINT('',(-31.3,-91.42461954252,70.238400294498));
#699 = CARTESIAN_POINT('',(-31.3,-91.42627231159,70.237155717055));
#700 = CARTESIAN_POINT('',(-31.3,-91.42870939333,70.23550766077));
#701 = CARTESIAN_POINT('',(-31.3,-91.42944355363,70.235031975177));
#702 = CARTESIAN_POINT('',(-31.3,-91.43018289061,70.234563678277));
#703 = CARTESIAN_POINT('',(-31.3,-91.43092136284,70.234095415325));
#704 = CARTESIAN_POINT('',(-31.3,-91.43166736871,70.233638256666));
#705 = CARTESIAN_POINT('',(-31.3,-91.43241457576,70.233183772964));
#706 = CARTESIAN_POINT('',(-31.3,-91.43541672697,70.231386646335));
#707 = CARTESIAN_POINT('',(-31.3,-91.4376946096,70.230082713791));
#708 = CARTESIAN_POINT('',(-31.3,-91.43999001576,70.228810015381));
#709 = CARTESIAN_POINT('',(-31.3,-91.44230137773,70.227566777527));
#710 = CARTESIAN_POINT('',(-31.3,-91.44462760655,70.226351729581));
#711 = CARTESIAN_POINT('',(-31.3,-91.44696629469,70.225161307591));
#712 = CARTESIAN_POINT('',(-31.3,-91.45416035479,70.221590029529));
#713 = CARTESIAN_POINT('',(-31.3,-91.45905307524,70.21928516365));
#714 = CARTESIAN_POINT('',(-31.3,-91.46398638203,70.217067635145));
#715 = CARTESIAN_POINT('',(-31.3,-91.46895441618,70.214929454769));
#716 = CARTESIAN_POINT('',(-31.3,-91.47395326024,70.212865399916));
#717 = CARTESIAN_POINT('',(-31.3,-91.4789800912,70.210871568327));
#718 = CARTESIAN_POINT('',(-31.3,-91.49651429091,70.204181555823));
#719 = CARTESIAN_POINT('',(-31.3,-91.50915017479,70.199824589542));
#720 = CARTESIAN_POINT('',(-31.3,-91.52190384221,70.195820023435));
#721 = CARTESIAN_POINT('',(-31.3,-91.5347541119,70.192140045217));
#722 = CARTESIAN_POINT('',(-31.3,-91.54768541931,70.188764130625));
#723 = CARTESIAN_POINT('',(-31.3,-91.56068454556,70.185672684667));
#724 = CARTESIAN_POINT('',(-31.3,-91.58765687808,70.179847209361));
#725 = CARTESIAN_POINT('',(-31.3,-91.60163649345,70.177149482464));
#726 = CARTESIAN_POINT('',(-31.3,-91.61567086971,70.174742727084));
#727 = CARTESIAN_POINT('',(-31.3,-91.62974936765,70.172611428506));
#728 = CARTESIAN_POINT('',(-31.3,-91.64386424442,70.170745090227));
#729 = CARTESIAN_POINT('',(-31.3,-91.65800975901,70.169136051024));
#730 = CARTESIAN_POINT('',(-31.3,-91.67217824406,70.167770911718));
#731 = ORIENTED_EDGE('',*,*,#732,.T.);
#732 = EDGE_CURVE('',#678,#733,#735,.T.);
#733 = VERTEX_POINT('',#734);
#734 = CARTESIAN_POINT('',(-31.3,-91.79560860508,70.362266038953));
#735 = B_SPLINE_CURVE_WITH_KNOTS('',4,(#736,#737,#738,#739,#740),
  .UNSPECIFIED.,.F.,.F.,(5,5),(0.,1.),.PIECEWISE_BEZIER_KNOTS.);
#736 = CARTESIAN_POINT('',(-31.3,-91.67217824406,70.167770911718));
#737 = CARTESIAN_POINT('',(-31.3,-91.70303583432,70.216394693527));
#738 = CARTESIAN_POINT('',(-31.3,-91.73389342457,70.265018475335));
#739 = CARTESIAN_POINT('',(-31.3,-91.76475101483,70.313642257144));
#740 = CARTESIAN_POINT('',(-31.3,-91.79560860508,70.362266038953));
#741 = ORIENTED_EDGE('',*,*,#742,.T.);
#742 = EDGE_CURVE('',#733,#743,#745,.T.);
#743 = VERTEX_POINT('',#744);
#744 = CARTESIAN_POINT('',(-31.3,-91.36602803611,70.699265079925));
#745 = B_SPLINE_CURVE_WITH_KNOTS('',6,(#746,#747,#748,#749,#750,#751,
    #752,#753,#754,#755,#756,#757,#758,#759,#760,#761,#762,#763,#764,
    #765,#766,#767,#768,#769,#770,#771,#772,#773,#774,#775,#776,#777,
    #778,#779,#780,#781,#782,#783,#784,#785,#786,#787,#788,#789,#790,
    #791,#792,#793,#794,#795,#796,#797,#798,#799,#800,#801,#802),
  .UNSPECIFIED.,.F.,.F.,(7,5,5,5,5,5,5,5,5,5,5,7),(0.,0.249746328906,
    0.369242312978,0.491132957614,0.519813109864,0.532958206924,
    0.546103566729,0.554469239285,0.573768905204,0.629472933249,
    0.764999369118,1.),.UNSPECIFIED.);
#746 = CARTESIAN_POINT('',(-31.3,-91.79560860508,70.362266038953));
#747 = CARTESIAN_POINT('',(-31.3,-91.78570825327,70.378937822833));
#748 = CARTESIAN_POINT('',(-31.3,-91.77540534879,70.395371026967));
#749 = CARTESIAN_POINT('',(-31.3,-91.76467631766,70.411532970703));
#750 = CARTESIAN_POINT('',(-31.3,-91.75351161159,70.42740130324));
#751 = CARTESIAN_POINT('',(-31.3,-91.74188433844,70.442930548379));
#752 = CARTESIAN_POINT('',(-31.3,-91.72396165415,70.465304531596));
#753 = CARTESIAN_POINT('',(-31.3,-91.71804810664,70.472454413505));
#754 = CARTESIAN_POINT('',(-31.3,-91.71201729215,70.479506808917));
#755 = CARTESIAN_POINT('',(-31.3,-91.70586489739,70.486453886025));
#756 = CARTESIAN_POINT('',(-31.3,-91.69958539283,70.493285563025));
#757 = CARTESIAN_POINT('',(-31.3,-91.68662843776,70.506825758095));
#758 = CARTESIAN_POINT('',(-31.3,-91.67994592743,70.513527623525));
#759 = CARTESIAN_POINT('',(-31.3,-91.67311580012,70.520082943259));
#760 = CARTESIAN_POINT('',(-31.3,-91.66612309873,70.526465949368));
#761 = CARTESIAN_POINT('',(-31.3,-91.6589605534,70.532658629629));
#762 = CARTESIAN_POINT('',(-31.3,-91.64985118737,70.539984372277));
#763 = CARTESIAN_POINT('',(-31.3,-91.64810440684,70.541365211107));
#764 = CARTESIAN_POINT('',(-31.3,-91.64634543081,70.54273061082));
#765 = CARTESIAN_POINT('',(-31.3,-91.64457350484,70.544079228629));
#766 = CARTESIAN_POINT('',(-31.3,-91.64278765243,70.545409277335));
#767 = CARTESIAN_POINT('',(-31.3,-91.64016122526,70.547318598557));
#768 = CARTESIAN_POINT('',(-31.3,-91.63933255483,70.547914223064));
#769 = CARTESIAN_POINT('',(-31.3,-91.63850062581,70.548505336925));
#770 = CARTESIAN_POINT('',(-31.3,-91.63766527117,70.549091639359));
#771 = CARTESIAN_POINT('',(-31.3,-91.63682619468,70.549672590722));
#772 = CARTESIAN_POINT('',(-31.3,-91.63513973029,70.550822245774));
#773 = CARTESIAN_POINT('',(-31.3,-91.63429219428,70.551390587121));
#774 = CARTESIAN_POINT('',(-31.3,-91.63344121644,70.551954139587));
#775 = CARTESIAN_POINT('',(-31.3,-91.63258334472,70.552506653039));
#776 = CARTESIAN_POINT('',(-31.3,-91.63172254535,70.553055156726));
#777 = CARTESIAN_POINT('',(-31.3,-91.63030186758,70.553933060575));
#778 = CARTESIAN_POINT('',(-31.3,-91.62974588187,70.554268703674));
#779 = CARTESIAN_POINT('',(-31.3,-91.62918492583,70.554595907942));
#780 = CARTESIAN_POINT('',(-31.3,-91.62861902326,70.554914584474));
#781 = CARTESIAN_POINT('',(-31.3,-91.62804971014,70.55522721927));
#782 = CARTESIAN_POINT('',(-31.3,-91.62616578899,70.556257861156));
#783 = CARTESIAN_POINT('',(-31.3,-91.62580365374,70.556449043979));
#784 = CARTESIAN_POINT('',(-31.3,-91.62506394002,70.556851995068));
#785 = CARTESIAN_POINT('',(-31.3,-91.62341044933,70.557763949884));
#786 = CARTESIAN_POINT('',(-31.3,-91.62110047348,70.559039805992));
#787 = CARTESIAN_POINT('',(-31.3,-91.61365563001,70.563129393221));
#788 = CARTESIAN_POINT('',(-31.3,-91.60812775492,70.56616899234));
#789 = CARTESIAN_POINT('',(-31.3,-91.60260006361,70.569208923149));
#790 = CARTESIAN_POINT('',(-31.3,-91.59707201298,70.572248204803));
#791 = CARTESIAN_POINT('',(-31.3,-91.59154362261,70.575286872879));
#792 = CARTESIAN_POINT('',(-31.3,-91.57256563619,70.585720045599));
#793 = CARTESIAN_POINT('',(-31.3,-91.55964889125,70.592821102271));
#794 = CARTESIAN_POINT('',(-31.3,-91.54694294483,70.599806277999));
#795 = CARTESIAN_POINT('',(-31.3,-91.53416659672,70.606830137861));
#796 = CARTESIAN_POINT('',(-31.3,-91.52107974156,70.614024683409));
#797 = CARTESIAN_POINT('',(-31.3,-91.48390748011,70.634460307345));
#798 = CARTESIAN_POINT('',(-31.3,-91.46033159128,70.647421261804));
#799 = CARTESIAN_POINT('',(-31.3,-91.43675570244,70.660382216253));
#800 = CARTESIAN_POINT('',(-31.3,-91.41317981365,70.673343170786));
#801 = CARTESIAN_POINT('',(-31.3,-91.3896039249,70.686304125385));
#802 = CARTESIAN_POINT('',(-31.3,-91.36602803611,70.699265079925));
#803 = ORIENTED_EDGE('',*,*,#804,.T.);
#804 = EDGE_CURVE('',#743,#805,#807,.T.);
#805 = VERTEX_POINT('',#806);
#806 = CARTESIAN_POINT('',(-31.3,-91.51039651189,71.006063707751));
#807 = B_SPLINE_CURVE_WITH_KNOTS('',4,(#808,#809,#810,#811,#812),
  .UNSPECIFIED.,.F.,.F.,(5,5),(0.,1.),.PIECEWISE_BEZIER_KNOTS.);
#808 = CARTESIAN_POINT('',(-31.3,-91.36602803611,70.699265079925));
#809 = CARTESIAN_POINT('',(-31.3,-91.40212015506,70.775964736882));
#810 = CARTESIAN_POINT('',(-31.3,-91.438212274,70.852664393838));
#811 = CARTESIAN_POINT('',(-31.3,-91.47430439295,70.929364050795));
#812 = CARTESIAN_POINT('',(-31.3,-91.51039651189,71.006063707751));
#813 = ORIENTED_EDGE('',*,*,#814,.T.);
#814 = EDGE_CURVE('',#805,#815,#817,.T.);
#815 = VERTEX_POINT('',#816);
#816 = CARTESIAN_POINT('',(-31.3,-92.04388369596,70.889877463761));
#817 = B_SPLINE_CURVE_WITH_KNOTS('',8,(#818,#819,#820,#821,#822,#823,
    #824,#825,#826,#827,#828,#829,#830,#831,#832,#833,#834,#835,#836,
    #837,#838,#839,#840,#841,#842,#843,#844,#845,#846,#847,#848,#849,
    #850,#851,#852,#853,#854,#855,#856,#857,#858,#859,#860,#861,#862,
    #863,#864,#865,#866,#867,#868,#869,#870,#871,#872,#873,#874,#875),
  .UNSPECIFIED.,.F.,.F.,(9,7,7,7,7,7,7,7,9),(0.,0.401973891267,
    0.517966367317,0.539968500538,0.548969921854,0.583974032994,
    0.652979636893,0.820992372543,1.),.UNSPECIFIED.);
#818 = CARTESIAN_POINT('',(-31.3,-91.51039651189,71.006063707751));
#819 = CARTESIAN_POINT('',(-31.3,-91.5364028874,70.99576705528));
#820 = CARTESIAN_POINT('',(-31.3,-91.56240926261,70.985470402033));
#821 = CARTESIAN_POINT('',(-31.3,-91.58841563796,70.975173749156));
#822 = CARTESIAN_POINT('',(-31.3,-91.61442201366,70.964877097163));
#823 = CARTESIAN_POINT('',(-31.3,-91.64042838966,70.954580445942));
#824 = CARTESIAN_POINT('',(-31.3,-91.66643476567,70.944283794745));
#825 = CARTESIAN_POINT('',(-31.3,-91.69244114115,70.933987142199));
#826 = CARTESIAN_POINT('',(-31.3,-91.72595184283,70.920719311707));
#827 = CARTESIAN_POINT('',(-31.3,-91.73345653191,70.917749060379));
#828 = CARTESIAN_POINT('',(-31.3,-91.74096065354,70.914777363105));
#829 = CARTESIAN_POINT('',(-31.3,-91.74846445085,70.91180483856));
#830 = CARTESIAN_POINT('',(-31.3,-91.75596861702,70.908833252989));
#831 = CARTESIAN_POINT('',(-31.3,-91.76347357312,70.905863679904));
#832 = CARTESIAN_POINT('',(-31.3,-91.77097874595,70.902894659762));
#833 = CARTESIAN_POINT('',(-31.3,-91.77990507793,70.899356176977));
#834 = CARTESIAN_POINT('',(-31.3,-91.78132617856,70.898787610466));
#835 = CARTESIAN_POINT('',(-31.3,-91.78275179207,70.898230844055));
#836 = CARTESIAN_POINT('',(-31.3,-91.78417903469,70.897677788621));
#837 = CARTESIAN_POINT('',(-31.3,-91.78560230622,70.897113963323));
#838 = CARTESIAN_POINT('',(-31.3,-91.78701928229,70.896533871247));
#839 = CARTESIAN_POINT('',(-31.3,-91.7884360872,70.895953869367));
#840 = CARTESIAN_POINT('',(-31.3,-91.79045895777,70.895205154625));
#841 = CARTESIAN_POINT('',(-31.3,-91.79104973414,70.894997427499));
#842 = CARTESIAN_POINT('',(-31.3,-91.79164282312,70.894796220568));
#843 = CARTESIAN_POINT('',(-31.3,-91.7922374308,70.89459946962));
#844 = CARTESIAN_POINT('',(-31.3,-91.79283308032,70.894405997395));
#845 = CARTESIAN_POINT('',(-31.3,-91.79342956934,70.894215333868));
#846 = CARTESIAN_POINT('',(-31.3,-91.79402692764,70.894027536541));
#847 = CARTESIAN_POINT('',(-31.3,-91.79695257453,70.893125439367));
#848 = CARTESIAN_POINT('',(-31.3,-91.79929326679,70.892452255181));
#849 = CARTESIAN_POINT('',(-31.3,-91.80164591122,70.891819832884));
#850 = CARTESIAN_POINT('',(-31.3,-91.80400211049,70.89120432987));
#851 = CARTESIAN_POINT('',(-31.3,-91.80636917095,70.890628834188));
#852 = CARTESIAN_POINT('',(-31.3,-91.80873947903,70.890070282132));
#853 = CARTESIAN_POINT('',(-31.3,-91.81111604206,70.889538211026));
#854 = CARTESIAN_POINT('',(-31.3,-91.81819167265,70.888020666598));
#855 = CARTESIAN_POINT('',(-31.3,-91.82290405155,70.887098559559));
#856 = CARTESIAN_POINT('',(-31.3,-91.82763089633,70.886251851881));
#857 = CARTESIAN_POINT('',(-31.3,-91.83236953692,70.885473804396));
#858 = CARTESIAN_POINT('',(-31.3,-91.83711800832,70.884759599433));
#859 = CARTESIAN_POINT('',(-31.3,-91.84187486435,70.884105687823));
#860 = CARTESIAN_POINT('',(-31.3,-91.84663899123,70.883509135885));
#861 = CARTESIAN_POINT('',(-31.3,-91.86302431887,70.881646929413));
#862 = CARTESIAN_POINT('',(-31.3,-91.8746754183,70.880650101112));
#863 = CARTESIAN_POINT('',(-31.3,-91.88634907937,70.879938779711));
#864 = CARTESIAN_POINT('',(-31.3,-91.89803577445,70.879489320607));
#865 = CARTESIAN_POINT('',(-31.3,-91.90972836446,70.879284765957));
#866 = CARTESIAN_POINT('',(-31.3,-91.92142112752,70.879310642738));
#867 = CARTESIAN_POINT('',(-31.3,-91.93310954008,70.879553935341));
#868 = CARTESIAN_POINT('',(-31.3,-91.95723651349,70.880486063254));
#869 = CARTESIAN_POINT('',(-31.3,-91.9696729591,70.881202465431));
#870 = CARTESIAN_POINT('',(-31.3,-91.98209578611,70.882142784908));
#871 = CARTESIAN_POINT('',(-31.3,-91.99450089892,70.88329585425));
#872 = CARTESIAN_POINT('',(-31.3,-92.00688485242,70.884652720556));
#873 = CARTESIAN_POINT('',(-31.3,-92.01924489932,70.886206637145));
#874 = CARTESIAN_POINT('',(-31.3,-92.03157870013,70.887951319258));
#875 = CARTESIAN_POINT('',(-31.3,-92.04388369596,70.889877463761));
#876 = ORIENTED_EDGE('',*,*,#877,.T.);
#877 = EDGE_CURVE('',#815,#878,#880,.T.);
#878 = VERTEX_POINT('',#879);
#879 = CARTESIAN_POINT('',(-31.3,-92.11506729397,71.108958051477));
#880 = B_SPLINE_CURVE_WITH_KNOTS('',4,(#881,#882,#883,#884,#885),
  .UNSPECIFIED.,.F.,.F.,(5,5),(0.,1.),.PIECEWISE_BEZIER_KNOTS.);
#881 = CARTESIAN_POINT('',(-31.3,-92.04388369596,70.889877463761));
#882 = CARTESIAN_POINT('',(-31.3,-92.06167959546,70.94464761069));
#883 = CARTESIAN_POINT('',(-31.3,-92.07947549496,70.999417757619));
#884 = CARTESIAN_POINT('',(-31.3,-92.09727139446,71.054187904548));
#885 = CARTESIAN_POINT('',(-31.3,-92.11506729397,71.108958051477));
#886 = ORIENTED_EDGE('',*,*,#887,.T.);
#887 = EDGE_CURVE('',#878,#888,#890,.T.);
#888 = VERTEX_POINT('',#889);
#889 = CARTESIAN_POINT('',(-31.3,-91.61517453504,71.328537304655));
#890 = B_SPLINE_CURVE_WITH_KNOTS('',6,(#891,#892,#893,#894,#895,#896,
    #897,#898,#899,#900,#901,#902,#903,#904,#905,#906,#907,#908,#909,
    #910,#911,#912,#913,#914,#915,#916,#917,#918,#919,#920,#921,#922,
    #923,#924,#925,#926,#927,#928,#929,#930,#931,#932,#933,#934,#935,
    #936,#937,#938,#939,#940,#941,#942,#943,#944,#945,#946,#947),
  .UNSPECIFIED.,.F.,.F.,(7,5,5,5,5,5,5,5,5,5,5,7),(0.,0.251012533925,
    0.371114358393,0.49362298427,0.522448543873,0.535660286109,
    0.548872292421,0.55728037864,0.576677893179,0.632664338666,
    0.766759093078,1.),.UNSPECIFIED.);
#891 = CARTESIAN_POINT('',(-31.3,-92.11506729397,71.108958051477));
#892 = CARTESIAN_POINT('',(-31.3,-92.10133187586,71.122643943234));
#893 = CARTESIAN_POINT('',(-31.3,-92.08726588439,71.13599863989));
#894 = CARTESIAN_POINT('',(-31.3,-92.07285461353,71.148984624901));
#895 = CARTESIAN_POINT('',(-31.3,-92.05809437341,71.161577875101));
#896 = CARTESIAN_POINT('',(-31.3,-92.04297042621,71.1737276552));
#897 = CARTESIAN_POINT('',(-31.3,-92.02004663264,71.190941528258));
#898 = CARTESIAN_POINT('',(-31.3,-92.01254076677,71.196396144013));
#899 = CARTESIAN_POINT('',(-31.3,-92.00494556199,71.201727172882));
#900 = CARTESIAN_POINT('',(-31.3,-91.9972587882,71.206925956429));
#901 = CARTESIAN_POINT('',(-31.3,-91.98947759685,71.211981354453));
#902 = CARTESIAN_POINT('',(-31.3,-91.97356039876,71.221873895702));
#903 = CARTESIAN_POINT('',(-31.3,-91.96542114562,71.226703336963));
#904 = CARTESIAN_POINT('',(-31.3,-91.9571753576,71.231354125685));
#905 = CARTESIAN_POINT('',(-31.3,-91.94881495571,71.235797583799));
#906 = CARTESIAN_POINT('',(-31.3,-91.94033737796,71.240014457033));
#907 = CARTESIAN_POINT('',(-31.3,-91.9296923613,71.244844640795));
#908 = CARTESIAN_POINT('',(-31.3,-91.92765705844,71.245747691381));
#909 = CARTESIAN_POINT('',(-31.3,-91.92561378278,71.246632755));
#910 = CARTESIAN_POINT('',(-31.3,-91.92356213751,71.247498343433));
#911 = CARTESIAN_POINT('',(-31.3,-91.92150162127,71.248342482777));
#912 = CARTESIAN_POINT('',(-31.3,-91.91848287927,71.249538653286));
#913 = CARTESIAN_POINT('',(-31.3,-91.91753211724,71.249909483197));
#914 = CARTESIAN_POINT('',(-31.3,-91.91657932077,71.250275133796));
#915 = CARTESIAN_POINT('',(-31.3,-91.91562440284,71.25063527221));
#916 = CARTESIAN_POINT('',(-31.3,-91.91466721075,71.250989302078));
#917 = CARTESIAN_POINT('',(-31.3,-91.91274782216,71.251683431965));
#918 = CARTESIAN_POINT('',(-31.3,-91.91178557231,71.252023144189));
#919 = CARTESIAN_POINT('',(-31.3,-91.9108211797,71.252357362035));
#920 = CARTESIAN_POINT('',(-31.3,-91.90985285509,71.25267917324));
#921 = CARTESIAN_POINT('',(-31.3,-91.908882692,71.252996372577));
#922 = CARTESIAN_POINT('',(-31.3,-91.90728832162,71.253493387267));
#923 = CARTESIAN_POINT('',(-31.3,-91.90666633218,71.253680217497));
#924 = CARTESIAN_POINT('',(-31.3,-91.90604162721,71.253857637947));
#925 = CARTESIAN_POINT('',(-31.3,-91.90541425189,71.254025568425));
#926 = CARTESIAN_POINT('',(-31.3,-91.90478507567,71.254186798808));
#927 = CARTESIAN_POINT('',(-31.3,-91.90270403115,71.254716549044));
#928 = CARTESIAN_POINT('',(-31.3,-91.90230572782,71.254811666135));
#929 = CARTESIAN_POINT('',(-31.3,-91.9014890437,71.255017998453));
#930 = CARTESIAN_POINT('',(-31.3,-91.89966070652,71.255490096117));
#931 = CARTESIAN_POINT('',(-31.3,-91.89710601029,71.256151401225));
#932 = CARTESIAN_POINT('',(-31.3,-91.88887802128,71.258261049269));
#933 = CARTESIAN_POINT('',(-31.3,-91.882767897,71.259830427161));
#934 = CARTESIAN_POINT('',(-31.3,-91.87665786822,71.261400172025));
#935 = CARTESIAN_POINT('',(-31.3,-91.87054765286,71.26296919877));
#936 = CARTESIAN_POINT('',(-31.3,-91.86443726101,71.264537546722));
#937 = CARTESIAN_POINT('',(-31.3,-91.84369212017,71.269863936671));
#938 = CARTESIAN_POINT('',(-31.3,-91.82904082368,71.273625764326));
#939 = CARTESIAN_POINT('',(-31.3,-91.81482657687,71.277275382558));
#940 = CARTESIAN_POINT('',(-31.3,-91.8010177598,71.280820886887));
#941 = CARTESIAN_POINT('',(-31.3,-91.78709766132,71.284394948378));
#942 = CARTESIAN_POINT('',(-31.3,-91.74591615504,71.294968562295));
#943 = CARTESIAN_POINT('',(-31.3,-91.71976783103,71.301682310705));
#944 = CARTESIAN_POINT('',(-31.3,-91.69361950701,71.308396059103));
#945 = CARTESIAN_POINT('',(-31.3,-91.66747118301,71.315109807593));
#946 = CARTESIAN_POINT('',(-31.3,-91.64132285904,71.321823556157));
#947 = CARTESIAN_POINT('',(-31.3,-91.61517453504,71.328537304655));
#948 = ORIENTED_EDGE('',*,*,#949,.T.);
#949 = EDGE_CURVE('',#888,#950,#952,.T.);
#950 = VERTEX_POINT('',#951);
#951 = CARTESIAN_POINT('',(-31.3,-91.67870969354,71.661600269376));
#952 = B_SPLINE_CURVE_WITH_KNOTS('',4,(#953,#954,#955,#956,#957),
  .UNSPECIFIED.,.F.,.F.,(5,5),(0.,1.),.PIECEWISE_BEZIER_KNOTS.);
#953 = CARTESIAN_POINT('',(-31.3,-91.61517453504,71.328537304655));
#954 = CARTESIAN_POINT('',(-31.3,-91.63105832467,71.411803045835));
#955 = CARTESIAN_POINT('',(-31.3,-91.64694211429,71.495068787016));
#956 = CARTESIAN_POINT('',(-31.3,-91.66282590392,71.578334528196));
#957 = CARTESIAN_POINT('',(-31.3,-91.67870969354,71.661600269376));
#958 = ORIENTED_EDGE('',*,*,#959,.T.);
#959 = EDGE_CURVE('',#950,#960,#962,.T.);
#960 = VERTEX_POINT('',#961);
#961 = CARTESIAN_POINT('',(-31.3,-92.22433074061,71.681737097501));
#962 = B_SPLINE_CURVE_WITH_KNOTS('',7,(#963,#964,#965,#966,#967,#968,
    #969,#970,#971,#972,#973,#974,#975,#976,#977,#978,#979,#980,#981,
    #982,#983,#984,#985,#986,#987,#988,#989,#990,#991,#992,#993,#994,
    #995,#996,#997,#998,#999,#1000,#1001,#1002,#1003,#1004,#1005,#1006,
    #1007,#1008,#1009,#1010,#1011,#1012),.UNSPECIFIED.,.F.,.F.,(8,6,6,6,
    6,6,6,6,8),(0.,0.423979043612,0.516974456841,0.540978187763,
    0.551980047205,0.584982818088,0.652986847285,0.820996091965,1.),
  .UNSPECIFIED.);
#963 = CARTESIAN_POINT('',(-31.3,-91.67870969354,71.661600269376));
#964 = CARTESIAN_POINT('',(-31.3,-91.71215959988,71.6573745635));
#965 = CARTESIAN_POINT('',(-31.3,-91.74560950758,71.653148868696));
#966 = CARTESIAN_POINT('',(-31.3,-91.77905941433,71.648923166173));
#967 = CARTESIAN_POINT('',(-31.3,-91.81250931932,71.644697449391));
#968 = CARTESIAN_POINT('',(-31.3,-91.84595922326,71.640471724067));
#969 = CARTESIAN_POINT('',(-31.3,-91.87940912837,71.636246008166));
#970 = CARTESIAN_POINT('',(-31.3,-91.92019592975,71.631093473577));
#971 = CARTESIAN_POINT('',(-31.3,-91.92753267168,71.630165409802));
#972 = CARTESIAN_POINT('',(-31.3,-91.93486951683,71.629238183921));
#973 = CARTESIAN_POINT('',(-31.3,-91.9422065527,71.628312502161));
#974 = CARTESIAN_POINT('',(-31.3,-91.94954370153,71.627387733641));
#975 = CARTESIAN_POINT('',(-31.3,-91.95688072039,71.62646191037));
#976 = CARTESIAN_POINT('',(-31.3,-91.96611087413,71.625291630836));
#977 = CARTESIAN_POINT('',(-31.3,-91.96800599435,71.625061240441));
#978 = CARTESIAN_POINT('',(-31.3,-91.96989146698,71.624781453216));
#979 = CARTESIAN_POINT('',(-31.3,-91.97179823948,71.624630567453));
#980 = CARTESIAN_POINT('',(-31.3,-91.97368228502,71.624322309416));
#981 = CARTESIAN_POINT('',(-31.3,-91.97557356596,71.624058790268));
#982 = CARTESIAN_POINT('',(-31.3,-91.97834493261,71.623803249811));
#983 = CARTESIAN_POINT('',(-31.3,-91.97921744547,71.623740087771));
#984 = CARTESIAN_POINT('',(-31.3,-91.98009093515,71.623685894375));
#985 = CARTESIAN_POINT('',(-31.3,-91.9809636507,71.623631314133));
#986 = CARTESIAN_POINT('',(-31.3,-91.98183761849,71.623590094012));
#987 = CARTESIAN_POINT('',(-31.3,-91.98271135021,71.623551796651));
#988 = CARTESIAN_POINT('',(-31.3,-91.98620792772,71.623423259955));
#989 = CARTESIAN_POINT('',(-31.3,-91.98883222578,71.623377993482));
#990 = CARTESIAN_POINT('',(-31.3,-91.99145683267,71.623368539718));
#991 = CARTESIAN_POINT('',(-31.3,-91.99408122901,71.6233925892));
#992 = CARTESIAN_POINT('',(-31.3,-91.99670507268,71.623448503851));
#993 = CARTESIAN_POINT('',(-31.3,-91.99932797089,71.623532000716));
#994 = CARTESIAN_POINT('',(-31.3,-92.00735265013,71.623868230776));
#995 = CARTESIAN_POINT('',(-31.3,-92.01275055135,71.624205547463));
#996 = CARTESIAN_POINT('',(-31.3,-92.01814194355,71.624638951093));
#997 = CARTESIAN_POINT('',(-31.3,-92.02352554132,71.625158618052));
#998 = CARTESIAN_POINT('',(-31.3,-92.02890042777,71.625758084487));
#999 = CARTESIAN_POINT('',(-31.3,-92.03426600901,71.626432570833));
#1000 = CARTESIAN_POINT('',(-31.3,-92.05285428345,71.629017233319));
#1001 = CARTESIAN_POINT('',(-31.3,-92.06602617742,71.631286578145));
#1002 = CARTESIAN_POINT('',(-31.3,-92.07913151581,71.633921476255));
#1003 = CARTESIAN_POINT('',(-31.3,-92.09216513601,71.636887351395));
#1004 = CARTESIAN_POINT('',(-31.3,-92.10512328633,71.640158719743));
#1005 = CARTESIAN_POINT('',(-31.3,-92.11800382295,71.64371204183));
#1006 = CARTESIAN_POINT('',(-31.3,-92.14444630224,71.651601159195));
#1007 = CARTESIAN_POINT('',(-31.3,-92.15799637242,71.655971854161));
#1008 = CARTESIAN_POINT('',(-31.3,-92.17145425333,71.66062391067));
#1009 = CARTESIAN_POINT('',(-31.3,-92.18481809604,71.665538607596));
#1010 = CARTESIAN_POINT('',(-31.3,-92.19808617216,71.67070301664));
#1011 = CARTESIAN_POINT('',(-31.3,-92.21125714165,71.676107658466));
#1012 = CARTESIAN_POINT('',(-31.3,-92.22433074061,71.681737097501));
#1013 = ORIENTED_EDGE('',*,*,#1014,.T.);
#1014 = EDGE_CURVE('',#960,#1015,#1017,.T.);
#1015 = VERTEX_POINT('',#1016);
#1016 = CARTESIAN_POINT('',(-31.3,-92.23879484836,71.91163750665));
#1017 = B_SPLINE_CURVE_WITH_KNOTS('',4,(#1018,#1019,#1020,#1021,#1022),
  .UNSPECIFIED.,.F.,.F.,(5,5),(0.,1.),.PIECEWISE_BEZIER_KNOTS.);
#1018 = CARTESIAN_POINT('',(-31.3,-92.22433074061,71.681737097501));
#1019 = CARTESIAN_POINT('',(-31.3,-92.22794676755,71.739212199788));
#1020 = CARTESIAN_POINT('',(-31.3,-92.23156279448,71.796687302075));
#1021 = CARTESIAN_POINT('',(-31.3,-92.23517882142,71.854162404363));
#1022 = CARTESIAN_POINT('',(-31.3,-92.23879484836,71.91163750665));
#1023 = ORIENTED_EDGE('',*,*,#1024,.T.);
#1024 = EDGE_CURVE('',#1015,#1025,#1027,.T.);
#1025 = VERTEX_POINT('',#1026);
#1026 = CARTESIAN_POINT('',(-31.3,-91.7,72.));
#1027 = B_SPLINE_CURVE_WITH_KNOTS('',6,(#1028,#1029,#1030,#1031,#1032,
    #1033,#1034,#1035,#1036,#1037,#1038,#1039,#1040,#1041,#1042,#1043,
    #1044,#1045,#1046,#1047,#1048,#1049,#1050,#1051,#1052,#1053,#1054,
    #1055,#1056,#1057,#1058,#1059,#1060,#1061,#1062,#1063,#1064,#1065,
    #1066,#1067,#1068,#1069,#1070,#1071,#1072,#1073,#1074,#1075,#1076,
    #1077,#1078,#1079,#1080,#1081,#1082,#1083,#1084),.UNSPECIFIED.,.F.,
  .F.,(7,5,5,5,5,5,5,5,5,5,5,7),(0.,0.251012533923,0.37111435839,
    0.493622984266,0.52244854387,0.535660286105,0.548872292417,
    0.557280378636,0.576677893175,0.632664338663,0.766759093076,1.),
  .UNSPECIFIED.);
#1028 = CARTESIAN_POINT('',(-31.3,-92.23879484836,71.91163750665));
#1029 = CARTESIAN_POINT('',(-31.3,-92.22208741079,71.921477571372));
#1030 = CARTESIAN_POINT('',(-31.3,-92.2051421503,71.930914635842));
#1031 = CARTESIAN_POINT('',(-31.3,-92.18795415287,71.939908704932));
#1032 = CARTESIAN_POINT('',(-31.3,-92.17052581887,71.94843559257));
#1033 = CARTESIAN_POINT('',(-31.3,-92.15285549084,71.956442492262));
#1034 = CARTESIAN_POINT('',(-31.3,-92.12637097425,71.967414644208));
#1035 = CARTESIAN_POINT('',(-31.3,-92.11774441118,71.970831260242));
#1036 = CARTESIAN_POINT('',(-31.3,-92.10906205076,71.974105954417));
#1037 = CARTESIAN_POINT('',(-31.3,-92.10032388621,71.977229785712));
#1038 = CARTESIAN_POINT('',(-31.3,-92.09152992892,71.980191255511));
#1039 = CARTESIAN_POINT('',(-31.3,-92.07365262392,71.98581455819));
#1040 = CARTESIAN_POINT('',(-31.3,-92.06456804718,71.988468123727));
#1041 = CARTESIAN_POINT('',(-31.3,-92.05542471163,71.990922155277));
#1042 = CARTESIAN_POINT('',(-31.3,-92.04622192404,71.99314686658));
#1043 = CARTESIAN_POINT('',(-31.3,-92.03696199126,71.995122971134));
#1044 = CARTESIAN_POINT('',(-31.3,-92.02545018952,71.997154097799));
#1045 = CARTESIAN_POINT('',(-31.3,-92.02325424989,71.997522618152));
#1046 = CARTESIAN_POINT('',(-31.3,-92.02105506112,71.997871733875));
#1047 = CARTESIAN_POINT('',(-31.3,-92.01885260897,71.998199904826));
#1048 = CARTESIAN_POINT('',(-31.3,-92.01664689872,71.99850509443));
#1049 = CARTESIAN_POINT('',(-31.3,-92.01342552054,71.998912954434));
#1050 = CARTESIAN_POINT('',(-31.3,-92.0124124068,71.999035689141));
#1051 = CARTESIAN_POINT('',(-31.3,-92.01139861057,71.999152901306));
#1052 = CARTESIAN_POINT('',(-31.3,-92.01038413037,71.999264246878));
#1053 = CARTESIAN_POINT('',(-31.3,-92.00936896658,71.999369110254));
#1054 = CARTESIAN_POINT('',(-31.3,-92.00733725603,71.999564100242));
#1055 = CARTESIAN_POINT('',(-31.3,-92.00632075403,71.999653837975));
#1056 = CARTESIAN_POINT('',(-31.3,-92.00530354299,71.999737721063));
#1057 = CARTESIAN_POINT('',(-31.3,-92.00428560889,71.99980860944));
#1058 = CARTESIAN_POINT('',(-31.3,-92.00326704098,71.999874573625));
#1059 = CARTESIAN_POINT('',(-31.3,-92.00159915816,71.999959469897));
#1060 = CARTESIAN_POINT('',(-31.3,-92.00095024687,71.999985748028));
#1061 = CARTESIAN_POINT('',(-31.3,-92.00030104548,72.000002236679));
#1062 = CARTESIAN_POINT('',(-31.3,-91.9996516177,72.000008869414));
#1063 = CARTESIAN_POINT('',(-31.3,-91.99900211184,72.000008564687));
#1064 = CARTESIAN_POINT('',(-31.3,-91.99685470363,72.000004137117));
#1065 = CARTESIAN_POINT('',(-31.3,-91.99644525907,71.999997211918));
#1066 = CARTESIAN_POINT('',(-31.3,-91.99560291983,71.999993960847));
#1067 = CARTESIAN_POINT('',(-31.3,-91.99371461731,71.999996537726));
#1068 = CARTESIAN_POINT('',(-31.3,-91.99107572167,72.000001739603));
#1069 = CARTESIAN_POINT('',(-31.3,-91.98258158193,71.999998891516));
#1070 = CARTESIAN_POINT('',(-31.3,-91.97627313003,71.999999438397));
#1071 = CARTESIAN_POINT('',(-31.3,-91.96996467937,72.000000364473));
#1072 = CARTESIAN_POINT('',(-31.3,-91.96365622657,72.000000548588));
#1073 = CARTESIAN_POINT('',(-31.3,-91.95734777165,72.000000031346));
#1074 = CARTESIAN_POINT('',(-31.3,-91.93592975823,71.999999976223));
#1075 = CARTESIAN_POINT('',(-31.3,-91.92080323067,71.999999989876));
#1076 = CARTESIAN_POINT('',(-31.3,-91.90612792741,72.000000009204));
#1077 = CARTESIAN_POINT('',(-31.3,-91.89187120866,72.000000011836));
#1078 = CARTESIAN_POINT('',(-31.3,-91.87749960272,71.999999999892));
#1079 = CARTESIAN_POINT('',(-31.3,-91.83498233833,72.000000000135));
#1080 = CARTESIAN_POINT('',(-31.3,-91.80798587067,72.000000000044));
#1081 = CARTESIAN_POINT('',(-31.3,-91.780989403,71.999999999941));
#1082 = CARTESIAN_POINT('',(-31.3,-91.75399293533,71.999999999932));
#1083 = CARTESIAN_POINT('',(-31.3,-91.72699646766,72.));
#1084 = CARTESIAN_POINT('',(-31.3,-91.7,72.));
#1085 = ORIENTED_EDGE('',*,*,#1086,.T.);
#1086 = EDGE_CURVE('',#1025,#1087,#1089,.T.);
#1087 = VERTEX_POINT('',#1088);
#1088 = CARTESIAN_POINT('',(-31.3,-91.67870969354,72.338399730624));
#1089 = B_SPLINE_CURVE_WITH_KNOTS('',4,(#1090,#1091,#1092,#1093,#1094),
  .UNSPECIFIED.,.F.,.F.,(5,5),(0.,1.),.PIECEWISE_BEZIER_KNOTS.);
#1090 = CARTESIAN_POINT('',(-31.3,-91.7,72.));
#1091 = CARTESIAN_POINT('',(-31.3,-91.69467742338,72.084599932656));
#1092 = CARTESIAN_POINT('',(-31.3,-91.68935484677,72.169199865312));
#1093 = CARTESIAN_POINT('',(-31.3,-91.68403227016,72.253799797968));
#1094 = CARTESIAN_POINT('',(-31.3,-91.67870969354,72.338399730624));
#1095 = ORIENTED_EDGE('',*,*,#1096,.T.);
#1096 = EDGE_CURVE('',#1087,#1097,#1099,.T.);
#1097 = VERTEX_POINT('',#1098);
#1098 = CARTESIAN_POINT('',(-31.3,-92.20218122658,72.493594359894));
#1099 = B_SPLINE_CURVE_WITH_KNOTS('',7,(#1100,#1101,#1102,#1103,#1104,
    #1105,#1106,#1107,#1108,#1109,#1110,#1111,#1112,#1113,#1114,#1115,
    #1116,#1117,#1118,#1119,#1120,#1121,#1122,#1123,#1124,#1125,#1126,
    #1127,#1128,#1129,#1130,#1131,#1132,#1133,#1134,#1135,#1136,#1137,
    #1138,#1139,#1140,#1141,#1142,#1143,#1144,#1145,#1146,#1147,#1148,
    #1149),.UNSPECIFIED.,.F.,.F.,(8,6,6,6,6,6,6,6,8),(0.,0.421962272873,
    0.515953877994,0.540958288267,0.551960624661,0.584964826279,
    0.652971803584,0.820988331794,1.),.UNSPECIFIED.);
#1100 = CARTESIAN_POINT('',(-31.3,-91.67870969354,72.338399730624));
#1101 = CARTESIAN_POINT('',(-31.3,-91.7120018173,72.342605503925));
#1102 = CARTESIAN_POINT('',(-31.3,-91.74529393951,72.346811289222));
#1103 = CARTESIAN_POINT('',(-31.3,-91.77858606279,72.351017066227));
#1104 = CARTESIAN_POINT('',(-31.3,-91.81187818806,72.355222827818));
#1105 = CARTESIAN_POINT('',(-31.3,-91.84517031456,72.359428580041));
#1106 = CARTESIAN_POINT('',(-31.3,-91.87846243977,72.363634342107));
#1107 = CARTESIAN_POINT('',(-31.3,-91.91917034044,72.368776984402));
#1108 = CARTESIAN_POINT('',(-31.3,-91.92658628574,72.369712544573));
#1109 = CARTESIAN_POINT('',(-31.3,-91.93400211789,72.370648978763));
#1110 = CARTESIAN_POINT('',(-31.3,-91.94141773944,72.37158704369));
#1111 = CARTESIAN_POINT('',(-31.3,-91.94883323302,72.37252610093));
#1112 = CARTESIAN_POINT('',(-31.3,-91.95624886136,72.37346411692));
#1113 = CARTESIAN_POINT('',(-31.3,-91.96563798663,72.374646012459));
#1114 = CARTESIAN_POINT('',(-31.3,-91.96760919052,72.37490607055));
#1115 = CARTESIAN_POINT('',(-31.3,-91.96958535119,72.375104875932));
#1116 = CARTESIAN_POINT('',(-31.3,-91.97154696455,72.375453324806));
#1117 = CARTESIAN_POINT('',(-31.3,-91.97352765382,72.375633115148));
#1118 = CARTESIAN_POINT('',(-31.3,-91.97550476203,72.375852116208));
#1119 = CARTESIAN_POINT('',(-31.3,-91.97833107711,72.376306427725));
#1120 = CARTESIAN_POINT('',(-31.3,-91.97919188614,72.376462235161));
#1121 = CARTESIAN_POINT('',(-31.3,-91.98005141089,72.376626972401));
#1122 = CARTESIAN_POINT('',(-31.3,-91.98091028202,72.376791142429));
#1123 = CARTESIAN_POINT('',(-31.3,-91.98176704353,72.376968564265));
#1124 = CARTESIAN_POINT('',(-31.3,-91.98262284953,72.377148758328));
#1125 = CARTESIAN_POINT('',(-31.3,-91.98604154141,72.377893823317));
#1126 = CARTESIAN_POINT('',(-31.3,-91.98859464964,72.378502615362));
#1127 = CARTESIAN_POINT('',(-31.3,-91.99113915073,72.379146171797));
#1128 = CARTESIAN_POINT('',(-31.3,-91.99367511596,72.379822126548));
#1129 = CARTESIAN_POINT('',(-31.3,-91.99620262135,72.380528807923));
#1130 = CARTESIAN_POINT('',(-31.3,-91.99872235157,72.381261969841));
#1131 = CARTESIAN_POINT('',(-31.3,-92.00641130374,72.383583293192));
#1132 = CARTESIAN_POINT('',(-31.3,-92.01155573272,72.3852524159));
#1133 = CARTESIAN_POINT('',(-31.3,-92.01666996132,72.387012988076));
#1134 = CARTESIAN_POINT('',(-31.3,-92.02175518754,72.388855175062));
#1135 = CARTESIAN_POINT('',(-31.3,-92.02681213081,72.390772488062));
#1136 = CARTESIAN_POINT('',(-31.3,-92.03184140452,72.392760149974));
#1137 = CARTESIAN_POINT('',(-31.3,-92.04920291472,72.399886326408));
#1138 = CARTESIAN_POINT('',(-31.3,-92.0613966263,72.405360092417));
#1139 = CARTESIAN_POINT('',(-31.3,-92.07343496388,72.411171375484));
#1140 = CARTESIAN_POINT('',(-31.3,-92.08532152577,72.417285401738));
#1141 = CARTESIAN_POINT('',(-31.3,-92.09705901575,72.423676554975));
#1142 = CARTESIAN_POINT('',(-31.3,-92.10865121136,72.430321502113));
#1143 = CARTESIAN_POINT('',(-31.3,-92.13230100783,72.444538745541));
#1144 = CARTESIAN_POINT('',(-31.3,-92.14433843,72.45214189251));
#1145 = CARTESIAN_POINT('',(-31.3,-92.15621658743,72.459994634996));
#1146 = CARTESIAN_POINT('',(-31.3,-92.16793834502,72.468078380215));
#1147 = CARTESIAN_POINT('',(-31.3,-92.17950524383,72.476380176207));
#1148 = CARTESIAN_POINT('',(-31.3,-92.19091834332,72.484890508186));
#1149 = CARTESIAN_POINT('',(-31.3,-92.20218122658,72.493594359894));
#1150 = ORIENTED_EDGE('',*,*,#1151,.T.);
#1151 = EDGE_CURVE('',#1097,#1152,#1154,.T.);
#1152 = VERTEX_POINT('',#1153);
#1153 = CARTESIAN_POINT('',(-31.3,-92.15901701097,72.719869102255));
#1154 = B_SPLINE_CURVE_WITH_KNOTS('',4,(#1155,#1156,#1157,#1158,#1159),
  .UNSPECIFIED.,.F.,.F.,(5,5),(0.,1.),.PIECEWISE_BEZIER_KNOTS.);
#1155 = CARTESIAN_POINT('',(-31.3,-92.20218122658,72.493594359894));
#1156 = CARTESIAN_POINT('',(-31.3,-92.19139017268,72.550163045484));
#1157 = CARTESIAN_POINT('',(-31.3,-92.18059911877,72.606731731074));
#1158 = CARTESIAN_POINT('',(-31.3,-92.16980806487,72.663300416665));
#1159 = CARTESIAN_POINT('',(-31.3,-92.15901701097,72.719869102255));
#1160 = ORIENTED_EDGE('',*,*,#1161,.T.);
#1161 = EDGE_CURVE('',#1152,#1162,#1164,.T.);
#1162 = VERTEX_POINT('',#1163);
#1163 = CARTESIAN_POINT('',(-31.3,-91.61517453504,72.671462695345));
#1164 = B_SPLINE_CURVE_WITH_KNOTS('',6,(#1165,#1166,#1167,#1168,#1169,
    #1170,#1171,#1172,#1173,#1174,#1175,#1176,#1177,#1178,#1179,#1180,
    #1181,#1182,#1183,#1184,#1185,#1186,#1187,#1188,#1189,#1190,#1191,
    #1192,#1193,#1194,#1195,#1196,#1197,#1198,#1199,#1200,#1201,#1202,
    #1203,#1204,#1205,#1206,#1207,#1208,#1209,#1210,#1211,#1212,#1213,
    #1214,#1215,#1216,#1217,#1218,#1219,#1220,#1221),.UNSPECIFIED.,.F.,
  .F.,(7,5,5,5,5,5,5,5,5,5,5,7),(0.,0.249746328908,0.369242312982,
    0.49113295762,0.51981310987,0.53295820693,0.546103566735,
    0.554469239291,0.57376890521,0.629472933254,0.764999369122,1.),
  .UNSPECIFIED.);
#1165 = CARTESIAN_POINT('',(-31.3,-92.15901701097,72.719869102255));
#1166 = CARTESIAN_POINT('',(-31.3,-92.14038734369,72.725245052486));
#1167 = CARTESIAN_POINT('',(-31.3,-92.12162754722,72.730171519303));
#1168 = CARTESIAN_POINT('',(-31.3,-92.10274280831,72.734608542033));
#1169 = CARTESIAN_POINT('',(-31.3,-92.08374146675,72.738533291399));
#1170 = CARTESIAN_POINT('',(-31.3,-92.06463504958,72.741894207729));
#1171 = CARTESIAN_POINT('',(-31.3,-92.03625392955,72.745935217902));
#1172 = CARTESIAN_POINT('',(-31.3,-92.02704870797,72.747099155664));
#1173 = CARTESIAN_POINT('',(-31.3,-92.01782473654,72.748111754068));
#1174 = CARTESIAN_POINT('',(-31.3,-92.00858423225,72.748964351303));
#1175 = CARTESIAN_POINT('',(-31.3,-91.99933006571,72.749645812836));
#1176 = CARTESIAN_POINT('',(-31.3,-91.98061595061,72.750646544157));
#1177 = CARTESIAN_POINT('',(-31.3,-91.97115686764,72.750957500688));
#1178 = CARTESIAN_POINT('',(-31.3,-91.96169049396,72.751060579238));
#1179 = CARTESIAN_POINT('',(-31.3,-91.95222356566,72.750926756937));
#1180 = CARTESIAN_POINT('',(-31.3,-91.94276311348,72.750537926894));
#1181 = CARTESIAN_POINT('',(-31.3,-91.9311078555,72.749642373304));
#1182 = CARTESIAN_POINT('',(-31.3,-91.92888925807,72.749453207936));
#1183 = CARTESIAN_POINT('',(-31.3,-91.9266723393,72.749244439538));
#1184 = CARTESIAN_POINT('',(-31.3,-91.92445746844,72.749014572819));
#1185 = CARTESIAN_POINT('',(-31.3,-91.92224515707,72.748761636498));
#1186 = CARTESIAN_POINT('',(-31.3,-91.91902355375,72.748355558652));
#1187 = CARTESIAN_POINT('',(-31.3,-91.91801174596,72.748222486283));
#1188 = CARTESIAN_POINT('',(-31.3,-91.91700065053,72.748083895142));
#1189 = CARTESIAN_POINT('',(-31.3,-91.91599035157,72.747939451621));
#1190 = CARTESIAN_POINT('',(-31.3,-91.91498100255,72.747788559552));
#1191 = CARTESIAN_POINT('',(-31.3,-91.91296462988,72.747472157703));
#1192 = CARTESIAN_POINT('',(-31.3,-91.9119577463,72.747306282393));
#1193 = CARTESIAN_POINT('',(-31.3,-91.91095163194,72.747134560042));
#1194 = CARTESIAN_POINT('',(-31.3,-91.90994804889,72.746950071414));
#1195 = CARTESIAN_POINT('',(-31.3,-91.90894507654,72.746760655675));
#1196 = CARTESIAN_POINT('',(-31.3,-91.90730848048,72.746428099182));
#1197 = CARTESIAN_POINT('',(-31.3,-91.90667342082,72.746292174062));
#1198 = CARTESIAN_POINT('',(-31.3,-91.90604051473,72.746146694872));
#1199 = CARTESIAN_POINT('',(-31.3,-91.90540984042,72.745991613105));
#1200 = CARTESIAN_POINT('',(-31.3,-91.90478081577,72.745829792414));
#1201 = CARTESIAN_POINT('',(-31.3,-91.90270197343,72.745291465239));
#1202 = CARTESIAN_POINT('',(-31.3,-91.90230711455,72.745182932887));
#1203 = CARTESIAN_POINT('',(-31.3,-91.90149204745,72.744970302703));
#1204 = CARTESIAN_POINT('',(-31.3,-91.89966242858,72.744503196883));
#1205 = CARTESIAN_POINT('',(-31.3,-91.89710514505,72.743851968674));
#1206 = CARTESIAN_POINT('',(-31.3,-91.88887857262,72.741736803413));
#1207 = CARTESIAN_POINT('',(-31.3,-91.88276817633,72.74016848492));
#1208 = CARTESIAN_POINT('',(-31.3,-91.87665768694,72.73860053402));
#1209 = CARTESIAN_POINT('',(-31.3,-91.87054738,72.737031863936));
#1210 = CARTESIAN_POINT('',(-31.3,-91.86443724542,72.735462514));
#1211 = CARTESIAN_POINT('',(-31.3,-91.84346089052,72.730076643917));
#1212 = CARTESIAN_POINT('',(-31.3,-91.8291839809,72.726410971085));
#1213 = CARTESIAN_POINT('',(-31.3,-91.81514006274,72.722805126198));
#1214 = CARTESIAN_POINT('',(-31.3,-91.80101834286,72.719179287559));
#1215 = CARTESIAN_POINT('',(-31.3,-91.78655343068,72.715465316726));
#1216 = CARTESIAN_POINT('',(-31.3,-91.74546687106,72.704916081464));
#1217 = CARTESIAN_POINT('',(-31.3,-91.71940840387,72.698225404178));
#1218 = CARTESIAN_POINT('',(-31.3,-91.69334993669,72.69153472688));
#1219 = CARTESIAN_POINT('',(-31.3,-91.66729146948,72.684844049675));
#1220 = CARTESIAN_POINT('',(-31.3,-91.64123300225,72.678153372543));
#1221 = CARTESIAN_POINT('',(-31.3,-91.61517453504,72.671462695345));
#1222 = ORIENTED_EDGE('',*,*,#1223,.T.);
#1223 = EDGE_CURVE('',#1162,#1224,#1226,.T.);
#1224 = VERTEX_POINT('',#1225);
#1225 = CARTESIAN_POINT('',(-31.3,-91.51039651189,72.993936292249));
#1226 = B_SPLINE_CURVE_WITH_KNOTS('',4,(#1227,#1228,#1229,#1230,#1231),
  .UNSPECIFIED.,.F.,.F.,(5,5),(0.,1.),.PIECEWISE_BEZIER_KNOTS.);
#1227 = CARTESIAN_POINT('',(-31.3,-91.61517453504,72.671462695345));
#1228 = CARTESIAN_POINT('',(-31.3,-91.58898002926,72.752081094571));
#1229 = CARTESIAN_POINT('',(-31.3,-91.56278552347,72.832699493797));
#1230 = CARTESIAN_POINT('',(-31.3,-91.53659101768,72.913317893023));
#1231 = CARTESIAN_POINT('',(-31.3,-91.51039651189,72.993936292249));
#1232 = ORIENTED_EDGE('',*,*,#1233,.T.);
#1233 = EDGE_CURVE('',#1224,#1234,#1236,.T.);
#1234 = VERTEX_POINT('',#1235);
#1235 = CARTESIAN_POINT('',(-31.3,-91.97882688928,73.274437273341));
#1236 = B_SPLINE_CURVE_WITH_KNOTS('',7,(#1237,#1238,#1239,#1240,#1241,
    #1242,#1243,#1244,#1245,#1246,#1247,#1248,#1249,#1250,#1251,#1252,
    #1253,#1254,#1255,#1256,#1257,#1258,#1259,#1260,#1261,#1262,#1263,
    #1264,#1265,#1266,#1267,#1268,#1269,#1270,#1271,#1272,#1273,#1274,
    #1275,#1276,#1277,#1278,#1279,#1280,#1281,#1282,#1283,#1284,#1285,
    #1286),.UNSPECIFIED.,.F.,.F.,(8,6,6,6,6,6,6,6,8),(0.,0.26866850775,
    0.334526645108,0.370202826836,0.385297839297,0.430579024754,
    0.523883404221,0.754399132545,1.),.UNSPECIFIED.);
#1237 = CARTESIAN_POINT('',(-31.3,-91.51039651189,72.993936292249));
#1238 = CARTESIAN_POINT('',(-31.3,-91.5413749663,73.006201530018));
#1239 = CARTESIAN_POINT('',(-31.3,-91.57235341634,73.018466778724));
#1240 = CARTESIAN_POINT('',(-31.3,-91.60333186937,73.030732019943));
#1241 = CARTESIAN_POINT('',(-31.3,-91.634310328,73.042997247143));
#1242 = CARTESIAN_POINT('',(-31.3,-91.66528879009,73.055262465685));
#1243 = CARTESIAN_POINT('',(-31.3,-91.69626724875,73.067527692823));
#1244 = CARTESIAN_POINT('',(-31.3,-91.73483937202,73.082799515881));
#1245 = CARTESIAN_POINT('',(-31.3,-91.74145044079,73.085416388183));
#1246 = CARTESIAN_POINT('',(-31.3,-91.74867003374,73.088274627416));
#1247 = CARTESIAN_POINT('',(-31.3,-91.75698851996,73.091568766431));
#1248 = CARTESIAN_POINT('',(-31.3,-91.76579550258,73.095056818125));
#1249 = CARTESIAN_POINT('',(-31.3,-91.77337981874,73.09806027544));
#1250 = CARTESIAN_POINT('',(-31.3,-91.77885246806,73.100224586944));
#1251 = CARTESIAN_POINT('',(-31.3,-91.78076856161,73.101005649085));
#1252 = CARTESIAN_POINT('',(-31.3,-91.78271603775,73.101691514626));
#1253 = CARTESIAN_POINT('',(-31.3,-91.78459345579,73.102572776991));
#1254 = CARTESIAN_POINT('',(-31.3,-91.78654394342,73.103261664238));
#1255 = CARTESIAN_POINT('',(-31.3,-91.78848037287,73.103990265375));
#1256 = CARTESIAN_POINT('',(-31.3,-91.79117772651,73.105164888827));
#1257 = CARTESIAN_POINT('',(-31.3,-91.7919727439,73.105529875785));
#1258 = CARTESIAN_POINT('',(-31.3,-91.79276429661,73.105903192615));
#1259 = CARTESIAN_POINT('',(-31.3,-91.79355535731,73.106275797505));
#1260 = CARTESIAN_POINT('',(-31.3,-91.79434107906,73.106660713231));
#1261 = CARTESIAN_POINT('',(-31.3,-91.7951251859,73.107048076464));
#1262 = CARTESIAN_POINT('',(-31.3,-91.79825118316,73.108619927964));
#1263 = CARTESIAN_POINT('',(-31.3,-91.80057268037,73.109844525884));
#1264 = CARTESIAN_POINT('',(-31.3,-91.80287719531,73.1111006555));
#1265 = CARTESIAN_POINT('',(-31.3,-91.80516538542,73.112386042797));
#1266 = CARTESIAN_POINT('',(-31.3,-91.80743774006,73.113699087507));
#1267 = CARTESIAN_POINT('',(-31.3,-91.80969597837,73.115035847218));
#1268 = CARTESIAN_POINT('',(-31.3,-91.81656607833,73.119196406576));
#1269 = CARTESIAN_POINT('',(-31.3,-91.82113379167,73.122092458186));
#1270 = CARTESIAN_POINT('',(-31.3,-91.82564951088,73.125069575684));
#1271 = CARTESIAN_POINT('',(-31.3,-91.8301168421,73.128118531314));
#1272 = CARTESIAN_POINT('',(-31.3,-91.83453809584,73.131233219051));
#1273 = CARTESIAN_POINT('',(-31.3,-91.83891505425,73.134409164421));
#1274 = CARTESIAN_POINT('',(-31.3,-91.85395891267,73.14562909093));
#1275 = CARTESIAN_POINT('',(-31.3,-91.86440826613,73.153963341271));
#1276 = CARTESIAN_POINT('',(-31.3,-91.87462318986,73.162585865008));
#1277 = CARTESIAN_POINT('',(-31.3,-91.88461581706,73.171463875621));
#1278 = CARTESIAN_POINT('',(-31.3,-91.89439513703,73.180573234085));
#1279 = CARTESIAN_POINT('',(-31.3,-91.90397061134,73.189892279806));
#1280 = CARTESIAN_POINT('',(-31.3,-91.9233417213,73.209544327606));
#1281 = CARTESIAN_POINT('',(-31.3,-91.93311013995,73.219902192892));
#1282 = CARTESIAN_POINT('',(-31.3,-91.94266222558,73.230462204662));
#1283 = CARTESIAN_POINT('',(-31.3,-91.95200537692,73.241207066734));
#1284 = CARTESIAN_POINT('',(-31.3,-91.96114430763,73.2521246173));
#1285 = CARTESIAN_POINT('',(-31.3,-91.97008241011,73.263205903974));
#1286 = CARTESIAN_POINT('',(-31.3,-91.97882688928,73.274437273341));
#1287 = ORIENTED_EDGE('',*,*,#1288,.T.);
#1288 = EDGE_CURVE('',#1234,#1289,#1291,.T.);
#1289 = VERTEX_POINT('',#1290);
#1290 = CARTESIAN_POINT('',(-31.3,-91.88074651673,73.482868674672));
#1291 = B_SPLINE_CURVE_WITH_KNOTS('',4,(#1292,#1293,#1294,#1295,#1296),
  .UNSPECIFIED.,.F.,.F.,(5,5),(0.,1.),.PIECEWISE_BEZIER_KNOTS.);
#1292 = CARTESIAN_POINT('',(-31.3,-91.97882688928,73.274437273341));
#1293 = CARTESIAN_POINT('',(-31.3,-91.95430679614,73.326545123674));
#1294 = CARTESIAN_POINT('',(-31.3,-91.929786703,73.378652974007));
#1295 = CARTESIAN_POINT('',(-31.3,-91.90526660987,73.430760824339));
#1296 = CARTESIAN_POINT('',(-31.3,-91.88074651673,73.482868674672));
#1297 = ORIENTED_EDGE('',*,*,#1298,.T.);
#1298 = EDGE_CURVE('',#1289,#1299,#1301,.T.);
#1299 = VERTEX_POINT('',#1300);
#1300 = CARTESIAN_POINT('',(-31.3,-91.36602803611,73.300734920075));
#1301 = B_SPLINE_CURVE_WITH_KNOTS('',6,(#1302,#1303,#1304,#1305,#1306,
    #1307,#1308,#1309,#1310,#1311,#1312,#1313,#1314,#1315,#1316,#1317,
    #1318,#1319,#1320,#1321,#1322,#1323,#1324,#1325,#1326,#1327,#1328,
    #1329,#1330,#1331,#1332,#1333,#1334,#1335,#1336,#1337,#1338,#1339,
    #1340,#1341,#1342,#1343,#1344,#1345,#1346,#1347,#1348,#1349,#1350,
    #1351,#1352,#1353,#1354,#1355,#1356,#1357,#1358),.UNSPECIFIED.,.F.,
  .F.,(7,5,5,5,5,5,5,5,5,5,5,7),(0.,0.251012533921,0.371114358387,
    0.493622984263,0.522448543866,0.535660286101,0.548872292413,
    0.557280378632,0.576677893171,0.632664338659,0.766759093074,1.),
  .UNSPECIFIED.);
#1302 = CARTESIAN_POINT('',(-31.3,-91.88074651673,73.482868674672));
#1303 = CARTESIAN_POINT('',(-31.3,-91.86136519025,73.483442719687));
#1304 = CARTESIAN_POINT('',(-31.3,-91.84196960481,73.483549040823));
#1305 = CARTESIAN_POINT('',(-31.3,-91.82257472202,73.483150222736));
#1306 = CARTESIAN_POINT('',(-31.3,-91.80319429706,73.482226227393));
#1307 = CARTESIAN_POINT('',(-31.3,-91.78385231722,73.480729981627));
#1308 = CARTESIAN_POINT('',(-31.3,-91.7553578839,73.477585938499));
#1309 = CARTESIAN_POINT('',(-31.3,-91.74615240173,73.476424063498));
#1310 = CARTESIAN_POINT('',(-31.3,-91.73696639535,73.475110940848));
#1311 = CARTESIAN_POINT('',(-31.3,-91.72780416618,73.473638732202));
#1312 = CARTESIAN_POINT('',(-31.3,-91.71867126371,73.471997366737));
#1313 = CARTESIAN_POINT('',(-31.3,-91.70029621518,73.46831264707));
#1314 = CARTESIAN_POINT('',(-31.3,-91.69105697495,73.466261456053));
#1315 = CARTESIAN_POINT('',(-31.3,-91.68186237022,73.464007104798));
#1316 = CARTESIAN_POINT('',(-31.3,-91.67272614313,73.461523157441));
#1317 = CARTESIAN_POINT('',(-31.3,-91.66365960655,73.458793824423));
#1318 = CARTESIAN_POINT('',(-31.3,-91.65259323505,73.455027861504));
#1319 = CARTESIAN_POINT('',(-31.3,-91.65049138246,73.454292896369));
#1320 = CARTESIAN_POINT('',(-31.3,-91.64839603086,73.453539361536));
#1321 = CARTESIAN_POINT('',(-31.3,-91.64630790977,73.452765900519));
#1322 = CARTESIAN_POINT('',(-31.3,-91.64422800493,73.451970731191));
#1323 = CARTESIAN_POINT('',(-31.3,-91.64120860166,73.450776230861));
#1324 = CARTESIAN_POINT('',(-31.3,-91.64026167543,73.450395712841));
#1325 = CARTESIAN_POINT('',(-31.3,-91.63931681163,73.450010026586));
#1326 = CARTESIAN_POINT('',(-31.3,-91.63837417471,73.44961886989));
#1327 = CARTESIAN_POINT('',(-31.3,-91.63743406158,73.44922170348));
#1328 = CARTESIAN_POINT('',(-31.3,-91.63555972291,73.448413790486));
#1329 = CARTESIAN_POINT('',(-31.3,-91.63462572394,73.448002724689));
#1330 = CARTESIAN_POINT('',(-31.3,-91.63369392412,73.447586186845));
#1331 = CARTESIAN_POINT('',(-31.3,-91.63276775093,73.44715791331));
#1332 = CARTESIAN_POINT('',(-31.3,-91.63184339458,73.446725019334));
#1333 = CARTESIAN_POINT('',(-31.3,-91.63034091863,73.445995905825));
#1334 = CARTESIAN_POINT('',(-31.3,-91.62975961375,73.44570631813));
#1335 = CARTESIAN_POINT('',(-31.3,-91.62918277077,73.445408012091));
#1336 = CARTESIAN_POINT('',(-31.3,-91.62861047752,73.445100960179));
#1337 = CARTESIAN_POINT('',(-31.3,-91.62804145801,73.444787791314));
#1338 = CARTESIAN_POINT('',(-31.3,-91.62616180284,73.44374938961));
#1339 = CARTESIAN_POINT('',(-31.3,-91.62580634008,73.443546069591));
#1340 = CARTESIAN_POINT('',(-31.3,-91.62506975879,73.443137420632));
#1341 = CARTESIAN_POINT('',(-31.3,-91.62341378525,73.442229982089));
#1342 = CARTESIAN_POINT('',(-31.3,-91.62109879736,73.440963242858));
#1343 = CARTESIAN_POINT('',(-31.3,-91.61365669804,73.436868664034));
#1344 = CARTESIAN_POINT('',(-31.3,-91.60812829603,73.433830023387));
#1345 = CARTESIAN_POINT('',(-31.3,-91.60259971244,73.430791715631));
#1346 = CARTESIAN_POINT('',(-31.3,-91.59707148442,73.42775275666));
#1347 = CARTESIAN_POINT('',(-31.3,-91.59154359241,73.424713182058));
#1348 = CARTESIAN_POINT('',(-31.3,-91.57277487073,73.414394927099));
#1349 = CARTESIAN_POINT('',(-31.3,-91.55951938701,73.407107678835));
#1350 = CARTESIAN_POINT('',(-31.3,-91.54665931142,73.400037814509));
#1351 = CARTESIAN_POINT('',(-31.3,-91.53416605227,73.393169590175));
#1352 = CARTESIAN_POINT('',(-31.3,-91.52157212373,73.386246005742));
#1353 = CARTESIAN_POINT('',(-31.3,-91.48431396082,73.365763157626));
#1354 = CARTESIAN_POINT('',(-31.3,-91.46065677591,73.35275751006));
#1355 = CARTESIAN_POINT('',(-31.3,-91.43699959101,73.339751862483));
#1356 = CARTESIAN_POINT('',(-31.3,-91.41334240606,73.326746214989));
#1357 = CARTESIAN_POINT('',(-31.3,-91.38968522107,73.313740567561));
#1358 = CARTESIAN_POINT('',(-31.3,-91.36602803611,73.300734920075));
#1359 = ORIENTED_EDGE('',*,*,#1360,.T.);
#1360 = EDGE_CURVE('',#1299,#1361,#1363,.T.);
#1361 = VERTEX_POINT('',#1362);
#1362 = CARTESIAN_POINT('',(-31.3,-91.18434588481,73.58702018119));
#1363 = B_SPLINE_CURVE_WITH_KNOTS('',4,(#1364,#1365,#1366,#1367,#1368),
  .UNSPECIFIED.,.F.,.F.,(5,5),(0.,1.),.PIECEWISE_BEZIER_KNOTS.);
#1364 = CARTESIAN_POINT('',(-31.3,-91.36602803611,73.300734920075));
#1365 = CARTESIAN_POINT('',(-31.3,-91.32060749829,73.372306235353));
#1366 = CARTESIAN_POINT('',(-31.3,-91.27518696046,73.443877550632));
#1367 = CARTESIAN_POINT('',(-31.3,-91.22976642263,73.515448865911));
#1368 = CARTESIAN_POINT('',(-31.3,-91.18434588481,73.58702018119));
#1369 = ORIENTED_EDGE('',*,*,#1370,.T.);
#1370 = EDGE_CURVE('',#1361,#1371,#1373,.T.);
#1371 = VERTEX_POINT('',#1372);
#1372 = CARTESIAN_POINT('',(-31.3,-91.56830190317,73.975202605853));
#1373 = B_SPLINE_CURVE_WITH_KNOTS('',7,(#1374,#1375,#1376,#1377,#1378,
    #1379,#1380,#1381,#1382,#1383,#1384,#1385,#1386,#1387,#1388,#1389,
    #1390,#1391,#1392,#1393,#1394,#1395,#1396,#1397,#1398,#1399,#1400,
    #1401,#1402,#1403,#1404,#1405,#1406,#1407,#1408,#1409,#1410,#1411,
    #1412,#1413,#1414,#1415,#1416,#1417,#1418,#1419,#1420,#1421,#1422,
    #1423),.UNSPECIFIED.,.F.,.F.,(8,6,6,6,6,6,6,6,8),(0.,0.22585592882,
    0.282010094829,0.320501701061,0.336787952774,0.385642552006,
    0.486310147594,0.735017274189,1.),.UNSPECIFIED.);
#1374 = CARTESIAN_POINT('',(-31.3,-91.18434588481,73.58702018119));
#1375 = CARTESIAN_POINT('',(-31.3,-91.21136518518,73.606650851984));
#1376 = CARTESIAN_POINT('',(-31.3,-91.23838447839,73.626281532558));
#1377 = CARTESIAN_POINT('',(-31.3,-91.26540377652,73.645912206417));
#1378 = CARTESIAN_POINT('',(-31.3,-91.29242308382,73.66554286773));
#1379 = CARTESIAN_POINT('',(-31.3,-91.31944239676,73.685173521334));
#1380 = CARTESIAN_POINT('',(-31.3,-91.346461704,73.704804182728));
#1381 = CARTESIAN_POINT('',(-31.3,-91.38019874351,73.729315623657));
#1382 = CARTESIAN_POINT('',(-31.3,-91.38579567623,73.733381465082));
#1383 = CARTESIAN_POINT('',(-31.3,-91.39198707893,73.737879604747));
#1384 = CARTESIAN_POINT('',(-31.3,-91.39932419767,73.743210888608));
#1385 = CARTESIAN_POINT('',(-31.3,-91.40719423019,73.748929806186));
#1386 = CARTESIAN_POINT('',(-31.3,-91.4138203259,73.753744490566));
#1387 = CARTESIAN_POINT('',(-31.3,-91.41793497944,73.756731515104));
#1388 = CARTESIAN_POINT('',(-31.3,-91.41959663313,73.75796455183));
#1389 = CARTESIAN_POINT('',(-31.3,-91.42131235791,73.759113187266));
#1390 = CARTESIAN_POINT('',(-31.3,-91.42291163237,73.760433658035));
#1391 = CARTESIAN_POINT('',(-31.3,-91.42462952255,73.761585969171));
#1392 = CARTESIAN_POINT('',(-31.3,-91.42632391977,73.762773250383));
#1393 = CARTESIAN_POINT('',(-31.3,-91.42864441411,73.764581775452));
#1394 = CARTESIAN_POINT('',(-31.3,-91.429323686,73.765133008459));
#1395 = CARTESIAN_POINT('',(-31.3,-91.42999753051,73.765691448009));
#1396 = CARTESIAN_POINT('',(-31.3,-91.43067107551,73.766249075626));
#1397 = CARTESIAN_POINT('',(-31.3,-91.43133638773,73.766817299571));
#1398 = CARTESIAN_POINT('',(-31.3,-91.43199952709,73.767387492518));
#1399 = CARTESIAN_POINT('',(-31.3,-91.43463641182,73.769687365318));
#1400 = CARTESIAN_POINT('',(-31.3,-91.43658042981,73.771450823121));
#1401 = CARTESIAN_POINT('',(-31.3,-91.43850015744,73.773240598675));
#1402 = CARTESIAN_POINT('',(-31.3,-91.44039679703,73.775054652908));
#1403 = CARTESIAN_POINT('',(-31.3,-91.44227122054,73.776891557523));
#1404 = CARTESIAN_POINT('',(-31.3,-91.44412607351,73.778747921499));
#1405 = CARTESIAN_POINT('',(-31.3,-91.44974564761,73.784486293618));
#1406 = CARTESIAN_POINT('',(-31.3,-91.45344963909,73.788427304558));
#1407 = CARTESIAN_POINT('',(-31.3,-91.45708310966,73.792433904136));
#1408 = CARTESIAN_POINT('',(-31.3,-91.46065184702,73.796498051314));
#1409 = CARTESIAN_POINT('',(-31.3,-91.46415960761,73.800614406502));
#1410 = CARTESIAN_POINT('',(-31.3,-91.46760923033,73.804779079003));
#1411 = CARTESIAN_POINT('',(-31.3,-91.47939017601,73.819387766339));
#1412 = CARTESIAN_POINT('',(-31.3,-91.48743860004,73.830058829413));
#1413 = CARTESIAN_POINT('',(-31.3,-91.4951882687,73.840950808942));
#1414 = CARTESIAN_POINT('',(-31.3,-91.50265908768,73.852034965856));
#1415 = CARTESIAN_POINT('',(-31.3,-91.509865767,73.863290155052));
#1416 = CARTESIAN_POINT('',(-31.3,-91.51682285775,73.874697749442));
#1417 = CARTESIAN_POINT('',(-31.3,-91.53069812313,73.898549791174));
#1418 = CARTESIAN_POINT('',(-31.3,-91.53758375259,73.911011552007));
#1419 = CARTESIAN_POINT('',(-31.3,-91.54420957375,73.923615308687));
#1420 = CARTESIAN_POINT('',(-31.3,-91.55058705427,73.936346148409));
#1421 = CARTESIAN_POINT('',(-31.3,-91.55672378425,73.949193463695));
#1422 = CARTESIAN_POINT('',(-31.3,-91.56262527587,73.962149427069));
#1423 = CARTESIAN_POINT('',(-31.3,-91.56830190317,73.975202605853));
#1424 = ORIENTED_EDGE('',*,*,#1425,.T.);
#1425 = EDGE_CURVE('',#1371,#1426,#1428,.T.);
#1426 = VERTEX_POINT('',#1427);
#1427 = CARTESIAN_POINT('',(-31.3,-91.4214681242,74.152694154649));
#1428 = B_SPLINE_CURVE_WITH_KNOTS('',4,(#1429,#1430,#1431,#1432,#1433),
  .UNSPECIFIED.,.F.,.F.,(5,5),(0.,1.),.PIECEWISE_BEZIER_KNOTS.);
#1429 = CARTESIAN_POINT('',(-31.3,-91.56830190317,73.975202605853));
#1430 = CARTESIAN_POINT('',(-31.3,-91.53159345842,74.019575493052));
#1431 = CARTESIAN_POINT('',(-31.3,-91.49488501368,74.063948380251));
#1432 = CARTESIAN_POINT('',(-31.3,-91.45817656894,74.10832126745));
#1433 = CARTESIAN_POINT('',(-31.3,-91.4214681242,74.152694154649));
#1434 = ORIENTED_EDGE('',*,*,#1435,.T.);
#1435 = EDGE_CURVE('',#1426,#1436,#1438,.T.);
#1436 = VERTEX_POINT('',#1437);
#1437 = CARTESIAN_POINT('',(-31.3,-90.96821529403,73.848277186007));
#1438 = B_SPLINE_CURVE_WITH_KNOTS('',6,(#1439,#1440,#1441,#1442,#1443,
    #1444,#1445,#1446,#1447,#1448,#1449,#1450,#1451,#1452,#1453,#1454,
    #1455,#1456,#1457,#1458,#1459,#1460,#1461,#1462,#1463,#1464,#1465,
    #1466,#1467,#1468,#1469,#1470,#1471,#1472,#1473,#1474,#1475,#1476,
    #1477,#1478,#1479,#1480,#1481,#1482,#1483,#1484,#1485,#1486,#1487,
    #1488,#1489,#1490,#1491,#1492,#1493,#1494,#1495),.UNSPECIFIED.,.F.,
  .F.,(7,5,5,5,5,5,5,5,5,5,5,7),(0.,0.251012533922,0.371114358388,
    0.493622984264,0.522448543867,0.535660286103,0.548872292415,
    0.557280378634,0.576677893173,0.632664338661,0.766759093075,1.),
  .UNSPECIFIED.);
#1439 = CARTESIAN_POINT('',(-31.3,-91.4214681242,74.152694154649));
#1440 = CARTESIAN_POINT('',(-31.3,-91.40255293854,74.14843022509));
#1441 = CARTESIAN_POINT('',(-31.3,-91.38374026009,74.143709719996));
#1442 = CARTESIAN_POINT('',(-31.3,-91.36505388523,74.1385001203));
#1443 = CARTESIAN_POINT('',(-31.3,-91.34651212026,74.132785438274));
#1444 = CARTESIAN_POINT('',(-31.3,-91.32814990547,74.126526045037));
#1445 = CARTESIAN_POINT('',(-31.3,-91.30133256891,74.116394500398));
#1446 = CARTESIAN_POINT('',(-31.3,-91.29270524045,74.112979817514));
#1447 = CARTESIAN_POINT('',(-31.3,-91.28413438967,74.109423482136));
#1448 = CARTESIAN_POINT('',(-31.3,-91.27562613218,74.105718971894));
#1449 = CARTESIAN_POINT('',(-31.3,-91.26718834763,74.101857912457));
#1450 = CARTESIAN_POINT('',(-31.3,-91.25030693756,74.093719266292));
#1451 = CARTESIAN_POINT('',(-31.3,-91.24186807552,74.089434811601));
#1452 = CARTESIAN_POINT('',(-31.3,-91.23352297056,74.084964679722));
#1453 = CARTESIAN_POINT('',(-31.3,-91.22529150743,74.080286682857));
#1454 = CARTESIAN_POINT('',(-31.3,-91.21718857029,74.075388340894));
#1455 = CARTESIAN_POINT('',(-31.3,-91.2074064261,74.068988597946));
#1456 = CARTESIAN_POINT('',(-31.3,-91.20555338546,74.067754013608));
#1457 = CARTESIAN_POINT('',(-31.3,-91.20371125968,74.066503059705));
#1458 = CARTESIAN_POINT('',(-31.3,-91.20188109269,74.06523460379));
#1459 = CARTESIAN_POINT('',(-31.3,-91.20006428246,74.06394716487));
#1460 = CARTESIAN_POINT('',(-31.3,-91.19743679944,74.062039296903));
#1461 = CARTESIAN_POINT('',(-31.3,-91.19661425362,74.06143524258));
#1462 = CARTESIAN_POINT('',(-31.3,-91.19579499073,74.060826695296));
#1463 = CARTESIAN_POINT('',(-31.3,-91.1949792452,74.060213403238));
#1464 = CARTESIAN_POINT('',(-31.3,-91.19416743872,74.059594917914));
#1465 = CARTESIAN_POINT('',(-31.3,-91.19255290564,74.058346257919));
#1466 = CARTESIAN_POINT('',(-31.3,-91.19175047786,74.05771583041));
#1467 = CARTESIAN_POINT('',(-31.3,-91.190951541,74.057080649678));
#1468 = CARTESIAN_POINT('',(-31.3,-91.19016097255,74.056435501238));
#1469 = CARTESIAN_POINT('',(-31.3,-91.18937331291,74.055786329346));
#1470 = CARTESIAN_POINT('',(-31.3,-91.18809936316,74.054706471704));
#1471 = CARTESIAN_POINT('',(-31.3,-91.18760833857,74.054281417293));
#1472 = CARTESIAN_POINT('',(-31.3,-91.18712380386,74.053849028071));
#1473 = CARTESIAN_POINT('',(-31.3,-91.18664585096,74.053409299216));
#1474 = CARTESIAN_POINT('',(-31.3,-91.18617259017,74.052964459728));
#1475 = CARTESIAN_POINT('',(-31.3,-91.18461022784,74.051491230093));
#1476 = CARTESIAN_POINT('',(-31.3,-91.18431649622,74.051205897752));
#1477 = CARTESIAN_POINT('',(-31.3,-91.18370468285,74.050626906934));
#1478 = CARTESIAN_POINT('',(-31.3,-91.18232640556,74.049336153369));
#1479 = CARTESIAN_POINT('',(-31.3,-91.1803991725,74.047533497001));
#1480 = CARTESIAN_POINT('',(-31.3,-91.17420916076,74.041716782061));
#1481 = CARTESIAN_POINT('',(-31.3,-91.16961012287,74.037398748226));
#1482 = CARTESIAN_POINT('',(-31.3,-91.16501082631,74.033080991665));
#1483 = CARTESIAN_POINT('',(-31.3,-91.1604120361,74.028762692775));
#1484 = CARTESIAN_POINT('',(-31.3,-91.15581372445,74.024443881158));
#1485 = CARTESIAN_POINT('',(-31.3,-91.14020070234,74.009782201878));
#1486 = CARTESIAN_POINT('',(-31.3,-91.12917392896,73.999427391167));
#1487 = CARTESIAN_POINT('',(-31.3,-91.11847608006,73.989381468882));
#1488 = CARTESIAN_POINT('',(-31.3,-91.10808337755,73.979622075237));
#1489 = CARTESIAN_POINT('',(-31.3,-91.09760693587,73.969784025274));
#1490 = CARTESIAN_POINT('',(-31.3,-91.06661318385,73.940678955167));
#1491 = CARTESIAN_POINT('',(-31.3,-91.04693360593,73.922198601289));
#1492 = CARTESIAN_POINT('',(-31.3,-91.02725402802,73.903718247401));
#1493 = CARTESIAN_POINT('',(-31.3,-91.00757445004,73.885237893582));
#1494 = CARTESIAN_POINT('',(-31.3,-90.98789487201,73.86675753982));
#1495 = CARTESIAN_POINT('',(-31.3,-90.96821529403,73.848277186007));
#1496 = ORIENTED_EDGE('',*,*,#1497,.T.);
#1497 = EDGE_CURVE('',#1436,#1498,#1500,.T.);
#1498 = VERTEX_POINT('',#1499);
#1499 = CARTESIAN_POINT('',(-31.3,-90.72104477232,74.080385755495));
#1500 = B_SPLINE_CURVE_WITH_KNOTS('',4,(#1501,#1502,#1503,#1504,#1505),
  .UNSPECIFIED.,.F.,.F.,(5,5),(0.,1.),.PIECEWISE_BEZIER_KNOTS.);
#1501 = CARTESIAN_POINT('',(-31.3,-90.96821529403,73.848277186007));
#1502 = CARTESIAN_POINT('',(-31.3,-90.9064226636,73.906304328379));
#1503 = CARTESIAN_POINT('',(-31.3,-90.84463003318,73.964331470751));
#1504 = CARTESIAN_POINT('',(-31.3,-90.78283740275,74.022358613123));
#1505 = CARTESIAN_POINT('',(-31.3,-90.72104477232,74.080385755495));
#1506 = ORIENTED_EDGE('',*,*,#1507,.T.);
#1507 = EDGE_CURVE('',#1498,#1508,#1510,.T.);
#1508 = VERTEX_POINT('',#1509);
#1509 = CARTESIAN_POINT('',(-31.3,-90.99640106292,74.551858694351));
#1510 = B_SPLINE_CURVE_WITH_KNOTS('',7,(#1511,#1512,#1513,#1514,#1515,
    #1516,#1517,#1518,#1519,#1520,#1521,#1522,#1523,#1524,#1525,#1526,
    #1527,#1528,#1529,#1530,#1531,#1532,#1533,#1534,#1535,#1536,#1537,
    #1538,#1539,#1540,#1541,#1542,#1543,#1544,#1545,#1546,#1547,#1548,
    #1549,#1550,#1551,#1552,#1553,#1554,#1555,#1556,#1557,#1558,#1559,
    #1560),.UNSPECIFIED.,.F.,.F.,(8,6,6,6,6,6,6,6,8),(0.,0.4239790436,
    0.516974456826,0.540978187749,0.551980047191,0.584982818075,
    0.652986847275,0.820996091959,1.),.UNSPECIFIED.);
#1511 = CARTESIAN_POINT('',(-31.3,-90.72104477232,74.080385755495));
#1512 = CARTESIAN_POINT('',(-31.3,-90.7425360099,74.106364199083));
#1513 = CARTESIAN_POINT('',(-31.3,-90.76402723889,74.132342649729));
#1514 = CARTESIAN_POINT('',(-31.3,-90.78551847389,74.158321095442));
#1515 = CARTESIAN_POINT('',(-31.3,-90.80700971996,74.184299532054));
#1516 = CARTESIAN_POINT('',(-31.3,-90.82850097265,74.210277963221));
#1517 = CARTESIAN_POINT('',(-31.3,-90.849992218,74.236256400423));
#1518 = CARTESIAN_POINT('',(-31.3,-90.87619730791,74.267932969731));
#1519 = CARTESIAN_POINT('',(-31.3,-90.88091212098,74.273630304383));
#1520 = CARTESIAN_POINT('',(-31.3,-90.88562628191,74.279328175159));
#1521 = CARTESIAN_POINT('',(-31.3,-90.89033924128,74.285027034339));
#1522 = CARTESIAN_POINT('',(-31.3,-90.89505149011,74.290726478245));
#1523 = CARTESIAN_POINT('',(-31.3,-90.89976455985,74.296425247237));
#1524 = CARTESIAN_POINT('',(-31.3,-90.90569842324,74.303591456666));
#1525 = CARTESIAN_POINT('',(-31.3,-90.90690840448,74.305068110239));
#1526 = CARTESIAN_POINT('',(-31.3,-90.9081549234,74.306510149947));
#1527 = CARTESIAN_POINT('',(-31.3,-90.90930402026,74.308039242578));
#1528 = CARTESIAN_POINT('',(-31.3,-90.91057381321,74.309464821923));
#1529 = CARTESIAN_POINT('',(-31.3,-90.9118097088,74.310920482619));
#1530 = CARTESIAN_POINT('',(-31.3,-90.91351044125,74.313123499447));
#1531 = CARTESIAN_POINT('',(-31.3,-90.91403128649,74.313826342506));
#1532 = CARTESIAN_POINT('',(-31.3,-90.91454508267,74.314534815966));
#1533 = CARTESIAN_POINT('',(-31.3,-90.91505879066,74.315242428517));
#1534 = CARTESIAN_POINT('',(-31.3,-90.91556188932,74.31595825708));
#1535 = CARTESIAN_POINT('',(-31.3,-90.91606239372,74.31667545242));
#1536 = CARTESIAN_POINT('',(-31.3,-90.91804448077,74.319558837054));
#1537 = CARTESIAN_POINT('',(-31.3,-90.91948886973,74.321750350201));
#1538 = CARTESIAN_POINT('',(-31.3,-90.92090318651,74.323961313513));
#1539 = CARTESIAN_POINT('',(-31.3,-90.92228910273,74.326190050982));
#1540 = CARTESIAN_POINT('',(-31.3,-90.92364781818,74.328435396031));
#1541 = CARTESIAN_POINT('',(-31.3,-90.92498273858,74.330694722095));
#1542 = CARTESIAN_POINT('',(-31.3,-90.92899868831,74.337650343951));
#1543 = CARTESIAN_POINT('',(-31.3,-90.93160622253,74.342388686008));
#1544 = CARTESIAN_POINT('',(-31.3,-90.93412914014,74.34717301828));
#1545 = CARTESIAN_POINT('',(-31.3,-90.93657504675,74.351996991692));
#1546 = CARTESIAN_POINT('',(-31.3,-90.93894890868,74.356856368597));
#1547 = CARTESIAN_POINT('',(-31.3,-90.94125444323,74.361748086537));
#1548 = CARTESIAN_POINT('',(-31.3,-90.94903223603,74.378827617149));
#1549 = CARTESIAN_POINT('',(-31.3,-90.95417401854,74.391164990818));
#1550 = CARTESIAN_POINT('',(-31.3,-90.95897149196,74.403642043007));
#1551 = CARTESIAN_POINT('',(-31.3,-90.96345108369,74.416235887879));
#1552 = CARTESIAN_POINT('',(-31.3,-90.9676323002,74.428929702876));
#1553 = CARTESIAN_POINT('',(-31.3,-90.97153386778,74.441709064824));
#1554 = CARTESIAN_POINT('',(-31.3,-90.97904145462,74.468262388985));
#1555 = CARTESIAN_POINT('',(-31.3,-90.98261164548,74.482045027101));
#1556 = CARTESIAN_POINT('',(-31.3,-90.98589487745,74.495900588304));
#1557 = CARTESIAN_POINT('',(-31.3,-90.9889059666,74.509817480197));
#1558 = CARTESIAN_POINT('',(-31.3,-90.99165490253,74.523787316134));
#1559 = CARTESIAN_POINT('',(-31.3,-90.99414897087,74.53780388538));
#1560 = CARTESIAN_POINT('',(-31.3,-90.99640106292,74.551858694351));
#1561 = ORIENTED_EDGE('',*,*,#1562,.T.);
#1562 = EDGE_CURVE('',#1508,#1563,#1565,.T.);
#1563 = VERTEX_POINT('',#1564);
#1564 = CARTESIAN_POINT('',(-31.3,-90.81003998389,74.687257943835));
#1565 = B_SPLINE_CURVE_WITH_KNOTS('',4,(#1566,#1567,#1568,#1569,#1570),
  .UNSPECIFIED.,.F.,.F.,(5,5),(0.,1.),.PIECEWISE_BEZIER_KNOTS.);
#1566 = CARTESIAN_POINT('',(-31.3,-90.99640106292,74.551858694351));
#1567 = CARTESIAN_POINT('',(-31.3,-90.94981079317,74.585708506722));
#1568 = CARTESIAN_POINT('',(-31.3,-90.90322052341,74.619558319093));
#1569 = CARTESIAN_POINT('',(-31.3,-90.85663025365,74.653408131464));
#1570 = CARTESIAN_POINT('',(-31.3,-90.81003998389,74.687257943835));
#1571 = ORIENTED_EDGE('',*,*,#1572,.T.);
#1572 = EDGE_CURVE('',#1563,#1573,#1575,.T.);
#1573 = VERTEX_POINT('',#1574);
#1574 = CARTESIAN_POINT('',(-31.3,-90.44673234644,74.279685398855));
#1575 = B_SPLINE_CURVE_WITH_KNOTS('',6,(#1576,#1577,#1578,#1579,#1580,
    #1581,#1582,#1583,#1584,#1585,#1586,#1587,#1588,#1589,#1590,#1591,
    #1592,#1593,#1594,#1595,#1596,#1597,#1598,#1599,#1600,#1601,#1602,
    #1603,#1604,#1605,#1606,#1607,#1608,#1609,#1610,#1611,#1612,#1613,
    #1614,#1615,#1616,#1617,#1618,#1619,#1620,#1621,#1622,#1623,#1624,
    #1625,#1626,#1627,#1628,#1629,#1630,#1631,#1632),.UNSPECIFIED.,.F.,
  .F.,(7,5,5,5,5,5,5,5,5,5,5,7),(0.,0.251012533925,0.371114358393,
    0.49362298427,0.522448543874,0.535660286109,0.548872292421,
    0.55728037864,0.576677893179,0.632664338666,0.766759093078,1.),
  .UNSPECIFIED.);
#1576 = CARTESIAN_POINT('',(-31.3,-90.81003998389,74.687257943835));
#1577 = CARTESIAN_POINT('',(-31.3,-90.79277944973,74.678423958077));
#1578 = CARTESIAN_POINT('',(-31.3,-90.77573174805,74.669173233449));
#1579 = CARTESIAN_POINT('',(-31.3,-90.75892801478,74.659480190453));
#1580 = CARTESIAN_POINT('',(-31.3,-90.74238995708,74.649333896232));
#1581 = CARTESIAN_POINT('',(-31.3,-90.72616127283,74.63870465622));
#1582 = CARTESIAN_POINT('',(-31.3,-90.7027060649,74.622222212283));
#1583 = CARTESIAN_POINT('',(-31.3,-90.69519897693,74.6167692786));
#1584 = CARTESIAN_POINT('',(-31.3,-90.68778181984,74.611193188124));
#1585 = CARTESIAN_POINT('',(-31.3,-90.68046213913,74.605489144288));
#1586 = CARTESIAN_POINT('',(-31.3,-90.67324964953,74.599650995446));
#1587 = CARTESIAN_POINT('',(-31.3,-90.65892259901,74.587569803851));
#1588 = CARTESIAN_POINT('',(-31.3,-90.65181435988,74.581321293533));
#1589 = CARTESIAN_POINT('',(-31.3,-90.64484310833,74.574916255855));
#1590 = CARTESIAN_POINT('',(-31.3,-90.63803362227,74.568338145229));
#1591 = CARTESIAN_POINT('',(-31.3,-90.63140342191,74.561578575163));
#1592 = CARTESIAN_POINT('',(-31.3,-90.62352015312,74.552947171572));
#1593 = CARTESIAN_POINT('',(-31.3,-90.6220323578,74.551290541505));
#1594 = CARTESIAN_POINT('',(-31.3,-90.62055920537,74.549620770566));
#1595 = CARTESIAN_POINT('',(-31.3,-90.6191019886,74.547937021504));
#1596 = CARTESIAN_POINT('',(-31.3,-90.61766242984,74.546238207512));
#1597 = CARTESIAN_POINT('',(-31.3,-90.6155919615,74.543736850271));
#1598 = CARTESIAN_POINT('',(-31.3,-90.61494547968,74.542947214599));
#1599 = CARTESIAN_POINT('',(-31.3,-90.61430329499,74.54215404355));
#1600 = CARTESIAN_POINT('',(-31.3,-90.61366569714,74.541357151526));
#1601 = CARTESIAN_POINT('',(-31.3,-90.6130332061,74.540556208995));
#1602 = CARTESIAN_POINT('',(-31.3,-90.61177992565,74.538945259899));
#1603 = CARTESIAN_POINT('',(-31.3,-90.61115948857,74.538135082758));
#1604 = CARTESIAN_POINT('',(-31.3,-90.61054361481,74.537321169879));
#1605 = CARTESIAN_POINT('',(-31.3,-90.6099383254,74.536499683583));
#1606 = CARTESIAN_POINT('',(-31.3,-90.60933685402,74.535675023632));
#1607 = CARTESIAN_POINT('',(-31.3,-90.60837147742,74.534312273284));
#1608 = CARTESIAN_POINT('',(-31.3,-90.60800158601,74.53377845989));
#1609 = CARTESIAN_POINT('',(-31.3,-90.60763980468,74.53323915609));
#1610 = CARTESIAN_POINT('',(-31.3,-90.60728622367,74.532694380072));
#1611 = CARTESIAN_POINT('',(-31.3,-90.60693845832,74.532145820862));
#1612 = CARTESIAN_POINT('',(-31.3,-90.60579155778,74.530330331733));
#1613 = CARTESIAN_POINT('',(-31.3,-90.60557801355,74.52998091555));
#1614 = CARTESIAN_POINT('',(-31.3,-90.60512941059,74.529267962995));
#1615 = CARTESIAN_POINT('',(-31.3,-90.60411543177,74.527674997202));
#1616 = CARTESIAN_POINT('',(-31.3,-90.60269704868,74.525449691226));
#1617 = CARTESIAN_POINT('',(-31.3,-90.59814806573,74.518276325762));
#1618 = CARTESIAN_POINT('',(-31.3,-90.59476736642,74.512950216686));
#1619 = CARTESIAN_POINT('',(-31.3,-90.59138634761,74.507624311845));
#1620 = CARTESIAN_POINT('',(-31.3,-90.58800595411,74.502298007636));
#1621 = CARTESIAN_POINT('',(-31.3,-90.58462615165,74.496971325822));
#1622 = CARTESIAN_POINT('',(-31.3,-90.57314985271,74.478887469451));
#1623 = CARTESIAN_POINT('',(-31.3,-90.5650446424,74.466115727133));
#1624 = CARTESIAN_POINT('',(-31.3,-90.55718120537,74.453724969133));
#1625 = CARTESIAN_POINT('',(-31.3,-90.54954207123,74.441687624772));
#1626 = CARTESIAN_POINT('',(-31.3,-90.54184138977,74.429553270139));
#1627 = CARTESIAN_POINT('',(-31.3,-90.51905950006,74.393654756636));
#1628 = CARTESIAN_POINT('',(-31.3,-90.50459406939,74.370860885046));
#1629 = CARTESIAN_POINT('',(-31.3,-90.49012863873,74.348067013449));
#1630 = CARTESIAN_POINT('',(-31.3,-90.47566320799,74.325273141902));
#1631 = CARTESIAN_POINT('',(-31.3,-90.46119777718,74.302479270397));
#1632 = CARTESIAN_POINT('',(-31.3,-90.44673234644,74.279685398855));
#1633 = ORIENTED_EDGE('',*,*,#1634,.T.);
#1634 = EDGE_CURVE('',#1573,#1635,#1637,.T.);
#1635 = VERTEX_POINT('',#1636);
#1636 = CARTESIAN_POINT('',(-31.3,-90.14960408722,74.443033041658));
#1637 = B_SPLINE_CURVE_WITH_KNOTS('',4,(#1638,#1639,#1640,#1641,#1642),
  .UNSPECIFIED.,.F.,.F.,(5,5),(0.,1.),.PIECEWISE_BEZIER_KNOTS.);
#1638 = CARTESIAN_POINT('',(-31.3,-90.44673234644,74.279685398855));
#1639 = CARTESIAN_POINT('',(-31.3,-90.37245028163,74.320522309556));
#1640 = CARTESIAN_POINT('',(-31.3,-90.29816821683,74.361359220257));
#1641 = CARTESIAN_POINT('',(-31.3,-90.22388615203,74.402196130958));
#1642 = CARTESIAN_POINT('',(-31.3,-90.14960408722,74.443033041658));
#1643 = ORIENTED_EDGE('',*,*,#1644,.T.);
#1644 = EDGE_CURVE('',#1635,#1645,#1647,.T.);
#1645 = VERTEX_POINT('',#1646);
#1646 = CARTESIAN_POINT('',(-31.3,-90.29905900165,74.968172116004));
#1647 = B_SPLINE_CURVE_WITH_KNOTS('',7,(#1648,#1649,#1650,#1651,#1652,
    #1653,#1654,#1655,#1656,#1657,#1658,#1659,#1660,#1661,#1662,#1663,
    #1664,#1665,#1666,#1667,#1668,#1669,#1670,#1671,#1672,#1673,#1674,
    #1675,#1676,#1677,#1678,#1679,#1680,#1681,#1682,#1683,#1684,#1685,
    #1686,#1687,#1688,#1689,#1690,#1691,#1692,#1693,#1694,#1695,#1696,
    #1697),.UNSPECIFIED.,.F.,.F.,(8,6,6,6,6,6,6,6,8),(0.,0.42097151402,
    0.514965160141,0.540967991004,0.551970094843,0.584973598853,
    0.652979138699,0.820992115553,1.),.UNSPECIFIED.);
#1648 = CARTESIAN_POINT('',(-31.3,-90.14960408722,74.443033041658));
#1649 = CARTESIAN_POINT('',(-31.3,-90.16385799009,74.473324127154));
#1650 = CARTESIAN_POINT('',(-31.3,-90.17811188192,74.503615217809));
#1651 = CARTESIAN_POINT('',(-31.3,-90.19236578136,74.533906304904));
#1652 = CARTESIAN_POINT('',(-31.3,-90.20661969501,74.564197385373));
#1653 = CARTESIAN_POINT('',(-31.3,-90.22087361733,74.594488461794));
#1654 = CARTESIAN_POINT('',(-31.3,-90.2351275307,74.624779542394));
#1655 = CARTESIAN_POINT('',(-31.3,-90.25256398094,74.661833974698));
#1656 = CARTESIAN_POINT('',(-31.3,-90.25574764622,74.668596798696));
#1657 = CARTESIAN_POINT('',(-31.3,-90.25893057713,74.675359965489));
#1658 = CARTESIAN_POINT('',(-31.3,-90.26211212285,74.682123779363));
#1659 = CARTESIAN_POINT('',(-31.3,-90.26529280581,74.688887996439));
#1660 = CARTESIAN_POINT('',(-31.3,-90.26847432168,74.695651824674));
#1661 = CARTESIAN_POINT('',(-31.3,-90.27254071258,74.704284621816));
#1662 = CARTESIAN_POINT('',(-31.3,-90.27340281084,74.706165647905));
#1663 = CARTESIAN_POINT('',(-31.3,-90.27435295258,74.707998761527));
#1664 = CARTESIAN_POINT('',(-31.3,-90.27511826583,74.70992635523));
#1665 = CARTESIAN_POINT('',(-31.3,-90.27606853435,74.711763733083));
#1666 = CARTESIAN_POINT('',(-31.3,-90.27698136886,74.713620437625));
#1667 = CARTESIAN_POINT('',(-31.3,-90.27814356996,74.716323166899));
#1668 = CARTESIAN_POINT('',(-31.3,-90.27847326193,74.717133457795));
#1669 = CARTESIAN_POINT('',(-31.3,-90.27879472607,74.717947449172));
#1670 = CARTESIAN_POINT('',(-31.3,-90.2791163189,74.718760584757));
#1671 = CARTESIAN_POINT('',(-31.3,-90.27942559246,74.719579039798));
#1672 = CARTESIAN_POINT('',(-31.3,-90.27973201337,74.72039817351));
#1673 = CARTESIAN_POINT('',(-31.3,-90.28093476091,74.723683896318));
#1674 = CARTESIAN_POINT('',(-31.3,-90.28178876458,74.726165763978));
#1675 = CARTESIAN_POINT('',(-31.3,-90.28260880377,74.728658992091));
#1676 = CARTESIAN_POINT('',(-31.3,-90.28339691443,74.731162373024));
#1677 = CARTESIAN_POINT('',(-31.3,-90.28415454872,74.73367507522));
#1678 = CARTESIAN_POINT('',(-31.3,-90.2848856586,74.736195401606));
#1679 = CARTESIAN_POINT('',(-31.3,-90.28704564707,74.743931225896));
#1680 = CARTESIAN_POINT('',(-31.3,-90.28839288305,74.749169171614));
#1681 = CARTESIAN_POINT('',(-31.3,-90.28964672352,74.754430619386));
#1682 = CARTESIAN_POINT('',(-31.3,-90.29081611407,74.759711311042));
#1683 = CARTESIAN_POINT('',(-31.3,-90.29190691887,74.765008377141));
#1684 = CARTESIAN_POINT('',(-31.3,-90.29292350002,74.770319775893));
#1685 = CARTESIAN_POINT('',(-31.3,-90.29620943262,74.788796980058));
#1686 = CARTESIAN_POINT('',(-31.3,-90.29812149652,74.80202546176));
#1687 = CARTESIAN_POINT('',(-31.3,-90.29966533178,74.815303607533));
#1688 = CARTESIAN_POINT('',(-31.3,-90.30087222704,74.828615822772));
#1689 = CARTESIAN_POINT('',(-31.3,-90.30176525952,74.841950664489));
#1690 = CARTESIAN_POINT('',(-31.3,-90.30236615411,74.855298819685));
#1691 = CARTESIAN_POINT('',(-31.3,-90.30303433311,74.882884983262));
#1692 = CARTESIAN_POINT('',(-31.3,-90.30306475714,74.89712248482));
#1693 = CARTESIAN_POINT('',(-31.3,-90.30279910239,74.911359254678));
#1694 = CARTESIAN_POINT('',(-31.3,-90.30225460236,74.925587749241));
#1695 = CARTESIAN_POINT('',(-31.3,-90.30144301849,74.93980232966));
#1696 = CARTESIAN_POINT('',(-31.3,-90.30037295207,74.953998792183));
#1697 = CARTESIAN_POINT('',(-31.3,-90.29905900165,74.968172116004));
#1698 = ORIENTED_EDGE('',*,*,#1699,.T.);
#1699 = EDGE_CURVE('',#1645,#1700,#1702,.T.);
#1700 = VERTEX_POINT('',#1701);
#1701 = CARTESIAN_POINT('',(-31.3,-90.08488037453,75.052971433366));
#1702 = B_SPLINE_CURVE_WITH_KNOTS('',4,(#1703,#1704,#1705,#1706,#1707),
  .UNSPECIFIED.,.F.,.F.,(5,5),(0.,1.),.PIECEWISE_BEZIER_KNOTS.);
#1703 = CARTESIAN_POINT('',(-31.3,-90.29905900165,74.968172116004));
#1704 = CARTESIAN_POINT('',(-31.3,-90.24551434487,74.989371945345));
#1705 = CARTESIAN_POINT('',(-31.3,-90.19196968809,75.010571774685));
#1706 = CARTESIAN_POINT('',(-31.3,-90.13842503131,75.031771604026));
#1707 = CARTESIAN_POINT('',(-31.3,-90.08488037453,75.052971433366));
#1708 = ORIENTED_EDGE('',*,*,#1709,.T.);
#1709 = EDGE_CURVE('',#1700,#1710,#1712,.T.);
#1710 = VERTEX_POINT('',#1711);
#1711 = CARTESIAN_POINT('',(-31.3,-89.83434588481,74.567852593997));
#1712 = B_SPLINE_CURVE_WITH_KNOTS('',6,(#1713,#1714,#1715,#1716,#1717,
    #1718,#1719,#1720,#1721,#1722,#1723,#1724,#1725,#1726,#1727,#1728,
    #1729,#1730,#1731,#1732,#1733,#1734,#1735,#1736,#1737,#1738,#1739,
    #1740,#1741,#1742,#1743,#1744,#1745,#1746,#1747,#1748,#1749,#1750,
    #1751,#1752,#1753,#1754,#1755,#1756,#1757,#1758,#1759,#1760,#1761,
    #1762,#1763,#1764,#1765,#1766,#1767,#1768,#1769),.UNSPECIFIED.,.F.,
  .F.,(7,5,5,5,5,5,5,5,5,5,5,7),(0.,0.251012533924,0.371114358391,
    0.493622984267,0.522448543871,0.535660286106,0.548872292418,
    0.557280378637,0.576677893176,0.632664338663,0.766759093077,1.),
  .UNSPECIFIED.);
#1713 = CARTESIAN_POINT('',(-31.3,-90.08488037453,75.052971433366));
#1714 = CARTESIAN_POINT('',(-31.3,-90.07035903471,75.040122463223));
#1715 = CARTESIAN_POINT('',(-31.3,-90.05614747959,75.026922776112));
#1716 = CARTESIAN_POINT('',(-31.3,-90.04228222827,75.013355339355));
#1717 = CARTESIAN_POINT('',(-31.3,-90.02878702483,74.999414961921));
#1718 = CARTESIAN_POINT('',(-31.3,-90.01571157904,74.985083749377));
#1719 = CARTESIAN_POINT('',(-31.3,-89.99709227672,74.963286058712));
#1720 = CARTESIAN_POINT('',(-31.3,-89.99117712719,74.956137502106));
#1721 = CARTESIAN_POINT('',(-31.3,-89.98537971103,74.948892022806));
#1722 = CARTESIAN_POINT('',(-31.3,-89.97970852958,74.941546851428));
#1723 = CARTESIAN_POINT('',(-31.3,-89.97417452218,74.934098445542));
#1724 = CARTESIAN_POINT('',(-31.3,-89.96330205246,74.918833814218));
#1725 = CARTESIAN_POINT('',(-31.3,-89.95797107307,74.911013865156));
#1726 = CARTESIAN_POINT('',(-31.3,-89.9528117043,74.903076373754));
#1727 = CARTESIAN_POINT('',(-31.3,-89.94785206036,74.89501147625));
#1728 = CARTESIAN_POINT('',(-31.3,-89.94311119665,74.886815406727));
#1729 = CARTESIAN_POINT('',(-31.3,-89.93762213803,74.876494685325));
#1730 = CARTESIAN_POINT('',(-31.3,-89.93659307168,74.874520101688));
#1731 = CARTESIAN_POINT('',(-31.3,-89.93558145619,74.872536431564));
#1732 = CARTESIAN_POINT('',(-31.3,-89.93458875193,74.870543185499));
#1733 = CARTESIAN_POINT('',(-31.3,-89.93361689741,74.868539739168));
#1734 = CARTESIAN_POINT('',(-31.3,-89.93223353889,74.865602062126));
#1735 = CARTESIAN_POINT('',(-31.3,-89.93180374189,74.864676460819));
#1736 = CARTESIAN_POINT('',(-31.3,-89.93137898623,74.86374850386));
#1737 = CARTESIAN_POINT('',(-31.3,-89.93095959868,74.862818083525));
#1738 = CARTESIAN_POINT('',(-31.3,-89.93054616482,74.861885009952));
#1739 = CARTESIAN_POINT('',(-31.3,-89.92973288523,74.860012993612));
#1740 = CARTESIAN_POINT('',(-31.3,-89.92933342318,74.859073973248));
#1741 = CARTESIAN_POINT('',(-31.3,-89.92893931013,74.858132469362));
#1742 = CARTESIAN_POINT('',(-31.3,-89.92855733234,74.857186262215));
#1743 = CARTESIAN_POINT('',(-31.3,-89.92817984188,74.856237930623));
#1744 = CARTESIAN_POINT('',(-31.3,-89.92758369659,74.854677914185));
#1745 = CARTESIAN_POINT('',(-31.3,-89.92735817998,74.854068883266));
#1746 = CARTESIAN_POINT('',(-31.3,-89.92714188408,74.853456551329));
#1747 = CARTESIAN_POINT('',(-31.3,-89.92693489176,74.852840958429));
#1748 = CARTESIAN_POINT('',(-31.3,-89.92673447322,74.852223147491));
#1749 = CARTESIAN_POINT('',(-31.3,-89.92607509846,74.850179472725));
#1750 = CARTESIAN_POINT('',(-31.3,-89.92595515939,74.849787927804));
#1751 = CARTESIAN_POINT('',(-31.3,-89.9256979542,74.848985810944));
#1752 = CARTESIAN_POINT('',(-31.3,-89.92511198587,74.847190724822));
#1753 = CARTESIAN_POINT('',(-31.3,-89.92429157499,74.844682593397));
#1754 = CARTESIAN_POINT('',(-31.3,-89.92166945016,74.836603306343));
#1755 = CARTESIAN_POINT('',(-31.3,-89.91971951119,74.830603781047));
#1756 = CARTESIAN_POINT('',(-31.3,-89.91776921198,74.824604374114));
#1757 = CARTESIAN_POINT('',(-31.3,-89.91581961776,74.818604735869));
#1758 = CARTESIAN_POINT('',(-31.3,-89.9138706899,74.812604878866));
#1759 = CARTESIAN_POINT('',(-31.3,-89.90725221219,74.792235120608));
#1760 = CARTESIAN_POINT('',(-31.3,-89.90257784513,74.777848942223));
#1761 = CARTESIAN_POINT('',(-31.3,-89.89804290864,74.763891905403));
#1762 = CARTESIAN_POINT('',(-31.3,-89.89363733776,74.750332960943));
#1763 = CARTESIAN_POINT('',(-31.3,-89.88919627865,74.73666474777));
#1764 = CARTESIAN_POINT('',(-31.3,-89.87605772117,74.6962284265));
#1765 = CARTESIAN_POINT('',(-31.3,-89.86771535395,74.67055325998));
#1766 = CARTESIAN_POINT('',(-31.3,-89.85937298676,74.644878093455));
#1767 = CARTESIAN_POINT('',(-31.3,-89.85103061947,74.61920292696));
#1768 = CARTESIAN_POINT('',(-31.3,-89.84268825211,74.593527760489));
#1769 = CARTESIAN_POINT('',(-31.3,-89.83434588481,74.567852593997));
#1770 = ORIENTED_EDGE('',*,*,#1771,.T.);
#1771 = EDGE_CURVE('',#1710,#1772,#1774,.T.);
#1772 = VERTEX_POINT('',#1773);
#1773 = CARTESIAN_POINT('',(-31.3,-89.50592954938,74.652175576967));
#1774 = B_SPLINE_CURVE_WITH_KNOTS('',4,(#1775,#1776,#1777,#1778,#1779),
  .UNSPECIFIED.,.F.,.F.,(5,5),(0.,1.),.PIECEWISE_BEZIER_KNOTS.);
#1775 = CARTESIAN_POINT('',(-31.3,-89.83434588481,74.567852593997));
#1776 = CARTESIAN_POINT('',(-31.3,-89.75224180095,74.58893333974));
#1777 = CARTESIAN_POINT('',(-31.3,-89.67013771709,74.610014085482));
#1778 = CARTESIAN_POINT('',(-31.3,-89.58803363323,74.631094831225));
#1779 = CARTESIAN_POINT('',(-31.3,-89.50592954938,74.652175576967));
#1780 = ORIENTED_EDGE('',*,*,#1781,.T.);
#1781 = EDGE_CURVE('',#1772,#1782,#1784,.T.);
#1782 = VERTEX_POINT('',#1783);
#1783 = CARTESIAN_POINT('',(-31.3,-89.52009228569,75.197984367435));
#1784 = B_SPLINE_CURVE_WITH_KNOTS('',7,(#1785,#1786,#1787,#1788,#1789,
    #1790,#1791,#1792,#1793,#1794,#1795,#1796,#1797,#1798,#1799,#1800,
    #1801,#1802,#1803,#1804,#1805,#1806,#1807,#1808,#1809,#1810,#1811,
    #1812,#1813,#1814,#1815,#1816,#1817,#1818,#1819,#1820,#1821,#1822,
    #1823,#1824,#1825,#1826,#1827,#1828,#1829,#1830,#1831,#1832,#1833,
    #1834),.UNSPECIFIED.,.F.,.F.,(8,6,6,6,6,6,6,6,8),(0.,0.268668507796,
    0.334526645166,0.37020282689,0.38529783935,0.430579024804,
    0.523883404262,0.754399132567,1.),.UNSPECIFIED.);
#1785 = CARTESIAN_POINT('',(-31.3,-89.50592954938,74.652175576967));
#1786 = CARTESIAN_POINT('',(-31.3,-89.51217275255,74.684903594157));
#1787 = CARTESIAN_POINT('',(-31.3,-89.51841594416,74.717631613515));
#1788 = CARTESIAN_POINT('',(-31.3,-89.52465914369,74.750359631388));
#1789 = CARTESIAN_POINT('',(-31.3,-89.53090235806,74.78308764648));
#1790 = CARTESIAN_POINT('',(-31.3,-89.53714558158,74.815815659855));
#1791 = CARTESIAN_POINT('',(-31.3,-89.543388796,74.848543674936));
#1792 = CARTESIAN_POINT('',(-31.3,-89.55116234651,74.889294247761));
#1793 = CARTESIAN_POINT('',(-31.3,-89.55249523594,74.896278348044));
#1794 = CARTESIAN_POINT('',(-31.3,-89.55395039609,74.903905573146));
#1795 = CARTESIAN_POINT('',(-31.3,-89.55562633034,74.91269419131));
#1796 = CARTESIAN_POINT('',(-31.3,-89.55740028816,74.921999164235));
#1797 = CARTESIAN_POINT('',(-31.3,-89.55892826509,74.930012147071));
#1798 = CARTESIAN_POINT('',(-31.3,-89.5600332686,74.935792553816));
#1799 = CARTESIAN_POINT('',(-31.3,-89.56040049028,74.937828879131));
#1800 = CARTESIAN_POINT('',(-31.3,-89.56086490476,74.939840692758));
#1801 = CARTESIAN_POINT('',(-31.3,-89.56112680122,74.941898053227));
#1802 = CARTESIAN_POINT('',(-31.3,-89.56159027802,74.943914028646));
#1803 = CARTESIAN_POINT('',(-31.3,-89.56201269051,74.945939414113));
#1804 = CARTESIAN_POINT('',(-31.3,-89.56246623749,74.948846259837));
#1805 = CARTESIAN_POINT('',(-31.3,-89.56258406043,74.949713085013));
#1806 = CARTESIAN_POINT('',(-31.3,-89.56269299376,74.950581448235));
#1807 = CARTESIAN_POINT('',(-31.3,-89.56280226456,74.951449014555));
#1808 = CARTESIAN_POINT('',(-31.3,-89.56289828023,74.952318669533));
#1809 = CARTESIAN_POINT('',(-31.3,-89.56299136409,74.953188272435));
#1810 = CARTESIAN_POINT('',(-31.3,-89.56333919907,74.956669879367));
#1811 = CARTESIAN_POINT('',(-31.3,-89.56354915726,74.959286156668));
#1812 = CARTESIAN_POINT('',(-31.3,-89.5637233928,74.96190499089));
#1813 = CARTESIAN_POINT('',(-31.3,-89.56386417798,74.964525718656));
#1814 = CARTESIAN_POINT('',(-31.3,-89.56397312617,74.967147895679));
#1815 = CARTESIAN_POINT('',(-31.3,-89.56405448721,74.969770861012));
#1816 = CARTESIAN_POINT('',(-31.3,-89.5642227944,74.977800817446));
#1817 = CARTESIAN_POINT('',(-31.3,-89.56422508035,74.98320924743));
#1818 = CARTESIAN_POINT('',(-31.3,-89.56413106026,74.98861721459));
#1819 = CARTESIAN_POINT('',(-31.3,-89.56395045765,74.994022819212));
#1820 = CARTESIAN_POINT('',(-31.3,-89.56368966604,74.999424740359));
#1821 = CARTESIAN_POINT('',(-31.3,-89.56335341827,75.004822085206));
#1822 = CARTESIAN_POINT('',(-31.3,-89.56194102344,75.023535972232));
#1823 = CARTESIAN_POINT('',(-31.3,-89.56050322671,75.036824367811));
#1824 = CARTESIAN_POINT('',(-31.3,-89.55869641897,75.050069292435));
#1825 = CARTESIAN_POINT('',(-31.3,-89.55655478409,75.063263422598));
#1826 = CARTESIAN_POINT('',(-31.3,-89.55410352004,75.07640141389));
#1827 = CARTESIAN_POINT('',(-31.3,-89.5513659852,75.089479648651));
#1828 = CARTESIAN_POINT('',(-31.3,-89.54515277222,75.116365311531));
#1829 = CARTESIAN_POINT('',(-31.3,-89.54164151777,75.130163081946));
#1830 = CARTESIAN_POINT('',(-31.3,-89.53784366837,75.14388651185));
#1831 = CARTESIAN_POINT('',(-31.3,-89.5337777921,75.157532580441));
#1832 = CARTESIAN_POINT('',(-31.3,-89.52945668323,75.171098750976));
#1833 = CARTESIAN_POINT('',(-31.3,-89.52488971825,75.184583090826));
#1834 = CARTESIAN_POINT('',(-31.3,-89.52009228569,75.197984367435));
#1835 = ORIENTED_EDGE('',*,*,#1836,.T.);
#1836 = EDGE_CURVE('',#1782,#1837,#1839,.T.);
#1837 = VERTEX_POINT('',#1838);
#1838 = CARTESIAN_POINT('',(-31.3,-89.29155374133,75.226855499696));
#1839 = B_SPLINE_CURVE_WITH_KNOTS('',4,(#1840,#1841,#1842,#1843,#1844),
  .UNSPECIFIED.,.F.,.F.,(5,5),(0.,1.),.PIECEWISE_BEZIER_KNOTS.);
#1840 = CARTESIAN_POINT('',(-31.3,-89.52009228569,75.197984367435));
#1841 = CARTESIAN_POINT('',(-31.3,-89.4629576496,75.2052021505));
#1842 = CARTESIAN_POINT('',(-31.3,-89.40582301351,75.212419933565));
#1843 = CARTESIAN_POINT('',(-31.3,-89.34868837742,75.21963771663));
#1844 = CARTESIAN_POINT('',(-31.3,-89.29155374133,75.226855499696));
#1845 = ORIENTED_EDGE('',*,*,#1846,.T.);
#1846 = EDGE_CURVE('',#1837,#1847,#1849,.T.);
#1847 = VERTEX_POINT('',#1848);
#1848 = CARTESIAN_POINT('',(-31.3,-89.16953440272,74.694672166756));
#1849 = B_SPLINE_CURVE_WITH_KNOTS('',6,(#1850,#1851,#1852,#1853,#1854,
    #1855,#1856,#1857,#1858,#1859,#1860,#1861,#1862,#1863,#1864,#1865,
    #1866,#1867,#1868,#1869,#1870,#1871,#1872,#1873,#1874,#1875,#1876,
    #1877,#1878,#1879,#1880,#1881,#1882,#1883,#1884,#1885,#1886,#1887,
    #1888,#1889,#1890,#1891,#1892,#1893,#1894,#1895,#1896,#1897,#1898,
    #1899,#1900,#1901,#1902,#1903,#1904,#1905,#1906),.UNSPECIFIED.,.F.,
  .F.,(7,5,5,5,5,5,5,5,5,5,5,7),(0.,0.25101253392,0.371114358386,
    0.49362298426,0.522448543863,0.535660286098,0.54887229241,
    0.557280378629,0.576677893168,0.632664338657,0.766759093072,1.),
  .UNSPECIFIED.);
#1850 = CARTESIAN_POINT('',(-31.3,-89.29155374133,75.226855499696));
#1851 = CARTESIAN_POINT('',(-31.3,-89.28068402504,75.210798893217));
#1852 = CARTESIAN_POINT('',(-31.3,-89.27020158075,75.194479628509));
#1853 = CARTESIAN_POINT('',(-31.3,-89.26014601611,75.17789028994));
#1854 = CARTESIAN_POINT('',(-31.3,-89.25054162019,75.161031754476));
#1855 = CARTESIAN_POINT('',(-31.3,-89.24144099121,75.14389905219));
#1856 = CARTESIAN_POINT('',(-31.3,-89.22882751375,75.118155743868));
#1857 = CARTESIAN_POINT('',(-31.3,-89.22487597325,75.109760734443));
#1858 = CARTESIAN_POINT('',(-31.3,-89.22106257101,75.101301126429));
#1859 = CARTESIAN_POINT('',(-31.3,-89.21739622999,75.092776351641));
#1860 = CARTESIAN_POINT('',(-31.3,-89.21388842683,75.084185699447));
#1861 = CARTESIAN_POINT('',(-31.3,-89.20715369519,75.066696761318));
#1862 = CARTESIAN_POINT('',(-31.3,-89.20393494056,75.057796729671));
#1863 = CARTESIAN_POINT('',(-31.3,-89.20091163669,75.048825526321));
#1864 = CARTESIAN_POINT('',(-31.3,-89.19811346753,75.03978058911));
#1865 = CARTESIAN_POINT('',(-31.3,-89.19555982638,75.030663009322));
#1866 = CARTESIAN_POINT('',(-31.3,-89.19280987567,75.019301458992));
#1867 = CARTESIAN_POINT('',(-31.3,-89.19230419832,75.017132992137));
#1868 = CARTESIAN_POINT('',(-31.3,-89.19181768329,75.014960064116));
#1869 = CARTESIAN_POINT('',(-31.3,-89.19135186679,75.012782564031));
#1870 = CARTESIAN_POINT('',(-31.3,-89.19090878172,75.01060036926));
#1871 = CARTESIAN_POINT('',(-31.3,-89.19029945452,75.007410957471));
#1872 = CARTESIAN_POINT('',(-31.3,-89.19011334807,75.006407549462));
#1873 = CARTESIAN_POINT('',(-31.3,-89.1899327104,75.005403113541));
#1874 = CARTESIAN_POINT('',(-31.3,-89.18975788481,75.004397626629));
#1875 = CARTESIAN_POINT('',(-31.3,-89.18958948569,75.003391050458));
#1876 = CARTESIAN_POINT('',(-31.3,-89.18926730831,75.001375592544));
#1877 = CARTESIAN_POINT('',(-31.3,-89.18911392097,75.00036673106));
#1878 = CARTESIAN_POINT('',(-31.3,-89.18896633219,74.999356794319));
#1879 = CARTESIAN_POINT('',(-31.3,-89.18883166709,74.998345319996));
#1880 = CARTESIAN_POINT('',(-31.3,-89.18870187666,74.997332903925));
#1881 = CARTESIAN_POINT('',(-31.3,-89.18851242068,74.995673642967));
#1882 = CARTESIAN_POINT('',(-31.3,-89.18844544893,74.995027662175));
#1883 = CARTESIAN_POINT('',(-31.3,-89.18838822912,74.994380777169));
#1884 = CARTESIAN_POINT('',(-31.3,-89.18834083157,74.993733047354));
#1885 = CARTESIAN_POINT('',(-31.3,-89.18830035288,74.99308480402));
#1886 = CARTESIAN_POINT('',(-31.3,-89.18816993484,74.99094135522));
#1887 = CARTESIAN_POINT('',(-31.3,-89.18815113713,74.990532283768));
#1888 = CARTESIAN_POINT('',(-31.3,-89.18810149087,74.989691402555));
#1889 = CARTESIAN_POINT('',(-31.3,-89.18798035158,74.987806987967));
#1890 = CARTESIAN_POINT('',(-31.3,-89.18780946234,74.985173626214));
#1891 = CARTESIAN_POINT('',(-31.3,-89.18727895336,74.976696068889));
#1892 = CARTESIAN_POINT('',(-31.3,-89.18688229659,74.970400099612));
#1893 = CARTESIAN_POINT('',(-31.3,-89.18648526144,74.964104155389));
#1894 = CARTESIAN_POINT('',(-31.3,-89.18608896666,74.957808162444));
#1895 = CARTESIAN_POINT('',(-31.3,-89.18569337172,74.951512123334));
#1896 = CARTESIAN_POINT('',(-31.3,-89.18434857855,74.930136370014));
#1897 = CARTESIAN_POINT('',(-31.3,-89.1833987624,74.91503969206));
#1898 = CARTESIAN_POINT('',(-31.3,-89.18247727319,74.900393348374));
#1899 = CARTESIAN_POINT('',(-31.3,-89.18158208379,74.886164762161));
#1900 = CARTESIAN_POINT('',(-31.3,-89.1806796951,74.871821514549));
#1901 = CARTESIAN_POINT('',(-31.3,-89.17801001374,74.829388148292));
#1902 = CARTESIAN_POINT('',(-31.3,-89.1763148916,74.802444951981));
#1903 = CARTESIAN_POINT('',(-31.3,-89.17461976947,74.775501755669));
#1904 = CARTESIAN_POINT('',(-31.3,-89.17292464725,74.748558559363));
#1905 = CARTESIAN_POINT('',(-31.3,-89.17122952495,74.721615363062));
#1906 = CARTESIAN_POINT('',(-31.3,-89.16953440272,74.694672166756));
#1907 = ORIENTED_EDGE('',*,*,#1908,.T.);
#1908 = EDGE_CURVE('',#1847,#170,#1909,.T.);
#1909 = B_SPLINE_CURVE_WITH_KNOTS('',4,(#1910,#1911,#1912,#1913,#1914),
  .UNSPECIFIED.,.F.,.F.,(5,5),(0.,1.),.PIECEWISE_BEZIER_KNOTS.);
#1910 = CARTESIAN_POINT('',(-31.3,-89.16953440272,74.694672166756));
#1911 = CARTESIAN_POINT('',(-31.3,-89.12715080204,74.694672166756));
#1912 = CARTESIAN_POINT('',(-31.3,-89.08476720136,74.694672166756));
#1913 = CARTESIAN_POINT('',(-31.3,-89.04238360068,74.694672166756));
#1914 = CARTESIAN_POINT('',(-31.3,-89.,74.694672166756));
#1915 = PLANE('',#1916);
#1916 = AXIS2_PLACEMENT_3D('',#1917,#1918,#1919);
#1917 = CARTESIAN_POINT('',(-31.3,-112.,62.));
#1918 = DIRECTION('',(1.,0.,0.));
#1919 = DIRECTION('',(0.,0.,1.));
#1920 = ADVANCED_FACE('',(#1921),#1946,.F.);
#1921 = FACE_BOUND('',#1922,.F.);
#1922 = EDGE_LOOP('',(#1923,#1924,#1932,#1940));
#1923 = ORIENTED_EDGE('',*,*,#31,.F.);
#1924 = ORIENTED_EDGE('',*,*,#1925,.T.);
#1925 = EDGE_CURVE('',#22,#1926,#1928,.T.);
#1926 = VERTEX_POINT('',#1927);
#1927 = CARTESIAN_POINT('',(-16.3,-112.,62.));
#1928 = LINE('',#1929,#1930);
#1929 = CARTESIAN_POINT('',(-31.3,-112.,62.));
#1930 = VECTOR('',#1931,1.);
#1931 = DIRECTION('',(1.,0.,0.));
#1932 = ORIENTED_EDGE('',*,*,#1933,.T.);
#1933 = EDGE_CURVE('',#1926,#1934,#1936,.T.);
#1934 = VERTEX_POINT('',#1935);
#1935 = CARTESIAN_POINT('',(-16.3,-89.,62.));
#1936 = LINE('',#1937,#1938);
#1937 = CARTESIAN_POINT('',(-16.3,-112.,62.));
#1938 = VECTOR('',#1939,1.);
#1939 = DIRECTION('',(0.,1.,0.));
#1940 = ORIENTED_EDGE('',*,*,#1941,.F.);
#1941 = EDGE_CURVE('',#32,#1934,#1942,.T.);
#1942 = LINE('',#1943,#1944);
#1943 = CARTESIAN_POINT('',(-31.3,-89.,62.));
#1944 = VECTOR('',#1945,1.);
#1945 = DIRECTION('',(1.,0.,0.));
#1946 = PLANE('',#1947);
#1947 = AXIS2_PLACEMENT_3D('',#1948,#1949,#1950);
#1948 = CARTESIAN_POINT('',(-31.3,-112.,62.));
#1949 = DIRECTION('',(0.,0.,1.));
#1950 = DIRECTION('',(1.,0.,0.));
#1951 = ADVANCED_FACE('',(#1952),#2001,.T.);
#1952 = FACE_BOUND('',#1953,.F.);
#1953 = EDGE_LOOP('',(#1954,#1962,#1963,#1971,#1980));
#1954 = ORIENTED_EDGE('',*,*,#1955,.F.);
#1955 = EDGE_CURVE('',#63,#1956,#1958,.T.);
#1956 = VERTEX_POINT('',#1957);
#1957 = CARTESIAN_POINT('',(-24.45693795334,-158.4603107978,
    48.578838324886));
#1958 = LINE('',#1959,#1960);
#1959 = CARTESIAN_POINT('',(-31.3,-158.4603107978,48.578838324886));
#1960 = VECTOR('',#1961,1.);
#1961 = DIRECTION('',(1.,0.,0.));
#1962 = ORIENTED_EDGE('',*,*,#62,.T.);
#1963 = ORIENTED_EDGE('',*,*,#1964,.T.);
#1964 = EDGE_CURVE('',#65,#1965,#1967,.T.);
#1965 = VERTEX_POINT('',#1966);
#1966 = CARTESIAN_POINT('',(-16.3,-112.01,82.));
#1967 = LINE('',#1968,#1969);
#1968 = CARTESIAN_POINT('',(-31.3,-112.01,82.));
#1969 = VECTOR('',#1970,1.);
#1970 = DIRECTION('',(1.,0.,0.));
#1971 = ORIENTED_EDGE('',*,*,#1972,.F.);
#1972 = EDGE_CURVE('',#1973,#1965,#1975,.T.);
#1973 = VERTEX_POINT('',#1974);
#1974 = CARTESIAN_POINT('',(-16.3,-159.850012056,43.562409510371));
#1975 = CIRCLE('',#1976,48.99);
#1976 = AXIS2_PLACEMENT_3D('',#1977,#1978,#1979);
#1977 = CARTESIAN_POINT('',(-16.3,-112.01,33.01));
#1978 = DIRECTION('',(-1.,0.,0.));
#1979 = DIRECTION('',(0.,0.,1.));
#1980 = ORIENTED_EDGE('',*,*,#1981,.T.);
#1981 = EDGE_CURVE('',#1973,#1956,#1982,.T.);
#1982 = B_SPLINE_CURVE_WITH_KNOTS('',5,(#1983,#1984,#1985,#1986,#1987,
    #1988,#1989,#1990,#1991,#1992,#1993,#1994,#1995,#1996,#1997,#1998,
    #1999,#2000),.UNSPECIFIED.,.F.,.F.,(6,4,4,4,6),(0.,0.201792758371,
    0.426093125473,0.68446202234,1.),.UNSPECIFIED.);
#1983 = CARTESIAN_POINT('',(-16.29970772194,-159.8500683051,
    43.562154498331));
#1984 = CARTESIAN_POINT('',(-16.60606237877,-159.7911101516,
    43.829451768351));
#1985 = CARTESIAN_POINT('',(-16.91521448532,-159.7316336831,
    44.090223312065));
#1986 = CARTESIAN_POINT('',(-17.22705911,-159.6718206623,44.344457807408
    ));
#1987 = CARTESIAN_POINT('',(-17.5414940515,-159.6118454981,
    44.592147958015));
#1988 = CARTESIAN_POINT('',(-18.21069496991,-159.4852160177,
    45.101329641941));
#1989 = CARTESIAN_POINT('',(-18.5660474234,-159.418562815,
    45.361278858481));
#1990 = CARTESIAN_POINT('',(-18.92434064912,-159.3521450623,
    45.613133679476));
#1991 = CARTESIAN_POINT('',(-19.28544119331,-159.2861803482,
    45.856893642297));
#1992 = CARTESIAN_POINT('',(-20.0682496343,-159.1456493189,
    46.364026162027));
#1993 = CARTESIAN_POINT('',(-20.49083221222,-159.0712982497,
    46.624753763394));
#1994 = CARTESIAN_POINT('',(-20.91676728925,-158.9981357286,
    46.874750544752));
#1995 = CARTESIAN_POINT('',(-21.34585923045,-158.9264543459,
    47.11402583018));
#1996 = CARTESIAN_POINT('',(-22.30557342598,-158.7711219382,
    47.621734629072));
#1997 = CARTESIAN_POINT('',(-22.83765230125,-158.6883319001,
    47.884904616276));
#1998 = CARTESIAN_POINT('',(-23.37380283044,-158.6086471294,
    48.132126323059));
#1999 = CARTESIAN_POINT('',(-23.91367871243,-158.5325103846,
    48.363427696531));
#2000 = CARTESIAN_POINT('',(-24.45693795334,-158.4603107978,
    48.578838324886));
#2001 = CYLINDRICAL_SURFACE('',#2002,48.99);
#2002 = AXIS2_PLACEMENT_3D('',#2003,#2004,#2005);
#2003 = CARTESIAN_POINT('',(-31.3,-112.01,33.01));
#2004 = DIRECTION('',(1.,0.,0.));
#2005 = DIRECTION('',(0.,-1.,0.));
#2006 = ADVANCED_FACE('',(#2007),#2018,.T.);
#2007 = FACE_BOUND('',#2008,.T.);
#2008 = EDGE_LOOP('',(#2009,#2010,#2017));
#2009 = ORIENTED_EDGE('',*,*,#73,.F.);
#2010 = ORIENTED_EDGE('',*,*,#2011,.T.);
#2011 = EDGE_CURVE('',#74,#1956,#2012,.T.);
#2012 = CIRCLE('',#2013,16.5);
#2013 = AXIS2_PLACEMENT_3D('',#2014,#2015,#2016);
#2014 = CARTESIAN_POINT('',(-34.,-145.,48.578838324886));
#2015 = DIRECTION('',(0.,0.,1.));
#2016 = DIRECTION('',(1.,0.,0.));
#2017 = ORIENTED_EDGE('',*,*,#1955,.F.);
#2018 = PLANE('',#2019);
#2019 = AXIS2_PLACEMENT_3D('',#2020,#2021,#2022);
#2020 = CARTESIAN_POINT('',(-34.,-145.,48.578838324886));
#2021 = DIRECTION('',(0.,0.,1.));
#2022 = DIRECTION('',(1.,0.,0.));
#2023 = ADVANCED_FACE('',(#2024),#2035,.T.);
#2024 = FACE_BOUND('',#2025,.T.);
#2025 = EDGE_LOOP('',(#2026,#2027,#2028,#2034));
#2026 = ORIENTED_EDGE('',*,*,#113,.F.);
#2027 = ORIENTED_EDGE('',*,*,#1964,.T.);
#2028 = ORIENTED_EDGE('',*,*,#2029,.T.);
#2029 = EDGE_CURVE('',#1965,#140,#2030,.T.);
#2030 = LINE('',#2031,#2032);
#2031 = CARTESIAN_POINT('',(-16.3,-161.,82.));
#2032 = VECTOR('',#2033,1.);
#2033 = DIRECTION('',(0.,1.,0.));
#2034 = ORIENTED_EDGE('',*,*,#139,.F.);
#2035 = PLANE('',#2036);
#2036 = AXIS2_PLACEMENT_3D('',#2037,#2038,#2039);
#2037 = CARTESIAN_POINT('',(-31.3,-161.,82.));
#2038 = DIRECTION('',(0.,0.,1.));
#2039 = DIRECTION('',(1.,0.,0.));
#2040 = ADVANCED_FACE('',(#2041),#2071,.T.);
#2041 = FACE_BOUND('',#2042,.T.);
#2042 = EDGE_LOOP('',(#2043,#2044,#2045,#2054,#2063,#2070));
#2043 = ORIENTED_EDGE('',*,*,#2011,.F.);
#2044 = ORIENTED_EDGE('',*,*,#81,.F.);
#2045 = ORIENTED_EDGE('',*,*,#2046,.T.);
#2046 = EDGE_CURVE('',#82,#2047,#2049,.T.);
#2047 = VERTEX_POINT('',#2048);
#2048 = CARTESIAN_POINT('',(-1.,-145.,20.));
#2049 = CIRCLE('',#2050,33.);
#2050 = AXIS2_PLACEMENT_3D('',#2051,#2052,#2053);
#2051 = CARTESIAN_POINT('',(-34.,-145.,20.));
#2052 = DIRECTION('',(0.,0.,1.));
#2053 = DIRECTION('',(1.,0.,0.));
#2054 = ORIENTED_EDGE('',*,*,#2055,.T.);
#2055 = EDGE_CURVE('',#2047,#2056,#2058,.T.);
#2056 = VERTEX_POINT('',#2057);
#2057 = CARTESIAN_POINT('',(-16.3,-145.,47.851570871317));
#2058 = CIRCLE('',#2059,33.);
#2059 = AXIS2_PLACEMENT_3D('',#2060,#2061,#2062);
#2060 = CARTESIAN_POINT('',(-34.,-145.,20.));
#2061 = DIRECTION('',(-2.4E-16,-1.,0.));
#2062 = DIRECTION('',(1.,-2.4E-16,0.));
#2063 = ORIENTED_EDGE('',*,*,#2064,.T.);
#2064 = EDGE_CURVE('',#2056,#1973,#2065,.T.);
#2065 = CIRCLE('',#2066,27.851570871317);
#2066 = AXIS2_PLACEMENT_3D('',#2067,#2068,#2069);
#2067 = CARTESIAN_POINT('',(-16.3,-145.,20.));
#2068 = DIRECTION('',(1.,0.,-0.));
#2069 = DIRECTION('',(0.,0.,1.));
#2070 = ORIENTED_EDGE('',*,*,#1981,.T.);
#2071 = SPHERICAL_SURFACE('',#2072,33.);
#2072 = AXIS2_PLACEMENT_3D('',#2073,#2074,#2075);
#2073 = CARTESIAN_POINT('',(-34.,-145.,20.));
#2074 = DIRECTION('',(0.,0.,1.));
#2075 = DIRECTION('',(1.,0.,0.));
#2076 = ADVANCED_FACE('',(#2077),#2095,.T.);
#2077 = FACE_BOUND('',#2078,.T.);
#2078 = EDGE_LOOP('',(#2079,#2087,#2088,#2089));
#2079 = ORIENTED_EDGE('',*,*,#2080,.F.);
#2080 = EDGE_CURVE('',#99,#2081,#2083,.T.);
#2081 = VERTEX_POINT('',#2082);
#2082 = CARTESIAN_POINT('',(-16.3,-112.,15.));
#2083 = LINE('',#2084,#2085);
#2084 = CARTESIAN_POINT('',(-34.,-112.,15.));
#2085 = VECTOR('',#2086,1.);
#2086 = DIRECTION('',(1.,0.,0.));
#2087 = ORIENTED_EDGE('',*,*,#106,.T.);
#2088 = ORIENTED_EDGE('',*,*,#1925,.T.);
#2089 = ORIENTED_EDGE('',*,*,#2090,.F.);
#2090 = EDGE_CURVE('',#2081,#1926,#2091,.T.);
#2091 = LINE('',#2092,#2093);
#2092 = CARTESIAN_POINT('',(-16.3,-112.,15.));
#2093 = VECTOR('',#2094,1.);
#2094 = DIRECTION('',(0.,0.,1.));
#2095 = PLANE('',#2096);
#2096 = AXIS2_PLACEMENT_3D('',#2097,#2098,#2099);
#2097 = CARTESIAN_POINT('',(-31.3,-112.,15.));
#2098 = DIRECTION('',(0.,1.,0.));
#2099 = DIRECTION('',(0.,0.,1.));
#2100 = ADVANCED_FACE('',(#2101),#2197,.T.);
#2101 = FACE_BOUND('',#2102,.T.);
#2102 = EDGE_LOOP('',(#2103,#2122,#2128,#2129,#2130,#2139,#2147,#2156,
    #2173,#2190));
#2103 = ORIENTED_EDGE('',*,*,#2104,.F.);
#2104 = EDGE_CURVE('',#2105,#2107,#2109,.T.);
#2105 = VERTEX_POINT('',#2106);
#2106 = CARTESIAN_POINT('',(-1.,-145.,-19.58578643762));
#2107 = VERTEX_POINT('',#2108);
#2108 = CARTESIAN_POINT('',(-1.007463102223,-145.7017898893,-20.));
#2109 = B_SPLINE_CURVE_WITH_KNOTS('',6,(#2110,#2111,#2112,#2113,#2114,
    #2115,#2116,#2117,#2118,#2119,#2120,#2121),.UNSPECIFIED.,.F.,.F.,(7,
    5,7),(0.,0.44559489288,1.),.UNSPECIFIED.);
#2110 = CARTESIAN_POINT('',(-1.,-145.,-19.58578643762));
#2111 = CARTESIAN_POINT('',(-1.,-145.0679774766,-19.58578643762));
#2112 = CARTESIAN_POINT('',(-1.000167915309,-145.1351511877,
    -19.59379675082));
#2113 = CARTESIAN_POINT('',(-1.000496844378,-145.2005243481,
    -19.60946043327));
#2114 = CARTESIAN_POINT('',(-1.000961995304,-145.2631416054,
    -19.63197783521));
#2115 = CARTESIAN_POINT('',(-1.001527086174,-145.3221325655,
    -19.66010408973));
#2116 = CARTESIAN_POINT('',(-1.002926696551,-145.4447164542,
    -19.7320136026));
#2117 = CARTESIAN_POINT('',(-1.003802817084,-145.5067365037,
    -19.77842496341));
#2118 = CARTESIAN_POINT('',(-1.004726353934,-145.5630264661,
    -19.82954110721));
#2119 = CARTESIAN_POINT('',(-1.005658906647,-145.6140039895,
    -19.88404377948));
#2120 = CARTESIAN_POINT('',(-1.006577384683,-145.6601616443,
    -19.94108808814));
#2121 = CARTESIAN_POINT('',(-1.007467071127,-145.7019764506,
    -20.00026395085));
#2122 = ORIENTED_EDGE('',*,*,#2123,.T.);
#2123 = EDGE_CURVE('',#2105,#2047,#2124,.T.);
#2124 = LINE('',#2125,#2126);
#2125 = CARTESIAN_POINT('',(-1.,-145.,-20.));
#2126 = VECTOR('',#2127,1.);
#2127 = DIRECTION('',(0.,0.,1.));
#2128 = ORIENTED_EDGE('',*,*,#2046,.F.);
#2129 = ORIENTED_EDGE('',*,*,#90,.T.);
#2130 = ORIENTED_EDGE('',*,*,#2131,.F.);
#2131 = EDGE_CURVE('',#2132,#91,#2134,.T.);
#2132 = VERTEX_POINT('',#2133);
#2133 = CARTESIAN_POINT('',(-34.,-112.,15.));
#2134 = CIRCLE('',#2135,33.);
#2135 = AXIS2_PLACEMENT_3D('',#2136,#2137,#2138);
#2136 = CARTESIAN_POINT('',(-34.,-145.,15.));
#2137 = DIRECTION('',(0.,0.,-1.));
#2138 = DIRECTION('',(1.,0.,0.));
#2139 = ORIENTED_EDGE('',*,*,#2140,.F.);
#2140 = EDGE_CURVE('',#2141,#2132,#2143,.T.);
#2141 = VERTEX_POINT('',#2142);
#2142 = CARTESIAN_POINT('',(-34.,-112.,-20.));
#2143 = LINE('',#2144,#2145);
#2144 = CARTESIAN_POINT('',(-34.,-112.,-20.));
#2145 = VECTOR('',#2146,1.);
#2146 = DIRECTION('',(0.,0.,1.));
#2147 = ORIENTED_EDGE('',*,*,#2148,.T.);
#2148 = EDGE_CURVE('',#2141,#2149,#2151,.T.);
#2149 = VERTEX_POINT('',#2150);
#2150 = CARTESIAN_POINT('',(-66.99253689777,-144.2982101106,-20.));
#2151 = CIRCLE('',#2152,33.);
#2152 = AXIS2_PLACEMENT_3D('',#2153,#2154,#2155);
#2153 = CARTESIAN_POINT('',(-34.,-145.,-20.));
#2154 = DIRECTION('',(0.,0.,1.));
#2155 = DIRECTION('',(1.,0.,0.));
#2156 = ORIENTED_EDGE('',*,*,#2157,.F.);
#2157 = EDGE_CURVE('',#2158,#2149,#2160,.T.);
#2158 = VERTEX_POINT('',#2159);
#2159 = CARTESIAN_POINT('',(-67.,-145.,-19.58578643762));
#2160 = B_SPLINE_CURVE_WITH_KNOTS('',6,(#2161,#2162,#2163,#2164,#2165,
    #2166,#2167,#2168,#2169,#2170,#2171,#2172),.UNSPECIFIED.,.F.,.F.,(7,
    5,7),(0.,0.445594923664,1.),.UNSPECIFIED.);
#2161 = CARTESIAN_POINT('',(-67.,-145.,-19.58578643762));
#2162 = CARTESIAN_POINT('',(-67.,-144.9320225376,-19.58578643762));
#2163 = CARTESIAN_POINT('',(-66.9998320848,-144.8648488519,
    -19.59379674557));
#2164 = CARTESIAN_POINT('',(-66.99950315587,-144.7994757044,
    -19.60946042121));
#2165 = CARTESIAN_POINT('',(-66.99903800516,-144.7368584567,
    -19.63197781265));
#2166 = CARTESIAN_POINT('',(-66.99847291458,-144.6778675135,
    -19.66010405193));
#2167 = CARTESIAN_POINT('',(-66.99707330482,-144.5552836505,
    -19.73201353047));
#2168 = CARTESIAN_POINT('',(-66.9961971847,-144.4932636149,
    -19.77842486693));
#2169 = CARTESIAN_POINT('',(-66.99527364824,-144.4369736627,
    -19.82954098491));
#2170 = CARTESIAN_POINT('',(-66.99434109587,-144.3859961464,
    -19.88404363077));
#2171 = CARTESIAN_POINT('',(-66.99342261812,-144.3398384962,
    -19.94108791272));
#2172 = CARTESIAN_POINT('',(-66.99253293191,-144.2980236924,
    -20.0002637483));
#2173 = ORIENTED_EDGE('',*,*,#2174,.F.);
#2174 = EDGE_CURVE('',#2175,#2158,#2177,.T.);
#2175 = VERTEX_POINT('',#2176);
#2176 = CARTESIAN_POINT('',(-66.99253689777,-145.7017898893,-20.));
#2177 = B_SPLINE_CURVE_WITH_KNOTS('',6,(#2178,#2179,#2180,#2181,#2182,
    #2183,#2184,#2185,#2186,#2187,#2188,#2189),.UNSPECIFIED.,.F.,.F.,(7,
    5,7),(0.,0.552753180924,1.),.UNSPECIFIED.);
#2178 = CARTESIAN_POINT('',(-66.99253293191,-145.7019763075,
    -20.0002637483));
#2179 = CARTESIAN_POINT('',(-66.99341990021,-145.6602892441,
    -19.94126868953));
#2180 = CARTESIAN_POINT('',(-66.99433549863,-145.6142851472,
    -19.88439121908));
#2181 = CARTESIAN_POINT('',(-66.99526512935,-145.5634919627,
    -19.83003902521));
#2182 = CARTESIAN_POINT('',(-66.99618592932,-145.5074219649,
    -19.77904795783));
#2183 = CARTESIAN_POINT('',(-66.99705995565,-145.4456606027,
    -19.73272089251));
#2184 = CARTESIAN_POINT('',(-66.99846222579,-145.3232469517,
    -19.66063617532));
#2185 = CARTESIAN_POINT('',(-66.99903099738,-145.2640847292,
    -19.63231700342));
#2186 = CARTESIAN_POINT('',(-66.99949946351,-145.2012593964,
    -19.60963616798));
#2187 = CARTESIAN_POINT('',(-66.99983083995,-145.1356517387,
    -19.59385611417));
#2188 = CARTESIAN_POINT('',(-67.,-145.0682289078,-19.58578643762));
#2189 = CARTESIAN_POINT('',(-67.,-145.,-19.58578643762));
#2190 = ORIENTED_EDGE('',*,*,#2191,.T.);
#2191 = EDGE_CURVE('',#2175,#2107,#2192,.T.);
#2192 = CIRCLE('',#2193,33.);
#2193 = AXIS2_PLACEMENT_3D('',#2194,#2195,#2196);
#2194 = CARTESIAN_POINT('',(-34.,-145.,-20.));
#2195 = DIRECTION('',(0.,0.,1.));
#2196 = DIRECTION('',(1.,0.,0.));
#2197 = CYLINDRICAL_SURFACE('',#2198,33.);
#2198 = AXIS2_PLACEMENT_3D('',#2199,#2200,#2201);
#2199 = CARTESIAN_POINT('',(-34.,-145.,-20.));
#2200 = DIRECTION('',(0.,0.,1.));
#2201 = DIRECTION('',(1.,0.,0.));
#2202 = ADVANCED_FACE('',(#2203),#2213,.T.);
#2203 = FACE_BOUND('',#2204,.T.);
#2204 = EDGE_LOOP('',(#2205,#2211,#2212));
#2205 = ORIENTED_EDGE('',*,*,#2206,.F.);
#2206 = EDGE_CURVE('',#2132,#99,#2207,.T.);
#2207 = LINE('',#2208,#2209);
#2208 = CARTESIAN_POINT('',(-34.,-112.,15.));
#2209 = VECTOR('',#2210,1.);
#2210 = DIRECTION('',(1.,0.,0.));
#2211 = ORIENTED_EDGE('',*,*,#2131,.T.);
#2212 = ORIENTED_EDGE('',*,*,#98,.T.);
#2213 = PLANE('',#2214);
#2214 = AXIS2_PLACEMENT_3D('',#2215,#2216,#2217);
#2215 = CARTESIAN_POINT('',(-34.,-131.,15.));
#2216 = DIRECTION('',(0.,0.,1.));
#2217 = DIRECTION('',(1.,0.,0.));
#2218 = ADVANCED_FACE('',(#2219),#2238,.F.);
#2219 = FACE_BOUND('',#2220,.T.);
#2220 = EDGE_LOOP('',(#2221,#2229,#2236,#2237));
#2221 = ORIENTED_EDGE('',*,*,#2222,.T.);
#2222 = EDGE_CURVE('',#122,#2223,#2225,.T.);
#2223 = VERTEX_POINT('',#2224);
#2224 = CARTESIAN_POINT('',(-16.3,-120.,60.));
#2225 = LINE('',#2226,#2227);
#2226 = CARTESIAN_POINT('',(-31.3,-120.,60.));
#2227 = VECTOR('',#2228,1.);
#2228 = DIRECTION('',(1.,0.,0.));
#2229 = ORIENTED_EDGE('',*,*,#2230,.T.);
#2230 = EDGE_CURVE('',#2223,#2223,#2231,.T.);
#2231 = CIRCLE('',#2232,8.);
#2232 = AXIS2_PLACEMENT_3D('',#2233,#2234,#2235);
#2233 = CARTESIAN_POINT('',(-16.3,-128.,60.));
#2234 = DIRECTION('',(1.,0.,0.));
#2235 = DIRECTION('',(0.,1.,0.));
#2236 = ORIENTED_EDGE('',*,*,#2222,.F.);
#2237 = ORIENTED_EDGE('',*,*,#121,.F.);
#2238 = CYLINDRICAL_SURFACE('',#2239,8.);
#2239 = AXIS2_PLACEMENT_3D('',#2240,#2241,#2242);
#2240 = CARTESIAN_POINT('',(-31.3,-128.,60.));
#2241 = DIRECTION('',(-1.,-0.,-0.));
#2242 = DIRECTION('',(0.,1.,0.));
#2243 = ADVANCED_FACE('',(#2244),#2271,.T.);
#2244 = FACE_BOUND('',#2245,.F.);
#2245 = EDGE_LOOP('',(#2246,#2255,#2263,#2270));
#2246 = ORIENTED_EDGE('',*,*,#2247,.F.);
#2247 = EDGE_CURVE('',#2248,#40,#2250,.T.);
#2248 = VERTEX_POINT('',#2249);
#2249 = CARTESIAN_POINT('',(-31.3,-79.,72.));
#2250 = CIRCLE('',#2251,10.);
#2251 = AXIS2_PLACEMENT_3D('',#2252,#2253,#2254);
#2252 = CARTESIAN_POINT('',(-31.3,-89.,72.));
#2253 = DIRECTION('',(1.,0.,0.));
#2254 = DIRECTION('',(0.,1.,0.));
#2255 = ORIENTED_EDGE('',*,*,#2256,.T.);
#2256 = EDGE_CURVE('',#2248,#2257,#2259,.T.);
#2257 = VERTEX_POINT('',#2258);
#2258 = CARTESIAN_POINT('',(-16.3,-79.,72.));
#2259 = LINE('',#2260,#2261);
#2260 = CARTESIAN_POINT('',(-31.3,-79.,72.));
#2261 = VECTOR('',#2262,1.);
#2262 = DIRECTION('',(1.,0.,0.));
#2263 = ORIENTED_EDGE('',*,*,#2264,.T.);
#2264 = EDGE_CURVE('',#2257,#148,#2265,.T.);
#2265 = CIRCLE('',#2266,10.);
#2266 = AXIS2_PLACEMENT_3D('',#2267,#2268,#2269);
#2267 = CARTESIAN_POINT('',(-16.3,-89.,72.));
#2268 = DIRECTION('',(1.,0.,0.));
#2269 = DIRECTION('',(0.,1.,0.));
#2270 = ORIENTED_EDGE('',*,*,#155,.F.);
#2271 = CYLINDRICAL_SURFACE('',#2272,10.);
#2272 = AXIS2_PLACEMENT_3D('',#2273,#2274,#2275);
#2273 = CARTESIAN_POINT('',(-31.3,-89.,72.));
#2274 = DIRECTION('',(-1.,-0.,-0.));
#2275 = DIRECTION('',(0.,1.,0.));
#2276 = ADVANCED_FACE('',(#2277),#2294,.T.);
#2277 = FACE_BOUND('',#2278,.T.);
#2278 = EDGE_LOOP('',(#2279,#2285,#2286,#2293));
#2279 = ORIENTED_EDGE('',*,*,#2280,.F.);
#2280 = EDGE_CURVE('',#1926,#140,#2281,.T.);
#2281 = LINE('',#2282,#2283);
#2282 = CARTESIAN_POINT('',(-16.3,-112.,15.));
#2283 = VECTOR('',#2284,1.);
#2284 = DIRECTION('',(0.,0.,1.));
#2285 = ORIENTED_EDGE('',*,*,#1933,.T.);
#2286 = ORIENTED_EDGE('',*,*,#2287,.F.);
#2287 = EDGE_CURVE('',#148,#1934,#2288,.T.);
#2288 = CIRCLE('',#2289,10.);
#2289 = AXIS2_PLACEMENT_3D('',#2290,#2291,#2292);
#2290 = CARTESIAN_POINT('',(-16.3,-89.,72.));
#2291 = DIRECTION('',(1.,0.,0.));
#2292 = DIRECTION('',(0.,1.,0.));
#2293 = ORIENTED_EDGE('',*,*,#147,.F.);
#2294 = PLANE('',#2295);
#2295 = AXIS2_PLACEMENT_3D('',#2296,#2297,#2298);
#2296 = CARTESIAN_POINT('',(-16.3,-112.,62.));
#2297 = DIRECTION('',(1.,0.,0.));
#2298 = DIRECTION('',(0.,0.,1.));
#2299 = ADVANCED_FACE('',(#2300),#4041,.F.);
#2300 = FACE_BOUND('',#2301,.F.);
#2301 = EDGE_LOOP('',(#2302,#2303,#2310,#2311,#2312,#2322,#2377,#2387,
    #2449,#2459,#2514,#2524,#2586,#2596,#2651,#2661,#2723,#2733,#2788,
    #2798,#2860,#2870,#2933,#2943,#3005,#3015,#3070,#3080,#3142,#3152,
    #3207,#3217,#3279,#3289,#3352,#3362,#3424,#3434,#3489,#3499,#3561,
    #3571,#3626,#3636,#3698,#3708,#3763,#3773,#3835,#3845,#3900,#3910,
    #3972,#3980,#4035));
#2302 = ORIENTED_EDGE('',*,*,#178,.F.);
#2303 = ORIENTED_EDGE('',*,*,#2304,.T.);
#2304 = EDGE_CURVE('',#32,#2248,#2305,.T.);
#2305 = CIRCLE('',#2306,10.);
#2306 = AXIS2_PLACEMENT_3D('',#2307,#2308,#2309);
#2307 = CARTESIAN_POINT('',(-31.3,-89.,72.));
#2308 = DIRECTION('',(1.,0.,0.));
#2309 = DIRECTION('',(0.,1.,0.));
#2310 = ORIENTED_EDGE('',*,*,#2247,.T.);
#2311 = ORIENTED_EDGE('',*,*,#169,.F.);
#2312 = ORIENTED_EDGE('',*,*,#2313,.T.);
#2313 = EDGE_CURVE('',#170,#2314,#2316,.T.);
#2314 = VERTEX_POINT('',#2315);
#2315 = CARTESIAN_POINT('',(-31.3,-88.83046559727,74.694672166756));
#2316 = B_SPLINE_CURVE_WITH_KNOTS('',4,(#2317,#2318,#2319,#2320,#2321),
  .UNSPECIFIED.,.F.,.F.,(5,5),(0.,1.),.PIECEWISE_BEZIER_KNOTS.);
#2317 = CARTESIAN_POINT('',(-31.3,-89.,74.694672166756));
#2318 = CARTESIAN_POINT('',(-31.3,-88.95761639931,74.694672166756));
#2319 = CARTESIAN_POINT('',(-31.3,-88.91523279863,74.694672166756));
#2320 = CARTESIAN_POINT('',(-31.3,-88.87284919795,74.694672166756));
#2321 = CARTESIAN_POINT('',(-31.3,-88.83046559727,74.694672166756));
#2322 = ORIENTED_EDGE('',*,*,#2323,.T.);
#2323 = EDGE_CURVE('',#2314,#2324,#2326,.T.);
#2324 = VERTEX_POINT('',#2325);
#2325 = CARTESIAN_POINT('',(-31.3,-88.70844625866,75.226855499696));
#2326 = B_SPLINE_CURVE_WITH_KNOTS('',7,(#2327,#2328,#2329,#2330,#2331,
    #2332,#2333,#2334,#2335,#2336,#2337,#2338,#2339,#2340,#2341,#2342,
    #2343,#2344,#2345,#2346,#2347,#2348,#2349,#2350,#2351,#2352,#2353,
    #2354,#2355,#2356,#2357,#2358,#2359,#2360,#2361,#2362,#2363,#2364,
    #2365,#2366,#2367,#2368,#2369,#2370,#2371,#2372,#2373,#2374,#2375,
    #2376),.UNSPECIFIED.,.F.,.F.,(8,6,6,6,6,6,6,6,8),(0.,0.423979043584,
    0.516974456807,0.540978187731,0.551980047173,0.584982818058,
    0.652986847261,0.820996091952,1.),.UNSPECIFIED.);
#2327 = CARTESIAN_POINT('',(-31.3,-88.83046559727,74.694672166756));
#2328 = CARTESIAN_POINT('',(-31.3,-88.82834856685,74.72832140161));
#2329 = CARTESIAN_POINT('',(-31.3,-88.82623152531,74.761970635729));
#2330 = CARTESIAN_POINT('',(-31.3,-88.82411449154,74.79561987036));
#2331 = CARTESIAN_POINT('',(-31.3,-88.82199747209,74.829269105939));
#2332 = CARTESIAN_POINT('',(-31.3,-88.81988046122,74.862918342085));
#2333 = CARTESIAN_POINT('',(-31.3,-88.81776344087,74.896567577605));
#2334 = CARTESIAN_POINT('',(-31.3,-88.81518202545,74.937597421311));
#2335 = CARTESIAN_POINT('',(-31.3,-88.81471888231,74.944978111176));
#2336 = CARTESIAN_POINT('',(-31.3,-88.81425489678,74.952358745435));
#2337 = CARTESIAN_POINT('',(-31.3,-88.81378935875,74.959739277688));
#2338 = CARTESIAN_POINT('',(-31.3,-88.81332290248,74.96711974979));
#2339 = CARTESIAN_POINT('',(-31.3,-88.81285750664,74.97450029185));
#2340 = CARTESIAN_POINT('',(-31.3,-88.81227749896,74.983786242711));
#2341 = CARTESIAN_POINT('',(-31.3,-88.8121486984,74.985690965991));
#2342 = CARTESIAN_POINT('',(-31.3,-88.81207022748,74.987595468623));
#2343 = CARTESIAN_POINT('',(-31.3,-88.8118611471,74.989496740108));
#2344 = CARTESIAN_POINT('',(-31.3,-88.81181091011,74.991405175816));
#2345 = CARTESIAN_POINT('',(-31.3,-88.8117153709,74.99331233554));
#2346 = CARTESIAN_POINT('',(-31.3,-88.81144708271,74.996082497172));
#2347 = CARTESIAN_POINT('',(-31.3,-88.81134563337,74.996951390815));
#2348 = CARTESIAN_POINT('',(-31.3,-88.81123519121,74.997819563426));
#2349 = CARTESIAN_POINT('',(-31.3,-88.8111252741,74.998687048098));
#2350 = CARTESIAN_POINT('',(-31.3,-88.81100199886,74.999553259393));
#2351 = CARTESIAN_POINT('',(-31.3,-88.81087589687,75.000418691135));
#2352 = CARTESIAN_POINT('',(-31.3,-88.81034696354,75.003877420024));
#2353 = CARTESIAN_POINT('',(-31.3,-88.8098996838,75.006463716641));
#2354 = CARTESIAN_POINT('',(-31.3,-88.80941716782,75.009043605987));
#2355 = CARTESIAN_POINT('',(-31.3,-88.80890178149,75.011617010622));
#2356 = CARTESIAN_POINT('',(-31.3,-88.80835519796,75.014183901445));
#2357 = CARTESIAN_POINT('',(-31.3,-88.80778169794,75.016744695167));
#2358 = CARTESIAN_POINT('',(-31.3,-88.80594774849,75.02456423205));
#2359 = CARTESIAN_POINT('',(-31.3,-88.80460494079,75.029803314754));
#2360 = CARTESIAN_POINT('',(-31.3,-88.80316896777,75.035017998835));
#2361 = CARTESIAN_POINT('',(-31.3,-88.80164971991,75.040208862404));
#2362 = CARTESIAN_POINT('',(-31.3,-88.80005371839,75.045376216029));
#2363 = CARTESIAN_POINT('',(-31.3,-88.79838576938,75.050520371942));
#2364 = CARTESIAN_POINT('',(-31.3,-88.79236379307,75.068295079483));
#2365 = CARTESIAN_POINT('',(-31.3,-88.78766647778,75.080808430173));
#2366 = CARTESIAN_POINT('',(-31.3,-88.78262255542,75.093187906323));
#2367 = CARTESIAN_POINT('',(-31.3,-88.7772669572,75.105434915689));
#2368 = CARTESIAN_POINT('',(-31.3,-88.77162541853,75.117550548242));
#2369 = CARTESIAN_POINT('',(-31.3,-88.76572146367,75.129537108981));
#2370 = CARTESIAN_POINT('',(-31.3,-88.75301725773,75.154032946087));
#2371 = CARTESIAN_POINT('',(-31.3,-88.74618494982,75.166524020698));
#2372 = CARTESIAN_POINT('',(-31.3,-88.73909353861,75.178871817077));
#2373 = CARTESIAN_POINT('',(-31.3,-88.73176176006,75.191078027019));
#2374 = CARTESIAN_POINT('',(-31.3,-88.72420263735,75.203143375284));
#2375 = CARTESIAN_POINT('',(-31.3,-88.71642573302,75.215068321795));
#2376 = CARTESIAN_POINT('',(-31.3,-88.70844625866,75.226855499696));
#2377 = ORIENTED_EDGE('',*,*,#2378,.T.);
#2378 = EDGE_CURVE('',#2324,#2379,#2381,.T.);
#2379 = VERTEX_POINT('',#2380);
#2380 = CARTESIAN_POINT('',(-31.3,-88.4799077143,75.197984367435));
#2381 = B_SPLINE_CURVE_WITH_KNOTS('',4,(#2382,#2383,#2384,#2385,#2386),
  .UNSPECIFIED.,.F.,.F.,(5,5),(0.,1.),.PIECEWISE_BEZIER_KNOTS.);
#2382 = CARTESIAN_POINT('',(-31.3,-88.70844625866,75.226855499696));
#2383 = CARTESIAN_POINT('',(-31.3,-88.65131162257,75.21963771663));
#2384 = CARTESIAN_POINT('',(-31.3,-88.59417698648,75.212419933565));
#2385 = CARTESIAN_POINT('',(-31.3,-88.53704235039,75.2052021505));
#2386 = CARTESIAN_POINT('',(-31.3,-88.4799077143,75.197984367435));
#2387 = ORIENTED_EDGE('',*,*,#2388,.T.);
#2388 = EDGE_CURVE('',#2379,#2389,#2391,.T.);
#2389 = VERTEX_POINT('',#2390);
#2390 = CARTESIAN_POINT('',(-31.3,-88.49407045061,74.652175576967));
#2391 = B_SPLINE_CURVE_WITH_KNOTS('',6,(#2392,#2393,#2394,#2395,#2396,
    #2397,#2398,#2399,#2400,#2401,#2402,#2403,#2404,#2405,#2406,#2407,
    #2408,#2409,#2410,#2411,#2412,#2413,#2414,#2415,#2416,#2417,#2418,
    #2419,#2420,#2421,#2422,#2423,#2424,#2425,#2426,#2427,#2428,#2429,
    #2430,#2431,#2432,#2433,#2434,#2435,#2436,#2437,#2438,#2439,#2440,
    #2441,#2442,#2443,#2444,#2445,#2446,#2447,#2448),.UNSPECIFIED.,.F.,
  .F.,(7,5,5,5,5,5,5,5,5,5,5,7),(0.,0.251012533916,0.37111435838,
    0.493622984252,0.522448543855,0.53566028609,0.548872292402,
    0.557280378621,0.576677893161,0.63266433865,0.766759093068,1.),
  .UNSPECIFIED.);
#2392 = CARTESIAN_POINT('',(-31.3,-88.4799077143,75.197984367435));
#2393 = CARTESIAN_POINT('',(-31.3,-88.47337260579,75.179729020257));
#2394 = CARTESIAN_POINT('',(-31.3,-88.46727792286,75.161315577372));
#2395 = CARTESIAN_POINT('',(-31.3,-88.46166387302,75.142746706145));
#2396 = CARTESIAN_POINT('',(-31.3,-88.45655376414,75.124029296435));
#2397 = CARTESIAN_POINT('',(-31.3,-88.45199977795,75.105171615103));
#2398 = CARTESIAN_POINT('',(-31.3,-88.44618467651,75.077100235862));
#2399 = CARTESIAN_POINT('',(-31.3,-88.44444503487,75.067986262934));
#2400 = CARTESIAN_POINT('',(-31.3,-88.44285525664,75.05884407449));
#2401 = CARTESIAN_POINT('',(-31.3,-88.44142412575,75.049675339244));
#2402 = CARTESIAN_POINT('',(-31.3,-88.440162935,75.040482223013));
#2403 = CARTESIAN_POINT('',(-31.3,-88.43798910938,75.021867872383));
#2404 = CARTESIAN_POINT('',(-31.3,-88.43708482572,75.012446979872));
#2405 = CARTESIAN_POINT('',(-31.3,-88.43638755205,75.003005758274));
#2406 = CARTESIAN_POINT('',(-31.3,-88.43592667693,74.993549108026));
#2407 = CARTESIAN_POINT('',(-31.3,-88.435720713,74.984082909043));
#2408 = CARTESIAN_POINT('',(-31.3,-88.43588265972,74.972394417776));
#2409 = CARTESIAN_POINT('',(-31.3,-88.43593214493,74.970168320452));
#2410 = CARTESIAN_POINT('',(-31.3,-88.43600129989,74.967942667592));
#2411 = CARTESIAN_POINT('',(-31.3,-88.43609164012,74.965717733825));
#2412 = CARTESIAN_POINT('',(-31.3,-88.43620516515,74.963493905939));
#2413 = CARTESIAN_POINT('',(-31.3,-88.43640815555,74.960253161874));
#2414 = CARTESIAN_POINT('',(-31.3,-88.4364774334,74.959234994979));
#2415 = CARTESIAN_POINT('',(-31.3,-88.43655226385,74.958217192499));
#2416 = CARTESIAN_POINT('',(-31.3,-88.43663298515,74.95719981745));
#2417 = CARTESIAN_POINT('',(-31.3,-88.43672020192,74.956182985563));
#2418 = CARTESIAN_POINT('',(-31.3,-88.43690937033,74.95415072471));
#2419 = CARTESIAN_POINT('',(-31.3,-88.43701169558,74.953135412583));
#2420 = CARTESIAN_POINT('',(-31.3,-88.43711990464,74.952120501026));
#2421 = CARTESIAN_POINT('',(-31.3,-88.43724101372,74.951107314179));
#2422 = CARTESIAN_POINT('',(-31.3,-88.43736707853,74.950094427454));
#2423 = CARTESIAN_POINT('',(-31.3,-88.43759621608,74.948440179445));
#2424 = CARTESIAN_POINT('',(-31.3,-88.43769199726,74.947797838129));
#2425 = CARTESIAN_POINT('',(-31.3,-88.43779744888,74.947157046218));
#2426 = CARTESIAN_POINT('',(-31.3,-88.43791262426,74.946517878733));
#2427 = CARTESIAN_POINT('',(-31.3,-88.43803462885,74.945879934516));
#2428 = CARTESIAN_POINT('',(-31.3,-88.43844136217,74.943771392453));
#2429 = CARTESIAN_POINT('',(-31.3,-88.43852488696,74.943370497934));
#2430 = CARTESIAN_POINT('',(-31.3,-88.43868591908,74.942543688027));
#2431 = CARTESIAN_POINT('',(-31.3,-88.43903722046,74.940688349672));
#2432 = CARTESIAN_POINT('',(-31.3,-88.43952659045,74.938095221396));
#2433 = CARTESIAN_POINT('',(-31.3,-88.44112103116,74.929752069905));
#2434 = CARTESIAN_POINT('',(-31.3,-88.44230257998,74.923555255551));
#2435 = CARTESIAN_POINT('',(-31.3,-88.44348375608,74.917358371368));
#2436 = CARTESIAN_POINT('',(-31.3,-88.44466566141,74.911161624115));
#2437 = CARTESIAN_POINT('',(-31.3,-88.44584825607,74.90496500619));
#2438 = CARTESIAN_POINT('',(-31.3,-88.44986164572,74.883926375005));
#2439 = CARTESIAN_POINT('',(-31.3,-88.45269606093,74.869067777279));
#2440 = CARTESIAN_POINT('',(-31.3,-88.45544591956,74.854652410365));
#2441 = CARTESIAN_POINT('',(-31.3,-88.45811735968,74.840648216801));
#2442 = CARTESIAN_POINT('',(-31.3,-88.46081034182,74.826531173749));
#2443 = CARTESIAN_POINT('',(-31.3,-88.46877728248,74.784767006965));
#2444 = CARTESIAN_POINT('',(-31.3,-88.47383591617,74.758248720978));
#2445 = CARTESIAN_POINT('',(-31.3,-88.47889454987,74.731730434992));
#2446 = CARTESIAN_POINT('',(-31.3,-88.48395318348,74.705212148989));
#2447 = CARTESIAN_POINT('',(-31.3,-88.48901181701,74.678693862972));
#2448 = CARTESIAN_POINT('',(-31.3,-88.49407045061,74.652175576967));
#2449 = ORIENTED_EDGE('',*,*,#2450,.T.);
#2450 = EDGE_CURVE('',#2389,#2451,#2453,.T.);
#2451 = VERTEX_POINT('',#2452);
#2452 = CARTESIAN_POINT('',(-31.3,-88.16565411518,74.567852593997));
#2453 = B_SPLINE_CURVE_WITH_KNOTS('',4,(#2454,#2455,#2456,#2457,#2458),
  .UNSPECIFIED.,.F.,.F.,(5,5),(0.,1.),.PIECEWISE_BEZIER_KNOTS.);
#2454 = CARTESIAN_POINT('',(-31.3,-88.49407045061,74.652175576967));
#2455 = CARTESIAN_POINT('',(-31.3,-88.41196636676,74.631094831225));
#2456 = CARTESIAN_POINT('',(-31.3,-88.3298622829,74.610014085482));
#2457 = CARTESIAN_POINT('',(-31.3,-88.24775819904,74.58893333974));
#2458 = CARTESIAN_POINT('',(-31.3,-88.16565411518,74.567852593997));
#2459 = ORIENTED_EDGE('',*,*,#2460,.T.);
#2460 = EDGE_CURVE('',#2451,#2461,#2463,.T.);
#2461 = VERTEX_POINT('',#2462);
#2462 = CARTESIAN_POINT('',(-31.3,-87.91511962546,75.052971433366));
#2463 = B_SPLINE_CURVE_WITH_KNOTS('',7,(#2464,#2465,#2466,#2467,#2468,
    #2469,#2470,#2471,#2472,#2473,#2474,#2475,#2476,#2477,#2478,#2479,
    #2480,#2481,#2482,#2483,#2484,#2485,#2486,#2487,#2488,#2489,#2490,
    #2491,#2492,#2493,#2494,#2495,#2496,#2497,#2498,#2499,#2500,#2501,
    #2502,#2503,#2504,#2505,#2506,#2507,#2508,#2509,#2510,#2511,#2512,
    #2513),.UNSPECIFIED.,.F.,.F.,(8,6,6,6,6,6,6,6,8),(0.,0.268668507779,
    0.334526645145,0.370202826869,0.38529783933,0.430579024785,
    0.523883404246,0.754399132559,1.),.UNSPECIFIED.);
#2464 = CARTESIAN_POINT('',(-31.3,-88.16565411518,74.567852593997));
#2465 = CARTESIAN_POINT('',(-31.3,-88.15535823331,74.599540060153));
#2466 = CARTESIAN_POINT('',(-31.3,-88.14506234027,74.631227522644));
#2467 = CARTESIAN_POINT('',(-31.3,-88.13476645488,74.662914987649));
#2468 = CARTESIAN_POINT('',(-31.3,-88.12447058382,74.694602457357));
#2469 = CARTESIAN_POINT('',(-31.3,-88.11417472159,74.726289929967));
#2470 = CARTESIAN_POINT('',(-31.3,-88.10387885056,74.757977399686));
#2471 = CARTESIAN_POINT('',(-31.3,-88.09105912662,74.797432335385));
#2472 = CARTESIAN_POINT('',(-31.3,-88.08886253056,74.804194673499));
#2473 = CARTESIAN_POINT('',(-31.3,-88.0864632534,74.811579490553));
#2474 = CARTESIAN_POINT('',(-31.3,-88.08369793668,74.82008840284));
#2475 = CARTESIAN_POINT('',(-31.3,-88.08076976288,74.829097023469));
#2476 = CARTESIAN_POINT('',(-31.3,-88.07824845535,74.836854962359));
#2477 = CARTESIAN_POINT('',(-31.3,-88.07643204512,74.8424527109));
#2478 = CARTESIAN_POINT('',(-31.3,-88.07577283673,74.844414066773));
#2479 = CARTESIAN_POINT('',(-31.3,-88.07521060763,74.846400765871));
#2480 = CARTESIAN_POINT('',(-31.3,-88.07444896829,74.84832981418));
#2481 = CARTESIAN_POINT('',(-31.3,-88.07388391253,74.850319708555));
#2482 = CARTESIAN_POINT('',(-31.3,-88.07327833854,74.852298066141));
#2483 = CARTESIAN_POINT('',(-31.3,-88.07227540117,74.855063852388));
#2484 = CARTESIAN_POINT('',(-31.3,-88.07196105399,74.855880218714));
#2485 = CARTESIAN_POINT('',(-31.3,-88.07163817582,74.856693650238));
#2486 = CARTESIAN_POINT('',(-31.3,-88.07131597729,74.85750654601));
#2487 = CARTESIAN_POINT('',(-31.3,-88.07098115699,74.858314886381));
#2488 = CARTESIAN_POINT('',(-31.3,-88.0706437926,74.859121768703));
#2489 = CARTESIAN_POINT('',(-31.3,-88.06927132578,74.862340294893));
#2490 = CARTESIAN_POINT('',(-31.3,-88.06819491234,74.864734104297));
#2491 = CARTESIAN_POINT('',(-31.3,-88.0670859631,74.867112944832));
#2492 = CARTESIAN_POINT('',(-31.3,-88.06594678887,74.869477329859));
#2493 = CARTESIAN_POINT('',(-31.3,-88.06477901748,74.871827647291));
#2494 = CARTESIAN_POINT('',(-31.3,-88.06358669152,74.874165365314));
#2495 = CARTESIAN_POINT('',(-31.3,-88.05986571922,74.881283152385));
#2496 = CARTESIAN_POINT('',(-31.3,-88.0572621914,74.886023696975));
#2497 = CARTESIAN_POINT('',(-31.3,-88.05457449292,74.890717440199));
#2498 = CARTESIAN_POINT('',(-31.3,-88.05181205975,74.895367401666));
#2499 = CARTESIAN_POINT('',(-31.3,-88.04898113096,74.899975503935));
#2500 = CARTESIAN_POINT('',(-31.3,-88.04608628409,74.904543244681));
#2501 = CARTESIAN_POINT('',(-31.3,-88.03583310922,74.92026192249));
#2502 = CARTESIAN_POINT('',(-31.3,-88.02817142495,74.931213968447));
#2503 = CARTESIAN_POINT('',(-31.3,-88.02020731617,74.941950148108));
#2504 = CARTESIAN_POINT('',(-31.3,-88.01197426653,74.952480512035));
#2505 = CARTESIAN_POINT('',(-31.3,-88.00349693189,74.9628125161));
#2506 = CARTESIAN_POINT('',(-31.3,-87.99479752418,74.972954243121));
#2507 = CARTESIAN_POINT('',(-31.3,-87.97640057727,74.993521090919));
#2508 = CARTESIAN_POINT('',(-31.3,-87.96667651495,75.00392060957));
#2509 = CARTESIAN_POINT('',(-31.3,-87.95673712137,75.014116914964));
#2510 = CARTESIAN_POINT('',(-31.3,-87.94660012315,75.024116305196));
#2511 = CARTESIAN_POINT('',(-31.3,-87.93627795408,75.033922720985));
#2512 = CARTESIAN_POINT('',(-31.3,-87.9257797619,75.043538985911));
#2513 = CARTESIAN_POINT('',(-31.3,-87.91511962546,75.052971433366));
#2514 = ORIENTED_EDGE('',*,*,#2515,.T.);
#2515 = EDGE_CURVE('',#2461,#2516,#2518,.T.);
#2516 = VERTEX_POINT('',#2517);
#2517 = CARTESIAN_POINT('',(-31.3,-87.70094099834,74.968172116004));
#2518 = B_SPLINE_CURVE_WITH_KNOTS('',4,(#2519,#2520,#2521,#2522,#2523),
  .UNSPECIFIED.,.F.,.F.,(5,5),(0.,1.),.PIECEWISE_BEZIER_KNOTS.);
#2519 = CARTESIAN_POINT('',(-31.3,-87.91511962546,75.052971433366));
#2520 = CARTESIAN_POINT('',(-31.3,-87.86157496868,75.031771604026));
#2521 = CARTESIAN_POINT('',(-31.3,-87.8080303119,75.010571774685));
#2522 = CARTESIAN_POINT('',(-31.3,-87.75448565512,74.989371945345));
#2523 = CARTESIAN_POINT('',(-31.3,-87.70094099834,74.968172116004));
#2524 = ORIENTED_EDGE('',*,*,#2525,.T.);
#2525 = EDGE_CURVE('',#2516,#2526,#2528,.T.);
#2526 = VERTEX_POINT('',#2527);
#2527 = CARTESIAN_POINT('',(-31.3,-87.85039591277,74.443033041658));
#2528 = B_SPLINE_CURVE_WITH_KNOTS('',6,(#2529,#2530,#2531,#2532,#2533,
    #2534,#2535,#2536,#2537,#2538,#2539,#2540,#2541,#2542,#2543,#2544,
    #2545,#2546,#2547,#2548,#2549,#2550,#2551,#2552,#2553,#2554,#2555,
    #2556,#2557,#2558,#2559,#2560,#2561,#2562,#2563,#2564,#2565,#2566,
    #2567,#2568,#2569,#2570,#2571,#2572,#2573,#2574,#2575,#2576,#2577,
    #2578,#2579,#2580,#2581,#2582,#2583,#2584,#2585),.UNSPECIFIED.,.F.,
  .F.,(7,5,5,5,5,5,5,5,5,5,5,7),(0.,0.251012533923,0.37111435839,
    0.493622984265,0.522448543869,0.535660286104,0.548872292416,
    0.557280378635,0.576677893174,0.632664338662,0.766759093076,1.),
  .UNSPECIFIED.);
#2529 = CARTESIAN_POINT('',(-31.3,-87.70094099834,74.968172116004));
#2530 = CARTESIAN_POINT('',(-31.3,-87.69915112251,74.94886507873));
#2531 = CARTESIAN_POINT('',(-31.3,-87.69782715229,74.929514442004));
#2532 = CARTESIAN_POINT('',(-31.3,-87.69700736864,74.910132788589));
#2533 = CARTESIAN_POINT('',(-31.3,-87.69671263373,74.890732588324));
#2534 = CARTESIAN_POINT('',(-31.3,-87.69699143404,74.871334825415));
#2535 = CARTESIAN_POINT('',(-31.3,-87.69834009284,74.842699203253));
#2536 = CARTESIAN_POINT('',(-31.3,-87.69892165814,74.833438931261));
#2537 = CARTESIAN_POINT('',(-31.3,-87.69965539553,74.82418859971));
#2538 = CARTESIAN_POINT('',(-31.3,-87.70054939798,74.814952009361));
#2539 = CARTESIAN_POINT('',(-31.3,-87.70161406489,74.805734066396));
#2540 = CARTESIAN_POINT('',(-31.3,-87.70413773476,74.787163911373));
#2541 = CARTESIAN_POINT('',(-31.3,-87.70560474153,74.777814107322));
#2542 = CARTESIAN_POINT('',(-31.3,-87.70727731033,74.768496094152));
#2543 = CARTESIAN_POINT('',(-31.3,-87.70918268774,74.759221926981));
#2544 = CARTESIAN_POINT('',(-31.3,-87.7113373425,74.750001904899));
#2545 = CARTESIAN_POINT('',(-31.3,-87.71440101094,74.73872090359));
#2546 = CARTESIAN_POINT('',(-31.3,-87.71500254937,74.736577049677));
#2547 = CARTESIAN_POINT('',(-31.3,-87.71562302906,74.734438517934));
#2548 = CARTESIAN_POINT('',(-31.3,-87.71626384962,74.732305951255));
#2549 = CARTESIAN_POINT('',(-31.3,-87.71692685155,74.730180221539));
#2550 = CARTESIAN_POINT('',(-31.3,-87.71792940491,74.727091773067));
#2551 = CARTESIAN_POINT('',(-31.3,-87.71824971408,74.726122822457));
#2552 = CARTESIAN_POINT('',(-31.3,-87.71857531078,74.725155605691));
#2553 = CARTESIAN_POINT('',(-31.3,-87.71890650695,74.72419026792));
#2554 = CARTESIAN_POINT('',(-31.3,-87.71924385946,74.723227071605));
#2555 = CARTESIAN_POINT('',(-31.3,-87.71993248752,74.721305702236));
#2556 = CARTESIAN_POINT('',(-31.3,-87.72028409589,74.720347735261));
#2557 = CARTESIAN_POINT('',(-31.3,-87.7206413036,74.719391619514));
#2558 = CARTESIAN_POINT('',(-31.3,-87.72101057714,74.718440382398));
#2559 = CARTESIAN_POINT('',(-31.3,-87.72138457608,74.717490668417));
#2560 = CARTESIAN_POINT('',(-31.3,-87.7220179096,74.715945375843));
#2561 = CARTESIAN_POINT('',(-31.3,-87.72227042543,74.715347034671));
#2562 = CARTESIAN_POINT('',(-31.3,-87.72253192256,74.714752599167));
#2563 = CARTESIAN_POINT('',(-31.3,-87.72280243398,74.714162155256));
#2564 = CARTESIAN_POINT('',(-31.3,-87.72307925585,74.713574594538));
#2565 = CARTESIAN_POINT('',(-31.3,-87.72399758398,74.711633446664));
#2566 = CARTESIAN_POINT('',(-31.3,-87.7241781831,74.711265918756));
#2567 = CARTESIAN_POINT('',(-31.3,-87.72453977537,74.710505131662));
#2568 = CARTESIAN_POINT('',(-31.3,-87.72534144385,74.708795447272));
#2569 = CARTESIAN_POINT('',(-31.3,-87.72646032416,74.706405488259));
#2570 = CARTESIAN_POINT('',(-31.3,-87.73007952999,74.698720973494));
#2571 = CARTESIAN_POINT('',(-31.3,-87.73276504334,74.6930126827));
#2572 = CARTESIAN_POINT('',(-31.3,-87.73545021305,74.687304231581));
#2573 = CARTESIAN_POINT('',(-31.3,-87.73813605502,74.68159609444));
#2574 = CARTESIAN_POINT('',(-31.3,-87.74082253251,74.675888253994));
#2575 = CARTESIAN_POINT('',(-31.3,-87.74994192896,74.656508679515));
#2576 = CARTESIAN_POINT('',(-31.3,-87.7563824788,74.642821782358));
#2577 = CARTESIAN_POINT('',(-31.3,-87.76263090153,74.629543162737));
#2578 = CARTESIAN_POINT('',(-31.3,-87.76870111476,74.616643296806));
#2579 = CARTESIAN_POINT('',(-31.3,-87.77482025777,74.603639484047));
#2580 = CARTESIAN_POINT('',(-31.3,-87.79292322826,74.565168712934));
#2581 = CARTESIAN_POINT('',(-31.3,-87.80441776522,74.540741578706));
#2582 = CARTESIAN_POINT('',(-31.3,-87.81591230219,74.516314444483));
#2583 = CARTESIAN_POINT('',(-31.3,-87.82740683907,74.49188731022));
#2584 = CARTESIAN_POINT('',(-31.3,-87.83890137589,74.467460175925));
#2585 = CARTESIAN_POINT('',(-31.3,-87.85039591277,74.443033041658));
#2586 = ORIENTED_EDGE('',*,*,#2587,.T.);
#2587 = EDGE_CURVE('',#2526,#2588,#2590,.T.);
#2588 = VERTEX_POINT('',#2589);
#2589 = CARTESIAN_POINT('',(-31.3,-87.55326765355,74.279685398855));
#2590 = B_SPLINE_CURVE_WITH_KNOTS('',4,(#2591,#2592,#2593,#2594,#2595),
  .UNSPECIFIED.,.F.,.F.,(5,5),(0.,1.),.PIECEWISE_BEZIER_KNOTS.);
#2591 = CARTESIAN_POINT('',(-31.3,-87.85039591277,74.443033041658));
#2592 = CARTESIAN_POINT('',(-31.3,-87.77611384797,74.402196130958));
#2593 = CARTESIAN_POINT('',(-31.3,-87.70183178316,74.361359220257));
#2594 = CARTESIAN_POINT('',(-31.3,-87.62754971836,74.320522309556));
#2595 = CARTESIAN_POINT('',(-31.3,-87.55326765355,74.279685398855));
#2596 = ORIENTED_EDGE('',*,*,#2597,.T.);
#2597 = EDGE_CURVE('',#2588,#2598,#2600,.T.);
#2598 = VERTEX_POINT('',#2599);
#2599 = CARTESIAN_POINT('',(-31.3,-87.1899600161,74.687257943835));
#2600 = B_SPLINE_CURVE_WITH_KNOTS('',7,(#2601,#2602,#2603,#2604,#2605,
    #2606,#2607,#2608,#2609,#2610,#2611,#2612,#2613,#2614,#2615,#2616,
    #2617,#2618,#2619,#2620,#2621,#2622,#2623,#2624,#2625,#2626,#2627,
    #2628,#2629,#2630,#2631,#2632,#2633,#2634,#2635,#2636,#2637,#2638,
    #2639,#2640,#2641,#2642,#2643,#2644,#2645,#2646,#2647,#2648,#2649,
    #2650),.UNSPECIFIED.,.F.,.F.,(8,6,6,6,6,6,6,6,8),(0.,0.422962182673,
    0.515953877053,0.540958287374,0.55196062379,0.584964825472,
    0.65297180291,0.820988331446,1.),.UNSPECIFIED.);
#2601 = CARTESIAN_POINT('',(-31.3,-87.55326765355,74.279685398855));
#2602 = CARTESIAN_POINT('',(-31.3,-87.53524445118,74.308085421423));
#2603 = CARTESIAN_POINT('',(-31.3,-87.51722123894,74.336485437684));
#2604 = CARTESIAN_POINT('',(-31.3,-87.49919803356,74.364885458329));
#2605 = CARTESIAN_POINT('',(-31.3,-87.48117484088,74.393285487094));
#2606 = CARTESIAN_POINT('',(-31.3,-87.46315165587,74.421685520756));
#2607 = CARTESIAN_POINT('',(-31.3,-87.4451284626,74.450085549139));
#2608 = CARTESIAN_POINT('',(-31.3,-87.42314268013,74.484729528645));
#2609 = CARTESIAN_POINT('',(-31.3,-87.419181202,74.490974188451));
#2610 = CARTESIAN_POINT('',(-31.3,-87.41521898915,74.49721837881));
#2611 = CARTESIAN_POINT('',(-31.3,-87.41125540451,74.503461693268));
#2612 = CARTESIAN_POINT('',(-31.3,-87.40729098462,74.509704474633));
#2613 = CARTESIAN_POINT('',(-31.3,-87.40332743964,74.515947814977));
#2614 = CARTESIAN_POINT('',(-31.3,-87.39830291184,74.523872964354));
#2615 = CARTESIAN_POINT('',(-31.3,-87.39722830644,74.525545835611));
#2616 = CARTESIAN_POINT('',(-31.3,-87.39620701367,74.527249272032));
#2617 = CARTESIAN_POINT('',(-31.3,-87.39505651335,74.528875830547));
#2618 = CARTESIAN_POINT('',(-31.3,-87.39405049771,74.530591460779));
#2619 = CARTESIAN_POINT('',(-31.3,-87.39301052789,74.532287155661));
#2620 = CARTESIAN_POINT('',(-31.3,-87.39139606811,74.534651045569));
#2621 = CARTESIAN_POINT('',(-31.3,-87.39088857467,74.53536358928));
#2622 = CARTESIAN_POINT('',(-31.3,-87.39037354812,74.536071168821));
#2623 = CARTESIAN_POINT('',(-31.3,-87.3898593131,74.536778398462));
#2624 = CARTESIAN_POINT('',(-31.3,-87.38933398571,74.537478076909));
#2625 = CARTESIAN_POINT('',(-31.3,-87.38880655677,74.538175710429));
#2626 = CARTESIAN_POINT('',(-31.3,-87.38667679361,74.540951802082));
#2627 = CARTESIAN_POINT('',(-31.3,-87.38503888149,74.543002712425));
#2628 = CARTESIAN_POINT('',(-31.3,-87.38337317834,74.545031032849));
#2629 = CARTESIAN_POINT('',(-31.3,-87.38168179472,74.547037835261));
#2630 = CARTESIAN_POINT('',(-31.3,-87.37996621084,74.549023900215));
#2631 = CARTESIAN_POINT('',(-31.3,-87.37822997715,74.550991655117));
#2632 = CARTESIAN_POINT('',(-31.3,-87.37285578438,74.556960455638));
#2633 = CARTESIAN_POINT('',(-31.3,-87.36915512567,74.560904596262));
#2634 = CARTESIAN_POINT('',(-31.3,-87.36538457971,74.564782473479));
#2635 = CARTESIAN_POINT('',(-31.3,-87.36155253507,74.568599358664));
#2636 = CARTESIAN_POINT('',(-31.3,-87.35766455668,74.572358665565));
#2637 = CARTESIAN_POINT('',(-31.3,-87.35372470581,74.576062983193));
#2638 = CARTESIAN_POINT('',(-31.3,-87.33988457708,74.588737968935));
#2639 = CARTESIAN_POINT('',(-31.3,-87.32973993564,74.597440552832));
#2640 = CARTESIAN_POINT('',(-31.3,-87.31935605466,74.605858842351));
#2641 = CARTESIAN_POINT('',(-31.3,-87.30876286641,74.614010899347));
#2642 = CARTESIAN_POINT('',(-31.3,-87.2979823979,74.621910077109));
#2643 = CARTESIAN_POINT('',(-31.3,-87.28703415313,74.629569728405));
#2644 = CARTESIAN_POINT('',(-31.3,-87.26410041308,74.644915296207));
#2645 = CARTESIAN_POINT('',(-31.3,-87.25209559493,74.652569818895));
#2646 = CARTESIAN_POINT('',(-31.3,-87.23993274764,74.659973961937));
#2647 = CARTESIAN_POINT('',(-31.3,-87.22762747464,74.667138233995));
#2648 = CARTESIAN_POINT('',(-31.3,-87.21519083906,74.674069544139));
#2649 = CARTESIAN_POINT('',(-31.3,-87.20263099904,74.680772902189));
#2650 = CARTESIAN_POINT('',(-31.3,-87.1899600161,74.687257943835));
#2651 = ORIENTED_EDGE('',*,*,#2652,.T.);
#2652 = EDGE_CURVE('',#2598,#2653,#2655,.T.);
#2653 = VERTEX_POINT('',#2654);
#2654 = CARTESIAN_POINT('',(-31.3,-87.00359893707,74.551858694351));
#2655 = B_SPLINE_CURVE_WITH_KNOTS('',4,(#2656,#2657,#2658,#2659,#2660),
  .UNSPECIFIED.,.F.,.F.,(5,5),(0.,1.),.PIECEWISE_BEZIER_KNOTS.);
#2656 = CARTESIAN_POINT('',(-31.3,-87.1899600161,74.687257943835));
#2657 = CARTESIAN_POINT('',(-31.3,-87.14336974634,74.653408131464));
#2658 = CARTESIAN_POINT('',(-31.3,-87.09677947658,74.619558319093));
#2659 = CARTESIAN_POINT('',(-31.3,-87.05018920683,74.585708506722));
#2660 = CARTESIAN_POINT('',(-31.3,-87.00359893707,74.551858694351));
#2661 = ORIENTED_EDGE('',*,*,#2662,.T.);
#2662 = EDGE_CURVE('',#2653,#2663,#2665,.T.);
#2663 = VERTEX_POINT('',#2664);
#2664 = CARTESIAN_POINT('',(-31.3,-87.27895522767,74.080385755495));
#2665 = B_SPLINE_CURVE_WITH_KNOTS('',6,(#2666,#2667,#2668,#2669,#2670,
    #2671,#2672,#2673,#2674,#2675,#2676,#2677,#2678,#2679,#2680,#2681,
    #2682,#2683,#2684,#2685,#2686,#2687,#2688,#2689,#2690,#2691,#2692,
    #2693,#2694,#2695,#2696,#2697,#2698,#2699,#2700,#2701,#2702,#2703,
    #2704,#2705,#2706,#2707,#2708,#2709,#2710,#2711,#2712,#2713,#2714,
    #2715,#2716,#2717,#2718,#2719,#2720,#2721,#2722),.UNSPECIFIED.,.F.,
  .F.,(7,5,5,5,5,5,5,5,5,5,5,7),(0.,0.251012533917,0.371114358382,
    0.493622984255,0.522448543858,0.535660286093,0.548872292405,
    0.557280378624,0.576677893163,0.632664338652,0.76675909307,1.),
  .UNSPECIFIED.);
#2666 = CARTESIAN_POINT('',(-31.3,-87.00359893707,74.551858694351));
#2667 = CARTESIAN_POINT('',(-31.3,-87.0066667584,74.532713099139));
#2668 = CARTESIAN_POINT('',(-31.3,-87.0101966908,74.513641140244));
#2669 = CARTESIAN_POINT('',(-31.3,-87.01422268336,74.494664525206));
#2670 = CARTESIAN_POINT('',(-31.3,-87.01876184171,74.475800520317));
#2671 = CARTESIAN_POINT('',(-31.3,-87.02385591046,74.457081508617));
#2672 = CARTESIAN_POINT('',(-31.3,-87.03228358831,74.429680924988));
#2673 = CARTESIAN_POINT('',(-31.3,-87.03514981866,74.420856210878));
#2674 = CARTESIAN_POINT('',(-31.3,-87.03816096825,74.412078968571));
#2675 = CARTESIAN_POINT('',(-31.3,-87.04132393058,74.40335489206));
#2676 = CARTESIAN_POINT('',(-31.3,-87.04464755822,74.394691319619));
#2677 = CARTESIAN_POINT('',(-31.3,-87.05171015212,74.37733219134));
#2678 = CARTESIAN_POINT('',(-31.3,-87.05545627189,74.368640958323));
#2679 = CARTESIAN_POINT('',(-31.3,-87.05939358951,74.360031638618));
#2680 = CARTESIAN_POINT('',(-31.3,-87.06354549757,74.351522684555));
#2681 = CARTESIAN_POINT('',(-31.3,-87.06792538614,74.343128167271));
#2682 = CARTESIAN_POINT('',(-31.3,-87.07369827474,74.33296348272));
#2683 = CARTESIAN_POINT('',(-31.3,-87.07481406952,74.331036578445));
#2684 = CARTESIAN_POINT('',(-31.3,-87.07594688692,74.329119539633));
#2685 = CARTESIAN_POINT('',(-31.3,-87.07709792269,74.327213337051));
#2686 = CARTESIAN_POINT('',(-31.3,-87.07826874269,74.325319272919));
#2687 = CARTESIAN_POINT('',(-31.3,-87.08000786489,74.322577178617));
#2688 = CARTESIAN_POINT('',(-31.3,-87.08055907917,74.321718327022));
#2689 = CARTESIAN_POINT('',(-31.3,-87.08111498368,74.320862469756));
#2690 = CARTESIAN_POINT('',(-31.3,-87.08167584446,74.320009824986));
#2691 = CARTESIAN_POINT('',(-31.3,-87.08224213559,74.31916078541));
#2692 = CARTESIAN_POINT('',(-31.3,-87.08338695427,74.317471034227));
#2693 = CARTESIAN_POINT('',(-31.3,-87.08396575292,74.316630604994));
#2694 = CARTESIAN_POINT('',(-31.3,-87.08454951461,74.315793361325));
#2695 = CARTESIAN_POINT('',(-31.3,-87.08514374979,74.314963843667));
#2696 = CARTESIAN_POINT('',(-31.3,-87.08574218313,74.314136976452));
#2697 = CARTESIAN_POINT('',(-31.3,-87.08673991795,74.312797735729));
#2698 = CARTESIAN_POINT('',(-31.3,-87.08713330193,74.312280990677));
#2699 = CARTESIAN_POINT('',(-31.3,-87.08753441374,74.311770262149));
#2700 = CARTESIAN_POINT('',(-31.3,-87.08794326398,74.311265641575));
#2701 = CARTESIAN_POINT('',(-31.3,-87.08835750939,74.310765382956));
#2702 = CARTESIAN_POINT('',(-31.3,-87.0897297304,74.309113598731));
#2703 = CARTESIAN_POINT('',(-31.3,-87.08999605614,74.308802530564));
#2704 = CARTESIAN_POINT('',(-31.3,-87.09053548838,74.308155569334));
#2705 = CARTESIAN_POINT('',(-31.3,-87.09173715219,74.306698964667));
#2706 = CARTESIAN_POINT('',(-31.3,-87.09341523946,74.304662344831));
#2707 = CARTESIAN_POINT('',(-31.3,-87.09883180239,74.298119313117));
#2708 = CARTESIAN_POINT('',(-31.3,-87.10285253959,74.293258218787));
#2709 = CARTESIAN_POINT('',(-31.3,-87.10687298382,74.28839688371));
#2710 = CARTESIAN_POINT('',(-31.3,-87.11089400111,74.28353601993));
#2711 = CARTESIAN_POINT('',(-31.3,-87.11491556016,74.27867560157));
#2712 = CARTESIAN_POINT('',(-31.3,-87.1285679582,74.262172773736));
#2713 = CARTESIAN_POINT('',(-31.3,-87.13820995923,74.250517575233));
#2714 = CARTESIAN_POINT('',(-31.3,-87.14756433469,74.23921004741));
#2715 = CARTESIAN_POINT('',(-31.3,-87.15665190721,74.228225055132));
#2716 = CARTESIAN_POINT('',(-31.3,-87.16581272281,74.217151550046));
#2717 = CARTESIAN_POINT('',(-31.3,-87.19291424692,74.184391434639));
#2718 = CARTESIAN_POINT('',(-31.3,-87.21012244312,74.16359029885));
#2719 = CARTESIAN_POINT('',(-31.3,-87.22733063933,74.14278916307));
#2720 = CARTESIAN_POINT('',(-31.3,-87.24453883547,74.121988027229));
#2721 = CARTESIAN_POINT('',(-31.3,-87.26174703154,74.101186891341));
#2722 = CARTESIAN_POINT('',(-31.3,-87.27895522767,74.080385755495));
#2723 = ORIENTED_EDGE('',*,*,#2724,.T.);
#2724 = EDGE_CURVE('',#2663,#2725,#2727,.T.);
#2725 = VERTEX_POINT('',#2726);
#2726 = CARTESIAN_POINT('',(-31.3,-87.03178470596,73.848277186007));
#2727 = B_SPLINE_CURVE_WITH_KNOTS('',4,(#2728,#2729,#2730,#2731,#2732),
  .UNSPECIFIED.,.F.,.F.,(5,5),(0.,1.),.PIECEWISE_BEZIER_KNOTS.);
#2728 = CARTESIAN_POINT('',(-31.3,-87.27895522767,74.080385755495));
#2729 = CARTESIAN_POINT('',(-31.3,-87.21716259724,74.022358613123));
#2730 = CARTESIAN_POINT('',(-31.3,-87.15536996682,73.964331470751));
#2731 = CARTESIAN_POINT('',(-31.3,-87.09357733639,73.906304328379));
#2732 = CARTESIAN_POINT('',(-31.3,-87.03178470596,73.848277186007));
#2733 = ORIENTED_EDGE('',*,*,#2734,.T.);
#2734 = EDGE_CURVE('',#2725,#2735,#2737,.T.);
#2735 = VERTEX_POINT('',#2736);
#2736 = CARTESIAN_POINT('',(-31.3,-86.57853187579,74.152694154649));
#2737 = B_SPLINE_CURVE_WITH_KNOTS('',7,(#2738,#2739,#2740,#2741,#2742,
    #2743,#2744,#2745,#2746,#2747,#2748,#2749,#2750,#2751,#2752,#2753,
    #2754,#2755,#2756,#2757,#2758,#2759,#2760,#2761,#2762,#2763,#2764,
    #2765,#2766,#2767,#2768,#2769,#2770,#2771,#2772,#2773,#2774,#2775,
    #2776,#2777,#2778,#2779,#2780,#2781,#2782,#2783,#2784,#2785,#2786,
    #2787),.UNSPECIFIED.,.F.,.F.,(8,6,6,6,6,6,6,6,8),(0.,0.225855928757,
    0.282010094749,0.320501700987,0.336787952702,0.385642551938,
    0.486310147538,0.73501727416,1.),.UNSPECIFIED.);
#2738 = CARTESIAN_POINT('',(-31.3,-87.03178470596,73.848277186007));
#2739 = CARTESIAN_POINT('',(-31.3,-87.00743883629,73.871139479383));
#2740 = CARTESIAN_POINT('',(-31.3,-86.98309295838,73.894001763925));
#2741 = CARTESIAN_POINT('',(-31.3,-86.95874708614,73.916864054545));
#2742 = CARTESIAN_POINT('',(-31.3,-86.93440122449,73.939726356508));
#2743 = CARTESIAN_POINT('',(-31.3,-86.91005536934,73.962588665435));
#2744 = CARTESIAN_POINT('',(-31.3,-86.88570950759,73.985450967299));
#2745 = CARTESIAN_POINT('',(-31.3,-86.85531054086,74.013997445061));
#2746 = CARTESIAN_POINT('',(-31.3,-86.85026795605,74.018733378));
#2747 = CARTESIAN_POINT('',(-31.3,-86.84468933763,74.023972246616));
#2748 = CARTESIAN_POINT('',(-31.3,-86.83807764651,74.030180421837));
#2749 = CARTESIAN_POINT('',(-31.3,-86.83098532964,74.036839436151));
#2750 = CARTESIAN_POINT('',(-31.3,-86.82501432003,74.042445983601));
#2751 = CARTESIAN_POINT('',(-31.3,-86.82130919472,74.045928042726));
#2752 = CARTESIAN_POINT('',(-31.3,-86.81978663562,74.047329215917));
#2753 = CARTESIAN_POINT('',(-31.3,-86.81833685091,74.048799317674));
#2754 = CARTESIAN_POINT('',(-31.3,-86.81674009516,74.05012283304));
#2755 = CARTESIAN_POINT('',(-31.3,-86.8152862941,74.051594373088));
#2756 = CARTESIAN_POINT('',(-31.3,-86.81380254452,74.053036283558));
#2757 = CARTESIAN_POINT('',(-31.3,-86.81159123612,74.054976791762));
#2758 = CARTESIAN_POINT('',(-31.3,-86.81092248411,74.055540741116));
#2759 = CARTESIAN_POINT('',(-31.3,-86.81024767019,74.05609800885));
#2760 = CARTESIAN_POINT('',(-31.3,-86.80957370994,74.056655134521));
#2761 = CARTESIAN_POINT('',(-31.3,-86.80889088373,74.057202187675));
#2762 = CARTESIAN_POINT('',(-31.3,-86.80820653054,74.057746737512));
#2763 = CARTESIAN_POINT('',(-31.3,-86.80545329188,74.05990596258));
#2764 = CARTESIAN_POINT('',(-31.3,-86.80335679712,74.061485107622));
#2765 = CARTESIAN_POINT('',(-31.3,-86.80123900232,74.063035461102));
#2766 = CARTESIAN_POINT('',(-31.3,-86.79910168516,74.064558586123));
#2767 = CARTESIAN_POINT('',(-31.3,-86.79694608523,74.066055606834));
#2768 = CARTESIAN_POINT('',(-31.3,-86.79477503778,74.067529757338));
#2769 = CARTESIAN_POINT('',(-31.3,-86.78808530482,74.07197452962));
#2770 = CARTESIAN_POINT('',(-31.3,-86.78352004123,74.074874441418));
#2771 = CARTESIAN_POINT('',(-31.3,-86.77890356505,74.077692791341));
#2772 = CARTESIAN_POINT('',(-31.3,-86.7742426904,74.08043677131));
#2773 = CARTESIAN_POINT('',(-31.3,-86.76954195839,74.083111071764));
#2774 = CARTESIAN_POINT('',(-31.3,-86.76480465885,74.085719210375));
#2775 = CARTESIAN_POINT('',(-31.3,-86.74824720244,74.09455408808));
#2776 = CARTESIAN_POINT('',(-31.3,-86.73625702895,74.100460394565));
#2777 = CARTESIAN_POINT('',(-31.3,-86.72410583322,74.106031841851));
#2778 = CARTESIAN_POINT('',(-31.3,-86.71181811532,74.111293368194));
#2779 = CARTESIAN_POINT('',(-31.3,-86.69941188942,74.116263385262));
#2780 = CARTESIAN_POINT('',(-31.3,-86.68690272608,74.120959676772));
#2781 = CARTESIAN_POINT('',(-31.3,-86.66087320412,74.130119746117));
#2782 = CARTESIAN_POINT('',(-31.3,-86.64734193703,74.134548311029));
#2783 = CARTESIAN_POINT('',(-31.3,-86.63371987245,74.138695062182));
#2784 = CARTESIAN_POINT('',(-31.3,-86.62001951022,74.142574058505));
#2785 = CARTESIAN_POINT('',(-31.3,-86.60624984768,74.146194743296));
#2786 = CARTESIAN_POINT('',(-31.3,-86.59241754078,74.14956399783));
#2787 = CARTESIAN_POINT('',(-31.3,-86.57853187579,74.152694154649));
#2788 = ORIENTED_EDGE('',*,*,#2789,.T.);
#2789 = EDGE_CURVE('',#2735,#2790,#2792,.T.);
#2790 = VERTEX_POINT('',#2791);
#2791 = CARTESIAN_POINT('',(-31.3,-86.43169809682,73.975202605853));
#2792 = B_SPLINE_CURVE_WITH_KNOTS('',4,(#2793,#2794,#2795,#2796,#2797),
  .UNSPECIFIED.,.F.,.F.,(5,5),(0.,1.),.PIECEWISE_BEZIER_KNOTS.);
#2793 = CARTESIAN_POINT('',(-31.3,-86.57853187579,74.152694154649));
#2794 = CARTESIAN_POINT('',(-31.3,-86.54182343105,74.10832126745));
#2795 = CARTESIAN_POINT('',(-31.3,-86.50511498631,74.063948380251));
#2796 = CARTESIAN_POINT('',(-31.3,-86.46840654157,74.019575493052));
#2797 = CARTESIAN_POINT('',(-31.3,-86.43169809682,73.975202605853));
#2798 = ORIENTED_EDGE('',*,*,#2799,.T.);
#2799 = EDGE_CURVE('',#2790,#2800,#2802,.T.);
#2800 = VERTEX_POINT('',#2801);
#2801 = CARTESIAN_POINT('',(-31.3,-86.81565411518,73.58702018119));
#2802 = B_SPLINE_CURVE_WITH_KNOTS('',6,(#2803,#2804,#2805,#2806,#2807,
    #2808,#2809,#2810,#2811,#2812,#2813,#2814,#2815,#2816,#2817,#2818,
    #2819,#2820,#2821,#2822,#2823,#2824,#2825,#2826,#2827,#2828,#2829,
    #2830,#2831,#2832,#2833,#2834,#2835,#2836,#2837,#2838,#2839,#2840,
    #2841,#2842,#2843,#2844,#2845,#2846,#2847,#2848,#2849,#2850,#2851,
    #2852,#2853,#2854,#2855,#2856,#2857,#2858,#2859),.UNSPECIFIED.,.F.,
  .F.,(7,5,5,5,5,5,5,5,5,5,5,7),(0.,0.251012533922,0.371114358389,
    0.493622984265,0.522448543868,0.535660286103,0.548872292415,
    0.557280378634,0.576677893173,0.632664338661,0.766759093075,1.),
  .UNSPECIFIED.);
#2803 = CARTESIAN_POINT('',(-31.3,-86.43169809682,73.975202605853));
#2804 = CARTESIAN_POINT('',(-31.3,-86.43943085282,73.957421440862));
#2805 = CARTESIAN_POINT('',(-31.3,-86.44759288921,73.939826521117));
#2806 = CARTESIAN_POINT('',(-31.3,-86.45621169006,73.92244731497));
#2807 = CARTESIAN_POINT('',(-31.3,-86.46529952965,73.905304800262));
#2808 = CARTESIAN_POINT('',(-31.3,-86.47488878777,73.888440724118));
#2809 = CARTESIAN_POINT('',(-31.3,-86.48986594268,73.863996858465));
#2810 = CARTESIAN_POINT('',(-31.3,-86.49483674229,73.856162191478));
#2811 = CARTESIAN_POINT('',(-31.3,-86.49993610248,73.84840954483));
#2812 = CARTESIAN_POINT('',(-31.3,-86.50516928413,73.840746147971));
#2813 = CARTESIAN_POINT('',(-31.3,-86.51054303675,73.833181310172));
#2814 = CARTESIAN_POINT('',(-31.3,-86.52170078593,73.818123946509));
#2815 = CARTESIAN_POINT('',(-31.3,-86.52749063621,73.810637386661));
#2816 = CARTESIAN_POINT('',(-31.3,-86.5334453065,73.80327771564));
#2817 = CARTESIAN_POINT('',(-31.3,-86.53958286556,73.796068623563));
#2818 = CARTESIAN_POINT('',(-31.3,-86.54591278344,73.78902706947));
#2819 = CARTESIAN_POINT('',(-31.3,-86.55403216038,73.780617386191));
#2820 = CARTESIAN_POINT('',(-31.3,-86.55559210203,73.779028506036));
#2821 = CARTESIAN_POINT('',(-31.3,-86.55716607805,73.777453414754));
#2822 = CARTESIAN_POINT('',(-31.3,-86.55875500522,73.775893349987));
#2823 = CARTESIAN_POINT('',(-31.3,-86.56036007635,73.774349962455));
#2824 = CARTESIAN_POINT('',(-31.3,-86.56272649195,73.772126518192));
#2825 = CARTESIAN_POINT('',(-31.3,-86.56347397652,73.771431730417));
#2826 = CARTESIAN_POINT('',(-31.3,-86.56422525932,73.770741009311));
#2827 = CARTESIAN_POINT('',(-31.3,-86.56498054376,73.770054632348));
#2828 = CARTESIAN_POINT('',(-31.3,-86.56574019137,73.769373097791));
#2829 = CARTESIAN_POINT('',(-31.3,-86.5672692675,73.768021138077));
#2830 = CARTESIAN_POINT('',(-31.3,-86.56803888837,73.767351053843));
#2831 = CARTESIAN_POINT('',(-31.3,-86.56881252415,73.766685289352));
#2832 = CARTESIAN_POINT('',(-31.3,-86.56959438299,73.766029612797));
#2833 = CARTESIAN_POINT('',(-31.3,-86.57037964896,73.765377547456));
#2834 = CARTESIAN_POINT('',(-31.3,-86.57167909374,73.764328508003));
#2835 = CARTESIAN_POINT('',(-31.3,-86.5721886281,73.763925828064));
#2836 = CARTESIAN_POINT('',(-31.3,-86.57270415127,73.763530897463));
#2837 = CARTESIAN_POINT('',(-31.3,-86.57322565076,73.763143807393));
#2838 = CARTESIAN_POINT('',(-31.3,-86.57375129115,73.762762283962));
#2839 = CARTESIAN_POINT('',(-31.3,-86.57549118334,73.761503651065));
#2840 = CARTESIAN_POINT('',(-31.3,-86.57582650148,73.761268588194));
#2841 = CARTESIAN_POINT('',(-31.3,-86.57650987917,73.760776103783));
#2842 = CARTESIAN_POINT('',(-31.3,-86.57803603335,73.759664102667));
#2843 = CARTESIAN_POINT('',(-31.3,-86.58016788719,73.758108790322));
#2844 = CARTESIAN_POINT('',(-31.3,-86.58704146465,73.753118364405));
#2845 = CARTESIAN_POINT('',(-31.3,-86.592144788,73.749409906974));
#2846 = CARTESIAN_POINT('',(-31.3,-86.59724788746,73.745701143501));
#2847 = CARTESIAN_POINT('',(-31.3,-86.60235142476,73.741992979031));
#2848 = CARTESIAN_POINT('',(-31.3,-86.60745537603,73.738285380718));
#2849 = CARTESIAN_POINT('',(-31.3,-86.62478294527,73.725696232893));
#2850 = CARTESIAN_POINT('',(-31.3,-86.6370205551,73.716805072031));
#2851 = CARTESIAN_POINT('',(-31.3,-86.64889311348,73.708179129566));
#2852 = CARTESIAN_POINT('',(-31.3,-86.66042703969,73.699799238405));
#2853 = CARTESIAN_POINT('',(-31.3,-86.67205392015,73.691351830043));
#2854 = CARTESIAN_POINT('',(-31.3,-86.70645110945,73.666360808875));
#2855 = CARTESIAN_POINT('',(-31.3,-86.72829171063,73.65049268339));
#2856 = CARTESIAN_POINT('',(-31.3,-86.75013231182,73.634624557914));
#2857 = CARTESIAN_POINT('',(-31.3,-86.77197291296,73.618756432362));
#2858 = CARTESIAN_POINT('',(-31.3,-86.79381351405,73.602888306749));
#2859 = CARTESIAN_POINT('',(-31.3,-86.81565411518,73.58702018119));
#2860 = ORIENTED_EDGE('',*,*,#2861,.T.);
#2861 = EDGE_CURVE('',#2800,#2862,#2864,.T.);
#2862 = VERTEX_POINT('',#2863);
#2863 = CARTESIAN_POINT('',(-31.3,-86.63397196388,73.300734920075));
#2864 = B_SPLINE_CURVE_WITH_KNOTS('',4,(#2865,#2866,#2867,#2868,#2869),
  .UNSPECIFIED.,.F.,.F.,(5,5),(0.,1.),.PIECEWISE_BEZIER_KNOTS.);
#2865 = CARTESIAN_POINT('',(-31.3,-86.81565411518,73.58702018119));
#2866 = CARTESIAN_POINT('',(-31.3,-86.77023357736,73.515448865911));
#2867 = CARTESIAN_POINT('',(-31.3,-86.72481303953,73.443877550632));
#2868 = CARTESIAN_POINT('',(-31.3,-86.6793925017,73.372306235353));
#2869 = CARTESIAN_POINT('',(-31.3,-86.63397196388,73.300734920075));
#2870 = ORIENTED_EDGE('',*,*,#2871,.T.);
#2871 = EDGE_CURVE('',#2862,#2872,#2874,.T.);
#2872 = VERTEX_POINT('',#2873);
#2873 = CARTESIAN_POINT('',(-31.3,-86.11925348326,73.482868674672));
#2874 = B_SPLINE_CURVE_WITH_KNOTS('',8,(#2875,#2876,#2877,#2878,#2879,
    #2880,#2881,#2882,#2883,#2884,#2885,#2886,#2887,#2888,#2889,#2890,
    #2891,#2892,#2893,#2894,#2895,#2896,#2897,#2898,#2899,#2900,#2901,
    #2902,#2903,#2904,#2905,#2906,#2907,#2908,#2909,#2910,#2911,#2912,
    #2913,#2914,#2915,#2916,#2917,#2918,#2919,#2920,#2921,#2922,#2923,
    #2924,#2925,#2926,#2927,#2928,#2929,#2930,#2931,#2932),
  .UNSPECIFIED.,.F.,.F.,(9,7,7,7,7,7,7,7,9),(0.,0.400973955875,
    0.517966367044,0.539968500277,0.548969921598,0.583974032758,
    0.652979636696,0.820992372441,1.),.UNSPECIFIED.);
#2875 = CARTESIAN_POINT('',(-31.3,-86.63397196388,73.300734920075));
#2876 = CARTESIAN_POINT('',(-31.3,-86.60952214128,73.314176323792));
#2877 = CARTESIAN_POINT('',(-31.3,-86.58507231924,73.327617728515));
#2878 = CARTESIAN_POINT('',(-31.3,-86.56062249694,73.341059132783));
#2879 = CARTESIAN_POINT('',(-31.3,-86.53617267403,73.354500535922));
#2880 = CARTESIAN_POINT('',(-31.3,-86.51172285056,73.367941938046));
#2881 = CARTESIAN_POINT('',(-31.3,-86.48727302704,73.381383340061));
#2882 = CARTESIAN_POINT('',(-31.3,-86.46282320438,73.39482474366));
#2883 = CARTESIAN_POINT('',(-31.3,-86.43123964519,73.412187958885));
#2884 = CARTESIAN_POINT('',(-31.3,-86.42410542003,73.416108873811));
#2885 = CARTESIAN_POINT('',(-31.3,-86.41697195328,73.420031178156));
#2886 = CARTESIAN_POINT('',(-31.3,-86.4098389232,73.42395428318));
#2887 = CARTESIAN_POINT('',(-31.3,-86.40270540483,73.427876494356));
#2888 = CARTESIAN_POINT('',(-31.3,-86.39557083331,73.431796776381));
#2889 = CARTESIAN_POINT('',(-31.3,-86.3884359672,73.435716518185));
#2890 = CARTESIAN_POINT('',(-31.3,-86.37996255326,73.440379410152));
#2891 = CARTESIAN_POINT('',(-31.3,-86.37862391871,73.441121604484));
#2892 = CARTESIAN_POINT('',(-31.3,-86.37727932792,73.441852657376));
#2893 = CARTESIAN_POINT('',(-31.3,-86.37593265577,73.442580232735));
#2894 = CARTESIAN_POINT('',(-31.3,-86.37459127321,73.443317995325));
#2895 = CARTESIAN_POINT('',(-31.3,-86.37325817523,73.444071107394));
#2896 = CARTESIAN_POINT('',(-31.3,-86.37192523576,73.444824108527));
#2897 = CARTESIAN_POINT('',(-31.3,-86.37001215497,73.44582045234));
#2898 = CARTESIAN_POINT('',(-31.3,-86.36945207216,73.446100585388));
#2899 = CARTESIAN_POINT('',(-31.3,-86.36888887778,73.446374539501));
#2900 = CARTESIAN_POINT('',(-31.3,-86.36832361819,73.446644263113));
#2901 = CARTESIAN_POINT('',(-31.3,-86.36775691404,73.446910864432));
#2902 = CARTESIAN_POINT('',(-31.3,-86.367189025,73.447174784417));
#2903 = CARTESIAN_POINT('',(-31.3,-86.36661991429,73.447435969754));
#2904 = CARTESIAN_POINT('',(-31.3,-86.36383039976,73.448697634407));
#2905 = CARTESIAN_POINT('',(-31.3,-86.3615925369,73.449658876866));
#2906 = CARTESIAN_POINT('',(-31.3,-86.35933770731,73.450581176857));
#2907 = CARTESIAN_POINT('',(-31.3,-86.35707723036,73.451487136519));
#2908 = CARTESIAN_POINT('',(-31.3,-86.35480096361,73.452354765586));
#2909 = CARTESIAN_POINT('',(-31.3,-86.35251935125,73.453205991669));
#2910 = CARTESIAN_POINT('',(-31.3,-86.35022821432,73.454031729565));
#2911 = CARTESIAN_POINT('',(-31.3,-86.34339857594,73.456424119363));
#2912 = CARTESIAN_POINT('',(-31.3,-86.33883892622,73.457929572999));
#2913 = CARTESIAN_POINT('',(-31.3,-86.33425547463,73.459362034874));
#2914 = CARTESIAN_POINT('',(-31.3,-86.32965171485,73.46072785637));
#2915 = CARTESIAN_POINT('',(-31.3,-86.32503020017,73.462031570889));
#2916 = CARTESIAN_POINT('',(-31.3,-86.32039281024,73.463276518358));
#2917 = CARTESIAN_POINT('',(-31.3,-86.3157410177,73.464465469734));
#2918 = CARTESIAN_POINT('',(-31.3,-86.29971828962,73.468366618247));
#2919 = CARTESIAN_POINT('',(-31.3,-86.28828399831,73.470815856226));
#2920 = CARTESIAN_POINT('',(-31.3,-86.27679153975,73.472984666335));
#2921 = CARTESIAN_POINT('',(-31.3,-86.26525332991,73.474895312603));
#2922 = CARTESIAN_POINT('',(-31.3,-86.25367857696,73.476563724394));
#2923 = CARTESIAN_POINT('',(-31.3,-86.24207477162,73.478003543461));
#2924 = CARTESIAN_POINT('',(-31.3,-86.23044803303,73.479227115836));
#2925 = CARTESIAN_POINT('',(-31.3,-86.20639448141,73.481326249623));
#2926 = CARTESIAN_POINT('',(-31.3,-86.19396631189,73.482174196433));
#2927 = CARTESIAN_POINT('',(-31.3,-86.18152358929,73.482798284736));
#2928 = CARTESIAN_POINT('',(-31.3,-86.16907177659,73.483209080591));
#2929 = CARTESIAN_POINT('',(-31.3,-86.15661541382,73.483415034518));
#2930 = CARTESIAN_POINT('',(-31.3,-86.1441580722,73.48342249567));
#2931 = CARTESIAN_POINT('',(-31.3,-86.13170286044,73.483237406034));
#2932 = CARTESIAN_POINT('',(-31.3,-86.11925348326,73.482868674672));
#2933 = ORIENTED_EDGE('',*,*,#2934,.T.);
#2934 = EDGE_CURVE('',#2872,#2935,#2937,.T.);
#2935 = VERTEX_POINT('',#2936);
#2936 = CARTESIAN_POINT('',(-31.3,-86.02117311071,73.274437273341));
#2937 = B_SPLINE_CURVE_WITH_KNOTS('',4,(#2938,#2939,#2940,#2941,#2942),
  .UNSPECIFIED.,.F.,.F.,(5,5),(0.,1.),.PIECEWISE_BEZIER_KNOTS.);
#2938 = CARTESIAN_POINT('',(-31.3,-86.11925348326,73.482868674672));
#2939 = CARTESIAN_POINT('',(-31.3,-86.09473339012,73.430760824339));
#2940 = CARTESIAN_POINT('',(-31.3,-86.07021329699,73.378652974007));
#2941 = CARTESIAN_POINT('',(-31.3,-86.04569320385,73.326545123674));
#2942 = CARTESIAN_POINT('',(-31.3,-86.02117311071,73.274437273341));
#2943 = ORIENTED_EDGE('',*,*,#2944,.T.);
#2944 = EDGE_CURVE('',#2935,#2945,#2947,.T.);
#2945 = VERTEX_POINT('',#2946);
#2946 = CARTESIAN_POINT('',(-31.3,-86.4896034881,72.993936292249));
#2947 = B_SPLINE_CURVE_WITH_KNOTS('',6,(#2948,#2949,#2950,#2951,#2952,
    #2953,#2954,#2955,#2956,#2957,#2958,#2959,#2960,#2961,#2962,#2963,
    #2964,#2965,#2966,#2967,#2968,#2969,#2970,#2971,#2972,#2973,#2974,
    #2975,#2976,#2977,#2978,#2979,#2980,#2981,#2982,#2983,#2984,#2985,
    #2986,#2987,#2988,#2989,#2990,#2991,#2992,#2993,#2994,#2995,#2996,
    #2997,#2998,#2999,#3000,#3001,#3002,#3003,#3004),.UNSPECIFIED.,.F.,
  .F.,(7,5,5,5,5,5,5,5,5,5,5,7),(0.,0.251012533916,0.37111435838,
    0.493622984253,0.522448543855,0.53566028609,0.548872292402,
    0.557280378621,0.576677893161,0.63266433865,0.766759093068,1.),
  .UNSPECIFIED.);
#2948 = CARTESIAN_POINT('',(-31.3,-86.02117311071,73.274437273341));
#2949 = CARTESIAN_POINT('',(-31.3,-86.03308492388,73.259137794563));
#2950 = CARTESIAN_POINT('',(-31.3,-86.04536621349,73.244125467485));
#2951 = CARTESIAN_POINT('',(-31.3,-86.05803627168,73.229435669668));
#2952 = CARTESIAN_POINT('',(-31.3,-86.07110177013,73.215091772385));
#2953 = CARTESIAN_POINT('',(-31.3,-86.08458368926,73.201142263724));
#2954 = CARTESIAN_POINT('',(-31.3,-86.1051692515,73.181191014023));
#2955 = CARTESIAN_POINT('',(-31.3,-86.11193228675,73.174838675101));
#2956 = CARTESIAN_POINT('',(-31.3,-86.11879944598,73.168597751413));
#2957 = CARTESIAN_POINT('',(-31.3,-86.12577402691,73.162476553613));
#2958 = CARTESIAN_POINT('',(-31.3,-86.13286025186,73.156485777038));
#2959 = CARTESIAN_POINT('',(-31.3,-86.1474120739,73.144676287527));
#2960 = CARTESIAN_POINT('',(-31.3,-86.15488185712,73.138864808937));
#2961 = CARTESIAN_POINT('',(-31.3,-86.16247972625,73.133217221797));
#2962 = CARTESIAN_POINT('',(-31.3,-86.1702172909,73.127760965475));
#2963 = CARTESIAN_POINT('',(-31.3,-86.17809950606,73.122514821314));
#2964 = CARTESIAN_POINT('',(-31.3,-86.18805520103,73.116388550635));
#2965 = CARTESIAN_POINT('',(-31.3,-86.18996127266,73.115237529784));
#2966 = CARTESIAN_POINT('',(-31.3,-86.19187750861,73.114103354809));
#2967 = CARTESIAN_POINT('',(-31.3,-86.19380448904,73.112987452465));
#2968 = CARTESIAN_POINT('',(-31.3,-86.19574295878,73.111891718248));
#2969 = CARTESIAN_POINT('',(-31.3,-86.19858797718,73.110326631204));
#2970 = CARTESIAN_POINT('',(-31.3,-86.19948476485,73.109839563319));
#2971 = CARTESIAN_POINT('',(-31.3,-86.20038422007,73.109357378921));
#2972 = CARTESIAN_POINT('',(-31.3,-86.20128647087,73.108880397355));
#2973 = CARTESIAN_POINT('',(-31.3,-86.20219174351,73.108409191138));
#2974 = CARTESIAN_POINT('',(-31.3,-86.20400899961,73.107479971493));
#2975 = CARTESIAN_POINT('',(-31.3,-86.2049210846,73.107022336117));
#2976 = CARTESIAN_POINT('',(-31.3,-86.20583598408,73.106569883235));
#2977 = CARTESIAN_POINT('',(-31.3,-86.20675633952,73.106129246353));
#2978 = CARTESIAN_POINT('',(-31.3,-86.20767909697,73.10569295455));
#2979 = CARTESIAN_POINT('',(-31.3,-86.2091986028,73.105000031374));
#2980 = CARTESIAN_POINT('',(-31.3,-86.20979227163,73.104736718408));
#2981 = CARTESIAN_POINT('',(-31.3,-86.21038981394,73.104482400678));
#2982 = CARTESIAN_POINT('',(-31.3,-86.21099119495,73.104237163404));
#2983 = CARTESIAN_POINT('',(-31.3,-86.2115952024,73.103998347681));
#2984 = CARTESIAN_POINT('',(-31.3,-86.21359344195,73.103211950644));
#2985 = CARTESIAN_POINT('',(-31.3,-86.21397668321,73.103067662936));
#2986 = CARTESIAN_POINT('',(-31.3,-86.21476106723,73.102760599949));
#2987 = CARTESIAN_POINT('',(-31.3,-86.21651581791,73.102063073504));
#2988 = CARTESIAN_POINT('',(-31.3,-86.21896748608,73.101086794646));
#2989 = CARTESIAN_POINT('',(-31.3,-86.22686618593,73.097962541339));
#2990 = CARTESIAN_POINT('',(-31.3,-86.23273143485,73.095639736826));
#2991 = CARTESIAN_POINT('',(-31.3,-86.23859654302,73.093316580205));
#2992 = CARTESIAN_POINT('',(-31.3,-86.24446192632,73.090994112656));
#2993 = CARTESIAN_POINT('',(-31.3,-86.25032756978,73.088672296428));
#2994 = CARTESIAN_POINT('',(-31.3,-86.27024155532,73.080787851071));
#2995 = CARTESIAN_POINT('',(-31.3,-86.28430583993,73.075219392187));
#2996 = CARTESIAN_POINT('',(-31.3,-86.29795058471,73.069817034768));
#2997 = CARTESIAN_POINT('',(-31.3,-86.31120614561,73.064568784106));
#2998 = CARTESIAN_POINT('',(-31.3,-86.32456853127,73.059278254202));
#2999 = CARTESIAN_POINT('',(-31.3,-86.36410008385,73.043626605044));
#3000 = CARTESIAN_POINT('',(-31.3,-86.38920076472,73.033688542544));
#3001 = CARTESIAN_POINT('',(-31.3,-86.4143014456,73.023750480055));
#3002 = CARTESIAN_POINT('',(-31.3,-86.43940212644,73.013812417479));
#3003 = CARTESIAN_POINT('',(-31.3,-86.46450280726,73.003874354833));
#3004 = CARTESIAN_POINT('',(-31.3,-86.4896034881,72.993936292249));
#3005 = ORIENTED_EDGE('',*,*,#3006,.T.);
#3006 = EDGE_CURVE('',#2945,#3007,#3009,.T.);
#3007 = VERTEX_POINT('',#3008);
#3008 = CARTESIAN_POINT('',(-31.3,-86.38482546495,72.671462695345));
#3009 = B_SPLINE_CURVE_WITH_KNOTS('',4,(#3010,#3011,#3012,#3013,#3014),
  .UNSPECIFIED.,.F.,.F.,(5,5),(0.,1.),.PIECEWISE_BEZIER_KNOTS.);
#3010 = CARTESIAN_POINT('',(-31.3,-86.4896034881,72.993936292249));
#3011 = CARTESIAN_POINT('',(-31.3,-86.46340898231,72.913317893023));
#3012 = CARTESIAN_POINT('',(-31.3,-86.43721447652,72.832699493797));
#3013 = CARTESIAN_POINT('',(-31.3,-86.41101997074,72.752081094571));
#3014 = CARTESIAN_POINT('',(-31.3,-86.38482546495,72.671462695345));
#3015 = ORIENTED_EDGE('',*,*,#3016,.T.);
#3016 = EDGE_CURVE('',#3007,#3017,#3019,.T.);
#3017 = VERTEX_POINT('',#3018);
#3018 = CARTESIAN_POINT('',(-31.3,-85.84098298902,72.719869102255));
#3019 = B_SPLINE_CURVE_WITH_KNOTS('',7,(#3020,#3021,#3022,#3023,#3024,
    #3025,#3026,#3027,#3028,#3029,#3030,#3031,#3032,#3033,#3034,#3035,
    #3036,#3037,#3038,#3039,#3040,#3041,#3042,#3043,#3044,#3045,#3046,
    #3047,#3048,#3049,#3050,#3051,#3052,#3053,#3054,#3055,#3056,#3057,
    #3058,#3059,#3060,#3061,#3062,#3063,#3064,#3065,#3066,#3067,#3068,
    #3069),.UNSPECIFIED.,.F.,.F.,(8,6,6,6,6,6,6,6,8),(0.,0.38027763508,
    0.480692306822,0.511549743818,0.523256945785,0.558375564253,
    0.630739414069,0.809519934769,1.),.UNSPECIFIED.);
#3020 = CARTESIAN_POINT('',(-31.3,-86.38482546495,72.671462695345));
#3021 = CARTESIAN_POINT('',(-31.3,-86.3531702038,72.679590384985));
#3022 = CARTESIAN_POINT('',(-31.3,-86.32151494151,72.687718070142));
#3023 = CARTESIAN_POINT('',(-31.3,-86.28985967997,72.69584575828));
#3024 = CARTESIAN_POINT('',(-31.3,-86.25820441989,72.703973452128));
#3025 = CARTESIAN_POINT('',(-31.3,-86.22654916074,72.712101149687));
#3026 = CARTESIAN_POINT('',(-31.3,-86.19489390083,72.720228844226));
#3027 = CARTESIAN_POINT('',(-31.3,-86.15487986827,72.730502688688));
#3028 = CARTESIAN_POINT('',(-31.3,-86.1475161175,72.732394001425));
#3029 = CARTESIAN_POINT('',(-31.3,-86.14020150031,72.734272299528));
#3030 = CARTESIAN_POINT('',(-31.3,-86.13245495091,72.736260713788));
#3031 = CARTESIAN_POINT('',(-31.3,-86.12426022245,72.738363668751));
#3032 = CARTESIAN_POINT('',(-31.3,-86.11606588694,72.740466882721));
#3033 = CARTESIAN_POINT('',(-31.3,-86.10654802116,72.74291216797));
#3034 = CARTESIAN_POINT('',(-31.3,-86.1043242361,72.74351562502));
#3035 = CARTESIAN_POINT('',(-31.3,-86.10208691887,72.74406348922));
#3036 = CARTESIAN_POINT('',(-31.3,-86.09984441528,72.744598995772));
#3037 = CARTESIAN_POINT('',(-31.3,-86.09761399661,72.745190535537));
#3038 = CARTESIAN_POINT('',(-31.3,-86.095395378,72.745829325788));
#3039 = CARTESIAN_POINT('',(-31.3,-86.09229016192,72.746515927524));
#3040 = CARTESIAN_POINT('',(-31.3,-86.09143244539,72.74668794637));
#3041 = CARTESIAN_POINT('',(-31.3,-86.09057263567,72.746851189722));
#3042 = CARTESIAN_POINT('',(-31.3,-86.08971364246,72.747014719844));
#3043 = CARTESIAN_POINT('',(-31.3,-86.08885173242,72.74716515214));
#3044 = CARTESIAN_POINT('',(-31.3,-86.08798969027,72.747312655138));
#3045 = CARTESIAN_POINT('',(-31.3,-86.08453679423,72.747878415649));
#3046 = CARTESIAN_POINT('',(-31.3,-86.08193886294,72.748252236944));
#3047 = CARTESIAN_POINT('',(-31.3,-86.07933613673,72.748590566631));
#3048 = CARTESIAN_POINT('',(-31.3,-86.07672942034,72.748895630865));
#3049 = CARTESIAN_POINT('',(-31.3,-86.0741192585,72.749169011929));
#3050 = CARTESIAN_POINT('',(-31.3,-86.07150657769,72.749414909776));
#3051 = CARTESIAN_POINT('',(-31.3,-86.06350303464,72.750087089989));
#3052 = CARTESIAN_POINT('',(-31.3,-86.05810542049,72.750428969559));
#3053 = CARTESIAN_POINT('',(-31.3,-86.05270222115,72.750674704064));
#3054 = CARTESIAN_POINT('',(-31.3,-86.04729594312,72.75083387855));
#3055 = CARTESIAN_POINT('',(-31.3,-86.04188830619,72.750912790986));
#3056 = CARTESIAN_POINT('',(-31.3,-86.0364804986,72.750916108813));
#3057 = CARTESIAN_POINT('',(-31.3,-86.01771485415,72.750681555705));
#3058 = CARTESIAN_POINT('',(-31.3,-86.00436240018,72.750080981403));
#3059 = CARTESIAN_POINT('',(-31.3,-85.99103016099,72.74910939469));
#3060 = CARTESIAN_POINT('',(-31.3,-85.97772759207,72.747800452125));
#3061 = CARTESIAN_POINT('',(-31.3,-85.96446160946,72.746178966375));
#3062 = CARTESIAN_POINT('',(-31.3,-85.95123729037,72.744268022598));
#3063 = CARTESIAN_POINT('',(-31.3,-85.92401454933,72.739755234713));
#3064 = CARTESIAN_POINT('',(-31.3,-85.91002353217,72.737117278093));
#3065 = CARTESIAN_POINT('',(-31.3,-85.89608871339,72.73418862417));
#3066 = CARTESIAN_POINT('',(-31.3,-85.88221427371,72.730987614717));
#3067 = CARTESIAN_POINT('',(-31.3,-85.86840354824,72.727526859465));
#3068 = CARTESIAN_POINT('',(-31.3,-85.85465905455,72.723815595049));
#3069 = CARTESIAN_POINT('',(-31.3,-85.84098298902,72.719869102255));
#3070 = ORIENTED_EDGE('',*,*,#3071,.T.);
#3071 = EDGE_CURVE('',#3017,#3072,#3074,.T.);
#3072 = VERTEX_POINT('',#3073);
#3073 = CARTESIAN_POINT('',(-31.3,-85.79781877341,72.493594359894));
#3074 = B_SPLINE_CURVE_WITH_KNOTS('',4,(#3075,#3076,#3077,#3078,#3079),
  .UNSPECIFIED.,.F.,.F.,(5,5),(0.,1.),.PIECEWISE_BEZIER_KNOTS.);
#3075 = CARTESIAN_POINT('',(-31.3,-85.84098298902,72.719869102255));
#3076 = CARTESIAN_POINT('',(-31.3,-85.83019193512,72.663300416665));
#3077 = CARTESIAN_POINT('',(-31.3,-85.81940088122,72.606731731074));
#3078 = CARTESIAN_POINT('',(-31.3,-85.80860982731,72.550163045484));
#3079 = CARTESIAN_POINT('',(-31.3,-85.79781877341,72.493594359894));
#3080 = ORIENTED_EDGE('',*,*,#3081,.T.);
#3081 = EDGE_CURVE('',#3072,#3082,#3084,.T.);
#3082 = VERTEX_POINT('',#3083);
#3083 = CARTESIAN_POINT('',(-31.3,-86.32129030645,72.338399730624));
#3084 = B_SPLINE_CURVE_WITH_KNOTS('',6,(#3085,#3086,#3087,#3088,#3089,
    #3090,#3091,#3092,#3093,#3094,#3095,#3096,#3097,#3098,#3099,#3100,
    #3101,#3102,#3103,#3104,#3105,#3106,#3107,#3108,#3109,#3110,#3111,
    #3112,#3113,#3114,#3115,#3116,#3117,#3118,#3119,#3120,#3121,#3122,
    #3123,#3124,#3125,#3126,#3127,#3128,#3129,#3130,#3131,#3132,#3133,
    #3134,#3135,#3136,#3137,#3138,#3139,#3140,#3141),.UNSPECIFIED.,.F.,
  .F.,(7,5,5,5,5,5,5,5,5,5,5,7),(0.,0.251012533919,0.371114358384,
    0.493622984258,0.522448543861,0.535660286096,0.548872292408,
    0.557280378627,0.576677893167,0.632664338655,0.766759093072,1.),
  .UNSPECIFIED.);
#3085 = CARTESIAN_POINT('',(-31.3,-85.79781877341,72.493594359894));
#3086 = CARTESIAN_POINT('',(-31.3,-85.81316118071,72.481737889846));
#3087 = CARTESIAN_POINT('',(-31.3,-85.82879004496,72.470251435158));
#3088 = CARTESIAN_POINT('',(-31.3,-85.84471525413,72.459174059693));
#3089 = CARTESIAN_POINT('',(-31.3,-85.86093745811,72.448530059654));
#3090 = CARTESIAN_POINT('',(-31.3,-85.8774649197,72.438371617407));
#3091 = CARTESIAN_POINT('',(-31.3,-85.90236542268,72.424166594054));
#3092 = CARTESIAN_POINT('',(-31.3,-85.91049574719,72.419695724013));
#3093 = CARTESIAN_POINT('',(-31.3,-85.9186992166,72.415358663473));
#3094 = CARTESIAN_POINT('',(-31.3,-85.92697695823,72.411164282103));
#3095 = CARTESIAN_POINT('',(-31.3,-85.93533040195,72.407123989275));
#3096 = CARTESIAN_POINT('',(-31.3,-85.95236195236,72.399304407574));
#3097 = CARTESIAN_POINT('',(-31.3,-85.96104231455,72.395533166815));
#3098 = CARTESIAN_POINT('',(-31.3,-85.96980598046,72.391952522227));
#3099 = CARTESIAN_POINT('',(-31.3,-85.97865737106,72.388591938311));
#3100 = CARTESIAN_POINT('',(-31.3,-85.98759661493,72.385470838614));
#3101 = CARTESIAN_POINT('',(-31.3,-85.998763075,72.382012916653));
#3102 = CARTESIAN_POINT('',(-31.3,-86.00089551114,72.381372077978));
#3103 = CARTESIAN_POINT('',(-31.3,-86.00303360285,72.380750083697));
#3104 = CARTESIAN_POINT('',(-31.3,-86.00517755728,72.380148460023));
#3105 = CARTESIAN_POINT('',(-31.3,-86.00732762444,72.379569228132));
#3106 = CARTESIAN_POINT('',(-31.3,-86.01047248269,72.378760838482));
#3107 = CARTESIAN_POINT('',(-31.3,-86.01146222498,72.378512094754));
#3108 = CARTESIAN_POINT('',(-31.3,-86.01245333654,72.378268744483));
#3109 = CARTESIAN_POINT('',(-31.3,-86.01344586197,72.378031128819));
#3110 = CARTESIAN_POINT('',(-31.3,-86.01443987802,72.377799858562));
#3111 = CARTESIAN_POINT('',(-31.3,-86.0164311292,72.377351765275));
#3112 = CARTESIAN_POINT('',(-31.3,-86.01742836866,72.377135333669));
#3113 = CARTESIAN_POINT('',(-31.3,-86.01842704534,72.376924621675));
#3114 = CARTESIAN_POINT('',(-31.3,-86.01942806806,72.376726711301));
#3115 = CARTESIAN_POINT('',(-31.3,-86.02043033675,72.376533606854));
#3116 = CARTESIAN_POINT('',(-31.3,-86.0220744275,72.376240338868));
#3117 = CARTESIAN_POINT('',(-31.3,-86.0227149284,72.376132937797));
#3118 = CARTESIAN_POINT('',(-31.3,-86.02335694407,72.376035212655));
#3119 = CARTESIAN_POINT('',(-31.3,-86.02400041962,72.375947237337));
#3120 = CARTESIAN_POINT('',(-31.3,-86.02464484212,72.375866134993));
#3121 = CARTESIAN_POINT('',(-31.3,-86.02677587229,72.375601386035));
#3122 = CARTESIAN_POINT('',(-31.3,-86.02718295622,72.375556939616));
#3123 = CARTESIAN_POINT('',(-31.3,-86.02801906083,72.375454591951));
#3124 = CARTESIAN_POINT('',(-31.3,-86.02989215056,72.375215368329));
#3125 = CARTESIAN_POINT('',(-31.3,-86.03250958575,72.374879466148));
#3126 = CARTESIAN_POINT('',(-31.3,-86.04093710362,72.373817693777));
#3127 = CARTESIAN_POINT('',(-31.3,-86.04719574295,72.373026492532));
#3128 = CARTESIAN_POINT('',(-31.3,-86.05345433352,72.372234915239));
#3129 = CARTESIAN_POINT('',(-31.3,-86.05971301921,72.371444073788));
#3130 = CARTESIAN_POINT('',(-31.3,-86.06597179491,72.370653927897));
#3131 = CARTESIAN_POINT('',(-31.3,-86.0872209278,72.367969593706));
#3132 = CARTESIAN_POINT('',(-31.3,-86.10222817646,72.36607372355));
#3133 = CARTESIAN_POINT('',(-31.3,-86.11678775815,72.364234401164));
#3134 = CARTESIAN_POINT('',(-31.3,-86.13093205809,72.36244755789));
#3135 = CARTESIAN_POINT('',(-31.3,-86.14519034112,72.360646329896));
#3136 = CARTESIAN_POINT('',(-31.3,-86.18737234415,72.355317503428));
#3137 = CARTESIAN_POINT('',(-31.3,-86.21415593661,72.35193394893));
#3138 = CARTESIAN_POINT('',(-31.3,-86.24093952908,72.348550394445));
#3139 = CARTESIAN_POINT('',(-31.3,-86.26772312154,72.345166839866));
#3140 = CARTESIAN_POINT('',(-31.3,-86.29450671399,72.341783285211));
#3141 = CARTESIAN_POINT('',(-31.3,-86.32129030645,72.338399730624));
#3142 = ORIENTED_EDGE('',*,*,#3143,.T.);
#3143 = EDGE_CURVE('',#3082,#3144,#3146,.T.);
#3144 = VERTEX_POINT('',#3145);
#3145 = CARTESIAN_POINT('',(-31.3,-86.3,72.));
#3146 = B_SPLINE_CURVE_WITH_KNOTS('',4,(#3147,#3148,#3149,#3150,#3151),
  .UNSPECIFIED.,.F.,.F.,(5,5),(0.,1.),.PIECEWISE_BEZIER_KNOTS.);
#3147 = CARTESIAN_POINT('',(-31.3,-86.32129030645,72.338399730624));
#3148 = CARTESIAN_POINT('',(-31.3,-86.31596772983,72.253799797968));
#3149 = CARTESIAN_POINT('',(-31.3,-86.31064515322,72.169199865312));
#3150 = CARTESIAN_POINT('',(-31.3,-86.30532257661,72.084599932656));
#3151 = CARTESIAN_POINT('',(-31.3,-86.3,72.));
#3152 = ORIENTED_EDGE('',*,*,#3153,.T.);
#3153 = EDGE_CURVE('',#3144,#3154,#3156,.T.);
#3154 = VERTEX_POINT('',#3155);
#3155 = CARTESIAN_POINT('',(-31.3,-85.76120515163,71.91163750665));
#3156 = B_SPLINE_CURVE_WITH_KNOTS('',7,(#3157,#3158,#3159,#3160,#3161,
    #3162,#3163,#3164,#3165,#3166,#3167,#3168,#3169,#3170,#3171,#3172,
    #3173,#3174,#3175,#3176,#3177,#3178,#3179,#3180,#3181,#3182,#3183,
    #3184,#3185,#3186,#3187,#3188,#3189,#3190,#3191,#3192,#3193,#3194,
    #3195,#3196,#3197,#3198,#3199,#3200,#3201,#3202,#3203,#3204,#3205,
    #3206),.UNSPECIFIED.,.F.,.F.,(8,6,6,6,6,6,6,6,8),(0.,0.397004146552,
    0.497167675255,0.524124633433,0.53553043977,0.569744948259,
    0.640245829611,0.814423741787,1.),.UNSPECIFIED.);
#3157 = CARTESIAN_POINT('',(-31.3,-86.3,72.));
#3158 = CARTESIAN_POINT('',(-31.3,-86.26715893623,72.));
#3159 = CARTESIAN_POINT('',(-31.3,-86.23431787249,71.999999993531));
#3160 = CARTESIAN_POINT('',(-31.3,-86.20147680874,71.999999991373));
#3161 = CARTESIAN_POINT('',(-31.3,-86.16863574496,71.999999997436));
#3162 = CARTESIAN_POINT('',(-31.3,-86.13579468116,72.000000008768));
#3163 = CARTESIAN_POINT('',(-31.3,-86.10295361738,72.000000015548));
#3164 = CARTESIAN_POINT('',(-31.3,-86.06182680437,71.999999997443));
#3165 = CARTESIAN_POINT('',(-31.3,-86.05378843277,72.000001221318));
#3166 = CARTESIAN_POINT('',(-31.3,-86.04572003111,72.000001611261));
#3167 = CARTESIAN_POINT('',(-31.3,-86.037508149,72.000000433366));
#3168 = CARTESIAN_POINT('',(-31.3,-86.02920329344,71.999998281272));
#3169 = CARTESIAN_POINT('',(-31.3,-86.02101992882,71.999997076166));
#3170 = CARTESIAN_POINT('',(-31.3,-86.01126863351,72.000000871646));
#3171 = CARTESIAN_POINT('',(-31.3,-86.00919956664,71.999980019514));
#3172 = CARTESIAN_POINT('',(-31.3,-86.00713636517,72.000059231646));
#3173 = CARTESIAN_POINT('',(-31.3,-86.0050663717,71.999930978298));
#3174 = CARTESIAN_POINT('',(-31.3,-86.00299925786,72.000008489519));
#3175 = CARTESIAN_POINT('',(-31.3,-86.00093059533,72.000043900538));
#3176 = CARTESIAN_POINT('',(-31.3,-85.99799025161,71.999944725375));
#3177 = CARTESIAN_POINT('',(-31.3,-85.99711670247,71.999898034505));
#3178 = CARTESIAN_POINT('',(-31.3,-85.99624330828,71.999842323284));
#3179 = CARTESIAN_POINT('',(-31.3,-85.99537063364,71.999787092883));
#3180 = CARTESIAN_POINT('',(-31.3,-85.9944983911,71.999718450762));
#3181 = CARTESIAN_POINT('',(-31.3,-85.99362674908,71.999646938515));
#3182 = CARTESIAN_POINT('',(-31.3,-85.9901416332,71.999336224294));
#3183 = CARTESIAN_POINT('',(-31.3,-85.98753235512,71.999052222066));
#3184 = CARTESIAN_POINT('',(-31.3,-85.98492725917,71.998732650816));
#3185 = CARTESIAN_POINT('',(-31.3,-85.98232657118,71.998379866892));
#3186 = CARTESIAN_POINT('',(-31.3,-85.97973042527,71.997995538334));
#3187 = CARTESIAN_POINT('',(-31.3,-85.97713867433,71.997583963553));
#3188 = CARTESIAN_POINT('',(-31.3,-85.96921941287,71.996244625769));
#3189 = CARTESIAN_POINT('',(-31.3,-85.96390635271,71.99523343251));
#3190 = CARTESIAN_POINT('',(-31.3,-85.95861179312,71.994127725779));
#3191 = CARTESIAN_POINT('',(-31.3,-85.95333577818,71.992937412834));
#3192 = CARTESIAN_POINT('',(-31.3,-85.94807840738,71.991669021472));
#3193 = CARTESIAN_POINT('',(-31.3,-85.9428396709,71.990327368004));
#3194 = CARTESIAN_POINT('',(-31.3,-85.92472191466,71.985433357812));
#3195 = CARTESIAN_POINT('',(-31.3,-85.91193830934,71.981531031385));
#3196 = CARTESIAN_POINT('',(-31.3,-85.89926655075,71.977274375796));
#3197 = CARTESIAN_POINT('',(-31.3,-85.88670742727,71.972698341703));
#3198 = CARTESIAN_POINT('',(-31.3,-85.87426146701,71.967828682191));
#3199 = CARTESIAN_POINT('',(-31.3,-85.86192784661,71.962689019805));
#3200 = CARTESIAN_POINT('',(-31.3,-85.83668264276,71.951547989054));
#3201 = CARTESIAN_POINT('',(-31.3,-85.82378721226,71.945513484213));
#3202 = CARTESIAN_POINT('',(-31.3,-85.81101850805,71.939211390827));
#3203 = CARTESIAN_POINT('',(-31.3,-85.79837601809,71.932660514135));
#3204 = CARTESIAN_POINT('',(-31.3,-85.78585983679,71.925873897115));
#3205 = CARTESIAN_POINT('',(-31.3,-85.77347010557,71.91886111231));
#3206 = CARTESIAN_POINT('',(-31.3,-85.76120515163,71.91163750665));
#3207 = ORIENTED_EDGE('',*,*,#3208,.T.);
#3208 = EDGE_CURVE('',#3154,#3209,#3211,.T.);
#3209 = VERTEX_POINT('',#3210);
#3210 = CARTESIAN_POINT('',(-31.3,-85.77566925938,71.681737097501));
#3211 = B_SPLINE_CURVE_WITH_KNOTS('',4,(#3212,#3213,#3214,#3215,#3216),
  .UNSPECIFIED.,.F.,.F.,(5,5),(0.,1.),.PIECEWISE_BEZIER_KNOTS.);
#3212 = CARTESIAN_POINT('',(-31.3,-85.76120515163,71.91163750665));
#3213 = CARTESIAN_POINT('',(-31.3,-85.76482117857,71.854162404363));
#3214 = CARTESIAN_POINT('',(-31.3,-85.76843720551,71.796687302075));
#3215 = CARTESIAN_POINT('',(-31.3,-85.77205323244,71.739212199788));
#3216 = CARTESIAN_POINT('',(-31.3,-85.77566925938,71.681737097501));
#3217 = ORIENTED_EDGE('',*,*,#3218,.T.);
#3218 = EDGE_CURVE('',#3209,#3219,#3221,.T.);
#3219 = VERTEX_POINT('',#3220);
#3220 = CARTESIAN_POINT('',(-31.3,-86.32129030645,71.661600269376));
#3221 = B_SPLINE_CURVE_WITH_KNOTS('',6,(#3222,#3223,#3224,#3225,#3226,
    #3227,#3228,#3229,#3230,#3231,#3232,#3233,#3234,#3235,#3236,#3237,
    #3238,#3239,#3240,#3241,#3242,#3243,#3244,#3245,#3246,#3247,#3248,
    #3249,#3250,#3251,#3252,#3253,#3254,#3255,#3256,#3257,#3258,#3259,
    #3260,#3261,#3262,#3263,#3264,#3265,#3266,#3267,#3268,#3269,#3270,
    #3271,#3272,#3273,#3274,#3275,#3276,#3277,#3278),.UNSPECIFIED.,.F.,
  .F.,(7,5,5,5,5,5,5,5,5,5,5,7),(0.,0.251012533926,0.371114358394,
    0.493622984271,0.522448543875,0.53566028611,0.548872292423,
    0.557280378641,0.57667789318,0.632664338667,0.766759093079,1.),
  .UNSPECIFIED.);
#3222 = CARTESIAN_POINT('',(-31.3,-85.77566925938,71.681737097501));
#3223 = CARTESIAN_POINT('',(-31.3,-85.79347824094,71.674068621803));
#3224 = CARTESIAN_POINT('',(-31.3,-85.81147266079,71.666829775696));
#3225 = CARTESIAN_POINT('',(-31.3,-85.82965238149,71.660060854823));
#3226 = CARTESIAN_POINT('',(-31.3,-85.84801199027,71.653785553697));
#3227 = CARTESIAN_POINT('',(-31.3,-85.86654651312,71.648056470151));
#3228 = CARTESIAN_POINT('',(-31.3,-85.89419736667,71.640490227005));
#3229 = CARTESIAN_POINT('',(-31.3,-85.90318412225,71.638181747053));
#3230 = CARTESIAN_POINT('',(-31.3,-85.91220844767,71.636021063125));
#3231 = CARTESIAN_POINT('',(-31.3,-85.92126922906,71.634017046591));
#3232 = CARTESIAN_POINT('',(-31.3,-85.93036501395,71.632181103969));
#3233 = CARTESIAN_POINT('',(-31.3,-85.94880613778,71.628842763154));
#3234 = CARTESIAN_POINT('',(-31.3,-85.95815165987,71.627348721153));
#3235 = CARTESIAN_POINT('',(-31.3,-85.96753046919,71.626060004185));
#3236 = CARTESIAN_POINT('',(-31.3,-85.97693952032,71.625006250521));
#3237 = CARTESIAN_POINT('',(-31.3,-85.98637410734,71.62420630546));
#3238 = CARTESIAN_POINT('',(-31.3,-85.99804970275,71.623634006172));
#3239 = CARTESIAN_POINT('',(-31.3,-86.00027451458,71.623543615925));
#3240 = CARTESIAN_POINT('',(-31.3,-86.0025001179,71.623472884525));
#3241 = CARTESIAN_POINT('',(-31.3,-86.00472633378,71.623423341749));
#3242 = CARTESIAN_POINT('',(-31.3,-86.00695290175,71.623397007454));
#3243 = CARTESIAN_POINT('',(-31.3,-86.01019999682,71.623396109293));
#3244 = CARTESIAN_POINT('',(-31.3,-86.01122050458,71.623401319205));
#3245 = CARTESIAN_POINT('',(-31.3,-86.0122409973,71.623412093653));
#3246 = CARTESIAN_POINT('',(-31.3,-86.01326143333,71.623428774158));
#3247 = CARTESIAN_POINT('',(-31.3,-86.01428173512,71.623451971422));
#3248 = CARTESIAN_POINT('',(-31.3,-86.01632186375,71.623513159842));
#3249 = CARTESIAN_POINT('',(-31.3,-86.01734159745,71.6235515312));
#3250 = CARTESIAN_POINT('',(-31.3,-86.01836130081,71.623595799903));
#3251 = CARTESIAN_POINT('',(-31.3,-86.01938009287,71.623653051474));
#3252 = CARTESIAN_POINT('',(-31.3,-86.02039889657,71.623715267846));
#3253 = CARTESIAN_POINT('',(-31.3,-86.02206426796,71.623840082155));
#3254 = CARTESIAN_POINT('',(-31.3,-86.02271135591,71.623895341385));
#3255 = CARTESIAN_POINT('',(-31.3,-86.02335750473,71.623960349261));
#3256 = CARTESIAN_POINT('',(-31.3,-86.02400264289,71.624035163712));
#3257 = CARTESIAN_POINT('',(-31.3,-86.024646989,71.624116870704));
#3258 = CARTESIAN_POINT('',(-31.3,-86.02677690933,71.624390404976));
#3259 = CARTESIAN_POINT('',(-31.3,-86.02718225734,71.624448592578));
#3260 = CARTESIAN_POINT('',(-31.3,-86.02801754702,71.624557391115));
#3261 = CARTESIAN_POINT('',(-31.3,-86.02989128268,71.624791501616));
#3262 = CARTESIAN_POINT('',(-31.3,-86.03251002181,71.625117082082));
#3263 = CARTESIAN_POINT('',(-31.3,-86.04093682576,71.62618450571));
#3264 = CARTESIAN_POINT('',(-31.3,-86.04719560218,71.626974621817));
#3265 = CARTESIAN_POINT('',(-31.3,-86.05345442488,71.627764361563));
#3266 = CARTESIAN_POINT('',(-31.3,-86.05971315672,71.628554837688));
#3267 = CARTESIAN_POINT('',(-31.3,-86.06597180277,71.629346009906));
#3268 = CARTESIAN_POINT('',(-31.3,-86.08722092184,71.632030453472));
#3269 = CARTESIAN_POINT('',(-31.3,-86.10222817392,71.633926296539));
#3270 = CARTESIAN_POINT('',(-31.3,-86.11678776046,71.635765580574));
#3271 = CARTESIAN_POINT('',(-31.3,-86.13093206106,71.637552418624));
#3272 = CARTESIAN_POINT('',(-31.3,-86.1451903411,71.639353670318));
#3273 = CARTESIAN_POINT('',(-31.3,-86.18737234418,71.644682496304));
#3274 = CARTESIAN_POINT('',(-31.3,-86.21415593663,71.648066050982));
#3275 = CARTESIAN_POINT('',(-31.3,-86.24093952907,71.651449605672));
#3276 = CARTESIAN_POINT('',(-31.3,-86.26772312153,71.654833160268));
#3277 = CARTESIAN_POINT('',(-31.3,-86.29450671399,71.658216714789));
#3278 = CARTESIAN_POINT('',(-31.3,-86.32129030645,71.661600269376));
#3279 = ORIENTED_EDGE('',*,*,#3280,.T.);
#3280 = EDGE_CURVE('',#3219,#3281,#3283,.T.);
#3281 = VERTEX_POINT('',#3282);
#3282 = CARTESIAN_POINT('',(-31.3,-86.38482546495,71.328537304655));
#3283 = B_SPLINE_CURVE_WITH_KNOTS('',4,(#3284,#3285,#3286,#3287,#3288),
  .UNSPECIFIED.,.F.,.F.,(5,5),(0.,1.),.PIECEWISE_BEZIER_KNOTS.);
#3284 = CARTESIAN_POINT('',(-31.3,-86.32129030645,71.661600269376));
#3285 = CARTESIAN_POINT('',(-31.3,-86.33717409607,71.578334528196));
#3286 = CARTESIAN_POINT('',(-31.3,-86.3530578857,71.495068787016));
#3287 = CARTESIAN_POINT('',(-31.3,-86.36894167532,71.411803045835));
#3288 = CARTESIAN_POINT('',(-31.3,-86.38482546495,71.328537304655));
#3289 = ORIENTED_EDGE('',*,*,#3290,.T.);
#3290 = EDGE_CURVE('',#3281,#3291,#3293,.T.);
#3291 = VERTEX_POINT('',#3292);
#3292 = CARTESIAN_POINT('',(-31.3,-85.88493270602,71.108958051477));
#3293 = B_SPLINE_CURVE_WITH_KNOTS('',8,(#3294,#3295,#3296,#3297,#3298,
    #3299,#3300,#3301,#3302,#3303,#3304,#3305,#3306,#3307,#3308,#3309,
    #3310,#3311,#3312,#3313,#3314,#3315,#3316,#3317,#3318,#3319,#3320,
    #3321,#3322,#3323,#3324,#3325,#3326,#3327,#3328,#3329,#3330,#3331,
    #3332,#3333,#3334,#3335,#3336,#3337,#3338,#3339,#3340,#3341,#3342,
    #3343,#3344,#3345,#3346,#3347,#3348,#3349,#3350,#3351),
  .UNSPECIFIED.,.F.,.F.,(9,7,7,7,7,7,7,7,9),(0.,6.918973061244E-02,
    9.304292669553E-02,0.125369160433,0.142483033489,0.209034291718,
    0.340230588806,0.659663323762,1.),.UNSPECIFIED.);
#3294 = CARTESIAN_POINT('',(-31.3,-86.38482546495,71.328537304655));
#3295 = CARTESIAN_POINT('',(-31.3,-86.35692493368,71.321373665793));
#3296 = CARTESIAN_POINT('',(-31.3,-86.32902440379,71.314210021612));
#3297 = CARTESIAN_POINT('',(-31.3,-86.30112387336,71.307046379538));
#3298 = CARTESIAN_POINT('',(-31.3,-86.27322334143,71.299882743195));
#3299 = CARTESIAN_POINT('',(-31.3,-86.24532280806,71.292719112406));
#3300 = CARTESIAN_POINT('',(-31.3,-86.21742227428,71.285555483192));
#3301 = CARTESIAN_POINT('',(-31.3,-86.18952174211,71.278391847772));
#3302 = CARTESIAN_POINT('',(-31.3,-86.152002493,71.268758521343));
#3303 = CARTESIAN_POINT('',(-31.3,-86.14762280535,71.267633641945));
#3304 = CARTESIAN_POINT('',(-31.3,-86.14323934333,71.266510504121));
#3305 = CARTESIAN_POINT('',(-31.3,-86.13600958689,71.264647696564));
#3306 = CARTESIAN_POINT('',(-31.3,-86.12542997087,71.261942033335));
#3307 = CARTESIAN_POINT('',(-31.3,-86.11331222309,71.258819650944));
#3308 = CARTESIAN_POINT('',(-31.3,-86.10369996743,71.256357999019));
#3309 = CARTESIAN_POINT('',(-31.3,-86.10170898406,71.255845872892));
#3310 = CARTESIAN_POINT('',(-31.3,-86.10056415737,71.255548716242));
#3311 = CARTESIAN_POINT('',(-31.3,-86.09941951691,71.255250866528));
#3312 = CARTESIAN_POINT('',(-31.3,-86.09827387158,71.254956635312));
#3313 = CARTESIAN_POINT('',(-31.3,-86.097126435,71.25466904043));
#3314 = CARTESIAN_POINT('',(-31.3,-86.09597780146,71.25438598152));
#3315 = CARTESIAN_POINT('',(-31.3,-86.09483092191,71.254096415568));
#3316 = CARTESIAN_POINT('',(-31.3,-86.09308916413,71.253607182698));
#3317 = CARTESIAN_POINT('',(-31.3,-86.09248911707,71.253427987837));
#3318 = CARTESIAN_POINT('',(-31.3,-86.09189103154,71.25324215871));
#3319 = CARTESIAN_POINT('',(-31.3,-86.09129433651,71.253051831939));
#3320 = CARTESIAN_POINT('',(-31.3,-86.0906987258,71.252858240256));
#3321 = CARTESIAN_POINT('',(-31.3,-86.09010408684,71.252661882842));
#3322 = CARTESIAN_POINT('',(-31.3,-86.08951042933,71.252462695671));
#3323 = CARTESIAN_POINT('',(-31.3,-86.08661329186,71.251472855522));
#3324 = CARTESIAN_POINT('',(-31.3,-86.0843239443,71.250641648575));
#3325 = CARTESIAN_POINT('',(-31.3,-86.08204888648,71.249770439264));
#3326 = CARTESIAN_POINT('',(-31.3,-86.07978089764,71.24888345248));
#3327 = CARTESIAN_POINT('',(-31.3,-86.07752763762,71.247957715039));
#3328 = CARTESIAN_POINT('',(-31.3,-86.07528170944,71.24701636101));
#3329 = CARTESIAN_POINT('',(-31.3,-86.07304628601,71.246049906875));
#3330 = CARTESIAN_POINT('',(-31.3,-86.06642999038,71.243118674796));
#3331 = CARTESIAN_POINT('',(-31.3,-86.06207559485,71.241094808244));
#3332 = CARTESIAN_POINT('',(-31.3,-86.05775381481,71.239001439491));
#3333 = CARTESIAN_POINT('',(-31.3,-86.05346284921,71.236845590076));
#3334 = CARTESIAN_POINT('',(-31.3,-86.049201456,71.234632312563));
#3335 = CARTESIAN_POINT('',(-31.3,-86.04496871903,71.232365328352));
#3336 = CARTESIAN_POINT('',(-31.3,-86.04076381499,71.230047665483));
#3337 = CARTESIAN_POINT('',(-31.3,-86.02641322897,71.221923168224));
#3338 = CARTESIAN_POINT('',(-31.3,-86.01640137056,71.215881274847));
#3339 = CARTESIAN_POINT('',(-31.3,-86.00653907613,71.209595140127));
#3340 = CARTESIAN_POINT('',(-31.3,-85.99682015577,71.203089493165));
#3341 = CARTESIAN_POINT('',(-31.3,-85.98724041754,71.196382249384));
#3342 = CARTESIAN_POINT('',(-31.3,-85.9777959835,71.189488480947));
#3343 = CARTESIAN_POINT('',(-31.3,-85.9684828629,71.182421376568));
#3344 = CARTESIAN_POINT('',(-31.3,-85.94951162244,71.167485790095));
#3345 = CARTESIAN_POINT('',(-31.3,-85.93987141723,71.15959624924));
#3346 = CARTESIAN_POINT('',(-31.3,-85.93037384497,71.151533560292));
#3347 = CARTESIAN_POINT('',(-31.3,-85.92101565505,71.143309165235));
#3348 = CARTESIAN_POINT('',(-31.3,-85.91179437221,71.134932332101));
#3349 = CARTESIAN_POINT('',(-31.3,-85.90270825348,71.126410133892));
#3350 = CARTESIAN_POINT('',(-31.3,-85.89375549743,71.11774903019));
#3351 = CARTESIAN_POINT('',(-31.3,-85.88493270602,71.108958051477));
#3352 = ORIENTED_EDGE('',*,*,#3353,.T.);
#3353 = EDGE_CURVE('',#3291,#3354,#3356,.T.);
#3354 = VERTEX_POINT('',#3355);
#3355 = CARTESIAN_POINT('',(-31.3,-85.95611630404,70.889877463761));
#3356 = B_SPLINE_CURVE_WITH_KNOTS('',4,(#3357,#3358,#3359,#3360,#3361),
  .UNSPECIFIED.,.F.,.F.,(5,5),(0.,1.),.PIECEWISE_BEZIER_KNOTS.);
#3357 = CARTESIAN_POINT('',(-31.3,-85.88493270602,71.108958051477));
#3358 = CARTESIAN_POINT('',(-31.3,-85.90272860553,71.054187904548));
#3359 = CARTESIAN_POINT('',(-31.3,-85.92052450503,70.999417757619));
#3360 = CARTESIAN_POINT('',(-31.3,-85.93832040453,70.94464761069));
#3361 = CARTESIAN_POINT('',(-31.3,-85.95611630404,70.889877463761));
#3362 = ORIENTED_EDGE('',*,*,#3363,.T.);
#3363 = EDGE_CURVE('',#3354,#3364,#3366,.T.);
#3364 = VERTEX_POINT('',#3365);
#3365 = CARTESIAN_POINT('',(-31.3,-86.4896034881,71.006063707751));
#3366 = B_SPLINE_CURVE_WITH_KNOTS('',6,(#3367,#3368,#3369,#3370,#3371,
    #3372,#3373,#3374,#3375,#3376,#3377,#3378,#3379,#3380,#3381,#3382,
    #3383,#3384,#3385,#3386,#3387,#3388,#3389,#3390,#3391,#3392,#3393,
    #3394,#3395,#3396,#3397,#3398,#3399,#3400,#3401,#3402,#3403,#3404,
    #3405,#3406,#3407,#3408,#3409,#3410,#3411,#3412,#3413,#3414,#3415,
    #3416,#3417,#3418,#3419,#3420,#3421,#3422,#3423),.UNSPECIFIED.,.F.,
  .F.,(7,5,5,5,5,5,5,5,5,5,5,7),(0.,0.249746328905,0.369242312976,
    0.491132957612,0.519813109862,0.532958206922,0.546103566727,
    0.554469239283,0.573768905202,0.629472933248,0.764999369118,1.),
  .UNSPECIFIED.);
#3367 = CARTESIAN_POINT('',(-31.3,-85.95611630404,70.889877463761));
#3368 = CARTESIAN_POINT('',(-31.3,-85.97527285605,70.886878820943));
#3369 = CARTESIAN_POINT('',(-31.3,-85.99450217594,70.884342426741));
#3370 = CARTESIAN_POINT('',(-31.3,-86.01379410944,70.882307276653));
#3371 = CARTESIAN_POINT('',(-31.3,-86.03313752129,70.880794974689));
#3372 = CARTESIAN_POINT('',(-31.3,-86.05251451316,70.879855229234));
#3373 = CARTESIAN_POINT('',(-31.3,-86.08117831245,70.879403181177));
#3374 = CARTESIAN_POINT('',(-31.3,-86.09045682819,70.879402141599));
#3375 = CARTESIAN_POINT('',(-31.3,-86.09973497808,70.879553598001));
#3376 = CARTESIAN_POINT('',(-31.3,-86.10900947701,70.879865866033));
#3377 = CARTESIAN_POINT('',(-31.3,-86.11827608146,70.880349632644));
#3378 = CARTESIAN_POINT('',(-31.3,-86.13696805506,70.881702292947));
#3379 = CARTESIAN_POINT('',(-31.3,-86.14639152353,70.882579325857));
#3380 = CARTESIAN_POINT('',(-31.3,-86.15579617119,70.883663511336));
#3381 = CARTESIAN_POINT('',(-31.3,-86.16517167755,70.884982799142));
#3382 = CARTESIAN_POINT('',(-31.3,-86.17450879792,70.886554272208));
#3383 = CARTESIAN_POINT('',(-31.3,-86.18595990808,70.888903555261));
#3384 = CARTESIAN_POINT('',(-31.3,-86.1881373025,70.889369292994));
#3385 = CARTESIAN_POINT('',(-31.3,-86.19031057458,70.889854268788));
#3386 = CARTESIAN_POINT('',(-31.3,-86.19247917058,70.890359919865));
#3387 = CARTESIAN_POINT('',(-31.3,-86.19464233589,70.890888137847));
#3388 = CARTESIAN_POINT('',(-31.3,-86.19778764086,70.891694787609));
#3389 = CARTESIAN_POINT('',(-31.3,-86.19877479185,70.891953623804));
#3390 = CARTESIAN_POINT('',(-31.3,-86.19976054442,70.892217845973));
#3391 = CARTESIAN_POINT('',(-31.3,-86.20074477329,70.892487774549));
#3392 = CARTESIAN_POINT('',(-31.3,-86.2017272515,70.892763981765));
#3393 = CARTESIAN_POINT('',(-31.3,-86.2036880688,70.893330607197));
#3394 = CARTESIAN_POINT('',(-31.3,-86.20466622312,70.893621370506));
#3395 = CARTESIAN_POINT('',(-31.3,-86.20564288145,70.893917838341));
#3396 = CARTESIAN_POINT('',(-31.3,-86.20661542839,70.894226654531));
#3397 = CARTESIAN_POINT('',(-31.3,-86.20758675192,70.894540282438));
#3398 = CARTESIAN_POINT('',(-31.3,-86.20916876255,70.8950753365));
#3399 = CARTESIAN_POINT('',(-31.3,-86.20978177863,70.895289783889));
#3400 = CARTESIAN_POINT('',(-31.3,-86.21039146069,70.8955134401));
#3401 = CARTESIAN_POINT('',(-31.3,-86.21099772505,70.895746343452));
#3402 = CARTESIAN_POINT('',(-31.3,-86.21160150814,70.895985725831));
#3403 = CARTESIAN_POINT('',(-31.3,-86.2135964879,70.896780356168));
#3404 = CARTESIAN_POINT('',(-31.3,-86.21397463049,70.89693752165));
#3405 = CARTESIAN_POINT('',(-31.3,-86.21475662091,70.897250630176));
#3406 = CARTESIAN_POINT('',(-31.3,-86.21651326881,70.897943364777));
#3407 = CARTESIAN_POINT('',(-31.3,-86.21896876686,70.898909970471));
#3408 = CARTESIAN_POINT('',(-31.3,-86.22686536981,70.902039519946));
#3409 = CARTESIAN_POINT('',(-31.3,-86.23273102137,70.904361307505));
#3410 = CARTESIAN_POINT('',(-31.3,-86.23859681137,70.906682742038));
#3411 = CARTESIAN_POINT('',(-31.3,-86.24446233022,70.909004867216));
#3412 = CARTESIAN_POINT('',(-31.3,-86.25032759286,70.911327645283));
#3413 = CARTESIAN_POINT('',(-31.3,-86.27046351443,70.919300080561));
#3414 = CARTESIAN_POINT('',(-31.3,-86.28416841572,70.924726219716));
#3415 = CARTESIAN_POINT('',(-31.3,-86.29764966119,70.930063801113));
#3416 = CARTESIAN_POINT('',(-31.3,-86.31120558901,70.935430969748));
#3417 = CARTESIAN_POINT('',(-31.3,-86.32509095706,70.940928589028));
#3418 = CARTESIAN_POINT('',(-31.3,-86.36453136713,70.956544151793));
#3419 = CARTESIAN_POINT('',(-31.3,-86.3895457913,70.966448063045));
#3420 = CARTESIAN_POINT('',(-31.3,-86.41456021546,70.976351974307));
#3421 = CARTESIAN_POINT('',(-31.3,-86.43957463966,70.986255885482));
#3422 = CARTESIAN_POINT('',(-31.3,-86.46458906389,70.996159796585));
#3423 = CARTESIAN_POINT('',(-31.3,-86.4896034881,71.006063707751));
#3424 = ORIENTED_EDGE('',*,*,#3425,.T.);
#3425 = EDGE_CURVE('',#3364,#3426,#3428,.T.);
#3426 = VERTEX_POINT('',#3427);
#3427 = CARTESIAN_POINT('',(-31.3,-86.63397196388,70.699265079925));
#3428 = B_SPLINE_CURVE_WITH_KNOTS('',4,(#3429,#3430,#3431,#3432,#3433),
  .UNSPECIFIED.,.F.,.F.,(5,5),(0.,1.),.PIECEWISE_BEZIER_KNOTS.);
#3429 = CARTESIAN_POINT('',(-31.3,-86.4896034881,71.006063707751));
#3430 = CARTESIAN_POINT('',(-31.3,-86.52569560704,70.929364050795));
#3431 = CARTESIAN_POINT('',(-31.3,-86.56178772599,70.852664393838));
#3432 = CARTESIAN_POINT('',(-31.3,-86.59787984493,70.775964736882));
#3433 = CARTESIAN_POINT('',(-31.3,-86.63397196388,70.699265079925));
#3434 = ORIENTED_EDGE('',*,*,#3435,.T.);
#3435 = EDGE_CURVE('',#3426,#3436,#3438,.T.);
#3436 = VERTEX_POINT('',#3437);
#3437 = CARTESIAN_POINT('',(-31.3,-86.20439139491,70.362266038953));
#3438 = B_SPLINE_CURVE_WITH_KNOTS('',7,(#3439,#3440,#3441,#3442,#3443,
    #3444,#3445,#3446,#3447,#3448,#3449,#3450,#3451,#3452,#3453,#3454,
    #3455,#3456,#3457,#3458,#3459,#3460,#3461,#3462,#3463,#3464,#3465,
    #3466,#3467,#3468,#3469,#3470,#3471,#3472,#3473,#3474,#3475,#3476,
    #3477,#3478,#3479,#3480,#3481,#3482,#3483,#3484,#3485,#3486,#3487,
    #3488),.UNSPECIFIED.,.F.,.F.,(8,6,6,6,6,6,6,6,8),(0.,0.381591799118,
    0.482108916517,0.511888786737,0.523587862504,0.558682104449,
    0.630995725095,0.809652150724,1.),.UNSPECIFIED.);
#3439 = CARTESIAN_POINT('',(-31.3,-86.63397196388,70.699265079925));
#3440 = CARTESIAN_POINT('',(-31.3,-86.60526280275,70.683482085037));
#3441 = CARTESIAN_POINT('',(-31.3,-86.57655364429,70.667699085339));
#3442 = CARTESIAN_POINT('',(-31.3,-86.54784448406,70.651916088852));
#3443 = CARTESIAN_POINT('',(-31.3,-86.51913532042,70.636133098496));
#3444 = CARTESIAN_POINT('',(-31.3,-86.4904261546,70.620350112086));
#3445 = CARTESIAN_POINT('',(-31.3,-86.46171699063,70.604567122336));
#3446 = CARTESIAN_POINT('',(-31.3,-86.42544540469,70.58462663177));
#3447 = CARTESIAN_POINT('',(-31.3,-86.41878267617,70.58096467215));
#3448 = CARTESIAN_POINT('',(-31.3,-86.41216473929,70.577326741029));
#3449 = CARTESIAN_POINT('',(-31.3,-86.4051566776,70.573473186884));
#3450 = CARTESIAN_POINT('',(-31.3,-86.39774356873,70.569396203645));
#3451 = CARTESIAN_POINT('',(-31.3,-86.39033048441,70.565319830687));
#3452 = CARTESIAN_POINT('',(-31.3,-86.38179068749,70.560627503733));
#3453 = CARTESIAN_POINT('',(-31.3,-86.37984654729,70.559541987544));
#3454 = CARTESIAN_POINT('',(-31.3,-86.37786269142,70.558532544226));
#3455 = CARTESIAN_POINT('',(-31.3,-86.37596851652,70.557354818254));
#3456 = CARTESIAN_POINT('',(-31.3,-86.37398802694,70.556334270634));
#3457 = CARTESIAN_POINT('',(-31.3,-86.37201117321,70.555307139379));
#3458 = CARTESIAN_POINT('',(-31.3,-86.36934543268,70.553722336502));
#3459 = CARTESIAN_POINT('',(-31.3,-86.36860242923,70.553260585475));
#3460 = CARTESIAN_POINT('',(-31.3,-86.36786390715,70.552791004498));
#3461 = CARTESIAN_POINT('',(-31.3,-86.36712578398,70.552322191514));
#3462 = CARTESIAN_POINT('',(-31.3,-86.36639450061,70.551841833915));
#3463 = CARTESIAN_POINT('',(-31.3,-86.36566512618,70.551359250511));
#3464 = CARTESIAN_POINT('',(-31.3,-86.36276078357,70.549408002185));
#3465 = CARTESIAN_POINT('',(-31.3,-86.36061107488,70.547902099834));
#3466 = CARTESIAN_POINT('',(-31.3,-86.35848216652,70.546367042866));
#3467 = CARTESIAN_POINT('',(-31.3,-86.35637312121,70.544805004966));
#3468 = CARTESIAN_POINT('',(-31.3,-86.3542832529,70.543217512451));
#3469 = CARTESIAN_POINT('',(-31.3,-86.3522103619,70.541608261181));
#3470 = CARTESIAN_POINT('',(-31.3,-86.34591589109,70.536619457233));
#3471 = CARTESIAN_POINT('',(-31.3,-86.34174716704,70.533173755571));
#3472 = CARTESIAN_POINT('',(-31.3,-86.33764018739,70.529654143843));
#3473 = CARTESIAN_POINT('',(-31.3,-86.33359021788,70.526069325072));
#3474 = CARTESIAN_POINT('',(-31.3,-86.32959420093,70.522425067551));
#3475 = CARTESIAN_POINT('',(-31.3,-86.32564980764,70.518725587107));
#3476 = CARTESIAN_POINT('',(-31.3,-86.31213080422,70.50570863765));
#3477 = CARTESIAN_POINT('',(-31.3,-86.30280840558,70.496130454104));
#3478 = CARTESIAN_POINT('',(-31.3,-86.29375471835,70.48629565212));
#3479 = CARTESIAN_POINT('',(-31.3,-86.28495359578,70.476235238994));
#3480 = CARTESIAN_POINT('',(-31.3,-86.27639309402,70.46597203675));
#3481 = CARTESIAN_POINT('',(-31.3,-86.26806111132,70.455526349329));
#3482 = CARTESIAN_POINT('',(-31.3,-86.25130580304,70.433601419946));
#3483 = CARTESIAN_POINT('',(-31.3,-86.24291259603,70.422100922025));
#3484 = CARTESIAN_POINT('',(-31.3,-86.23475935188,70.410426985322));
#3485 = CARTESIAN_POINT('',(-31.3,-86.22683656239,70.398595842329));
#3486 = CARTESIAN_POINT('',(-31.3,-86.21913802679,70.386618968173));
#3487 = CARTESIAN_POINT('',(-31.3,-86.21165925741,70.374504819468));
#3488 = CARTESIAN_POINT('',(-31.3,-86.20439139491,70.362266038953));
#3489 = ORIENTED_EDGE('',*,*,#3490,.T.);
#3490 = EDGE_CURVE('',#3436,#3491,#3493,.T.);
#3491 = VERTEX_POINT('',#3492);
#3492 = CARTESIAN_POINT('',(-31.3,-86.32782175593,70.167770911718));
#3493 = B_SPLINE_CURVE_WITH_KNOTS('',4,(#3494,#3495,#3496,#3497,#3498),
  .UNSPECIFIED.,.F.,.F.,(5,5),(0.,1.),.PIECEWISE_BEZIER_KNOTS.);
#3494 = CARTESIAN_POINT('',(-31.3,-86.20439139491,70.362266038953));
#3495 = CARTESIAN_POINT('',(-31.3,-86.23524898516,70.313642257144));
#3496 = CARTESIAN_POINT('',(-31.3,-86.26610657542,70.265018475335));
#3497 = CARTESIAN_POINT('',(-31.3,-86.29696416568,70.216394693527));
#3498 = CARTESIAN_POINT('',(-31.3,-86.32782175593,70.167770911718));
#3499 = ORIENTED_EDGE('',*,*,#3500,.T.);
#3500 = EDGE_CURVE('',#3491,#3501,#3503,.T.);
#3501 = VERTEX_POINT('',#3502);
#3502 = CARTESIAN_POINT('',(-31.3,-86.81565411518,70.41297981881));
#3503 = B_SPLINE_CURVE_WITH_KNOTS('',6,(#3504,#3505,#3506,#3507,#3508,
    #3509,#3510,#3511,#3512,#3513,#3514,#3515,#3516,#3517,#3518,#3519,
    #3520,#3521,#3522,#3523,#3524,#3525,#3526,#3527,#3528,#3529,#3530,
    #3531,#3532,#3533,#3534,#3535,#3536,#3537,#3538,#3539,#3540,#3541,
    #3542,#3543,#3544,#3545,#3546,#3547,#3548,#3549,#3550,#3551,#3552,
    #3553,#3554,#3555,#3556,#3557,#3558,#3559,#3560),.UNSPECIFIED.,.F.,
  .F.,(7,5,5,5,5,5,5,5,5,5,5,7),(0.,0.251012533924,0.371114358392,
    0.493622984268,0.522448543871,0.535660286107,0.548872292419,
    0.557280378638,0.576677893177,0.632664338664,0.766759093077,1.),
  .UNSPECIFIED.);
#3504 = CARTESIAN_POINT('',(-31.3,-86.32782175593,70.167770911718));
#3505 = CARTESIAN_POINT('',(-31.3,-86.34712220178,70.169630517537));
#3506 = CARTESIAN_POINT('',(-31.3,-86.36637817281,70.171955946216));
#3507 = CARTESIAN_POINT('',(-31.3,-86.385570136,70.174782442878));
#3508 = CARTESIAN_POINT('',(-31.3,-86.40468193319,70.178128163569));
#3509 = CARTESIAN_POINT('',(-31.3,-86.42368386642,70.182036803867));
#3510 = CARTESIAN_POINT('',(-31.3,-86.45155955953,70.188727354743));
#3511 = CARTESIAN_POINT('',(-31.3,-86.46054683217,70.19103382086));
#3512 = CARTESIAN_POINT('',(-31.3,-86.46949582625,70.193487901029));
#3513 = CARTESIAN_POINT('',(-31.3,-86.47840129183,70.196096832678));
#3514 = CARTESIAN_POINT('',(-31.3,-86.487256461,70.198869911685));
#3515 = CARTESIAN_POINT('',(-31.3,-86.50502479894,70.204828580485));
#3516 = CARTESIAN_POINT('',(-31.3,-86.5139341026,70.208021581102));
#3517 = CARTESIAN_POINT('',(-31.3,-86.52277366,70.211410545667));
#3518 = CARTESIAN_POINT('',(-31.3,-86.53152652405,70.21501997924));
#3519 = CARTESIAN_POINT('',(-31.3,-86.54017949215,70.218864128999));
#3520 = CARTESIAN_POINT('',(-31.3,-86.5506866017,70.2239873803));
#3521 = CARTESIAN_POINT('',(-31.3,-86.552679765,70.224979981997));
#3522 = CARTESIAN_POINT('',(-31.3,-86.55466415117,70.225990192174));
#3523 = CARTESIAN_POINT('',(-31.3,-86.55663886643,70.227019265187));
#3524 = CARTESIAN_POINT('',(-31.3,-86.55860270945,70.228068845567));
#3525 = CARTESIAN_POINT('',(-31.3,-86.56144859324,70.229632358481));
#3526 = CARTESIAN_POINT('',(-31.3,-86.56234036112,70.230128557329));
#3527 = CARTESIAN_POINT('',(-31.3,-86.56322943508,70.230629625168));
#3528 = CARTESIAN_POINT('',(-31.3,-86.56411561409,70.23113584121));
#3529 = CARTESIAN_POINT('',(-31.3,-86.564998536,70.231647703262));
#3530 = CARTESIAN_POINT('',(-31.3,-86.5667568366,70.232684162548));
#3531 = CARTESIAN_POINT('',(-31.3,-86.56763195051,70.23320904808));
#3532 = CARTESIAN_POINT('',(-31.3,-86.56850419677,70.233739086882));
#3533 = CARTESIAN_POINT('',(-31.3,-86.5693693899,70.234280063633));
#3534 = CARTESIAN_POINT('',(-31.3,-86.57023220142,70.234825396681));
#3535 = CARTESIAN_POINT('',(-31.3,-86.57163144774,70.235737071081));
#3536 = CARTESIAN_POINT('',(-31.3,-86.5721718739,70.236097232111));
#3537 = CARTESIAN_POINT('',(-31.3,-86.57270678064,70.236465483514));
#3538 = CARTESIAN_POINT('',(-31.3,-86.57323607738,70.236841841594));
#3539 = CARTESIAN_POINT('',(-31.3,-86.57376135954,70.237223858084));
#3540 = CARTESIAN_POINT('',(-31.3,-86.57549604682,70.23848965494));
#3541 = CARTESIAN_POINT('',(-31.3,-86.57582322389,70.238735923017));
#3542 = CARTESIAN_POINT('',(-31.3,-86.57650277972,70.239233667772));
#3543 = CARTESIAN_POINT('',(-31.3,-86.57803196321,70.240341499409));
#3544 = CARTESIAN_POINT('',(-31.3,-86.58016993221,70.241888394942));
#3545 = CARTESIAN_POINT('',(-31.3,-86.58704016155,70.246883429161));
#3546 = CARTESIAN_POINT('',(-31.3,-86.5921441278,70.250591001719));
#3547 = CARTESIAN_POINT('',(-31.3,-86.59724831592,70.254298266769));
#3548 = CARTESIAN_POINT('',(-31.3,-86.60235206966,70.258006133336));
#3549 = CARTESIAN_POINT('',(-31.3,-86.60745541288,70.261714568564));
#3550 = CARTESIAN_POINT('',(-31.3,-86.62478291732,70.274303805578));
#3551 = CARTESIAN_POINT('',(-31.3,-86.6370205432,70.28319494435));
#3552 = CARTESIAN_POINT('',(-31.3,-86.6488931243,70.291820855542));
#3553 = CARTESIAN_POINT('',(-31.3,-86.6604270536,70.300200742443));
#3554 = CARTESIAN_POINT('',(-31.3,-86.67205392002,70.308648170131));
#3555 = CARTESIAN_POINT('',(-31.3,-86.70645110961,70.333639190906));
#3556 = CARTESIAN_POINT('',(-31.3,-86.72829171068,70.349507316538));
#3557 = CARTESIAN_POINT('',(-31.3,-86.75013231176,70.365375442181));
#3558 = CARTESIAN_POINT('',(-31.3,-86.77197291288,70.381243567747));
#3559 = CARTESIAN_POINT('',(-31.3,-86.79381351405,70.397111693251));
#3560 = CARTESIAN_POINT('',(-31.3,-86.81565411518,70.41297981881));
#3561 = ORIENTED_EDGE('',*,*,#3562,.T.);
#3562 = EDGE_CURVE('',#3501,#3563,#3565,.T.);
#3563 = VERTEX_POINT('',#3564);
#3564 = CARTESIAN_POINT('',(-31.3,-87.03178470596,70.151722813993));
#3565 = B_SPLINE_CURVE_WITH_KNOTS('',4,(#3566,#3567,#3568,#3569,#3570),
  .UNSPECIFIED.,.F.,.F.,(5,5),(0.,1.),.PIECEWISE_BEZIER_KNOTS.);
#3566 = CARTESIAN_POINT('',(-31.3,-86.81565411518,70.41297981881));
#3567 = CARTESIAN_POINT('',(-31.3,-86.86968676288,70.347665567606));
#3568 = CARTESIAN_POINT('',(-31.3,-86.92371941057,70.282351316401));
#3569 = CARTESIAN_POINT('',(-31.3,-86.97775205826,70.217037065197));
#3570 = CARTESIAN_POINT('',(-31.3,-87.03178470596,70.151722813993));
#3571 = ORIENTED_EDGE('',*,*,#3572,.T.);
#3572 = EDGE_CURVE('',#3563,#3573,#3575,.T.);
#3573 = VERTEX_POINT('',#3574);
#3574 = CARTESIAN_POINT('',(-31.3,-86.69950845398,69.718478874365));
#3575 = B_SPLINE_CURVE_WITH_KNOTS('',7,(#3576,#3577,#3578,#3579,#3580,
    #3581,#3582,#3583,#3584,#3585,#3586,#3587,#3588,#3589,#3590,#3591,
    #3592,#3593,#3594,#3595,#3596,#3597,#3598,#3599,#3600,#3601,#3602,
    #3603,#3604,#3605,#3606,#3607,#3608,#3609,#3610,#3611,#3612,#3613,
    #3614,#3615,#3616,#3617,#3618,#3619,#3620,#3621,#3622,#3623,#3624,
    #3625),.UNSPECIFIED.,.F.,.F.,(8,6,6,6,6,6,6,6,8),(0.,0.420971513964,
    0.514965160073,0.540967990939,0.551970094779,0.584973598793,
    0.652979138649,0.820992115528,1.),.UNSPECIFIED.);
#3576 = CARTESIAN_POINT('',(-31.3,-87.03178470596,70.151722813993));
#3577 = CARTESIAN_POINT('',(-31.3,-87.00738086993,70.128806086586));
#3578 = CARTESIAN_POINT('',(-31.3,-86.98297704231,70.105889350296));
#3579 = CARTESIAN_POINT('',(-31.3,-86.9585732089,70.082972620126));
#3580 = CARTESIAN_POINT('',(-31.3,-86.93416936471,70.060055901359));
#3581 = CARTESIAN_POINT('',(-31.3,-86.90976551393,70.037139189563));
#3582 = CARTESIAN_POINT('',(-31.3,-86.88536166994,70.014222470589));
#3583 = CARTESIAN_POINT('',(-31.3,-86.85550902219,69.986188916182));
#3584 = CARTESIAN_POINT('',(-31.3,-86.85005936351,69.981072986807));
#3585 = CARTESIAN_POINT('',(-31.3,-86.84461026144,69.975956468371));
#3586 = CARTESIAN_POINT('',(-31.3,-86.83916220908,69.970838838371));
#3587 = CARTESIAN_POINT('',(-31.3,-86.83371481048,69.965720515879));
#3588 = CARTESIAN_POINT('',(-31.3,-86.82826678058,69.96060286154));
#3589 = CARTESIAN_POINT('',(-31.3,-86.82130800136,69.95407322808));
#3590 = CARTESIAN_POINT('',(-31.3,-86.81981399078,69.952641653789));
#3591 = CARTESIAN_POINT('',(-31.3,-86.8182557572,69.95128703835));
#3592 = CARTESIAN_POINT('',(-31.3,-86.81683459237,69.949776537649));
#3593 = CARTESIAN_POINT('',(-31.3,-86.81527467114,69.948418004099));
#3594 = CARTESIAN_POINT('',(-31.3,-86.81374244055,69.947027720672));
#3595 = CARTESIAN_POINT('',(-31.3,-86.81166691229,69.944942621304));
#3596 = CARTESIAN_POINT('',(-31.3,-86.81106208448,69.944310599591));
#3597 = CARTESIAN_POINT('',(-31.3,-86.81046354447,69.943672108392));
#3598 = CARTESIAN_POINT('',(-31.3,-86.80986519984,69.943034460262));
#3599 = CARTESIAN_POINT('',(-31.3,-86.80927635116,69.942387331202));
#3600 = CARTESIAN_POINT('',(-31.3,-86.80868990497,69.941738520996));
#3601 = CARTESIAN_POINT('',(-31.3,-86.80636206336,69.93912629409));
#3602 = CARTESIAN_POINT('',(-31.3,-86.8046543944,69.937133091618));
#3603 = CARTESIAN_POINT('',(-31.3,-86.80297412276,69.935116823307));
#3604 = CARTESIAN_POINT('',(-31.3,-86.80131980002,69.933079361461));
#3605 = CARTESIAN_POINT('',(-31.3,-86.7996903821,69.931022013828));
#3606 = CARTESIAN_POINT('',(-31.3,-86.79808281929,69.928947813116));
#3607 = CARTESIAN_POINT('',(-31.3,-86.79322676595,69.922550370382));
#3608 = CARTESIAN_POINT('',(-31.3,-86.79004592119,69.918176202261));
#3609 = CARTESIAN_POINT('',(-31.3,-86.7869432617,69.913745801302));
#3610 = CARTESIAN_POINT('',(-31.3,-86.78391203761,69.909266419745));
#3611 = CARTESIAN_POINT('',(-31.3,-86.78094785287,69.90474288427));
#3612 = CARTESIAN_POINT('',(-31.3,-86.77804740333,69.900178699086));
#3613 = CARTESIAN_POINT('',(-31.3,-86.76819030794,69.884208661596));
#3614 = CARTESIAN_POINT('',(-31.3,-86.76154278698,69.872613008033));
#3615 = CARTESIAN_POINT('',(-31.3,-86.75521935378,69.860835623983));
#3616 = CARTESIAN_POINT('',(-31.3,-86.74919665767,69.848902527057));
#3617 = CARTESIAN_POINT('',(-31.3,-86.74345745442,69.836832851967));
#3618 = CARTESIAN_POINT('',(-31.3,-86.73798497311,69.824643255187));
#3619 = CARTESIAN_POINT('',(-31.3,-86.72720857186,69.799240262052));
#3620 = CARTESIAN_POINT('',(-31.3,-86.72193911042,69.786013767719));
#3621 = CARTESIAN_POINT('',(-31.3,-86.71694520542,69.772678959834));
#3622 = CARTESIAN_POINT('',(-31.3,-86.71221361055,69.75924919633));
#3623 = CARTESIAN_POINT('',(-31.3,-86.70773546609,69.745734049751));
#3624 = CARTESIAN_POINT('',(-31.3,-86.70350432227,69.73214059499));
#3625 = CARTESIAN_POINT('',(-31.3,-86.69950845398,69.718478874365));
#3626 = ORIENTED_EDGE('',*,*,#3627,.T.);
#3627 = EDGE_CURVE('',#3573,#3628,#3630,.T.);
#3628 = VERTEX_POINT('',#3629);
#3629 = CARTESIAN_POINT('',(-31.3,-86.86742999449,69.560790051759));
#3630 = B_SPLINE_CURVE_WITH_KNOTS('',4,(#3631,#3632,#3633,#3634,#3635),
  .UNSPECIFIED.,.F.,.F.,(5,5),(0.,1.),.PIECEWISE_BEZIER_KNOTS.);
#3631 = CARTESIAN_POINT('',(-31.3,-86.69950845398,69.718478874365));
#3632 = CARTESIAN_POINT('',(-31.3,-86.74148883911,69.679056668714));
#3633 = CARTESIAN_POINT('',(-31.3,-86.78346922423,69.639634463062));
#3634 = CARTESIAN_POINT('',(-31.3,-86.82544960936,69.600212257411));
#3635 = CARTESIAN_POINT('',(-31.3,-86.86742999449,69.560790051759));
#3636 = ORIENTED_EDGE('',*,*,#3637,.T.);
#3637 = EDGE_CURVE('',#3628,#3638,#3640,.T.);
#3638 = VERTEX_POINT('',#3639);
#3639 = CARTESIAN_POINT('',(-31.3,-87.27895522767,69.919614244505));
#3640 = B_SPLINE_CURVE_WITH_KNOTS('',6,(#3641,#3642,#3643,#3644,#3645,
    #3646,#3647,#3648,#3649,#3650,#3651,#3652,#3653,#3654,#3655,#3656,
    #3657,#3658,#3659,#3660,#3661,#3662,#3663,#3664,#3665,#3666,#3667,
    #3668,#3669,#3670,#3671,#3672,#3673,#3674,#3675,#3676,#3677,#3678,
    #3679,#3680,#3681,#3682,#3683,#3684,#3685,#3686,#3687,#3688,#3689,
    #3690,#3691,#3692,#3693,#3694,#3695,#3696,#3697),.UNSPECIFIED.,.F.,
  .F.,(7,5,5,5,5,5,5,5,5,5,5,7),(0.,0.249746328904,0.369242312975,
    0.49113295761,0.51981310986,0.53295820692,0.546103566725,
    0.554469239281,0.5737689052,0.629472933246,0.764999369116,1.),
  .UNSPECIFIED.);
#3641 = CARTESIAN_POINT('',(-31.3,-86.86742999449,69.560790051759));
#3642 = CARTESIAN_POINT('',(-31.3,-86.88566161618,69.567391060342));
#3643 = CARTESIAN_POINT('',(-31.3,-86.90373431487,69.574432196666));
#3644 = CARTESIAN_POINT('',(-31.3,-86.92162040611,69.581942740897));
#3645 = CARTESIAN_POINT('',(-31.3,-86.93929972415,69.589936260309));
#3646 = CARTESIAN_POINT('',(-31.3,-86.95673263739,69.598447692115));
#3647 = CARTESIAN_POINT('',(-31.3,-86.98206869199,69.611860450005));
#3648 = CARTESIAN_POINT('',(-31.3,-86.99020001815,69.616329498068));
#3649 = CARTESIAN_POINT('',(-31.3,-86.99825755819,69.620932003122));
#3650 = CARTESIAN_POINT('',(-31.3,-87.00623442728,69.625673669617));
#3651 = CARTESIAN_POINT('',(-31.3,-87.01412175832,69.630561818269));
#3652 = CARTESIAN_POINT('',(-31.3,-87.02985001058,69.640752090489));
#3653 = CARTESIAN_POINT('',(-31.3,-87.03768534512,69.646060430843));
#3654 = CARTESIAN_POINT('',(-31.3,-87.04540439036,69.651541233386));
#3655 = CARTESIAN_POINT('',(-31.3,-87.05298463746,69.657214018739));
#3656 = CARTESIAN_POINT('',(-31.3,-87.06040975548,69.663089303125));
#3657 = CARTESIAN_POINT('',(-31.3,-87.06931266407,69.670664609952));
#3658 = CARTESIAN_POINT('',(-31.3,-87.07099635848,69.672121706798));
#3659 = CARTESIAN_POINT('',(-31.3,-87.07266717245,69.673593676137));
#3660 = CARTESIAN_POINT('',(-31.3,-87.07432392835,69.675081510645));
#3661 = CARTESIAN_POINT('',(-31.3,-87.07596505361,69.676586504427));
#3662 = CARTESIAN_POINT('',(-31.3,-87.07833269888,69.678808639227));
#3663 = CARTESIAN_POINT('',(-31.3,-87.07907305059,69.679511022728));
#3664 = CARTESIAN_POINT('',(-31.3,-87.07980958216,69.680217452303));
#3665 = CARTESIAN_POINT('',(-31.3,-87.08054202941,69.680928148395));
#3666 = CARTESIAN_POINT('',(-31.3,-87.08126991779,69.681643503108));
#3667 = CARTESIAN_POINT('',(-31.3,-87.0827152212,69.683084671698));
#3668 = CARTESIAN_POINT('',(-31.3,-87.08343230807,69.683810698965));
#3669 = CARTESIAN_POINT('',(-31.3,-87.08414533582,69.684541004447));
#3670 = CARTESIAN_POINT('',(-31.3,-87.08484881187,69.685280150201));
#3671 = CARTESIAN_POINT('',(-31.3,-87.08554889777,69.686022923108));
#3672 = CARTESIAN_POINT('',(-31.3,-87.08667745999,69.687253933992));
#3673 = CARTESIAN_POINT('',(-31.3,-87.08711133926,69.687737178421));
#3674 = CARTESIAN_POINT('',(-31.3,-87.08753786052,69.688226886426));
#3675 = CARTESIAN_POINT('',(-31.3,-87.08795693199,69.688723051271));
#3676 = CARTESIAN_POINT('',(-31.3,-87.0883707078,69.689223698371));
#3677 = CARTESIAN_POINT('',(-31.3,-87.08973610581,69.690881127074));
#3678 = CARTESIAN_POINT('',(-31.3,-87.08999175964,69.691201023817));
#3679 = CARTESIAN_POINT('',(-31.3,-87.09052618188,69.691852129668));
#3680 = CARTESIAN_POINT('',(-31.3,-87.09173181673,69.693305449205));
#3681 = CARTESIAN_POINT('',(-31.3,-87.09341792023,69.69533543744));
#3682 = CARTESIAN_POINT('',(-31.3,-87.09883009418,69.701882100032));
#3683 = CARTESIAN_POINT('',(-31.3,-87.10285167415,69.706742497172));
#3684 = CARTESIAN_POINT('',(-31.3,-87.10687354549,69.711602651642));
#3685 = CARTESIAN_POINT('',(-31.3,-87.1108948465,69.716463280704));
#3686 = CARTESIAN_POINT('',(-31.3,-87.11491560847,69.721324358469));
#3687 = CARTESIAN_POINT('',(-31.3,-87.12872010106,69.738011210954));
#3688 = CARTESIAN_POINT('',(-31.3,-87.13811573514,69.749368559497));
#3689 = CARTESIAN_POINT('',(-31.3,-87.14735804115,69.760540557263));
#3690 = CARTESIAN_POINT('',(-31.3,-87.15665153804,69.771774461026));
#3691 = CARTESIAN_POINT('',(-31.3,-87.16617088053,69.7832813886));
#3692 = CARTESIAN_POINT('',(-31.3,-87.1932099206,69.815965973021));
#3693 = CARTESIAN_POINT('',(-31.3,-87.21035898197,69.836695627359));
#3694 = CARTESIAN_POINT('',(-31.3,-87.22750804332,69.857425281705));
#3695 = CARTESIAN_POINT('',(-31.3,-87.24465710475,69.87815493599));
#3696 = CARTESIAN_POINT('',(-31.3,-87.26180616624,69.898884590226));
#3697 = CARTESIAN_POINT('',(-31.3,-87.27895522767,69.919614244505));
#3698 = ORIENTED_EDGE('',*,*,#3699,.T.);
#3699 = EDGE_CURVE('',#3638,#3700,#3702,.T.);
#3700 = VERTEX_POINT('',#3701);
#3701 = CARTESIAN_POINT('',(-31.3,-87.55326765355,69.720314601145));
#3702 = B_SPLINE_CURVE_WITH_KNOTS('',4,(#3703,#3704,#3705,#3706,#3707),
  .UNSPECIFIED.,.F.,.F.,(5,5),(0.,1.),.PIECEWISE_BEZIER_KNOTS.);
#3703 = CARTESIAN_POINT('',(-31.3,-87.27895522767,69.919614244505));
#3704 = CARTESIAN_POINT('',(-31.3,-87.34753333414,69.869789333665));
#3705 = CARTESIAN_POINT('',(-31.3,-87.41611144061,69.819964422825));
#3706 = CARTESIAN_POINT('',(-31.3,-87.48468954708,69.770139511985));
#3707 = CARTESIAN_POINT('',(-31.3,-87.55326765355,69.720314601145));
#3708 = ORIENTED_EDGE('',*,*,#3709,.T.);
#3709 = EDGE_CURVE('',#3700,#3710,#3712,.T.);
#3710 = VERTEX_POINT('',#3711);
#3711 = CARTESIAN_POINT('',(-31.3,-87.33917385751,69.218048072949));
#3712 = B_SPLINE_CURVE_WITH_KNOTS('',7,(#3713,#3714,#3715,#3716,#3717,
    #3718,#3719,#3720,#3721,#3722,#3723,#3724,#3725,#3726,#3727,#3728,
    #3729,#3730,#3731,#3732,#3733,#3734,#3735,#3736,#3737,#3738,#3739,
    #3740,#3741,#3742,#3743,#3744,#3745,#3746,#3747,#3748,#3749,#3750,
    #3751,#3752,#3753,#3754,#3755,#3756,#3757,#3758,#3759,#3760,#3761,
    #3762),.UNSPECIFIED.,.F.,.F.,(8,6,6,6,6,6,6,6,8),(0.,0.422962182696,
    0.51595387708,0.5409582874,0.551960623815,0.584964825495,
    0.652971802929,0.820988331456,1.),.UNSPECIFIED.);
#3713 = CARTESIAN_POINT('',(-31.3,-87.55326765355,69.720314601145));
#3714 = CARTESIAN_POINT('',(-31.3,-87.53524445118,69.691914578577));
#3715 = CARTESIAN_POINT('',(-31.3,-87.51722125873,69.663514549756));
#3716 = CARTESIAN_POINT('',(-31.3,-87.49919805939,69.635114525277));
#3717 = CARTESIAN_POINT('',(-31.3,-87.48117484729,69.606714508844));
#3718 = CARTESIAN_POINT('',(-31.3,-87.46315162747,69.578314497269));
#3719 = CARTESIAN_POINT('',(-31.3,-87.44512841595,69.549914480468));
#3720 = CARTESIAN_POINT('',(-31.3,-87.42314269697,69.51527046067));
#3721 = CARTESIAN_POINT('',(-31.3,-87.41917907519,69.50902716126));
#3722 = CARTESIAN_POINT('',(-31.3,-87.41521619102,69.502783396941));
#3723 = CARTESIAN_POINT('',(-31.3,-87.41125468346,69.496538764325));
#3724 = CARTESIAN_POINT('',(-31.3,-87.40729401389,69.490293602931));
#3725 = CARTESIAN_POINT('',(-31.3,-87.40333246602,69.484048995185));
#3726 = CARTESIAN_POINT('',(-31.3,-87.39830091636,69.476128302016));
#3727 = CARTESIAN_POINT('',(-31.3,-87.39724480191,69.474443696046));
#3728 = CARTESIAN_POINT('',(-31.3,-87.39613833187,69.47279431476));
#3729 = CARTESIAN_POINT('',(-31.3,-87.39515643693,69.471060756021));
#3730 = CARTESIAN_POINT('',(-31.3,-87.39403242891,69.46942000603));
#3731 = CARTESIAN_POINT('',(-31.3,-87.39294091592,69.467757021439));
#3732 = CARTESIAN_POINT('',(-31.3,-87.39148940793,69.465289719181));
#3733 = CARTESIAN_POINT('',(-31.3,-87.3910607593,69.464527139032));
#3734 = CARTESIAN_POINT('',(-31.3,-87.39063980983,69.46375985636));
#3735 = CARTESIAN_POINT('',(-31.3,-87.39021883994,69.462993438862));
#3736 = CARTESIAN_POINT('',(-31.3,-87.38980942548,69.462220199838));
#3737 = CARTESIAN_POINT('',(-31.3,-87.38940275612,69.461445929963));
#3738 = CARTESIAN_POINT('',(-31.3,-87.38779768234,69.4583368603));
#3739 = CARTESIAN_POINT('',(-31.3,-87.38663935224,69.455981597949));
#3740 = CARTESIAN_POINT('',(-31.3,-87.38551329496,69.453610807848));
#3741 = CARTESIAN_POINT('',(-31.3,-87.38441764197,69.451225943278));
#3742 = CARTESIAN_POINT('',(-31.3,-87.38335105676,69.448828011245));
#3743 = CARTESIAN_POINT('',(-31.3,-87.38230983124,69.446419190751));
#3744 = CARTESIAN_POINT('',(-31.3,-87.37919731905,69.439015084085));
#3745 = CARTESIAN_POINT('',(-31.3,-87.37720421775,69.433987294576));
#3746 = CARTESIAN_POINT('',(-31.3,-87.37530082993,69.428924482771));
#3747 = CARTESIAN_POINT('',(-31.3,-87.37347881421,69.423831994445));
#3748 = CARTESIAN_POINT('',(-31.3,-87.37173271231,69.418713411387));
#3749 = CARTESIAN_POINT('',(-31.3,-87.37005845243,69.413571306004));
#3750 = CARTESIAN_POINT('',(-31.3,-87.36448262264,69.39565163667));
#3751 = CARTESIAN_POINT('',(-31.3,-87.36092766755,69.382767110649));
#3752 = CARTESIAN_POINT('',(-31.3,-87.35773181294,69.369787160887));
#3753 = CARTESIAN_POINT('',(-31.3,-87.35486597143,69.356731180527));
#3754 = CARTESIAN_POINT('',(-31.3,-87.35230868195,69.343613414668));
#3755 = CARTESIAN_POINT('',(-31.3,-87.35003955814,69.330445825725));
#3756 = CARTESIAN_POINT('',(-31.3,-87.34591918485,69.303160932321));
#3757 = CARTESIAN_POINT('',(-31.3,-87.34410456862,69.289039510858));
#3758 = CARTESIAN_POINT('',(-31.3,-87.34258378819,69.274881706814));
#3759 = CARTESIAN_POINT('',(-31.3,-87.34134069145,69.260697164231));
#3760 = CARTESIAN_POINT('',(-31.3,-87.34036431641,69.246492951594));
#3761 = CARTESIAN_POINT('',(-31.3,-87.33964665648,69.232274317532));
#3762 = CARTESIAN_POINT('',(-31.3,-87.33917385751,69.218048072949));
#3763 = ORIENTED_EDGE('',*,*,#3764,.T.);
#3764 = EDGE_CURVE('',#3710,#3765,#3767,.T.);
#3765 = VERTEX_POINT('',#3766);
#3766 = CARTESIAN_POINT('',(-31.3,-87.54103544953,69.107073723635));
#3767 = B_SPLINE_CURVE_WITH_KNOTS('',4,(#3768,#3769,#3770,#3771,#3772),
  .UNSPECIFIED.,.F.,.F.,(5,5),(0.,1.),.PIECEWISE_BEZIER_KNOTS.);
#3768 = CARTESIAN_POINT('',(-31.3,-87.33917385751,69.218048072949));
#3769 = CARTESIAN_POINT('',(-31.3,-87.38963925551,69.19030448562));
#3770 = CARTESIAN_POINT('',(-31.3,-87.44010465352,69.162560898292));
#3771 = CARTESIAN_POINT('',(-31.3,-87.49057005152,69.134817310963));
#3772 = CARTESIAN_POINT('',(-31.3,-87.54103544953,69.107073723635));
#3773 = ORIENTED_EDGE('',*,*,#3774,.T.);
#3774 = EDGE_CURVE('',#3765,#3775,#3777,.T.);
#3775 = VERTEX_POINT('',#3776);
#3776 = CARTESIAN_POINT('',(-31.3,-87.85039591277,69.556966958342));
#3777 = B_SPLINE_CURVE_WITH_KNOTS('',6,(#3778,#3779,#3780,#3781,#3782,
    #3783,#3784,#3785,#3786,#3787,#3788,#3789,#3790,#3791,#3792,#3793,
    #3794,#3795,#3796,#3797,#3798,#3799,#3800,#3801,#3802,#3803,#3804,
    #3805,#3806,#3807,#3808,#3809,#3810,#3811,#3812,#3813,#3814,#3815,
    #3816,#3817,#3818,#3819,#3820,#3821,#3822,#3823,#3824,#3825,#3826,
    #3827,#3828,#3829,#3830,#3831,#3832,#3833,#3834),.UNSPECIFIED.,.F.,
  .F.,(7,5,5,5,5,5,5,5,5,5,5,7),(0.,0.249746328907,0.369242312979,
    0.491132957616,0.519813109866,0.532958206926,0.546103566731,
    0.554469239287,0.573768905206,0.629472933251,0.76499936912,1.),
  .UNSPECIFIED.);
#3778 = CARTESIAN_POINT('',(-31.3,-87.54103544953,69.107073723635));
#3779 = CARTESIAN_POINT('',(-31.3,-87.55705268722,69.118001369336));
#3780 = CARTESIAN_POINT('',(-31.3,-87.57280653945,69.129315792814));
#3781 = CARTESIAN_POINT('',(-31.3,-87.58826290985,69.141038469498));
#3782 = CARTESIAN_POINT('',(-31.3,-87.60339889216,69.153177525407));
#3783 = CARTESIAN_POINT('',(-31.3,-87.61816741136,69.165756944159));
#3784 = CARTESIAN_POINT('',(-31.3,-87.63937186997,69.185049136156));
#3785 = CARTESIAN_POINT('',(-31.3,-87.6461363285,69.191399959439));
#3786 = CARTESIAN_POINT('',(-31.3,-87.65279612965,69.197861697058));
#3787 = CARTESIAN_POINT('',(-31.3,-87.65934318622,69.204438162056));
#3788 = CARTESIAN_POINT('',(-31.3,-87.66576708912,69.211134239995));
#3789 = CARTESIAN_POINT('',(-31.3,-87.67846699176,69.224915823355));
#3790 = CARTESIAN_POINT('',(-31.3,-87.6847360343,69.232005960898));
#3791 = CARTESIAN_POINT('',(-31.3,-87.69084955136,69.239234222439));
#3792 = CARTESIAN_POINT('',(-31.3,-87.69678088671,69.246613917604));
#3793 = CARTESIAN_POINT('',(-31.3,-87.70251160719,69.254151170892));
#3794 = CARTESIAN_POINT('',(-31.3,-87.70925091234,69.263702548857));
#3795 = CARTESIAN_POINT('',(-31.3,-87.71051934514,69.265532586099));
#3796 = CARTESIAN_POINT('',(-31.3,-87.71177160353,69.267373825352));
#3797 = CARTESIAN_POINT('',(-31.3,-87.7130063,69.26922693524));
#3798 = CARTESIAN_POINT('',(-31.3,-87.71422158955,69.27109277813));
#3799 = CARTESIAN_POINT('',(-31.3,-87.71596222844,69.273833909915));
#3800 = CARTESIAN_POINT('',(-31.3,-87.71650464497,69.274698344731));
#3801 = CARTESIAN_POINT('',(-31.3,-87.71704235515,69.275565748473));
#3802 = CARTESIAN_POINT('',(-31.3,-87.7175750483,69.276436268966));
#3803 = CARTESIAN_POINT('',(-31.3,-87.71810216724,69.277310167973));
#3804 = CARTESIAN_POINT('',(-31.3,-87.71914365973,69.279065491945));
#3805 = CARTESIAN_POINT('',(-31.3,-87.71965766236,69.279947041983));
#3806 = CARTESIAN_POINT('',(-31.3,-87.72016666944,69.280831726365));
#3807 = CARTESIAN_POINT('',(-31.3,-87.72066422643,69.281722597876));
#3808 = CARTESIAN_POINT('',(-31.3,-87.72115759773,69.282616139489));
#3809 = CARTESIAN_POINT('',(-31.3,-87.72194456414,69.284089137914));
#3810 = CARTESIAN_POINT('',(-31.3,-87.72224463429,69.284665101718));
#3811 = CARTESIAN_POINT('',(-31.3,-87.72253597017,69.28524549617));
#3812 = CARTESIAN_POINT('',(-31.3,-87.72281848455,69.285830291918));
#3813 = CARTESIAN_POINT('',(-31.3,-87.72309475497,69.28641811213));
#3814 = CARTESIAN_POINT('',(-31.3,-87.72400507073,69.288363030339));
#3815 = CARTESIAN_POINT('',(-31.3,-87.72417313764,69.288736455459));
#3816 = CARTESIAN_POINT('',(-31.3,-87.72452884659,69.289500011031));
#3817 = CARTESIAN_POINT('',(-31.3,-87.72533517833,69.291207501057));
#3818 = CARTESIAN_POINT('',(-31.3,-87.72646347224,69.293593030368));
#3819 = CARTESIAN_POINT('',(-31.3,-87.73007752402,69.301279970446));
#3820 = CARTESIAN_POINT('',(-31.3,-87.73276402703,69.306987795538));
#3821 = CARTESIAN_POINT('',(-31.3,-87.73545087262,69.312695458049));
#3822 = CARTESIAN_POINT('',(-31.3,-87.73813704778,69.318403438406));
#3823 = CARTESIAN_POINT('',(-31.3,-87.74082258923,69.324111719314));
#3824 = CARTESIAN_POINT('',(-31.3,-87.75004353684,69.343707361348));
#3825 = CARTESIAN_POINT('',(-31.3,-87.75631953208,69.357044497081));
#3826 = CARTESIAN_POINT('',(-31.3,-87.76249311118,69.370163974031));
#3827 = CARTESIAN_POINT('',(-31.3,-87.76870087752,69.383356142745));
#3828 = CARTESIAN_POINT('',(-31.3,-87.77505949584,69.396868923239));
#3829 = CARTESIAN_POINT('',(-31.3,-87.79312072913,69.435250997161));
#3830 = CARTESIAN_POINT('',(-31.3,-87.8045757658,69.459594189425));
#3831 = CARTESIAN_POINT('',(-31.3,-87.81603080246,69.483937381694));
#3832 = CARTESIAN_POINT('',(-31.3,-87.82748583921,69.508280573922));
#3833 = CARTESIAN_POINT('',(-31.3,-87.83894087602,69.532623766117));
#3834 = CARTESIAN_POINT('',(-31.3,-87.85039591277,69.556966958342));
#3835 = ORIENTED_EDGE('',*,*,#3836,.T.);
#3836 = EDGE_CURVE('',#3775,#3837,#3839,.T.);
#3837 = VERTEX_POINT('',#3838);
#3838 = CARTESIAN_POINT('',(-31.3,-88.16565411518,69.432147406003));
#3839 = B_SPLINE_CURVE_WITH_KNOTS('',4,(#3840,#3841,#3842,#3843,#3844),
  .UNSPECIFIED.,.F.,.F.,(5,5),(0.,1.),.PIECEWISE_BEZIER_KNOTS.);
#3840 = CARTESIAN_POINT('',(-31.3,-87.85039591277,69.556966958342));
#3841 = CARTESIAN_POINT('',(-31.3,-87.92921046337,69.525762070257));
#3842 = CARTESIAN_POINT('',(-31.3,-88.00802501398,69.494557182172));
#3843 = CARTESIAN_POINT('',(-31.3,-88.08683956458,69.463352294088));
#3844 = CARTESIAN_POINT('',(-31.3,-88.16565411518,69.432147406003));
#3845 = ORIENTED_EDGE('',*,*,#3846,.T.);
#3846 = EDGE_CURVE('',#3837,#3847,#3849,.T.);
#3847 = VERTEX_POINT('',#3848);
#3848 = CARTESIAN_POINT('',(-31.3,-88.08319507565,68.892417542413));
#3849 = B_SPLINE_CURVE_WITH_KNOTS('',7,(#3850,#3851,#3852,#3853,#3854,
    #3855,#3856,#3857,#3858,#3859,#3860,#3861,#3862,#3863,#3864,#3865,
    #3866,#3867,#3868,#3869,#3870,#3871,#3872,#3873,#3874,#3875,#3876,
    #3877,#3878,#3879,#3880,#3881,#3882,#3883,#3884,#3885,#3886,#3887,
    #3888,#3889,#3890,#3891,#3892,#3893,#3894,#3895,#3896,#3897,#3898,
    #3899),.UNSPECIFIED.,.F.,.F.,(8,6,6,6,6,6,6,6,8),(0.,0.420971514037,
    0.514965160163,0.540967991023,0.551970094861,0.58497359887,
    0.652979138713,0.820992115561,1.),.UNSPECIFIED.);
#3850 = CARTESIAN_POINT('',(-31.3,-88.16565411518,69.432147406003));
#3851 = CARTESIAN_POINT('',(-31.3,-88.15530908828,69.400308687025));
#3852 = CARTESIAN_POINT('',(-31.3,-88.14496407298,69.368469964321));
#3853 = CARTESIAN_POINT('',(-31.3,-88.13461904967,69.33663124419));
#3854 = CARTESIAN_POINT('',(-31.3,-88.12427401145,69.30479252885));
#3855 = CARTESIAN_POINT('',(-31.3,-88.11392896414,69.272953816435));
#3856 = CARTESIAN_POINT('',(-31.3,-88.10358392623,69.241115100995));
#3857 = CARTESIAN_POINT('',(-31.3,-88.09092911942,69.202167487266));
#3858 = CARTESIAN_POINT('',(-31.3,-88.08861816489,69.195058971091));
#3859 = CARTESIAN_POINT('',(-31.3,-88.08630798191,69.187950206864));
#3860 = CARTESIAN_POINT('',(-31.3,-88.08399925429,69.18084097427));
#3861 = CARTESIAN_POINT('',(-31.3,-88.08169143317,69.173731449786));
#3862 = CARTESIAN_POINT('',(-31.3,-88.07938273696,69.166622206685));
#3863 = CARTESIAN_POINT('',(-31.3,-88.07643038715,69.157547827807));
#3864 = CARTESIAN_POINT('',(-31.3,-88.07581084188,69.155573584608));
#3865 = CARTESIAN_POINT('',(-31.3,-88.07509794234,69.153635841299));
#3866 = CARTESIAN_POINT('',(-31.3,-88.07458025537,69.151627528063));
#3867 = CARTESIAN_POINT('',(-31.3,-88.07386776451,69.149685538257));
#3868 = CARTESIAN_POINT('',(-31.3,-88.07319483475,69.147729065884));
#3869 = CARTESIAN_POINT('',(-31.3,-88.07238053976,69.144901986015));
#3870 = CARTESIAN_POINT('',(-31.3,-88.07215500388,69.144056763144));
#3871 = CARTESIAN_POINT('',(-31.3,-88.07193809476,69.143208900192));
#3872 = CARTESIAN_POINT('',(-31.3,-88.07172095069,69.142361870155));
#3873 = CARTESIAN_POINT('',(-31.3,-88.07151669546,69.141511106621));
#3874 = CARTESIAN_POINT('',(-31.3,-88.07131535545,69.140660027299));
#3875 = CARTESIAN_POINT('',(-31.3,-88.0705339022,69.13724946916));
#3876 = CARTESIAN_POINT('',(-31.3,-88.06999769311,69.134680136726));
#3877 = CARTESIAN_POINT('',(-31.3,-88.0694966045,69.132103790297));
#3878 = CARTESIAN_POINT('',(-31.3,-88.06902846517,69.129521372814));
#3879 = CARTESIAN_POINT('',(-31.3,-88.06859173014,69.12693352727));
#3880 = CARTESIAN_POINT('',(-31.3,-88.06818226593,69.124341442044));
#3881 = CARTESIAN_POINT('',(-31.3,-88.06700886549,69.116395898699));
#3882 = CARTESIAN_POINT('',(-31.3,-88.06632874154,69.111030402307));
#3883 = CARTESIAN_POINT('',(-31.3,-88.06574422224,69.105653294742));
#3884 = CARTESIAN_POINT('',(-31.3,-88.06524589885,69.100267679417));
#3885 = CARTESIAN_POINT('',(-31.3,-88.06482759379,69.094875668175));
#3886 = CARTESIAN_POINT('',(-31.3,-88.06448472346,69.089478739985));
#3887 = CARTESIAN_POINT('',(-31.3,-88.06354050917,69.070735397535));
#3888 = CARTESIAN_POINT('',(-31.3,-88.06330149086,69.057371581212));
#3889 = CARTESIAN_POINT('',(-31.3,-88.06343402214,69.044004643719));
#3890 = CARTESIAN_POINT('',(-31.3,-88.06390510659,69.030646135188));
#3891 = CARTESIAN_POINT('',(-31.3,-88.06469041477,69.017304516031));
#3892 = CARTESIAN_POINT('',(-31.3,-88.06576722587,69.003986302965));
#3893 = CARTESIAN_POINT('',(-31.3,-88.06856177875,68.976533919493));
#3894 = CARTESIAN_POINT('',(-31.3,-88.07031602672,68.962404871745));
#3895 = CARTESIAN_POINT('',(-31.3,-88.07236392711,68.948313658438));
#3896 = CARTESIAN_POINT('',(-31.3,-88.07468743682,68.934265603755));
#3897 = CARTESIAN_POINT('',(-31.3,-88.07727418044,68.920264827978));
#3898 = CARTESIAN_POINT('',(-31.3,-88.08011509762,68.906314423687));
#3899 = CARTESIAN_POINT('',(-31.3,-88.08319507565,68.892417542413));
#3900 = ORIENTED_EDGE('',*,*,#3901,.T.);
#3901 = EDGE_CURVE('',#3847,#3902,#3904,.T.);
#3902 = VERTEX_POINT('',#3903);
#3903 = CARTESIAN_POINT('',(-31.3,-88.30631301298,68.835130592893));
#3904 = B_SPLINE_CURVE_WITH_KNOTS('',4,(#3905,#3906,#3907,#3908,#3909),
  .UNSPECIFIED.,.F.,.F.,(5,5),(0.,1.),.PIECEWISE_BEZIER_KNOTS.);
#3905 = CARTESIAN_POINT('',(-31.3,-88.08319507565,68.892417542413));
#3906 = CARTESIAN_POINT('',(-31.3,-88.13897455998,68.878095805033));
#3907 = CARTESIAN_POINT('',(-31.3,-88.19475404432,68.863774067653));
#3908 = CARTESIAN_POINT('',(-31.3,-88.25053352865,68.849452330273));
#3909 = CARTESIAN_POINT('',(-31.3,-88.30631301298,68.835130592893));
#3910 = ORIENTED_EDGE('',*,*,#3911,.T.);
#3911 = EDGE_CURVE('',#3902,#3912,#3914,.T.);
#3912 = VERTEX_POINT('',#3913);
#3913 = CARTESIAN_POINT('',(-31.3,-88.49407045061,69.347824423033));
#3914 = B_SPLINE_CURVE_WITH_KNOTS('',6,(#3915,#3916,#3917,#3918,#3919,
    #3920,#3921,#3922,#3923,#3924,#3925,#3926,#3927,#3928,#3929,#3930,
    #3931,#3932,#3933,#3934,#3935,#3936,#3937,#3938,#3939,#3940,#3941,
    #3942,#3943,#3944,#3945,#3946,#3947,#3948,#3949,#3950,#3951,#3952,
    #3953,#3954,#3955,#3956,#3957,#3958,#3959,#3960,#3961,#3962,#3963,
    #3964,#3965,#3966,#3967,#3968,#3969,#3970,#3971),.UNSPECIFIED.,.F.,
  .F.,(7,5,5,5,5,5,5,5,5,5,5,7),(0.,0.251012533922,0.371114358388,
    0.493622984263,0.522448543866,0.535660286101,0.548872292413,
    0.557280378632,0.576677893171,0.632664338659,0.766759093074,1.),
  .UNSPECIFIED.);
#3915 = CARTESIAN_POINT('',(-31.3,-88.30631301298,68.835130592893));
#3916 = CARTESIAN_POINT('',(-31.3,-88.31910944471,68.849698251544));
#3917 = CARTESIAN_POINT('',(-31.3,-88.33155457801,68.864575035337));
#3918 = CARTESIAN_POINT('',(-31.3,-88.34361004697,68.879773265585));
#3919 = CARTESIAN_POINT('',(-31.3,-88.35525164412,68.895295116465));
#3920 = CARTESIAN_POINT('',(-31.3,-88.3664278089,68.911152111018));
#3921 = CARTESIAN_POINT('',(-31.3,-88.3821683174,68.935111537748));
#3922 = CARTESIAN_POINT('',(-31.3,-88.3871408725,68.942945090667));
#3923 = CARTESIAN_POINT('',(-31.3,-88.39198447495,68.950860046112));
#3924 = CARTESIAN_POINT('',(-31.3,-88.39669034336,68.95885808613));
#3925 = CARTESIAN_POINT('',(-31.3,-88.40124718067,68.966941354152));
#3926 = CARTESIAN_POINT('',(-31.3,-88.41012075211,68.983448301085));
#3927 = CARTESIAN_POINT('',(-31.3,-88.41442959564,68.9918747364));
#3928 = CARTESIAN_POINT('',(-31.3,-88.41855344978,69.000396278682));
#3929 = CARTESIAN_POINT('',(-31.3,-88.42246318576,69.009019190273));
#3930 = CARTESIAN_POINT('',(-31.3,-88.42613942645,69.017744819118));
#3931 = CARTESIAN_POINT('',(-31.3,-88.43029167282,69.028672120015));
#3932 = CARTESIAN_POINT('',(-31.3,-88.43106514372,69.030760109683));
#3933 = CARTESIAN_POINT('',(-31.3,-88.43182016253,69.032854927016));
#3934 = CARTESIAN_POINT('',(-31.3,-88.43255521905,69.034956874576));
#3935 = CARTESIAN_POINT('',(-31.3,-88.43326831179,69.037066328803));
#3936 = CARTESIAN_POINT('',(-31.3,-88.43427257355,69.04015422218));
#3937 = CARTESIAN_POINT('',(-31.3,-88.43458297287,69.041126392693));
#3938 = CARTESIAN_POINT('',(-31.3,-88.43488807536,69.042100268434));
#3939 = CARTESIAN_POINT('',(-31.3,-88.43518754333,69.043075915325));
#3940 = CARTESIAN_POINT('',(-31.3,-88.43548077201,69.044053448337));
#3941 = CARTESIAN_POINT('',(-31.3,-88.43605301278,69.04601263423));
#3942 = CARTESIAN_POINT('',(-31.3,-88.43633163449,69.046994316007));
#3943 = CARTESIAN_POINT('',(-31.3,-88.43660463812,69.047977791318));
#3944 = CARTESIAN_POINT('',(-31.3,-88.4368650127,69.048964411851));
#3945 = CARTESIAN_POINT('',(-31.3,-88.43712066907,69.049952577664));
#3946 = CARTESIAN_POINT('',(-31.3,-88.43751659168,69.051575009723));
#3947 = CARTESIAN_POINT('',(-31.3,-88.4376639982,69.052207502978));
#3948 = CARTESIAN_POINT('',(-31.3,-88.437801843,69.052842115559));
#3949 = CARTESIAN_POINT('',(-31.3,-88.43793004888,69.053478797342));
#3950 = CARTESIAN_POINT('',(-31.3,-88.43805145481,69.05411685576));
#3951 = CARTESIAN_POINT('',(-31.3,-88.43844948984,69.056227057111));
#3952 = CARTESIAN_POINT('',(-31.3,-88.43851940957,69.056630546934));
#3953 = CARTESIAN_POINT('',(-31.3,-88.43867405472,69.057458575222));
#3954 = CARTESIAN_POINT('',(-31.3,-88.43903041856,69.059312947859));
#3955 = CARTESIAN_POINT('',(-31.3,-88.43953000803,69.061904126666));
#3956 = CARTESIAN_POINT('',(-31.3,-88.44111885346,69.070248345514));
#3957 = CARTESIAN_POINT('',(-31.3,-88.44230147667,69.076444954917));
#3958 = CARTESIAN_POINT('',(-31.3,-88.44348447212,69.082641492041));
#3959 = CARTESIAN_POINT('',(-31.3,-88.44466673915,69.088838170295));
#3960 = CARTESIAN_POINT('',(-31.3,-88.44584831765,69.095034982062));
#3961 = CARTESIAN_POINT('',(-31.3,-88.44986159901,69.116073633905));
#3962 = CARTESIAN_POINT('',(-31.3,-88.45269604104,69.130932226515));
#3963 = CARTESIAN_POINT('',(-31.3,-88.45544593764,69.145347586185));
#3964 = CARTESIAN_POINT('',(-31.3,-88.45811738293,69.159351778763));
#3965 = CARTESIAN_POINT('',(-31.3,-88.46081034161,69.173468826292));
#3966 = CARTESIAN_POINT('',(-31.3,-88.46877728274,69.215232992984));
#3967 = CARTESIAN_POINT('',(-31.3,-88.47383591626,69.241751279006));
#3968 = CARTESIAN_POINT('',(-31.3,-88.47889454975,69.26826956503));
#3969 = CARTESIAN_POINT('',(-31.3,-88.48395318335,69.294787851036));
#3970 = CARTESIAN_POINT('',(-31.3,-88.48901181701,69.321306137028));
#3971 = CARTESIAN_POINT('',(-31.3,-88.49407045061,69.347824423033));
#3972 = ORIENTED_EDGE('',*,*,#3973,.T.);
#3973 = EDGE_CURVE('',#3912,#3974,#3976,.T.);
#3974 = VERTEX_POINT('',#3975);
#3975 = CARTESIAN_POINT('',(-31.3,-88.83046559727,69.305327833244));
#3976 = LINE('',#3977,#3978);
#3977 = CARTESIAN_POINT('',(-31.3,-88.7463668106,69.315951980691));
#3978 = VECTOR('',#3979,1.);
#3979 = DIRECTION('',(0.,-0.992114701314,-0.125333233564));
#3980 = ORIENTED_EDGE('',*,*,#3981,.T.);
#3981 = EDGE_CURVE('',#3974,#3982,#3984,.T.);
#3982 = VERTEX_POINT('',#3983);
#3983 = CARTESIAN_POINT('',(-31.3,-88.88482251897,68.762047846576));
#3984 = B_SPLINE_CURVE_WITH_KNOTS('',7,(#3985,#3986,#3987,#3988,#3989,
    #3990,#3991,#3992,#3993,#3994,#3995,#3996,#3997,#3998,#3999,#4000,
    #4001,#4002,#4003,#4004,#4005,#4006,#4007,#4008,#4009,#4010,#4011,
    #4012,#4013,#4014,#4015,#4016,#4017,#4018,#4019,#4020,#4021,#4022,
    #4023,#4024,#4025,#4026,#4027,#4028,#4029,#4030,#4031,#4032,#4033,
    #4034),.UNSPECIFIED.,.F.,.F.,(8,6,6,6,6,6,6,6,8),(0.,0.422962182698,
    0.515953877083,0.540958287403,0.551960623818,0.584964825498,
    0.652971802931,0.820988331457,1.),.UNSPECIFIED.);
#3985 = CARTESIAN_POINT('',(-31.3,-88.83046559727,69.305327833244));
#3986 = CARTESIAN_POINT('',(-31.3,-88.82835355985,69.271757959792));
#3987 = CARTESIAN_POINT('',(-31.3,-88.82624153415,69.238188085641));
#3988 = CARTESIAN_POINT('',(-31.3,-88.82412950032,69.204618211976));
#3989 = CARTESIAN_POINT('',(-31.3,-88.82201745141,69.171048339211));
#3990 = CARTESIAN_POINT('',(-31.3,-88.81990539341,69.137478466989));
#3991 = CARTESIAN_POINT('',(-31.3,-88.81779334518,69.103908594183));
#3992 = CARTESIAN_POINT('',(-31.3,-88.8152169966,69.062958107315));
#3993 = CARTESIAN_POINT('',(-31.3,-88.81475138079,69.055577572984));
#3994 = CARTESIAN_POINT('',(-31.3,-88.81428663531,69.04819698659));
#3995 = CARTESIAN_POINT('',(-31.3,-88.81382351448,69.040816302494));
#3996 = CARTESIAN_POINT('',(-31.3,-88.81336138273,69.03343555873));
#3997 = CARTESIAN_POINT('',(-31.3,-88.81289821459,69.026054877006));
#3998 = CARTESIAN_POINT('',(-31.3,-88.81230485705,69.016689953135));
#3999 = CARTESIAN_POINT('',(-31.3,-88.81219094202,69.014704934656));
#4000 = CARTESIAN_POINT('',(-31.3,-88.81201593043,69.01272652481));
#4001 = CARTESIAN_POINT('',(-31.3,-88.81199063763,69.010734364212));
#4002 = CARTESIAN_POINT('',(-31.3,-88.81179609923,69.008755069042));
#4003 = CARTESIAN_POINT('',(-31.3,-88.81164074804,69.006771944143));
#4004 = CARTESIAN_POINT('',(-31.3,-88.81155741381,69.003910561384));
#4005 = CARTESIAN_POINT('',(-31.3,-88.81154916195,69.003035804253));
#4006 = CARTESIAN_POINT('',(-31.3,-88.81154992236,69.002160635368));
#4007 = CARTESIAN_POINT('',(-31.3,-88.81155024808,69.001286214805));
#4008 = CARTESIAN_POINT('',(-31.3,-88.81156398619,69.000411383361));
#4009 = CARTESIAN_POINT('',(-31.3,-88.81158062647,68.999536971037));
#4010 = CARTESIAN_POINT('',(-31.3,-88.81167189533,68.996039222333));
#4011 = CARTESIAN_POINT('',(-31.3,-88.81179149922,68.993417260421));
#4012 = CARTESIAN_POINT('',(-31.3,-88.81194686454,68.990797238985));
#4013 = CARTESIAN_POINT('',(-31.3,-88.81213565378,68.988179531378));
#4014 = CARTESIAN_POINT('',(-31.3,-88.8123562106,68.985564376176));
#4015 = CARTESIAN_POINT('',(-31.3,-88.81260423584,68.982951896466));
#4016 = CARTESIAN_POINT('',(-31.3,-88.81344367621,68.974964164152));
#4017 = CARTESIAN_POINT('',(-31.3,-88.8141192643,68.969598094748));
#4018 = CARTESIAN_POINT('',(-31.3,-88.81489034102,68.964244554866));
#4019 = CARTESIAN_POINT('',(-31.3,-88.81574702144,68.958904210561));
#4020 = CARTESIAN_POINT('',(-31.3,-88.81668279688,68.953577571031));
#4021 = CARTESIAN_POINT('',(-31.3,-88.81769285991,68.948264928881));
#4022 = CARTESIAN_POINT('',(-31.3,-88.82143958957,68.929875626455));
#4023 = CARTESIAN_POINT('',(-31.3,-88.82453152642,68.916872217558));
#4024 = CARTESIAN_POINT('',(-31.3,-88.82798411617,68.903958186176));
#4025 = CARTESIAN_POINT('',(-31.3,-88.83176252662,68.891136513694));
#4026 = CARTESIAN_POINT('',(-31.3,-88.83584108866,68.878409344239));
#4027 = CARTESIAN_POINT('',(-31.3,-88.84019617466,68.865777339358));
#4028 = CARTESIAN_POINT('',(-31.3,-88.84973006167,68.839882400034));
#4029 = CARTESIAN_POINT('',(-31.3,-88.85494294801,68.826633506035));
#4030 = CARTESIAN_POINT('',(-31.3,-88.86043085209,68.81349428622));
#4031 = CARTESIAN_POINT('',(-31.3,-88.86617497361,68.800465410376));
#4032 = CARTESIAN_POINT('',(-31.3,-88.87216230126,68.787547791694));
#4033 = CARTESIAN_POINT('',(-31.3,-88.87838329028,68.774742172381));
#4034 = CARTESIAN_POINT('',(-31.3,-88.88482251897,68.762047846576));
#4035 = ORIENTED_EDGE('',*,*,#4036,.T.);
#4036 = EDGE_CURVE('',#3982,#179,#4037,.T.);
#4037 = LINE('',#4038,#4039);
#4038 = CARTESIAN_POINT('',(-31.3,-89.05758874051,68.762047846576));
#4039 = VECTOR('',#4040,1.);
#4040 = DIRECTION('',(0.,-1.,0.));
#4041 = PLANE('',#4042);
#4042 = AXIS2_PLACEMENT_3D('',#4043,#4044,#4045);
#4043 = CARTESIAN_POINT('',(-31.3,-89.,72.));
#4044 = DIRECTION('',(1.,0.,0.));
#4045 = DIRECTION('',(0.,1.,0.));
#4046 = ADVANCED_FACE('',(#4047),#4072,.T.);
#4047 = FACE_BOUND('',#4048,.T.);
#4048 = EDGE_LOOP('',(#4049,#4050,#4058,#4065,#4071));
#4049 = ORIENTED_EDGE('',*,*,#2313,.T.);
#4050 = ORIENTED_EDGE('',*,*,#4051,.T.);
#4051 = EDGE_CURVE('',#2314,#4052,#4054,.T.);
#4052 = VERTEX_POINT('',#4053);
#4053 = CARTESIAN_POINT('',(-27.3,-88.83046559727,74.694672166756));
#4054 = LINE('',#4055,#4056);
#4055 = CARTESIAN_POINT('',(-32.8,-88.83046559727,74.694672166756));
#4056 = VECTOR('',#4057,1.);
#4057 = DIRECTION('',(1.,0.,0.));
#4058 = ORIENTED_EDGE('',*,*,#4059,.T.);
#4059 = EDGE_CURVE('',#4052,#4060,#4062,.T.);
#4060 = VERTEX_POINT('',#4061);
#4061 = CARTESIAN_POINT('',(-27.3,-89.16953440272,74.694672166756));
#4062 = B_SPLINE_CURVE_WITH_KNOTS('',1,(#4063,#4064),.UNSPECIFIED.,.F.,
  .F.,(2,2),(0.,0.339068805458),.PIECEWISE_BEZIER_KNOTS.);
#4063 = CARTESIAN_POINT('',(-27.3,-88.83046559727,74.694672166756));
#4064 = CARTESIAN_POINT('',(-27.3,-89.16953440272,74.694672166756));
#4065 = ORIENTED_EDGE('',*,*,#4066,.F.);
#4066 = EDGE_CURVE('',#1847,#4060,#4067,.T.);
#4067 = LINE('',#4068,#4069);
#4068 = CARTESIAN_POINT('',(-32.8,-89.16953440272,74.694672166756));
#4069 = VECTOR('',#4070,1.);
#4070 = DIRECTION('',(1.,0.,0.));
#4071 = ORIENTED_EDGE('',*,*,#1908,.T.);
#4072 = SURFACE_OF_LINEAR_EXTRUSION('',#4073,#4076);
#4073 = B_SPLINE_CURVE_WITH_KNOTS('',1,(#4074,#4075),.UNSPECIFIED.,.F.,
  .F.,(2,2),(0.,0.339068805458),.PIECEWISE_BEZIER_KNOTS.);
#4074 = CARTESIAN_POINT('',(-32.8,-88.83046559727,74.694672166756));
#4075 = CARTESIAN_POINT('',(-32.8,-89.16953440272,74.694672166756));
#4076 = VECTOR('',#4077,1.);
#4077 = DIRECTION('',(-1.,-0.,0.));
#4078 = ADVANCED_FACE('',(#4079),#4134,.T.);
#4079 = FACE_BOUND('',#4080,.T.);
#4080 = EDGE_LOOP('',(#4081,#4082,#4083,#4128));
#4081 = ORIENTED_EDGE('',*,*,#1846,.T.);
#4082 = ORIENTED_EDGE('',*,*,#4066,.T.);
#4083 = ORIENTED_EDGE('',*,*,#4084,.T.);
#4084 = EDGE_CURVE('',#4060,#4085,#4087,.T.);
#4085 = VERTEX_POINT('',#4086);
#4086 = CARTESIAN_POINT('',(-27.3,-89.29155374133,75.226855499696));
#4087 = B_SPLINE_CURVE_WITH_KNOTS('',3,(#4088,#4089,#4090,#4091,#4092,
    #4093,#4094,#4095,#4096,#4097,#4098,#4099,#4100,#4101,#4102,#4103,
    #4104,#4105,#4106,#4107,#4108,#4109,#4110,#4111,#4112,#4113,#4114,
    #4115,#4116,#4117,#4118,#4119,#4120,#4121,#4122,#4123,#4124,#4125,
    #4126,#4127),.UNSPECIFIED.,.F.,.F.,(4,1,1,1,1,1,1,1,1,1,1,1,1,1,1,1,
    1,1,1,1,1,1,1,1,1,1,1,1,1,1,1,1,1,1,1,1,1,4),(0.,3.027818324443E-02,
    5.901791423488E-02,8.620299875927E-02,0.111818118615,0.13584884024,
    0.158281622847,0.179103826051,0.198303716995,0.215870476958,
    0.231794207455,0.24606593581,0.258677620215,0.269622154261,
    0.278893370941,0.286486046128,0.292395901513,0.296619607022,0.3,
    0.300717464676,0.302869617863,0.306455803849,0.311474923651,
    0.317925438527,0.32580537074,0.335112304229,0.345843385374,
    0.357995323877,0.371564393779,0.386546434601,0.402936852624,
    0.420730622298,0.439922287779,0.460505964609,0.482475341515,
    0.505823682349,0.530543828147,0.556628199332),.UNSPECIFIED.);
#4088 = CARTESIAN_POINT('',(-27.3,-89.16953440272,74.694672166756));
#4089 = CARTESIAN_POINT('',(-27.3,-89.17016813034,74.704744978812));
#4090 = CARTESIAN_POINT('',(-27.3,-89.17140338551,74.724378797433));
#4091 = CARTESIAN_POINT('',(-27.3,-89.1732076292,74.75305642971));
#4092 = CARTESIAN_POINT('',(-27.3,-89.17491427417,74.780182774688));
#4093 = CARTESIAN_POINT('',(-27.3,-89.17652235875,74.805742547263));
#4094 = CARTESIAN_POINT('',(-27.3,-89.17803097686,74.829721345057));
#4095 = CARTESIAN_POINT('',(-27.3,-89.1794392783,74.852105656549));
#4096 = CARTESIAN_POINT('',(-27.3,-89.18074646992,74.872882868641));
#4097 = CARTESIAN_POINT('',(-27.3,-89.18195181383,74.892041273915));
#4098 = CARTESIAN_POINT('',(-27.3,-89.18305463516,74.909570076731));
#4099 = CARTESIAN_POINT('',(-27.3,-89.18405429855,74.925459400956));
#4100 = CARTESIAN_POINT('',(-27.3,-89.18495028519,74.93970029022));
#4101 = CARTESIAN_POINT('',(-27.3,-89.18574195094,74.952284729744));
#4102 = CARTESIAN_POINT('',(-27.3,-89.18642927543,74.963205598963));
#4103 = CARTESIAN_POINT('',(-27.3,-89.18701061026,74.972456831619));
#4104 = CARTESIAN_POINT('',(-27.3,-89.18748920725,74.980032966738));
#4105 = CARTESIAN_POINT('',(-27.3,-89.18785524493,74.985930397421));
#4106 = CARTESIAN_POINT('',(-27.3,-89.18815010346,74.990425327387));
#4107 = CARTESIAN_POINT('',(-27.3,-89.18829903178,74.993195457979));
#4108 = CARTESIAN_POINT('',(-27.3,-89.18846662604,74.995272134466));
#4109 = CARTESIAN_POINT('',(-27.3,-89.18870521951,74.997411216769));
#4110 = CARTESIAN_POINT('',(-27.3,-89.18918729192,75.00096477874));
#4111 = CARTESIAN_POINT('',(-27.3,-89.19000213404,75.005917542949));
#4112 = CARTESIAN_POINT('',(-27.3,-89.19122273723,75.012251643058));
#4113 = CARTESIAN_POINT('',(-27.3,-89.19292858972,75.01994496076));
#4114 = CARTESIAN_POINT('',(-27.3,-89.19519514795,75.028971938868));
#4115 = CARTESIAN_POINT('',(-27.3,-89.19809770001,75.039303336915));
#4116 = CARTESIAN_POINT('',(-27.3,-89.20170972599,75.050906402068));
#4117 = CARTESIAN_POINT('',(-27.3,-89.20610324178,75.063744900838));
#4118 = CARTESIAN_POINT('',(-27.3,-89.21134847127,75.077779208089));
#4119 = CARTESIAN_POINT('',(-27.3,-89.21751374596,75.092966386591));
#4120 = CARTESIAN_POINT('',(-27.3,-89.22466533762,75.109260278792));
#4121 = CARTESIAN_POINT('',(-27.3,-89.23286731475,75.126611603885));
#4122 = CARTESIAN_POINT('',(-27.3,-89.2421814107,75.144968061059));
#4123 = CARTESIAN_POINT('',(-27.3,-89.25266684023,75.164274442624));
#4124 = CARTESIAN_POINT('',(-27.3,-89.26438036219,75.184472738157));
#4125 = CARTESIAN_POINT('',(-27.3,-89.27737535988,75.20550230644));
#4126 = CARTESIAN_POINT('',(-27.3,-89.28667955221,75.219655409598));
#4127 = CARTESIAN_POINT('',(-27.3,-89.29155374133,75.226855499696));
#4128 = ORIENTED_EDGE('',*,*,#4129,.F.);
#4129 = EDGE_CURVE('',#1837,#4085,#4130,.T.);
#4130 = LINE('',#4131,#4132);
#4131 = CARTESIAN_POINT('',(-32.8,-89.29155374133,75.226855499696));
#4132 = VECTOR('',#4133,1.);
#4133 = DIRECTION('',(1.,0.,0.));
#4134 = SURFACE_OF_LINEAR_EXTRUSION('',#4135,#4176);
#4135 = B_SPLINE_CURVE_WITH_KNOTS('',3,(#4136,#4137,#4138,#4139,#4140,
    #4141,#4142,#4143,#4144,#4145,#4146,#4147,#4148,#4149,#4150,#4151,
    #4152,#4153,#4154,#4155,#4156,#4157,#4158,#4159,#4160,#4161,#4162,
    #4163,#4164,#4165,#4166,#4167,#4168,#4169,#4170,#4171,#4172,#4173,
    #4174,#4175),.UNSPECIFIED.,.F.,.F.,(4,1,1,1,1,1,1,1,1,1,1,1,1,1,1,1,
    1,1,1,1,1,1,1,1,1,1,1,1,1,1,1,1,1,1,1,1,1,4),(0.,3.027818324443E-02,
    5.901791423488E-02,8.620299875927E-02,0.111818118615,0.13584884024,
    0.158281622847,0.179103826051,0.198303716995,0.215870476958,
    0.231794207455,0.24606593581,0.258677620215,0.269622154261,
    0.278893370941,0.286486046128,0.292395901513,0.296619607022,0.3,
    0.300717464676,0.302869617863,0.306455803849,0.311474923651,
    0.317925438527,0.32580537074,0.335112304229,0.345843385374,
    0.357995323877,0.371564393779,0.386546434601,0.402936852624,
    0.420730622298,0.439922287779,0.460505964609,0.482475341515,
    0.505823682349,0.530543828147,0.556628199332),.UNSPECIFIED.);
#4136 = CARTESIAN_POINT('',(-32.8,-89.16953440272,74.694672166756));
#4137 = CARTESIAN_POINT('',(-32.8,-89.17016813034,74.704744978812));
#4138 = CARTESIAN_POINT('',(-32.8,-89.17140338551,74.724378797433));
#4139 = CARTESIAN_POINT('',(-32.8,-89.1732076292,74.75305642971));
#4140 = CARTESIAN_POINT('',(-32.8,-89.17491427417,74.780182774688));
#4141 = CARTESIAN_POINT('',(-32.8,-89.17652235875,74.805742547263));
#4142 = CARTESIAN_POINT('',(-32.8,-89.17803097686,74.829721345057));
#4143 = CARTESIAN_POINT('',(-32.8,-89.1794392783,74.852105656549));
#4144 = CARTESIAN_POINT('',(-32.8,-89.18074646992,74.872882868641));
#4145 = CARTESIAN_POINT('',(-32.8,-89.18195181383,74.892041273915));
#4146 = CARTESIAN_POINT('',(-32.8,-89.18305463516,74.909570076731));
#4147 = CARTESIAN_POINT('',(-32.8,-89.18405429855,74.925459400956));
#4148 = CARTESIAN_POINT('',(-32.8,-89.18495028519,74.93970029022));
#4149 = CARTESIAN_POINT('',(-32.8,-89.18574195094,74.952284729744));
#4150 = CARTESIAN_POINT('',(-32.8,-89.18642927543,74.963205598963));
#4151 = CARTESIAN_POINT('',(-32.8,-89.18701061026,74.972456831619));
#4152 = CARTESIAN_POINT('',(-32.8,-89.18748920725,74.980032966738));
#4153 = CARTESIAN_POINT('',(-32.8,-89.18785524493,74.985930397421));
#4154 = CARTESIAN_POINT('',(-32.8,-89.18815010346,74.990425327387));
#4155 = CARTESIAN_POINT('',(-32.8,-89.18829903178,74.993195457979));
#4156 = CARTESIAN_POINT('',(-32.8,-89.18846662604,74.995272134466));
#4157 = CARTESIAN_POINT('',(-32.8,-89.18870521951,74.997411216769));
#4158 = CARTESIAN_POINT('',(-32.8,-89.18918729192,75.00096477874));
#4159 = CARTESIAN_POINT('',(-32.8,-89.19000213404,75.005917542949));
#4160 = CARTESIAN_POINT('',(-32.8,-89.19122273723,75.012251643058));
#4161 = CARTESIAN_POINT('',(-32.8,-89.19292858972,75.01994496076));
#4162 = CARTESIAN_POINT('',(-32.8,-89.19519514795,75.028971938868));
#4163 = CARTESIAN_POINT('',(-32.8,-89.19809770001,75.039303336915));
#4164 = CARTESIAN_POINT('',(-32.8,-89.20170972599,75.050906402068));
#4165 = CARTESIAN_POINT('',(-32.8,-89.20610324178,75.063744900838));
#4166 = CARTESIAN_POINT('',(-32.8,-89.21134847127,75.077779208089));
#4167 = CARTESIAN_POINT('',(-32.8,-89.21751374596,75.092966386591));
#4168 = CARTESIAN_POINT('',(-32.8,-89.22466533762,75.109260278792));
#4169 = CARTESIAN_POINT('',(-32.8,-89.23286731475,75.126611603885));
#4170 = CARTESIAN_POINT('',(-32.8,-89.2421814107,75.144968061059));
#4171 = CARTESIAN_POINT('',(-32.8,-89.25266684023,75.164274442624));
#4172 = CARTESIAN_POINT('',(-32.8,-89.26438036219,75.184472738157));
#4173 = CARTESIAN_POINT('',(-32.8,-89.27737535988,75.20550230644));
#4174 = CARTESIAN_POINT('',(-32.8,-89.28667955221,75.219655409598));
#4175 = CARTESIAN_POINT('',(-32.8,-89.29155374133,75.226855499696));
#4176 = VECTOR('',#4177,1.);
#4177 = DIRECTION('',(-1.,-0.,0.));
#4178 = ADVANCED_FACE('',(#4179),#4196,.T.);
#4179 = FACE_BOUND('',#4180,.T.);
#4180 = EDGE_LOOP('',(#4181,#4182,#4183,#4190));
#4181 = ORIENTED_EDGE('',*,*,#1836,.T.);
#4182 = ORIENTED_EDGE('',*,*,#4129,.T.);
#4183 = ORIENTED_EDGE('',*,*,#4184,.T.);
#4184 = EDGE_CURVE('',#4085,#4185,#4187,.T.);
#4185 = VERTEX_POINT('',#4186);
#4186 = CARTESIAN_POINT('',(-27.3,-89.52009228569,75.197984367435));
#4187 = B_SPLINE_CURVE_WITH_KNOTS('',1,(#4188,#4189),.UNSPECIFIED.,.F.,
  .F.,(2,2),(0.,0.230354962047),.PIECEWISE_BEZIER_KNOTS.);
#4188 = CARTESIAN_POINT('',(-27.3,-89.29155374133,75.226855499696));
#4189 = CARTESIAN_POINT('',(-27.3,-89.52009228569,75.197984367435));
#4190 = ORIENTED_EDGE('',*,*,#4191,.F.);
#4191 = EDGE_CURVE('',#1782,#4185,#4192,.T.);
#4192 = LINE('',#4193,#4194);
#4193 = CARTESIAN_POINT('',(-32.8,-89.52009228569,75.197984367435));
#4194 = VECTOR('',#4195,1.);
#4195 = DIRECTION('',(1.,0.,0.));
#4196 = SURFACE_OF_LINEAR_EXTRUSION('',#4197,#4200);
#4197 = B_SPLINE_CURVE_WITH_KNOTS('',1,(#4198,#4199),.UNSPECIFIED.,.F.,
  .F.,(2,2),(0.,0.230354962047),.PIECEWISE_BEZIER_KNOTS.);
#4198 = CARTESIAN_POINT('',(-32.8,-89.29155374133,75.226855499696));
#4199 = CARTESIAN_POINT('',(-32.8,-89.52009228569,75.197984367435));
#4200 = VECTOR('',#4201,1.);
#4201 = DIRECTION('',(-1.,-0.,0.));
#4202 = ADVANCED_FACE('',(#4203),#4258,.T.);
#4203 = FACE_BOUND('',#4204,.T.);
#4204 = EDGE_LOOP('',(#4205,#4206,#4207,#4252));
#4205 = ORIENTED_EDGE('',*,*,#1781,.T.);
#4206 = ORIENTED_EDGE('',*,*,#4191,.T.);
#4207 = ORIENTED_EDGE('',*,*,#4208,.T.);
#4208 = EDGE_CURVE('',#4185,#4209,#4211,.T.);
#4209 = VERTEX_POINT('',#4210);
#4210 = CARTESIAN_POINT('',(-27.3,-89.50592954938,74.652175576967));
#4211 = B_SPLINE_CURVE_WITH_KNOTS('',3,(#4212,#4213,#4214,#4215,#4216,
    #4217,#4218,#4219,#4220,#4221,#4222,#4223,#4224,#4225,#4226,#4227,
    #4228,#4229,#4230,#4231,#4232,#4233,#4234,#4235,#4236,#4237,#4238,
    #4239,#4240,#4241,#4242,#4243,#4244,#4245,#4246,#4247,#4248,#4249,
    #4250,#4251),.UNSPECIFIED.,.F.,.F.,(4,1,1,1,1,1,1,1,1,1,1,1,1,1,1,1,
    1,1,1,1,1,1,1,1,1,1,1,1,1,1,1,1,1,1,1,1,1,4),(0.,2.608437118449E-02,
    5.080451698287E-02,7.415285781629E-02,9.612223472286E-02,
    0.116705911553,0.135897577034,0.153691346707,0.170081764731,
    0.185063805553,0.198632875455,0.210784813958,0.221515895103,
    0.230822828592,0.238702760805,0.245153275681,0.250172395482,
    0.253758581468,0.255910734655,0.256628199332,0.260008592309,
    0.264232297819,0.270142153204,0.27773482839,0.287006045071,
    0.297950579117,0.310562263522,0.324833991877,0.340757722373,
    0.358324482337,0.377524373281,0.398346576485,0.420779359092,
    0.444810080717,0.470425200572,0.497610285097,0.526350016087,
    0.556628199332),.UNSPECIFIED.);
#4212 = CARTESIAN_POINT('',(-27.3,-89.52009228569,75.197984367435));
#4213 = CARTESIAN_POINT('',(-27.3,-89.52302275361,75.189798319865));
#4214 = CARTESIAN_POINT('',(-27.3,-89.528514904,75.173776003928));
#4215 = CARTESIAN_POINT('',(-27.3,-89.53587179897,75.150175393694));
#4216 = CARTESIAN_POINT('',(-27.3,-89.54219420726,75.127698630303));
#4217 = CARTESIAN_POINT('',(-27.3,-89.54754891589,75.10639117393));
#4218 = CARTESIAN_POINT('',(-27.3,-89.55200532712,75.086295097144));
#4219 = CARTESIAN_POINT('',(-27.3,-89.55563452498,75.067449147069));
#4220 = CARTESIAN_POINT('',(-27.3,-89.55850931003,75.049888628929));
#4221 = CARTESIAN_POINT('',(-27.3,-89.56070399356,75.033645342101));
#4222 = CARTESIAN_POINT('',(-27.3,-89.56229424424,75.018747512889));
#4223 = CARTESIAN_POINT('',(-27.3,-89.56335692484,75.00521973622));
#4224 = CARTESIAN_POINT('',(-27.3,-89.56396990742,74.993082928364));
#4225 = CARTESIAN_POINT('',(-27.3,-89.56421195626,74.982354274837));
#4226 = CARTESIAN_POINT('',(-27.3,-89.56416238822,74.973047225738));
#4227 = CARTESIAN_POINT('',(-27.3,-89.5639013979,74.965171379495));
#4228 = CARTESIAN_POINT('',(-27.3,-89.56350842696,74.958732725118));
#4229 = CARTESIAN_POINT('',(-27.3,-89.56306596695,74.953732918108));
#4230 = CARTESIAN_POINT('',(-27.3,-89.56264915925,74.950171111288));
#4231 = CARTESIAN_POINT('',(-27.3,-89.56234828872,74.948039896406));
#4232 = CARTESIAN_POINT('',(-27.3,-89.56199416926,74.945986783534));
#4233 = CARTESIAN_POINT('',(-27.3,-89.56144951526,74.943266644721));
#4234 = CARTESIAN_POINT('',(-27.3,-89.56061726664,74.938839602909));
#4235 = CARTESIAN_POINT('',(-27.3,-89.5595051732,74.933036420987));
#4236 = CARTESIAN_POINT('',(-27.3,-89.558084626,74.925579281854));
#4237 = CARTESIAN_POINT('',(-27.3,-89.55634700912,74.916474121589));
#4238 = CARTESIAN_POINT('',(-27.3,-89.55429683031,74.905725420909));
#4239 = CARTESIAN_POINT('',(-27.3,-89.55193400159,74.893339465427));
#4240 = CARTESIAN_POINT('',(-27.3,-89.54926027401,74.879323157072));
#4241 = CARTESIAN_POINT('',(-27.3,-89.54627701689,74.86368441901));
#4242 = CARTESIAN_POINT('',(-27.3,-89.54298595506,74.846432055256));
#4243 = CARTESIAN_POINT('',(-27.3,-89.53938892924,74.82757578967));
#4244 = CARTESIAN_POINT('',(-27.3,-89.5354879705,74.807126246567));
#4245 = CARTESIAN_POINT('',(-27.3,-89.53128527566,74.785094949056));
#4246 = CARTESIAN_POINT('',(-27.3,-89.52678321323,74.761494311222));
#4247 = CARTESIAN_POINT('',(-27.3,-89.52198431992,74.736337631531));
#4248 = CARTESIAN_POINT('',(-27.3,-89.51689129983,74.709639085217));
#4249 = CARTESIAN_POINT('',(-27.3,-89.51150702275,74.681413716332));
#4250 = CARTESIAN_POINT('',(-27.3,-89.50782073797,74.66208953476));
#4251 = CARTESIAN_POINT('',(-27.3,-89.50592954938,74.652175576967));
#4252 = ORIENTED_EDGE('',*,*,#4253,.F.);
#4253 = EDGE_CURVE('',#1772,#4209,#4254,.T.);
#4254 = LINE('',#4255,#4256);
#4255 = CARTESIAN_POINT('',(-32.8,-89.50592954938,74.652175576967));
#4256 = VECTOR('',#4257,1.);
#4257 = DIRECTION('',(1.,0.,0.));
#4258 = SURFACE_OF_LINEAR_EXTRUSION('',#4259,#4300);
#4259 = B_SPLINE_CURVE_WITH_KNOTS('',3,(#4260,#4261,#4262,#4263,#4264,
    #4265,#4266,#4267,#4268,#4269,#4270,#4271,#4272,#4273,#4274,#4275,
    #4276,#4277,#4278,#4279,#4280,#4281,#4282,#4283,#4284,#4285,#4286,
    #4287,#4288,#4289,#4290,#4291,#4292,#4293,#4294,#4295,#4296,#4297,
    #4298,#4299),.UNSPECIFIED.,.F.,.F.,(4,1,1,1,1,1,1,1,1,1,1,1,1,1,1,1,
    1,1,1,1,1,1,1,1,1,1,1,1,1,1,1,1,1,1,1,1,1,4),(0.,2.608437118449E-02,
    5.080451698287E-02,7.415285781629E-02,9.612223472286E-02,
    0.116705911553,0.135897577034,0.153691346707,0.170081764731,
    0.185063805553,0.198632875455,0.210784813958,0.221515895103,
    0.230822828592,0.238702760805,0.245153275681,0.250172395482,
    0.253758581468,0.255910734655,0.256628199332,0.260008592309,
    0.264232297819,0.270142153204,0.27773482839,0.287006045071,
    0.297950579117,0.310562263522,0.324833991877,0.340757722373,
    0.358324482337,0.377524373281,0.398346576485,0.420779359092,
    0.444810080717,0.470425200572,0.497610285097,0.526350016087,
    0.556628199332),.UNSPECIFIED.);
#4260 = CARTESIAN_POINT('',(-32.8,-89.52009228569,75.197984367435));
#4261 = CARTESIAN_POINT('',(-32.8,-89.52302275361,75.189798319865));
#4262 = CARTESIAN_POINT('',(-32.8,-89.528514904,75.173776003928));
#4263 = CARTESIAN_POINT('',(-32.8,-89.53587179897,75.150175393694));
#4264 = CARTESIAN_POINT('',(-32.8,-89.54219420726,75.127698630303));
#4265 = CARTESIAN_POINT('',(-32.8,-89.54754891589,75.10639117393));
#4266 = CARTESIAN_POINT('',(-32.8,-89.55200532712,75.086295097144));
#4267 = CARTESIAN_POINT('',(-32.8,-89.55563452498,75.067449147069));
#4268 = CARTESIAN_POINT('',(-32.8,-89.55850931003,75.049888628929));
#4269 = CARTESIAN_POINT('',(-32.8,-89.56070399356,75.033645342101));
#4270 = CARTESIAN_POINT('',(-32.8,-89.56229424424,75.018747512889));
#4271 = CARTESIAN_POINT('',(-32.8,-89.56335692484,75.00521973622));
#4272 = CARTESIAN_POINT('',(-32.8,-89.56396990742,74.993082928364));
#4273 = CARTESIAN_POINT('',(-32.8,-89.56421195626,74.982354274837));
#4274 = CARTESIAN_POINT('',(-32.8,-89.56416238822,74.973047225738));
#4275 = CARTESIAN_POINT('',(-32.8,-89.5639013979,74.965171379495));
#4276 = CARTESIAN_POINT('',(-32.8,-89.56350842696,74.958732725118));
#4277 = CARTESIAN_POINT('',(-32.8,-89.56306596695,74.953732918108));
#4278 = CARTESIAN_POINT('',(-32.8,-89.56264915925,74.950171111288));
#4279 = CARTESIAN_POINT('',(-32.8,-89.56234828872,74.948039896406));
#4280 = CARTESIAN_POINT('',(-32.8,-89.56199416926,74.945986783534));
#4281 = CARTESIAN_POINT('',(-32.8,-89.56144951526,74.943266644721));
#4282 = CARTESIAN_POINT('',(-32.8,-89.56061726664,74.938839602909));
#4283 = CARTESIAN_POINT('',(-32.8,-89.5595051732,74.933036420987));
#4284 = CARTESIAN_POINT('',(-32.8,-89.558084626,74.925579281854));
#4285 = CARTESIAN_POINT('',(-32.8,-89.55634700912,74.916474121589));
#4286 = CARTESIAN_POINT('',(-32.8,-89.55429683031,74.905725420909));
#4287 = CARTESIAN_POINT('',(-32.8,-89.55193400159,74.893339465427));
#4288 = CARTESIAN_POINT('',(-32.8,-89.54926027401,74.879323157072));
#4289 = CARTESIAN_POINT('',(-32.8,-89.54627701689,74.86368441901));
#4290 = CARTESIAN_POINT('',(-32.8,-89.54298595506,74.846432055256));
#4291 = CARTESIAN_POINT('',(-32.8,-89.53938892924,74.82757578967));
#4292 = CARTESIAN_POINT('',(-32.8,-89.5354879705,74.807126246567));
#4293 = CARTESIAN_POINT('',(-32.8,-89.53128527566,74.785094949056));
#4294 = CARTESIAN_POINT('',(-32.8,-89.52678321323,74.761494311222));
#4295 = CARTESIAN_POINT('',(-32.8,-89.52198431992,74.736337631531));
#4296 = CARTESIAN_POINT('',(-32.8,-89.51689129983,74.709639085217));
#4297 = CARTESIAN_POINT('',(-32.8,-89.51150702275,74.681413716332));
#4298 = CARTESIAN_POINT('',(-32.8,-89.50782073797,74.66208953476));
#4299 = CARTESIAN_POINT('',(-32.8,-89.50592954938,74.652175576967));
#4300 = VECTOR('',#4301,1.);
#4301 = DIRECTION('',(-1.,-0.,0.));
#4302 = ADVANCED_FACE('',(#4303),#4320,.T.);
#4303 = FACE_BOUND('',#4304,.T.);
#4304 = EDGE_LOOP('',(#4305,#4306,#4307,#4314));
#4305 = ORIENTED_EDGE('',*,*,#1771,.T.);
#4306 = ORIENTED_EDGE('',*,*,#4253,.T.);
#4307 = ORIENTED_EDGE('',*,*,#4308,.T.);
#4308 = EDGE_CURVE('',#4209,#4309,#4311,.T.);
#4309 = VERTEX_POINT('',#4310);
#4310 = CARTESIAN_POINT('',(-27.3,-89.83434588481,74.567852593997));
#4311 = B_SPLINE_CURVE_WITH_KNOTS('',1,(#4312,#4313),.UNSPECIFIED.,.F.,
  .F.,(2,2),(0.,0.339068805458),.PIECEWISE_BEZIER_KNOTS.);
#4312 = CARTESIAN_POINT('',(-27.3,-89.50592954938,74.652175576967));
#4313 = CARTESIAN_POINT('',(-27.3,-89.83434588481,74.567852593997));
#4314 = ORIENTED_EDGE('',*,*,#4315,.F.);
#4315 = EDGE_CURVE('',#1710,#4309,#4316,.T.);
#4316 = LINE('',#4317,#4318);
#4317 = CARTESIAN_POINT('',(-32.8,-89.83434588481,74.567852593997));
#4318 = VECTOR('',#4319,1.);
#4319 = DIRECTION('',(1.,0.,0.));
#4320 = SURFACE_OF_LINEAR_EXTRUSION('',#4321,#4324);
#4321 = B_SPLINE_CURVE_WITH_KNOTS('',1,(#4322,#4323),.UNSPECIFIED.,.F.,
  .F.,(2,2),(0.,0.339068805458),.PIECEWISE_BEZIER_KNOTS.);
#4322 = CARTESIAN_POINT('',(-32.8,-89.50592954938,74.652175576967));
#4323 = CARTESIAN_POINT('',(-32.8,-89.83434588481,74.567852593997));
#4324 = VECTOR('',#4325,1.);
#4325 = DIRECTION('',(-1.,-0.,0.));
#4326 = ADVANCED_FACE('',(#4327),#4382,.T.);
#4327 = FACE_BOUND('',#4328,.T.);
#4328 = EDGE_LOOP('',(#4329,#4330,#4331,#4376));
#4329 = ORIENTED_EDGE('',*,*,#1709,.T.);
#4330 = ORIENTED_EDGE('',*,*,#4315,.T.);
#4331 = ORIENTED_EDGE('',*,*,#4332,.T.);
#4332 = EDGE_CURVE('',#4309,#4333,#4335,.T.);
#4333 = VERTEX_POINT('',#4334);
#4334 = CARTESIAN_POINT('',(-27.3,-90.08488037453,75.052971433366));
#4335 = B_SPLINE_CURVE_WITH_KNOTS('',3,(#4336,#4337,#4338,#4339,#4340,
    #4341,#4342,#4343,#4344,#4345,#4346,#4347,#4348,#4349,#4350,#4351,
    #4352,#4353,#4354,#4355,#4356,#4357,#4358,#4359,#4360,#4361,#4362,
    #4363,#4364,#4365,#4366,#4367,#4368,#4369,#4370,#4371,#4372,#4373,
    #4374,#4375),.UNSPECIFIED.,.F.,.F.,(4,1,1,1,1,1,1,1,1,1,1,1,1,1,1,1,
    1,1,1,1,1,1,1,1,1,1,1,1,1,1,1,1,1,1,1,1,1,4),(0.,3.027818324443E-02,
    5.901791423488E-02,8.620299875927E-02,0.111818118615,0.13584884024,
    0.158281622847,0.179103826051,0.198303716995,0.215870476958,
    0.231794207455,0.24606593581,0.258677620215,0.269622154261,
    0.278893370941,0.286486046128,0.292395901513,0.296619607022,0.3,
    0.300717464676,0.302869617863,0.306455803849,0.311474923651,
    0.317925438527,0.32580537074,0.335112304229,0.345843385374,
    0.357995323877,0.371564393779,0.386546434601,0.402936852624,
    0.420730622298,0.439922287779,0.460505964609,0.482475341515,
    0.505823682349,0.530543828147,0.556628199332),.UNSPECIFIED.);
#4336 = CARTESIAN_POINT('',(-27.3,-89.83434588481,74.567852593997));
#4337 = CARTESIAN_POINT('',(-27.3,-89.8374647092,74.577451348489));
#4338 = CARTESIAN_POINT('',(-27.3,-89.84354388869,74.596161139126));
#4339 = CARTESIAN_POINT('',(-27.3,-89.85242328589,74.623489113691));
#4340 = CARTESIAN_POINT('',(-27.3,-89.86082236114,74.649338809314));
#4341 = CARTESIAN_POINT('',(-27.3,-89.86873638174,74.67369566026));
#4342 = CARTESIAN_POINT('',(-27.3,-89.87616088835,74.696545941961));
#4343 = CARTESIAN_POINT('',(-27.3,-89.88309169731,74.71787677882));
#4344 = CARTESIAN_POINT('',(-27.3,-89.88952490363,74.73767615125));
#4345 = CARTESIAN_POINT('',(-27.3,-89.8954568811,74.75593290315));
#4346 = CARTESIAN_POINT('',(-27.3,-89.90088429126,74.772636745881));
#4347 = CARTESIAN_POINT('',(-27.3,-89.90580406264,74.787778271591));
#4348 = CARTESIAN_POINT('',(-27.3,-89.91021346535,74.801348934316));
#4349 = CARTESIAN_POINT('',(-27.3,-89.91410988232,74.813341131264));
#4350 = CARTESIAN_POINT('',(-27.3,-89.91749152297,74.823747970646));
#4351 = CARTESIAN_POINT('',(-27.3,-89.92035528211,74.832563986722));
#4352 = CARTESIAN_POINT('',(-27.3,-89.92270295128,74.839783081393));
#4353 = CARTESIAN_POINT('',(-27.3,-89.92452412058,74.845404203579));
#4354 = CARTESIAN_POINT('',(-27.3,-89.92592755922,74.849684588718));
#4355 = CARTESIAN_POINT('',(-27.3,-89.92676071215,74.852330653596));
#4356 = CARTESIAN_POINT('',(-27.3,-89.92743948956,74.854300408477));
#4357 = CARTESIAN_POINT('',(-27.3,-89.92820255532,74.856312951793));
#4358 = CARTESIAN_POINT('',(-27.3,-89.92955321746,74.859634985547));
#4359 = CARTESIAN_POINT('',(-27.3,-89.93157416219,74.864229506565));
#4360 = CARTESIAN_POINT('',(-27.3,-89.93433164453,74.8700610576));
#4361 = CARTESIAN_POINT('',(-27.3,-89.93789715484,74.877088447317));
#4362 = CARTESIAN_POINT('',(-27.3,-89.94233742314,74.885268156199));
#4363 = CARTESIAN_POINT('',(-27.3,-89.94771810041,74.894553139033));
#4364 = CARTESIAN_POINT('',(-27.3,-89.95410221291,74.904893398225));
#4365 = CARTESIAN_POINT('',(-27.3,-89.96155050313,74.916235929001));
#4366 = CARTESIAN_POINT('',(-27.3,-89.97012113438,74.928524887152));
#4367 = CARTESIAN_POINT('',(-27.3,-89.97986961333,74.941701691048));
#4368 = CARTESIAN_POINT('',(-27.3,-89.99084865081,74.95570515214));
#4369 = CARTESIAN_POINT('',(-27.3,-90.00310804683,74.970471604681));
#4370 = CARTESIAN_POINT('',(-27.3,-90.01669458858,74.985935038527));
#4371 = CARTESIAN_POINT('',(-27.3,-90.03165190092,75.002027254326));
#4372 = CARTESIAN_POINT('',(-27.3,-90.04802053288,75.01867794881));
#4373 = CARTESIAN_POINT('',(-27.3,-90.06583710979,75.035815110025));
#4374 = CARTESIAN_POINT('',(-27.3,-90.07836872743,75.047209708881));
#4375 = CARTESIAN_POINT('',(-27.3,-90.08488037453,75.052971433366));
#4376 = ORIENTED_EDGE('',*,*,#4377,.F.);
#4377 = EDGE_CURVE('',#1700,#4333,#4378,.T.);
#4378 = LINE('',#4379,#4380);
#4379 = CARTESIAN_POINT('',(-32.8,-90.08488037453,75.052971433366));
#4380 = VECTOR('',#4381,1.);
#4381 = DIRECTION('',(1.,0.,0.));
#4382 = SURFACE_OF_LINEAR_EXTRUSION('',#4383,#4424);
#4383 = B_SPLINE_CURVE_WITH_KNOTS('',3,(#4384,#4385,#4386,#4387,#4388,
    #4389,#4390,#4391,#4392,#4393,#4394,#4395,#4396,#4397,#4398,#4399,
    #4400,#4401,#4402,#4403,#4404,#4405,#4406,#4407,#4408,#4409,#4410,
    #4411,#4412,#4413,#4414,#4415,#4416,#4417,#4418,#4419,#4420,#4421,
    #4422,#4423),.UNSPECIFIED.,.F.,.F.,(4,1,1,1,1,1,1,1,1,1,1,1,1,1,1,1,
    1,1,1,1,1,1,1,1,1,1,1,1,1,1,1,1,1,1,1,1,1,4),(0.,3.027818324443E-02,
    5.901791423488E-02,8.620299875927E-02,0.111818118615,0.13584884024,
    0.158281622847,0.179103826051,0.198303716995,0.215870476958,
    0.231794207455,0.24606593581,0.258677620215,0.269622154261,
    0.278893370941,0.286486046128,0.292395901513,0.296619607022,0.3,
    0.300717464676,0.302869617863,0.306455803849,0.311474923651,
    0.317925438527,0.32580537074,0.335112304229,0.345843385374,
    0.357995323877,0.371564393779,0.386546434601,0.402936852624,
    0.420730622298,0.439922287779,0.460505964609,0.482475341515,
    0.505823682349,0.530543828147,0.556628199332),.UNSPECIFIED.);
#4384 = CARTESIAN_POINT('',(-32.8,-89.83434588481,74.567852593997));
#4385 = CARTESIAN_POINT('',(-32.8,-89.8374647092,74.577451348489));
#4386 = CARTESIAN_POINT('',(-32.8,-89.84354388869,74.596161139126));
#4387 = CARTESIAN_POINT('',(-32.8,-89.85242328589,74.623489113691));
#4388 = CARTESIAN_POINT('',(-32.8,-89.86082236114,74.649338809314));
#4389 = CARTESIAN_POINT('',(-32.8,-89.86873638174,74.67369566026));
#4390 = CARTESIAN_POINT('',(-32.8,-89.87616088835,74.696545941961));
#4391 = CARTESIAN_POINT('',(-32.8,-89.88309169731,74.71787677882));
#4392 = CARTESIAN_POINT('',(-32.8,-89.88952490363,74.73767615125));
#4393 = CARTESIAN_POINT('',(-32.8,-89.8954568811,74.75593290315));
#4394 = CARTESIAN_POINT('',(-32.8,-89.90088429126,74.772636745881));
#4395 = CARTESIAN_POINT('',(-32.8,-89.90580406264,74.787778271591));
#4396 = CARTESIAN_POINT('',(-32.8,-89.91021346535,74.801348934316));
#4397 = CARTESIAN_POINT('',(-32.8,-89.91410988232,74.813341131264));
#4398 = CARTESIAN_POINT('',(-32.8,-89.91749152297,74.823747970646));
#4399 = CARTESIAN_POINT('',(-32.8,-89.92035528211,74.832563986722));
#4400 = CARTESIAN_POINT('',(-32.8,-89.92270295128,74.839783081393));
#4401 = CARTESIAN_POINT('',(-32.8,-89.92452412058,74.845404203579));
#4402 = CARTESIAN_POINT('',(-32.8,-89.92592755922,74.849684588718));
#4403 = CARTESIAN_POINT('',(-32.8,-89.92676071215,74.852330653596));
#4404 = CARTESIAN_POINT('',(-32.8,-89.92743948956,74.854300408477));
#4405 = CARTESIAN_POINT('',(-32.8,-89.92820255532,74.856312951793));
#4406 = CARTESIAN_POINT('',(-32.8,-89.92955321746,74.859634985547));
#4407 = CARTESIAN_POINT('',(-32.8,-89.93157416219,74.864229506565));
#4408 = CARTESIAN_POINT('',(-32.8,-89.93433164453,74.8700610576));
#4409 = CARTESIAN_POINT('',(-32.8,-89.93789715484,74.877088447317));
#4410 = CARTESIAN_POINT('',(-32.8,-89.94233742314,74.885268156199));
#4411 = CARTESIAN_POINT('',(-32.8,-89.94771810041,74.894553139033));
#4412 = CARTESIAN_POINT('',(-32.8,-89.95410221291,74.904893398225));
#4413 = CARTESIAN_POINT('',(-32.8,-89.96155050313,74.916235929001));
#4414 = CARTESIAN_POINT('',(-32.8,-89.97012113438,74.928524887152));
#4415 = CARTESIAN_POINT('',(-32.8,-89.97986961333,74.941701691048));
#4416 = CARTESIAN_POINT('',(-32.8,-89.99084865081,74.95570515214));
#4417 = CARTESIAN_POINT('',(-32.8,-90.00310804683,74.970471604681));
#4418 = CARTESIAN_POINT('',(-32.8,-90.01669458858,74.985935038527));
#4419 = CARTESIAN_POINT('',(-32.8,-90.03165190092,75.002027254326));
#4420 = CARTESIAN_POINT('',(-32.8,-90.04802053288,75.01867794881));
#4421 = CARTESIAN_POINT('',(-32.8,-90.06583710979,75.035815110025));
#4422 = CARTESIAN_POINT('',(-32.8,-90.07836872743,75.047209708881));
#4423 = CARTESIAN_POINT('',(-32.8,-90.08488037453,75.052971433366));
#4424 = VECTOR('',#4425,1.);
#4425 = DIRECTION('',(-1.,-0.,0.));
#4426 = ADVANCED_FACE('',(#4427),#4444,.T.);
#4427 = FACE_BOUND('',#4428,.T.);
#4428 = EDGE_LOOP('',(#4429,#4430,#4431,#4438));
#4429 = ORIENTED_EDGE('',*,*,#1699,.T.);
#4430 = ORIENTED_EDGE('',*,*,#4377,.T.);
#4431 = ORIENTED_EDGE('',*,*,#4432,.T.);
#4432 = EDGE_CURVE('',#4333,#4433,#4435,.T.);
#4433 = VERTEX_POINT('',#4434);
#4434 = CARTESIAN_POINT('',(-27.3,-90.29905900165,74.968172116004));
#4435 = B_SPLINE_CURVE_WITH_KNOTS('',1,(#4436,#4437),.UNSPECIFIED.,.F.,
  .F.,(2,2),(0.,0.230354962047),.PIECEWISE_BEZIER_KNOTS.);
#4436 = CARTESIAN_POINT('',(-27.3,-90.08488037453,75.052971433366));
#4437 = CARTESIAN_POINT('',(-27.3,-90.29905900165,74.968172116004));
#4438 = ORIENTED_EDGE('',*,*,#4439,.F.);
#4439 = EDGE_CURVE('',#1645,#4433,#4440,.T.);
#4440 = LINE('',#4441,#4442);
#4441 = CARTESIAN_POINT('',(-32.8,-90.29905900165,74.968172116004));
#4442 = VECTOR('',#4443,1.);
#4443 = DIRECTION('',(1.,0.,0.));
#4444 = SURFACE_OF_LINEAR_EXTRUSION('',#4445,#4448);
#4445 = B_SPLINE_CURVE_WITH_KNOTS('',1,(#4446,#4447),.UNSPECIFIED.,.F.,
  .F.,(2,2),(0.,0.230354962047),.PIECEWISE_BEZIER_KNOTS.);
#4446 = CARTESIAN_POINT('',(-32.8,-90.08488037453,75.052971433366));
#4447 = CARTESIAN_POINT('',(-32.8,-90.29905900165,74.968172116004));
#4448 = VECTOR('',#4449,1.);
#4449 = DIRECTION('',(-1.,-0.,0.));
#4450 = ADVANCED_FACE('',(#4451),#4506,.T.);
#4451 = FACE_BOUND('',#4452,.T.);
#4452 = EDGE_LOOP('',(#4453,#4454,#4455,#4500));
#4453 = ORIENTED_EDGE('',*,*,#1644,.T.);
#4454 = ORIENTED_EDGE('',*,*,#4439,.T.);
#4455 = ORIENTED_EDGE('',*,*,#4456,.T.);
#4456 = EDGE_CURVE('',#4433,#4457,#4459,.T.);
#4457 = VERTEX_POINT('',#4458);
#4458 = CARTESIAN_POINT('',(-27.3,-90.14960408722,74.443033041658));
#4459 = B_SPLINE_CURVE_WITH_KNOTS('',3,(#4460,#4461,#4462,#4463,#4464,
    #4465,#4466,#4467,#4468,#4469,#4470,#4471,#4472,#4473,#4474,#4475,
    #4476,#4477,#4478,#4479,#4480,#4481,#4482,#4483,#4484,#4485,#4486,
    #4487,#4488,#4489,#4490,#4491,#4492,#4493,#4494,#4495,#4496,#4497,
    #4498,#4499),.UNSPECIFIED.,.F.,.F.,(4,1,1,1,1,1,1,1,1,1,1,1,1,1,1,1,
    1,1,1,1,1,1,1,1,1,1,1,1,1,1,1,1,1,1,1,1,1,4),(0.,2.608437118449E-02,
    5.080451698287E-02,7.415285781629E-02,9.612223472286E-02,
    0.116705911553,0.135897577034,0.153691346707,0.170081764731,
    0.185063805553,0.198632875455,0.210784813958,0.221515895103,
    0.230822828592,0.238702760805,0.245153275681,0.250172395482,
    0.253758581468,0.255910734655,0.256628199332,0.260008592309,
    0.264232297819,0.270142153204,0.27773482839,0.287006045071,
    0.297950579117,0.310562263522,0.324833991877,0.340757722373,
    0.358324482337,0.377524373281,0.398346576485,0.420779359092,
    0.444810080717,0.470425200572,0.497610285097,0.526350016087,
    0.556628199332),.UNSPECIFIED.);
#4460 = CARTESIAN_POINT('',(-27.3,-90.29905900165,74.968172116004));
#4461 = CARTESIAN_POINT('',(-27.3,-90.29986161628,74.959514470438));
#4462 = CARTESIAN_POINT('',(-27.3,-90.30119663272,74.942629682758));
#4463 = CARTESIAN_POINT('',(-27.3,-90.30245316422,74.917940943711));
#4464 = CARTESIAN_POINT('',(-27.3,-90.30298719867,74.89459801017));
#4465 = CARTESIAN_POINT('',(-27.3,-90.30287473036,74.872628304836));
#4466 = CARTESIAN_POINT('',(-27.3,-90.30219344417,74.85205531885));
#4467 = CARTESIAN_POINT('',(-27.3,-90.3010218269,74.832898904146));
#4468 = CARTESIAN_POINT('',(-27.3,-90.29943917202,74.815175152005));
#4469 = CARTESIAN_POINT('',(-27.3,-90.29752536437,74.798896382302));
#4470 = CARTESIAN_POINT('',(-27.3,-90.29536071493,74.784071116529));
#4471 = CARTESIAN_POINT('',(-27.3,-90.29302578821,74.77070406192));
#4472 = CARTESIAN_POINT('',(-27.3,-90.29060121144,74.758796111634));
#4473 = CARTESIAN_POINT('',(-27.3,-90.28816754824,74.748344323387));
#4474 = CARTESIAN_POINT('',(-27.3,-90.28580496848,74.739341999419));
#4475 = CARTESIAN_POINT('',(-27.3,-90.28359353434,74.731778493021));
#4476 = CARTESIAN_POINT('',(-27.3,-90.28161168107,74.72563984871));
#4477 = CARTESIAN_POINT('',(-27.3,-90.27993972031,74.720907155162));
#4478 = CARTESIAN_POINT('',(-27.3,-90.27865022205,74.717560904915));
#4479 = CARTESIAN_POINT('',(-27.3,-90.27782879234,74.715571469523));
#4480 = CARTESIAN_POINT('',(-27.3,-90.27697520978,74.713670924898));
#4481 = CARTESIAN_POINT('',(-27.3,-90.27577119607,74.711171694189));
#4482 = CARTESIAN_POINT('',(-27.3,-90.27386413355,74.707090707851));
#4483 = CARTESIAN_POINT('',(-27.3,-90.27134378591,74.701746409953));
#4484 = CARTESIAN_POINT('',(-27.3,-90.26811335272,74.694876826282));
#4485 = CARTESIAN_POINT('',(-27.3,-90.264165965,74.686489849115));
#4486 = CARTESIAN_POINT('',(-27.3,-90.25950710317,74.676588697369));
#4487 = CARTESIAN_POINT('',(-27.3,-90.25413824518,74.665179481063));
#4488 = CARTESIAN_POINT('',(-27.3,-90.24806280352,74.652268449819));
#4489 = CARTESIAN_POINT('',(-27.3,-90.24128407491,74.637862937348));
#4490 = CARTESIAN_POINT('',(-27.3,-90.23380591945,74.62197104212));
#4491 = CARTESIAN_POINT('',(-27.3,-90.22563253824,74.604601724738));
#4492 = CARTESIAN_POINT('',(-27.3,-90.21676854073,74.585764770624));
#4493 = CARTESIAN_POINT('',(-27.3,-90.20721892038,74.565470794543));
#4494 = CARTESIAN_POINT('',(-27.3,-90.19698905857,74.543731231541));
#4495 = CARTESIAN_POINT('',(-27.3,-90.18608471948,74.520558331439));
#4496 = CARTESIAN_POINT('',(-27.3,-90.17451204751,74.495965151645));
#4497 = CARTESIAN_POINT('',(-27.3,-90.1622775636,74.469965549885));
#4498 = CARTESIAN_POINT('',(-27.3,-90.15390136169,74.452165214758));
#4499 = CARTESIAN_POINT('',(-27.3,-90.14960408722,74.443033041658));
#4500 = ORIENTED_EDGE('',*,*,#4501,.F.);
#4501 = EDGE_CURVE('',#1635,#4457,#4502,.T.);
#4502 = LINE('',#4503,#4504);
#4503 = CARTESIAN_POINT('',(-32.8,-90.14960408722,74.443033041658));
#4504 = VECTOR('',#4505,1.);
#4505 = DIRECTION('',(1.,0.,0.));
#4506 = SURFACE_OF_LINEAR_EXTRUSION('',#4507,#4548);
#4507 = B_SPLINE_CURVE_WITH_KNOTS('',3,(#4508,#4509,#4510,#4511,#4512,
    #4513,#4514,#4515,#4516,#4517,#4518,#4519,#4520,#4521,#4522,#4523,
    #4524,#4525,#4526,#4527,#4528,#4529,#4530,#4531,#4532,#4533,#4534,
    #4535,#4536,#4537,#4538,#4539,#4540,#4541,#4542,#4543,#4544,#4545,
    #4546,#4547),.UNSPECIFIED.,.F.,.F.,(4,1,1,1,1,1,1,1,1,1,1,1,1,1,1,1,
    1,1,1,1,1,1,1,1,1,1,1,1,1,1,1,1,1,1,1,1,1,4),(0.,2.608437118449E-02,
    5.080451698287E-02,7.415285781629E-02,9.612223472286E-02,
    0.116705911553,0.135897577034,0.153691346707,0.170081764731,
    0.185063805553,0.198632875455,0.210784813958,0.221515895103,
    0.230822828592,0.238702760805,0.245153275681,0.250172395482,
    0.253758581468,0.255910734655,0.256628199332,0.260008592309,
    0.264232297819,0.270142153204,0.27773482839,0.287006045071,
    0.297950579117,0.310562263522,0.324833991877,0.340757722373,
    0.358324482337,0.377524373281,0.398346576485,0.420779359092,
    0.444810080717,0.470425200572,0.497610285097,0.526350016087,
    0.556628199332),.UNSPECIFIED.);
#4508 = CARTESIAN_POINT('',(-32.8,-90.29905900165,74.968172116004));
#4509 = CARTESIAN_POINT('',(-32.8,-90.29986161628,74.959514470438));
#4510 = CARTESIAN_POINT('',(-32.8,-90.30119663272,74.942629682758));
#4511 = CARTESIAN_POINT('',(-32.8,-90.30245316422,74.917940943711));
#4512 = CARTESIAN_POINT('',(-32.8,-90.30298719867,74.89459801017));
#4513 = CARTESIAN_POINT('',(-32.8,-90.30287473036,74.872628304836));
#4514 = CARTESIAN_POINT('',(-32.8,-90.30219344417,74.85205531885));
#4515 = CARTESIAN_POINT('',(-32.8,-90.3010218269,74.832898904146));
#4516 = CARTESIAN_POINT('',(-32.8,-90.29943917202,74.815175152005));
#4517 = CARTESIAN_POINT('',(-32.8,-90.29752536437,74.798896382302));
#4518 = CARTESIAN_POINT('',(-32.8,-90.29536071493,74.784071116529));
#4519 = CARTESIAN_POINT('',(-32.8,-90.29302578821,74.77070406192));
#4520 = CARTESIAN_POINT('',(-32.8,-90.29060121144,74.758796111634));
#4521 = CARTESIAN_POINT('',(-32.8,-90.28816754824,74.748344323387));
#4522 = CARTESIAN_POINT('',(-32.8,-90.28580496848,74.739341999419));
#4523 = CARTESIAN_POINT('',(-32.8,-90.28359353434,74.731778493021));
#4524 = CARTESIAN_POINT('',(-32.8,-90.28161168107,74.72563984871));
#4525 = CARTESIAN_POINT('',(-32.8,-90.27993972031,74.720907155162));
#4526 = CARTESIAN_POINT('',(-32.8,-90.27865022205,74.717560904915));
#4527 = CARTESIAN_POINT('',(-32.8,-90.27782879234,74.715571469523));
#4528 = CARTESIAN_POINT('',(-32.8,-90.27697520978,74.713670924898));
#4529 = CARTESIAN_POINT('',(-32.8,-90.27577119607,74.711171694189));
#4530 = CARTESIAN_POINT('',(-32.8,-90.27386413355,74.707090707851));
#4531 = CARTESIAN_POINT('',(-32.8,-90.27134378591,74.701746409953));
#4532 = CARTESIAN_POINT('',(-32.8,-90.26811335272,74.694876826282));
#4533 = CARTESIAN_POINT('',(-32.8,-90.264165965,74.686489849115));
#4534 = CARTESIAN_POINT('',(-32.8,-90.25950710317,74.676588697369));
#4535 = CARTESIAN_POINT('',(-32.8,-90.25413824518,74.665179481063));
#4536 = CARTESIAN_POINT('',(-32.8,-90.24806280352,74.652268449819));
#4537 = CARTESIAN_POINT('',(-32.8,-90.24128407491,74.637862937348));
#4538 = CARTESIAN_POINT('',(-32.8,-90.23380591945,74.62197104212));
#4539 = CARTESIAN_POINT('',(-32.8,-90.22563253824,74.604601724738));
#4540 = CARTESIAN_POINT('',(-32.8,-90.21676854073,74.585764770624));
#4541 = CARTESIAN_POINT('',(-32.8,-90.20721892038,74.565470794543));
#4542 = CARTESIAN_POINT('',(-32.8,-90.19698905857,74.543731231541));
#4543 = CARTESIAN_POINT('',(-32.8,-90.18608471948,74.520558331439));
#4544 = CARTESIAN_POINT('',(-32.8,-90.17451204751,74.495965151645));
#4545 = CARTESIAN_POINT('',(-32.8,-90.1622775636,74.469965549885));
#4546 = CARTESIAN_POINT('',(-32.8,-90.15390136169,74.452165214758));
#4547 = CARTESIAN_POINT('',(-32.8,-90.14960408722,74.443033041658));
#4548 = VECTOR('',#4549,1.);
#4549 = DIRECTION('',(-1.,-0.,0.));
#4550 = ADVANCED_FACE('',(#4551),#4568,.T.);
#4551 = FACE_BOUND('',#4552,.T.);
#4552 = EDGE_LOOP('',(#4553,#4554,#4555,#4562));
#4553 = ORIENTED_EDGE('',*,*,#1634,.T.);
#4554 = ORIENTED_EDGE('',*,*,#4501,.T.);
#4555 = ORIENTED_EDGE('',*,*,#4556,.T.);
#4556 = EDGE_CURVE('',#4457,#4557,#4559,.T.);
#4557 = VERTEX_POINT('',#4558);
#4558 = CARTESIAN_POINT('',(-27.3,-90.44673234644,74.279685398855));
#4559 = B_SPLINE_CURVE_WITH_KNOTS('',1,(#4560,#4561),.UNSPECIFIED.,.F.,
  .F.,(2,2),(0.,0.339068805458),.PIECEWISE_BEZIER_KNOTS.);
#4560 = CARTESIAN_POINT('',(-27.3,-90.14960408722,74.443033041658));
#4561 = CARTESIAN_POINT('',(-27.3,-90.44673234644,74.279685398855));
#4562 = ORIENTED_EDGE('',*,*,#4563,.F.);
#4563 = EDGE_CURVE('',#1573,#4557,#4564,.T.);
#4564 = LINE('',#4565,#4566);
#4565 = CARTESIAN_POINT('',(-32.8,-90.44673234644,74.279685398855));
#4566 = VECTOR('',#4567,1.);
#4567 = DIRECTION('',(1.,0.,0.));
#4568 = SURFACE_OF_LINEAR_EXTRUSION('',#4569,#4572);
#4569 = B_SPLINE_CURVE_WITH_KNOTS('',1,(#4570,#4571),.UNSPECIFIED.,.F.,
  .F.,(2,2),(0.,0.339068805458),.PIECEWISE_BEZIER_KNOTS.);
#4570 = CARTESIAN_POINT('',(-32.8,-90.14960408722,74.443033041658));
#4571 = CARTESIAN_POINT('',(-32.8,-90.44673234644,74.279685398855));
#4572 = VECTOR('',#4573,1.);
#4573 = DIRECTION('',(-1.,-0.,0.));
#4574 = ADVANCED_FACE('',(#4575),#4630,.T.);
#4575 = FACE_BOUND('',#4576,.T.);
#4576 = EDGE_LOOP('',(#4577,#4578,#4579,#4624));
#4577 = ORIENTED_EDGE('',*,*,#1572,.T.);
#4578 = ORIENTED_EDGE('',*,*,#4563,.T.);
#4579 = ORIENTED_EDGE('',*,*,#4580,.T.);
#4580 = EDGE_CURVE('',#4557,#4581,#4583,.T.);
#4581 = VERTEX_POINT('',#4582);
#4582 = CARTESIAN_POINT('',(-27.3,-90.81003998389,74.687257943835));
#4583 = B_SPLINE_CURVE_WITH_KNOTS('',3,(#4584,#4585,#4586,#4587,#4588,
    #4589,#4590,#4591,#4592,#4593,#4594,#4595,#4596,#4597,#4598,#4599,
    #4600,#4601,#4602,#4603,#4604,#4605,#4606,#4607,#4608,#4609,#4610,
    #4611,#4612,#4613,#4614,#4615,#4616,#4617,#4618,#4619,#4620,#4621,
    #4622,#4623),.UNSPECIFIED.,.F.,.F.,(4,1,1,1,1,1,1,1,1,1,1,1,1,1,1,1,
    1,1,1,1,1,1,1,1,1,1,1,1,1,1,1,1,1,1,1,1,1,4),(0.,3.027818324443E-02,
    5.901791423488E-02,8.620299875927E-02,0.111818118615,0.13584884024,
    0.158281622847,0.179103826051,0.198303716995,0.215870476958,
    0.231794207455,0.24606593581,0.258677620215,0.269622154261,
    0.278893370941,0.286486046128,0.292395901513,0.296619607022,0.3,
    0.300717464676,0.302869617863,0.306455803849,0.311474923651,
    0.317925438527,0.32580537074,0.335112304229,0.345843385374,
    0.357995323877,0.371564393779,0.386546434601,0.402936852624,
    0.420730622298,0.439922287779,0.460505964609,0.482475341515,
    0.505823682349,0.530543828147,0.556628199332),.UNSPECIFIED.);
#4584 = CARTESIAN_POINT('',(-27.3,-90.44673234644,74.279685398855));
#4585 = CARTESIAN_POINT('',(-27.3,-90.4521403004,74.288206970738));
#4586 = CARTESIAN_POINT('',(-27.3,-90.46268142701,74.304817128435));
#4587 = CARTESIAN_POINT('',(-27.3,-90.47807805252,74.329078328141));
#4588 = CARTESIAN_POINT('',(-27.3,-90.49264181327,74.352027142965));
#4589 = CARTESIAN_POINT('',(-27.3,-90.50636450288,74.373650641758));
#4590 = CARTESIAN_POINT('',(-27.3,-90.51923838894,74.39393664013));
#4591 = CARTESIAN_POINT('',(-27.3,-90.5312562172,74.412873707426));
#4592 = CARTESIAN_POINT('',(-27.3,-90.54241121621,74.430451172809));
#4593 = CARTESIAN_POINT('',(-27.3,-90.55269709927,74.446659132469));
#4594 = CARTESIAN_POINT('',(-27.3,-90.56210807413,74.461488451243));
#4595 = CARTESIAN_POINT('',(-27.3,-90.57063882616,74.47493078069));
#4596 = CARTESIAN_POINT('',(-27.3,-90.57828458596,74.486978522229));
#4597 = CARTESIAN_POINT('',(-27.3,-90.58504092792,74.497624962763));
#4598 = CARTESIAN_POINT('',(-27.3,-90.59090440383,74.506863872314));
#4599 = CARTESIAN_POINT('',(-27.3,-90.59587064675,74.514690729098));
#4600 = CARTESIAN_POINT('',(-27.3,-90.59993987542,74.521099181054));
#4601 = CARTESIAN_POINT('',(-27.3,-90.60310174558,74.526090798962));
#4602 = CARTESIAN_POINT('',(-27.3,-90.60552558111,74.529887686934));
#4603 = CARTESIAN_POINT('',(-27.3,-90.60699060858,74.53224342411));
#4604 = CARTESIAN_POINT('',(-27.3,-90.60813791907,74.53398249044));
#4605 = CARTESIAN_POINT('',(-27.3,-90.60937751088,74.535742039272));
#4606 = CARTESIAN_POINT('',(-27.3,-90.61151189569,74.53862380921));
#4607 = CARTESIAN_POINT('',(-27.3,-90.61461195964,74.542571396384));
#4608 = CARTESIAN_POINT('',(-27.3,-90.61873305838,74.547533980548));
#4609 = CARTESIAN_POINT('',(-27.3,-90.62393419238,74.553453885538));
#4610 = CARTESIAN_POINT('',(-27.3,-90.63026917236,74.560272364003));
#4611 = CARTESIAN_POINT('',(-27.3,-90.63778988709,74.567927522003));
#4612 = CARTESIAN_POINT('',(-27.3,-90.64654494885,74.576355258721));
#4613 = CARTESIAN_POINT('',(-27.3,-90.65658001004,74.58548912858));
#4614 = CARTESIAN_POINT('',(-27.3,-90.66793751876,74.595260577195));
#4615 = CARTESIAN_POINT('',(-27.3,-90.6806566692,74.605599059435));
#4616 = CARTESIAN_POINT('',(-27.3,-90.69477329918,74.616432200455));
#4617 = CARTESIAN_POINT('',(-27.3,-90.71031981114,74.627685949925));
#4618 = CARTESIAN_POINT('',(-27.3,-90.72732510633,74.639284736024));
#4619 = CARTESIAN_POINT('',(-27.3,-90.74581447852,74.651151652956));
#4620 = CARTESIAN_POINT('',(-27.3,-90.76580971914,74.663208522018));
#4621 = CARTESIAN_POINT('',(-27.3,-90.78732839421,74.6753764853));
#4622 = CARTESIAN_POINT('',(-27.3,-90.80230002955,74.683296615302));
#4623 = CARTESIAN_POINT('',(-27.3,-90.81003998389,74.687257943835));
#4624 = ORIENTED_EDGE('',*,*,#4625,.F.);
#4625 = EDGE_CURVE('',#1563,#4581,#4626,.T.);
#4626 = LINE('',#4627,#4628);
#4627 = CARTESIAN_POINT('',(-32.8,-90.81003998389,74.687257943835));
#4628 = VECTOR('',#4629,1.);
#4629 = DIRECTION('',(1.,0.,0.));
#4630 = SURFACE_OF_LINEAR_EXTRUSION('',#4631,#4672);
#4631 = B_SPLINE_CURVE_WITH_KNOTS('',3,(#4632,#4633,#4634,#4635,#4636,
    #4637,#4638,#4639,#4640,#4641,#4642,#4643,#4644,#4645,#4646,#4647,
    #4648,#4649,#4650,#4651,#4652,#4653,#4654,#4655,#4656,#4657,#4658,
    #4659,#4660,#4661,#4662,#4663,#4664,#4665,#4666,#4667,#4668,#4669,
    #4670,#4671),.UNSPECIFIED.,.F.,.F.,(4,1,1,1,1,1,1,1,1,1,1,1,1,1,1,1,
    1,1,1,1,1,1,1,1,1,1,1,1,1,1,1,1,1,1,1,1,1,4),(0.,3.027818324443E-02,
    5.901791423488E-02,8.620299875927E-02,0.111818118615,0.13584884024,
    0.158281622847,0.179103826051,0.198303716995,0.215870476958,
    0.231794207455,0.24606593581,0.258677620215,0.269622154261,
    0.278893370941,0.286486046128,0.292395901513,0.296619607022,0.3,
    0.300717464676,0.302869617863,0.306455803849,0.311474923651,
    0.317925438527,0.32580537074,0.335112304229,0.345843385374,
    0.357995323877,0.371564393779,0.386546434601,0.402936852624,
    0.420730622298,0.439922287779,0.460505964609,0.482475341515,
    0.505823682349,0.530543828147,0.556628199332),.UNSPECIFIED.);
#4632 = CARTESIAN_POINT('',(-32.8,-90.44673234644,74.279685398855));
#4633 = CARTESIAN_POINT('',(-32.8,-90.4521403004,74.288206970738));
#4634 = CARTESIAN_POINT('',(-32.8,-90.46268142701,74.304817128435));
#4635 = CARTESIAN_POINT('',(-32.8,-90.47807805252,74.329078328141));
#4636 = CARTESIAN_POINT('',(-32.8,-90.49264181327,74.352027142965));
#4637 = CARTESIAN_POINT('',(-32.8,-90.50636450288,74.373650641758));
#4638 = CARTESIAN_POINT('',(-32.8,-90.51923838894,74.39393664013));
#4639 = CARTESIAN_POINT('',(-32.8,-90.5312562172,74.412873707426));
#4640 = CARTESIAN_POINT('',(-32.8,-90.54241121621,74.430451172809));
#4641 = CARTESIAN_POINT('',(-32.8,-90.55269709927,74.446659132469));
#4642 = CARTESIAN_POINT('',(-32.8,-90.56210807413,74.461488451243));
#4643 = CARTESIAN_POINT('',(-32.8,-90.57063882616,74.47493078069));
#4644 = CARTESIAN_POINT('',(-32.8,-90.57828458596,74.486978522229));
#4645 = CARTESIAN_POINT('',(-32.8,-90.58504092792,74.497624962763));
#4646 = CARTESIAN_POINT('',(-32.8,-90.59090440383,74.506863872314));
#4647 = CARTESIAN_POINT('',(-32.8,-90.59587064675,74.514690729098));
#4648 = CARTESIAN_POINT('',(-32.8,-90.59993987542,74.521099181054));
#4649 = CARTESIAN_POINT('',(-32.8,-90.60310174558,74.526090798962));
#4650 = CARTESIAN_POINT('',(-32.8,-90.60552558111,74.529887686934));
#4651 = CARTESIAN_POINT('',(-32.8,-90.60699060858,74.53224342411));
#4652 = CARTESIAN_POINT('',(-32.8,-90.60813791907,74.53398249044));
#4653 = CARTESIAN_POINT('',(-32.8,-90.60937751088,74.535742039272));
#4654 = CARTESIAN_POINT('',(-32.8,-90.61151189569,74.53862380921));
#4655 = CARTESIAN_POINT('',(-32.8,-90.61461195964,74.542571396384));
#4656 = CARTESIAN_POINT('',(-32.8,-90.61873305838,74.547533980548));
#4657 = CARTESIAN_POINT('',(-32.8,-90.62393419238,74.553453885538));
#4658 = CARTESIAN_POINT('',(-32.8,-90.63026917236,74.560272364003));
#4659 = CARTESIAN_POINT('',(-32.8,-90.63778988709,74.567927522003));
#4660 = CARTESIAN_POINT('',(-32.8,-90.64654494885,74.576355258721));
#4661 = CARTESIAN_POINT('',(-32.8,-90.65658001004,74.58548912858));
#4662 = CARTESIAN_POINT('',(-32.8,-90.66793751876,74.595260577195));
#4663 = CARTESIAN_POINT('',(-32.8,-90.6806566692,74.605599059435));
#4664 = CARTESIAN_POINT('',(-32.8,-90.69477329918,74.616432200455));
#4665 = CARTESIAN_POINT('',(-32.8,-90.71031981114,74.627685949925));
#4666 = CARTESIAN_POINT('',(-32.8,-90.72732510633,74.639284736024));
#4667 = CARTESIAN_POINT('',(-32.8,-90.74581447852,74.651151652956));
#4668 = CARTESIAN_POINT('',(-32.8,-90.76580971914,74.663208522018));
#4669 = CARTESIAN_POINT('',(-32.8,-90.78732839421,74.6753764853));
#4670 = CARTESIAN_POINT('',(-32.8,-90.80230002955,74.683296615302));
#4671 = CARTESIAN_POINT('',(-32.8,-90.81003998389,74.687257943835));
#4672 = VECTOR('',#4673,1.);
#4673 = DIRECTION('',(-1.,-0.,0.));
#4674 = ADVANCED_FACE('',(#4675),#4692,.T.);
#4675 = FACE_BOUND('',#4676,.T.);
#4676 = EDGE_LOOP('',(#4677,#4678,#4679,#4686));
#4677 = ORIENTED_EDGE('',*,*,#1562,.T.);
#4678 = ORIENTED_EDGE('',*,*,#4625,.T.);
#4679 = ORIENTED_EDGE('',*,*,#4680,.T.);
#4680 = EDGE_CURVE('',#4581,#4681,#4683,.T.);
#4681 = VERTEX_POINT('',#4682);
#4682 = CARTESIAN_POINT('',(-27.3,-90.99640106292,74.551858694351));
#4683 = B_SPLINE_CURVE_WITH_KNOTS('',1,(#4684,#4685),.UNSPECIFIED.,.F.,
  .F.,(2,2),(0.,0.230354962047),.PIECEWISE_BEZIER_KNOTS.);
#4684 = CARTESIAN_POINT('',(-27.3,-90.81003998389,74.687257943835));
#4685 = CARTESIAN_POINT('',(-27.3,-90.99640106292,74.551858694351));
#4686 = ORIENTED_EDGE('',*,*,#4687,.F.);
#4687 = EDGE_CURVE('',#1508,#4681,#4688,.T.);
#4688 = LINE('',#4689,#4690);
#4689 = CARTESIAN_POINT('',(-32.8,-90.99640106292,74.551858694351));
#4690 = VECTOR('',#4691,1.);
#4691 = DIRECTION('',(1.,0.,0.));
#4692 = SURFACE_OF_LINEAR_EXTRUSION('',#4693,#4696);
#4693 = B_SPLINE_CURVE_WITH_KNOTS('',1,(#4694,#4695),.UNSPECIFIED.,.F.,
  .F.,(2,2),(0.,0.230354962047),.PIECEWISE_BEZIER_KNOTS.);
#4694 = CARTESIAN_POINT('',(-32.8,-90.81003998389,74.687257943835));
#4695 = CARTESIAN_POINT('',(-32.8,-90.99640106292,74.551858694351));
#4696 = VECTOR('',#4697,1.);
#4697 = DIRECTION('',(-1.,-0.,0.));
#4698 = ADVANCED_FACE('',(#4699),#4754,.T.);
#4699 = FACE_BOUND('',#4700,.T.);
#4700 = EDGE_LOOP('',(#4701,#4702,#4703,#4748));
#4701 = ORIENTED_EDGE('',*,*,#1507,.T.);
#4702 = ORIENTED_EDGE('',*,*,#4687,.T.);
#4703 = ORIENTED_EDGE('',*,*,#4704,.T.);
#4704 = EDGE_CURVE('',#4681,#4705,#4707,.T.);
#4705 = VERTEX_POINT('',#4706);
#4706 = CARTESIAN_POINT('',(-27.3,-90.72104477232,74.080385755495));
#4707 = B_SPLINE_CURVE_WITH_KNOTS('',3,(#4708,#4709,#4710,#4711,#4712,
    #4713,#4714,#4715,#4716,#4717,#4718,#4719,#4720,#4721,#4722,#4723,
    #4724,#4725,#4726,#4727,#4728,#4729,#4730,#4731,#4732,#4733,#4734,
    #4735,#4736,#4737,#4738,#4739,#4740,#4741,#4742,#4743,#4744,#4745,
    #4746,#4747),.UNSPECIFIED.,.F.,.F.,(4,1,1,1,1,1,1,1,1,1,1,1,1,1,1,1,
    1,1,1,1,1,1,1,1,1,1,1,1,1,1,1,1,1,1,1,1,1,4),(0.,2.608437118449E-02,
    5.080451698287E-02,7.415285781629E-02,9.612223472286E-02,
    0.116705911553,0.135897577034,0.153691346707,0.170081764731,
    0.185063805553,0.198632875455,0.210784813958,0.221515895103,
    0.230822828592,0.238702760805,0.245153275681,0.250172395482,
    0.253758581468,0.255910734655,0.256628199332,0.260008592309,
    0.264232297819,0.270142153204,0.27773482839,0.287006045071,
    0.297950579117,0.310562263522,0.324833991877,0.340757722373,
    0.358324482337,0.377524373281,0.398346576485,0.420779359092,
    0.444810080717,0.470425200572,0.497610285097,0.526350016087,
    0.556628199332),.UNSPECIFIED.);
#4708 = CARTESIAN_POINT('',(-27.3,-90.99640106292,74.551858694351));
#4709 = CARTESIAN_POINT('',(-27.3,-90.99502539304,74.5432734425));
#4710 = CARTESIAN_POINT('',(-27.3,-90.99211939154,74.526587116385));
#4711 = CARTESIAN_POINT('',(-27.3,-90.98719660707,74.502361532798));
#4712 = CARTESIAN_POINT('',(-27.3,-90.98190871234,74.479619151472));
#4713 = CARTESIAN_POINT('',(-27.3,-90.97633613388,74.458367634562));
#4714 = CARTESIAN_POINT('',(-27.3,-90.97055995799,74.438610415747));
#4715 = CARTESIAN_POINT('',(-27.3,-90.96466114262,74.420347204403));
#4716 = CARTESIAN_POINT('',(-27.3,-90.95872049183,74.403573866792));
#4717 = CARTESIAN_POINT('',(-27.3,-90.95281844457,74.388282469182));
#4718 = CARTESIAN_POINT('',(-27.3,-90.9470349079,74.37446129282));
#4719 = CARTESIAN_POINT('',(-27.3,-90.9414490859,74.362094861473));
#4720 = CARTESIAN_POINT('',(-27.3,-90.93613929484,74.351163989068));
#4721 = CARTESIAN_POINT('',(-27.3,-90.93118283561,74.341645790395));
#4722 = CARTESIAN_POINT('',(-27.3,-90.9266556937,74.333513840683));
#4723 = CARTESIAN_POINT('',(-27.3,-90.92263276828,74.326737917053));
#4724 = CARTESIAN_POINT('',(-27.3,-90.91918655982,74.321284996406));
#4725 = CARTESIAN_POINT('',(-27.3,-90.91639015376,74.317116788861));
#4726 = CARTESIAN_POINT('',(-27.3,-90.91430898886,74.314196352395));
#4727 = CARTESIAN_POINT('',(-27.3,-90.91301861341,74.312473700036));
#4728 = CARTESIAN_POINT('',(-27.3,-90.91171920149,74.310845141867));
#4729 = CARTESIAN_POINT('',(-27.3,-90.90993148068,74.30872385512));
#4730 = CARTESIAN_POINT('',(-27.3,-90.907069432,74.305245347635));
#4731 = CARTESIAN_POINT('',(-27.3,-90.90329919288,74.300695735653));
#4732 = CARTESIAN_POINT('',(-27.3,-90.8984618537,74.294845348651));
#4733 = CARTESIAN_POINT('',(-27.3,-90.89255272401,74.287703539202));
#4734 = CARTESIAN_POINT('',(-27.3,-90.88557791258,74.279272062168));
#4735 = CARTESIAN_POINT('',(-27.3,-90.87754037043,74.26955646806));
#4736 = CARTESIAN_POINT('',(-27.3,-90.86844495704,74.258561961503));
#4737 = CARTESIAN_POINT('',(-27.3,-90.85829668938,74.246294825951));
#4738 = CARTESIAN_POINT('',(-27.3,-90.84710132029,74.232761945473));
#4739 = CARTESIAN_POINT('',(-27.3,-90.83486514731,74.217970954386));
#4740 = CARTESIAN_POINT('',(-27.3,-90.82159506858,74.201930184366));
#4741 = CARTESIAN_POINT('',(-27.3,-90.8072985605,74.184648674867));
#4742 = CARTESIAN_POINT('',(-27.3,-90.79198367913,74.166136163394));
#4743 = CARTESIAN_POINT('',(-27.3,-90.775659054,74.146403081417));
#4744 = CARTESIAN_POINT('',(-27.3,-90.75833388369,74.125460548077));
#4745 = CARTESIAN_POINT('',(-27.3,-90.74001793056,74.10332036404));
#4746 = CARTESIAN_POINT('',(-27.3,-90.72747811911,74.08816233588));
#4747 = CARTESIAN_POINT('',(-27.3,-90.72104477232,74.080385755495));
#4748 = ORIENTED_EDGE('',*,*,#4749,.F.);
#4749 = EDGE_CURVE('',#1498,#4705,#4750,.T.);
#4750 = LINE('',#4751,#4752);
#4751 = CARTESIAN_POINT('',(-32.8,-90.72104477232,74.080385755495));
#4752 = VECTOR('',#4753,1.);
#4753 = DIRECTION('',(1.,0.,0.));
#4754 = SURFACE_OF_LINEAR_EXTRUSION('',#4755,#4796);
#4755 = B_SPLINE_CURVE_WITH_KNOTS('',3,(#4756,#4757,#4758,#4759,#4760,
    #4761,#4762,#4763,#4764,#4765,#4766,#4767,#4768,#4769,#4770,#4771,
    #4772,#4773,#4774,#4775,#4776,#4777,#4778,#4779,#4780,#4781,#4782,
    #4783,#4784,#4785,#4786,#4787,#4788,#4789,#4790,#4791,#4792,#4793,
    #4794,#4795),.UNSPECIFIED.,.F.,.F.,(4,1,1,1,1,1,1,1,1,1,1,1,1,1,1,1,
    1,1,1,1,1,1,1,1,1,1,1,1,1,1,1,1,1,1,1,1,1,4),(0.,2.608437118449E-02,
    5.080451698287E-02,7.415285781629E-02,9.612223472286E-02,
    0.116705911553,0.135897577034,0.153691346707,0.170081764731,
    0.185063805553,0.198632875455,0.210784813958,0.221515895103,
    0.230822828592,0.238702760805,0.245153275681,0.250172395482,
    0.253758581468,0.255910734655,0.256628199332,0.260008592309,
    0.264232297819,0.270142153204,0.27773482839,0.287006045071,
    0.297950579117,0.310562263522,0.324833991877,0.340757722373,
    0.358324482337,0.377524373281,0.398346576485,0.420779359092,
    0.444810080717,0.470425200572,0.497610285097,0.526350016087,
    0.556628199332),.UNSPECIFIED.);
#4756 = CARTESIAN_POINT('',(-32.8,-90.99640106292,74.551858694351));
#4757 = CARTESIAN_POINT('',(-32.8,-90.99502539304,74.5432734425));
#4758 = CARTESIAN_POINT('',(-32.8,-90.99211939154,74.526587116385));
#4759 = CARTESIAN_POINT('',(-32.8,-90.98719660707,74.502361532798));
#4760 = CARTESIAN_POINT('',(-32.8,-90.98190871234,74.479619151472));
#4761 = CARTESIAN_POINT('',(-32.8,-90.97633613388,74.458367634562));
#4762 = CARTESIAN_POINT('',(-32.8,-90.97055995799,74.438610415747));
#4763 = CARTESIAN_POINT('',(-32.8,-90.96466114262,74.420347204403));
#4764 = CARTESIAN_POINT('',(-32.8,-90.95872049183,74.403573866792));
#4765 = CARTESIAN_POINT('',(-32.8,-90.95281844457,74.388282469182));
#4766 = CARTESIAN_POINT('',(-32.8,-90.9470349079,74.37446129282));
#4767 = CARTESIAN_POINT('',(-32.8,-90.9414490859,74.362094861473));
#4768 = CARTESIAN_POINT('',(-32.8,-90.93613929484,74.351163989068));
#4769 = CARTESIAN_POINT('',(-32.8,-90.93118283561,74.341645790395));
#4770 = CARTESIAN_POINT('',(-32.8,-90.9266556937,74.333513840683));
#4771 = CARTESIAN_POINT('',(-32.8,-90.92263276828,74.326737917053));
#4772 = CARTESIAN_POINT('',(-32.8,-90.91918655982,74.321284996406));
#4773 = CARTESIAN_POINT('',(-32.8,-90.91639015376,74.317116788861));
#4774 = CARTESIAN_POINT('',(-32.8,-90.91430898886,74.314196352395));
#4775 = CARTESIAN_POINT('',(-32.8,-90.91301861341,74.312473700036));
#4776 = CARTESIAN_POINT('',(-32.8,-90.91171920149,74.310845141867));
#4777 = CARTESIAN_POINT('',(-32.8,-90.90993148068,74.30872385512));
#4778 = CARTESIAN_POINT('',(-32.8,-90.907069432,74.305245347635));
#4779 = CARTESIAN_POINT('',(-32.8,-90.90329919288,74.300695735653));
#4780 = CARTESIAN_POINT('',(-32.8,-90.8984618537,74.294845348651));
#4781 = CARTESIAN_POINT('',(-32.8,-90.89255272401,74.287703539202));
#4782 = CARTESIAN_POINT('',(-32.8,-90.88557791258,74.279272062168));
#4783 = CARTESIAN_POINT('',(-32.8,-90.87754037043,74.26955646806));
#4784 = CARTESIAN_POINT('',(-32.8,-90.86844495704,74.258561961503));
#4785 = CARTESIAN_POINT('',(-32.8,-90.85829668938,74.246294825951));
#4786 = CARTESIAN_POINT('',(-32.8,-90.84710132029,74.232761945473));
#4787 = CARTESIAN_POINT('',(-32.8,-90.83486514731,74.217970954386));
#4788 = CARTESIAN_POINT('',(-32.8,-90.82159506858,74.201930184366));
#4789 = CARTESIAN_POINT('',(-32.8,-90.8072985605,74.184648674867));
#4790 = CARTESIAN_POINT('',(-32.8,-90.79198367913,74.166136163394));
#4791 = CARTESIAN_POINT('',(-32.8,-90.775659054,74.146403081417));
#4792 = CARTESIAN_POINT('',(-32.8,-90.75833388369,74.125460548077));
#4793 = CARTESIAN_POINT('',(-32.8,-90.74001793056,74.10332036404));
#4794 = CARTESIAN_POINT('',(-32.8,-90.72747811911,74.08816233588));
#4795 = CARTESIAN_POINT('',(-32.8,-90.72104477232,74.080385755495));
#4796 = VECTOR('',#4797,1.);
#4797 = DIRECTION('',(-1.,-0.,0.));
#4798 = ADVANCED_FACE('',(#4799),#4816,.T.);
#4799 = FACE_BOUND('',#4800,.T.);
#4800 = EDGE_LOOP('',(#4801,#4802,#4803,#4810));
#4801 = ORIENTED_EDGE('',*,*,#1497,.T.);
#4802 = ORIENTED_EDGE('',*,*,#4749,.T.);
#4803 = ORIENTED_EDGE('',*,*,#4804,.T.);
#4804 = EDGE_CURVE('',#4705,#4805,#4807,.T.);
#4805 = VERTEX_POINT('',#4806);
#4806 = CARTESIAN_POINT('',(-27.3,-90.96821529403,73.848277186007));
#4807 = B_SPLINE_CURVE_WITH_KNOTS('',1,(#4808,#4809),.UNSPECIFIED.,.F.,
  .F.,(2,2),(0.,0.339068805458),.PIECEWISE_BEZIER_KNOTS.);
#4808 = CARTESIAN_POINT('',(-27.3,-90.72104477232,74.080385755495));
#4809 = CARTESIAN_POINT('',(-27.3,-90.96821529403,73.848277186007));
#4810 = ORIENTED_EDGE('',*,*,#4811,.F.);
#4811 = EDGE_CURVE('',#1436,#4805,#4812,.T.);
#4812 = LINE('',#4813,#4814);
#4813 = CARTESIAN_POINT('',(-32.8,-90.96821529403,73.848277186007));
#4814 = VECTOR('',#4815,1.);
#4815 = DIRECTION('',(1.,0.,0.));
#4816 = SURFACE_OF_LINEAR_EXTRUSION('',#4817,#4820);
#4817 = B_SPLINE_CURVE_WITH_KNOTS('',1,(#4818,#4819),.UNSPECIFIED.,.F.,
  .F.,(2,2),(0.,0.339068805458),.PIECEWISE_BEZIER_KNOTS.);
#4818 = CARTESIAN_POINT('',(-32.8,-90.72104477232,74.080385755495));
#4819 = CARTESIAN_POINT('',(-32.8,-90.96821529403,73.848277186007));
#4820 = VECTOR('',#4821,1.);
#4821 = DIRECTION('',(-1.,-0.,0.));
#4822 = ADVANCED_FACE('',(#4823),#4878,.T.);
#4823 = FACE_BOUND('',#4824,.T.);
#4824 = EDGE_LOOP('',(#4825,#4826,#4827,#4872));
#4825 = ORIENTED_EDGE('',*,*,#1435,.T.);
#4826 = ORIENTED_EDGE('',*,*,#4811,.T.);
#4827 = ORIENTED_EDGE('',*,*,#4828,.T.);
#4828 = EDGE_CURVE('',#4805,#4829,#4831,.T.);
#4829 = VERTEX_POINT('',#4830);
#4830 = CARTESIAN_POINT('',(-27.3,-91.4214681242,74.152694154649));
#4831 = B_SPLINE_CURVE_WITH_KNOTS('',3,(#4832,#4833,#4834,#4835,#4836,
    #4837,#4838,#4839,#4840,#4841,#4842,#4843,#4844,#4845,#4846,#4847,
    #4848,#4849,#4850,#4851,#4852,#4853,#4854,#4855,#4856,#4857,#4858,
    #4859,#4860,#4861,#4862,#4863,#4864,#4865,#4866,#4867,#4868,#4869,
    #4870,#4871),.UNSPECIFIED.,.F.,.F.,(4,1,1,1,1,1,1,1,1,1,1,1,1,1,1,1,
    1,1,1,1,1,1,1,1,1,1,1,1,1,1,1,1,1,1,1,1,1,4),(0.,3.027818324443E-02,
    5.901791423488E-02,8.620299875927E-02,0.111818118615,0.13584884024,
    0.158281622847,0.179103826051,0.198303716995,0.215870476958,
    0.231794207455,0.24606593581,0.258677620215,0.269622154261,
    0.278893370941,0.286486046128,0.292395901513,0.296619607022,0.3,
    0.300717464676,0.302869617863,0.306455803849,0.311474923651,
    0.317925438527,0.32580537074,0.335112304229,0.345843385374,
    0.357995323877,0.371564393779,0.386546434601,0.402936852624,
    0.420730622298,0.439922287779,0.460505964609,0.482475341515,
    0.505823682349,0.530543828147,0.556628199332),.UNSPECIFIED.);
#4832 = CARTESIAN_POINT('',(-27.3,-90.96821529403,73.848277186007));
#4833 = CARTESIAN_POINT('',(-27.3,-90.97557257593,73.855186133578));
#4834 = CARTESIAN_POINT('',(-27.3,-90.9899133119,73.868652981041));
#4835 = CARTESIAN_POINT('',(-27.3,-91.01085973913,73.888322985482));
#4836 = CARTESIAN_POINT('',(-27.3,-91.03067309072,73.906928961073));
#4837 = CARTESIAN_POINT('',(-27.3,-91.04934220228,73.924460423758));
#4838 = CARTESIAN_POINT('',(-27.3,-91.06685655418,73.940907494916));
#4839 = CARTESIAN_POINT('',(-27.3,-91.0832062774,73.956260907066));
#4840 = CARTESIAN_POINT('',(-27.3,-91.09838215948,73.970512008605));
#4841 = CARTESIAN_POINT('',(-27.3,-91.11237564827,73.983652770311));
#4842 = CARTESIAN_POINT('',(-27.3,-91.12517886166,73.995675784492));
#4843 = CARTESIAN_POINT('',(-27.3,-91.13678457582,74.006574286681));
#4844 = CARTESIAN_POINT('',(-27.3,-91.1471862815,74.016342103124));
#4845 = CARTESIAN_POINT('',(-27.3,-91.15637802265,74.024973832229));
#4846 = CARTESIAN_POINT('',(-27.3,-91.16435491006,74.032464297285));
#4847 = CARTESIAN_POINT('',(-27.3,-91.17111158946,74.038810204579));
#4848 = CARTESIAN_POINT('',(-27.3,-91.17664669302,74.044005347214));
#4849 = CARTESIAN_POINT('',(-27.3,-91.18095059211,74.048053819133));
#4850 = CARTESIAN_POINT('',(-27.3,-91.18424252603,74.051128637503));
#4851 = CARTESIAN_POINT('',(-27.3,-91.18624737498,74.053046027347));
#4852 = CARTESIAN_POINT('',(-27.3,-91.18779112881,74.054445133194));
#4853 = CARTESIAN_POINT('',(-27.3,-91.18942935857,74.055841128616));
#4854 = CARTESIAN_POINT('',(-27.3,-91.19221335479,74.058101562535));
#4855 = CARTESIAN_POINT('',(-27.3,-91.19619774954,74.061154174445));
#4856 = CARTESIAN_POINT('',(-27.3,-91.20142352088,74.064935974323));
#4857 = CARTESIAN_POINT('',(-27.3,-91.20793347219,74.069376425184));
#4858 = CARTESIAN_POINT('',(-27.3,-91.21576511377,74.074405243154));
#4859 = CARTESIAN_POINT('',(-27.3,-91.2249533118,74.079949574589));
#4860 = CARTESIAN_POINT('',(-27.3,-91.23552921009,74.08593524314));
#4861 = CARTESIAN_POINT('',(-27.3,-91.24752050244,74.092286537446));
#4862 = CARTESIAN_POINT('',(-27.3,-91.26095125459,74.098926500472));
#4863 = CARTESIAN_POINT('',(-27.3,-91.27584188551,74.105777056195));
#4864 = CARTESIAN_POINT('',(-27.3,-91.29220910822,74.112759191051));
#4865 = CARTESIAN_POINT('',(-27.3,-91.31006589161,74.119793122981));
#4866 = CARTESIAN_POINT('',(-27.3,-91.32942143498,74.126798466947));
#4867 = CARTESIAN_POINT('',(-27.3,-91.35028111178,74.133694442976));
#4868 = CARTESIAN_POINT('',(-27.3,-91.37264658655,74.140399909192));
#4869 = CARTESIAN_POINT('',(-27.3,-91.39651526229,74.146834116658));
#4870 = CARTESIAN_POINT('',(-27.3,-91.41298619241,74.150782126909));
#4871 = CARTESIAN_POINT('',(-27.3,-91.4214681242,74.152694154649));
#4872 = ORIENTED_EDGE('',*,*,#4873,.F.);
#4873 = EDGE_CURVE('',#1426,#4829,#4874,.T.);
#4874 = LINE('',#4875,#4876);
#4875 = CARTESIAN_POINT('',(-32.8,-91.4214681242,74.152694154649));
#4876 = VECTOR('',#4877,1.);
#4877 = DIRECTION('',(1.,0.,0.));
#4878 = SURFACE_OF_LINEAR_EXTRUSION('',#4879,#4920);
#4879 = B_SPLINE_CURVE_WITH_KNOTS('',3,(#4880,#4881,#4882,#4883,#4884,
    #4885,#4886,#4887,#4888,#4889,#4890,#4891,#4892,#4893,#4894,#4895,
    #4896,#4897,#4898,#4899,#4900,#4901,#4902,#4903,#4904,#4905,#4906,
    #4907,#4908,#4909,#4910,#4911,#4912,#4913,#4914,#4915,#4916,#4917,
    #4918,#4919),.UNSPECIFIED.,.F.,.F.,(4,1,1,1,1,1,1,1,1,1,1,1,1,1,1,1,
    1,1,1,1,1,1,1,1,1,1,1,1,1,1,1,1,1,1,1,1,1,4),(0.,3.027818324443E-02,
    5.901791423488E-02,8.620299875927E-02,0.111818118615,0.13584884024,
    0.158281622847,0.179103826051,0.198303716995,0.215870476958,
    0.231794207455,0.24606593581,0.258677620215,0.269622154261,
    0.278893370941,0.286486046128,0.292395901513,0.296619607022,0.3,
    0.300717464676,0.302869617863,0.306455803849,0.311474923651,
    0.317925438527,0.32580537074,0.335112304229,0.345843385374,
    0.357995323877,0.371564393779,0.386546434601,0.402936852624,
    0.420730622298,0.439922287779,0.460505964609,0.482475341515,
    0.505823682349,0.530543828147,0.556628199332),.UNSPECIFIED.);
#4880 = CARTESIAN_POINT('',(-32.8,-90.96821529403,73.848277186007));
#4881 = CARTESIAN_POINT('',(-32.8,-90.97557257593,73.855186133578));
#4882 = CARTESIAN_POINT('',(-32.8,-90.9899133119,73.868652981041));
#4883 = CARTESIAN_POINT('',(-32.8,-91.01085973913,73.888322985482));
#4884 = CARTESIAN_POINT('',(-32.8,-91.03067309072,73.906928961073));
#4885 = CARTESIAN_POINT('',(-32.8,-91.04934220228,73.924460423758));
#4886 = CARTESIAN_POINT('',(-32.8,-91.06685655418,73.940907494916));
#4887 = CARTESIAN_POINT('',(-32.8,-91.0832062774,73.956260907066));
#4888 = CARTESIAN_POINT('',(-32.8,-91.09838215948,73.970512008605));
#4889 = CARTESIAN_POINT('',(-32.8,-91.11237564827,73.983652770311));
#4890 = CARTESIAN_POINT('',(-32.8,-91.12517886166,73.995675784492));
#4891 = CARTESIAN_POINT('',(-32.8,-91.13678457582,74.006574286681));
#4892 = CARTESIAN_POINT('',(-32.8,-91.1471862815,74.016342103124));
#4893 = CARTESIAN_POINT('',(-32.8,-91.15637802265,74.024973832229));
#4894 = CARTESIAN_POINT('',(-32.8,-91.16435491006,74.032464297285));
#4895 = CARTESIAN_POINT('',(-32.8,-91.17111158946,74.038810204579));
#4896 = CARTESIAN_POINT('',(-32.8,-91.17664669302,74.044005347214));
#4897 = CARTESIAN_POINT('',(-32.8,-91.18095059211,74.048053819133));
#4898 = CARTESIAN_POINT('',(-32.8,-91.18424252603,74.051128637503));
#4899 = CARTESIAN_POINT('',(-32.8,-91.18624737498,74.053046027347));
#4900 = CARTESIAN_POINT('',(-32.8,-91.18779112881,74.054445133194));
#4901 = CARTESIAN_POINT('',(-32.8,-91.18942935857,74.055841128616));
#4902 = CARTESIAN_POINT('',(-32.8,-91.19221335479,74.058101562535));
#4903 = CARTESIAN_POINT('',(-32.8,-91.19619774954,74.061154174445));
#4904 = CARTESIAN_POINT('',(-32.8,-91.20142352088,74.064935974323));
#4905 = CARTESIAN_POINT('',(-32.8,-91.20793347219,74.069376425184));
#4906 = CARTESIAN_POINT('',(-32.8,-91.21576511377,74.074405243154));
#4907 = CARTESIAN_POINT('',(-32.8,-91.2249533118,74.079949574589));
#4908 = CARTESIAN_POINT('',(-32.8,-91.23552921009,74.08593524314));
#4909 = CARTESIAN_POINT('',(-32.8,-91.24752050244,74.092286537446));
#4910 = CARTESIAN_POINT('',(-32.8,-91.26095125459,74.098926500472));
#4911 = CARTESIAN_POINT('',(-32.8,-91.27584188551,74.105777056195));
#4912 = CARTESIAN_POINT('',(-32.8,-91.29220910822,74.112759191051));
#4913 = CARTESIAN_POINT('',(-32.8,-91.31006589161,74.119793122981));
#4914 = CARTESIAN_POINT('',(-32.8,-91.32942143498,74.126798466947));
#4915 = CARTESIAN_POINT('',(-32.8,-91.35028111178,74.133694442976));
#4916 = CARTESIAN_POINT('',(-32.8,-91.37264658655,74.140399909192));
#4917 = CARTESIAN_POINT('',(-32.8,-91.39651526229,74.146834116658));
#4918 = CARTESIAN_POINT('',(-32.8,-91.41298619241,74.150782126909));
#4919 = CARTESIAN_POINT('',(-32.8,-91.4214681242,74.152694154649));
#4920 = VECTOR('',#4921,1.);
#4921 = DIRECTION('',(-1.,-0.,0.));
#4922 = ADVANCED_FACE('',(#4923),#4940,.T.);
#4923 = FACE_BOUND('',#4924,.T.);
#4924 = EDGE_LOOP('',(#4925,#4926,#4927,#4934));
#4925 = ORIENTED_EDGE('',*,*,#1425,.T.);
#4926 = ORIENTED_EDGE('',*,*,#4873,.T.);
#4927 = ORIENTED_EDGE('',*,*,#4928,.T.);
#4928 = EDGE_CURVE('',#4829,#4929,#4931,.T.);
#4929 = VERTEX_POINT('',#4930);
#4930 = CARTESIAN_POINT('',(-27.3,-91.56830190317,73.975202605853));
#4931 = B_SPLINE_CURVE_WITH_KNOTS('',1,(#4932,#4933),.UNSPECIFIED.,.F.,
  .F.,(2,2),(0.,0.230354962047),.PIECEWISE_BEZIER_KNOTS.);
#4932 = CARTESIAN_POINT('',(-27.3,-91.4214681242,74.152694154649));
#4933 = CARTESIAN_POINT('',(-27.3,-91.56830190317,73.975202605853));
#4934 = ORIENTED_EDGE('',*,*,#4935,.F.);
#4935 = EDGE_CURVE('',#1371,#4929,#4936,.T.);
#4936 = LINE('',#4937,#4938);
#4937 = CARTESIAN_POINT('',(-32.8,-91.56830190317,73.975202605853));
#4938 = VECTOR('',#4939,1.);
#4939 = DIRECTION('',(1.,0.,0.));
#4940 = SURFACE_OF_LINEAR_EXTRUSION('',#4941,#4944);
#4941 = B_SPLINE_CURVE_WITH_KNOTS('',1,(#4942,#4943),.UNSPECIFIED.,.F.,
  .F.,(2,2),(0.,0.230354962047),.PIECEWISE_BEZIER_KNOTS.);
#4942 = CARTESIAN_POINT('',(-32.8,-91.4214681242,74.152694154649));
#4943 = CARTESIAN_POINT('',(-32.8,-91.56830190317,73.975202605853));
#4944 = VECTOR('',#4945,1.);
#4945 = DIRECTION('',(-1.,-0.,0.));
#4946 = ADVANCED_FACE('',(#4947),#5002,.T.);
#4947 = FACE_BOUND('',#4948,.T.);
#4948 = EDGE_LOOP('',(#4949,#4950,#4951,#4996));
#4949 = ORIENTED_EDGE('',*,*,#1370,.T.);
#4950 = ORIENTED_EDGE('',*,*,#4935,.T.);
#4951 = ORIENTED_EDGE('',*,*,#4952,.T.);
#4952 = EDGE_CURVE('',#4929,#4953,#4955,.T.);
#4953 = VERTEX_POINT('',#4954);
#4954 = CARTESIAN_POINT('',(-27.3,-91.18434588481,73.58702018119));
#4955 = B_SPLINE_CURVE_WITH_KNOTS('',3,(#4956,#4957,#4958,#4959,#4960,
    #4961,#4962,#4963,#4964,#4965,#4966,#4967,#4968,#4969,#4970,#4971,
    #4972,#4973,#4974,#4975,#4976,#4977,#4978,#4979,#4980,#4981,#4982,
    #4983,#4984,#4985,#4986,#4987,#4988,#4989,#4990,#4991,#4992,#4993,
    #4994,#4995),.UNSPECIFIED.,.F.,.F.,(4,1,1,1,1,1,1,1,1,1,1,1,1,1,1,1,
    1,1,1,1,1,1,1,1,1,1,1,1,1,1,1,1,1,1,1,1,1,4),(0.,2.608437118449E-02,
    5.080451698287E-02,7.415285781629E-02,9.612223472286E-02,
    0.116705911553,0.135897577034,0.153691346707,0.170081764731,
    0.185063805553,0.198632875455,0.210784813958,0.221515895103,
    0.230822828592,0.238702760805,0.245153275681,0.250172395482,
    0.253758581468,0.255910734655,0.256628199332,0.260008592309,
    0.264232297819,0.270142153204,0.27773482839,0.287006045071,
    0.297950579117,0.310562263522,0.324833991877,0.340757722373,
    0.358324482337,0.377524373281,0.398346576485,0.420779359092,
    0.444810080717,0.470425200572,0.497610285097,0.526350016087,
    0.556628199332),.UNSPECIFIED.);
#4956 = CARTESIAN_POINT('',(-27.3,-91.56830190317,73.975202605853));
#4957 = CARTESIAN_POINT('',(-27.3,-91.56483438717,73.967229190664));
#4958 = CARTESIAN_POINT('',(-27.3,-91.55786996249,73.951789789353));
#4959 = CARTESIAN_POINT('',(-27.3,-91.54707717869,73.929549543738));
#4960 = CARTESIAN_POINT('',(-27.3,-91.53629961265,73.908836702085));
#4961 = CARTESIAN_POINT('',(-27.3,-91.52561706966,73.889638684564));
#4962 = CARTESIAN_POINT('',(-27.3,-91.51510894243,73.87193865164));
#4963 = CARTESIAN_POINT('',(-27.3,-91.50485357323,73.855716188392));
#4964 = CARTESIAN_POINT('',(-27.3,-91.49492819947,73.840947195801));
#4965 = CARTESIAN_POINT('',(-27.3,-91.48540875993,73.827603985034));
#4966 = CARTESIAN_POINT('',(-27.3,-91.47636973691,73.815655333425));
#4967 = CARTESIAN_POINT('',(-27.3,-91.46788399736,73.805066553703));
#4968 = CARTESIAN_POINT('',(-27.3,-91.46002262573,73.795799586092));
#4969 = CARTESIAN_POINT('',(-27.3,-91.45285480302,73.787813040422));
#4970 = CARTESIAN_POINT('',(-27.3,-91.44644755595,73.781062425272));
#4971 = CARTESIAN_POINT('',(-27.3,-91.44086591445,73.775499840612));
#4972 = CARTESIAN_POINT('',(-27.3,-91.43617188874,73.771075270688));
#4973 = CARTESIAN_POINT('',(-27.3,-91.43242674585,73.767733452956));
#4974 = CARTESIAN_POINT('',(-27.3,-91.42968468156,73.765422332036));
#4975 = CARTESIAN_POINT('',(-27.3,-91.42800643941,73.764074703293));
#4976 = CARTESIAN_POINT('',(-27.3,-91.42634284495,73.762820459878));
#4977 = CARTESIAN_POINT('',(-27.3,-91.42408374612,73.761210405341));
#4978 = CARTESIAN_POINT('',(-27.3,-91.42044654433,73.758552944127));
#4979 = CARTESIAN_POINT('',(-27.3,-91.41566331171,73.755083886915));
#4980 = CARTESIAN_POINT('',(-27.3,-91.40952301435,73.750620297914));
#4981 = CARTESIAN_POINT('',(-27.3,-91.40202343506,73.745172402336));
#4982 = CARTESIAN_POINT('',(-27.3,-91.39317092708,73.738740380725));
#4983 = CARTESIAN_POINT('',(-27.3,-91.38296972909,73.731328875324));
#4984 = CARTESIAN_POINT('',(-27.3,-91.37142584225,73.722941718736));
#4985 = CARTESIAN_POINT('',(-27.3,-91.35854568852,73.713583749345));
#4986 = CARTESIAN_POINT('',(-27.3,-91.34433655202,73.703260204268));
#4987 = CARTESIAN_POINT('',(-27.3,-91.328806431,73.691976911843));
#4988 = CARTESIAN_POINT('',(-27.3,-91.31196407892,73.679740226491));
#4989 = CARTESIAN_POINT('',(-27.3,-91.29381898528,73.666557044374));
#4990 = CARTESIAN_POINT('',(-27.3,-91.27438137468,73.652434793609));
#4991 = CARTESIAN_POINT('',(-27.3,-91.25366219974,73.637381431872));
#4992 = CARTESIAN_POINT('',(-27.3,-91.23167313526,73.621405441376));
#4993 = CARTESIAN_POINT('',(-27.3,-91.20842657161,73.604515824252));
#4994 = CARTESIAN_POINT('',(-27.3,-91.19251107308,73.592952537715));
#4995 = CARTESIAN_POINT('',(-27.3,-91.18434588481,73.58702018119));
#4996 = ORIENTED_EDGE('',*,*,#4997,.F.);
#4997 = EDGE_CURVE('',#1361,#4953,#4998,.T.);
#4998 = LINE('',#4999,#5000);
#4999 = CARTESIAN_POINT('',(-32.8,-91.18434588481,73.58702018119));
#5000 = VECTOR('',#5001,1.);
#5001 = DIRECTION('',(1.,0.,0.));
#5002 = SURFACE_OF_LINEAR_EXTRUSION('',#5003,#5044);
#5003 = B_SPLINE_CURVE_WITH_KNOTS('',3,(#5004,#5005,#5006,#5007,#5008,
    #5009,#5010,#5011,#5012,#5013,#5014,#5015,#5016,#5017,#5018,#5019,
    #5020,#5021,#5022,#5023,#5024,#5025,#5026,#5027,#5028,#5029,#5030,
    #5031,#5032,#5033,#5034,#5035,#5036,#5037,#5038,#5039,#5040,#5041,
    #5042,#5043),.UNSPECIFIED.,.F.,.F.,(4,1,1,1,1,1,1,1,1,1,1,1,1,1,1,1,
    1,1,1,1,1,1,1,1,1,1,1,1,1,1,1,1,1,1,1,1,1,4),(0.,2.608437118449E-02,
    5.080451698287E-02,7.415285781629E-02,9.612223472286E-02,
    0.116705911553,0.135897577034,0.153691346707,0.170081764731,
    0.185063805553,0.198632875455,0.210784813958,0.221515895103,
    0.230822828592,0.238702760805,0.245153275681,0.250172395482,
    0.253758581468,0.255910734655,0.256628199332,0.260008592309,
    0.264232297819,0.270142153204,0.27773482839,0.287006045071,
    0.297950579117,0.310562263522,0.324833991877,0.340757722373,
    0.358324482337,0.377524373281,0.398346576485,0.420779359092,
    0.444810080717,0.470425200572,0.497610285097,0.526350016087,
    0.556628199332),.UNSPECIFIED.);
#5004 = CARTESIAN_POINT('',(-32.8,-91.56830190317,73.975202605853));
#5005 = CARTESIAN_POINT('',(-32.8,-91.56483438717,73.967229190664));
#5006 = CARTESIAN_POINT('',(-32.8,-91.55786996249,73.951789789353));
#5007 = CARTESIAN_POINT('',(-32.8,-91.54707717869,73.929549543738));
#5008 = CARTESIAN_POINT('',(-32.8,-91.53629961265,73.908836702085));
#5009 = CARTESIAN_POINT('',(-32.8,-91.52561706966,73.889638684564));
#5010 = CARTESIAN_POINT('',(-32.8,-91.51510894243,73.87193865164));
#5011 = CARTESIAN_POINT('',(-32.8,-91.50485357323,73.855716188392));
#5012 = CARTESIAN_POINT('',(-32.8,-91.49492819947,73.840947195801));
#5013 = CARTESIAN_POINT('',(-32.8,-91.48540875993,73.827603985034));
#5014 = CARTESIAN_POINT('',(-32.8,-91.47636973691,73.815655333425));
#5015 = CARTESIAN_POINT('',(-32.8,-91.46788399736,73.805066553703));
#5016 = CARTESIAN_POINT('',(-32.8,-91.46002262573,73.795799586092));
#5017 = CARTESIAN_POINT('',(-32.8,-91.45285480302,73.787813040422));
#5018 = CARTESIAN_POINT('',(-32.8,-91.44644755595,73.781062425272));
#5019 = CARTESIAN_POINT('',(-32.8,-91.44086591445,73.775499840612));
#5020 = CARTESIAN_POINT('',(-32.8,-91.43617188874,73.771075270688));
#5021 = CARTESIAN_POINT('',(-32.8,-91.43242674585,73.767733452956));
#5022 = CARTESIAN_POINT('',(-32.8,-91.42968468156,73.765422332036));
#5023 = CARTESIAN_POINT('',(-32.8,-91.42800643941,73.764074703293));
#5024 = CARTESIAN_POINT('',(-32.8,-91.42634284495,73.762820459878));
#5025 = CARTESIAN_POINT('',(-32.8,-91.42408374612,73.761210405341));
#5026 = CARTESIAN_POINT('',(-32.8,-91.42044654433,73.758552944127));
#5027 = CARTESIAN_POINT('',(-32.8,-91.41566331171,73.755083886915));
#5028 = CARTESIAN_POINT('',(-32.8,-91.40952301435,73.750620297914));
#5029 = CARTESIAN_POINT('',(-32.8,-91.40202343506,73.745172402336));
#5030 = CARTESIAN_POINT('',(-32.8,-91.39317092708,73.738740380725));
#5031 = CARTESIAN_POINT('',(-32.8,-91.38296972909,73.731328875324));
#5032 = CARTESIAN_POINT('',(-32.8,-91.37142584225,73.722941718736));
#5033 = CARTESIAN_POINT('',(-32.8,-91.35854568852,73.713583749345));
#5034 = CARTESIAN_POINT('',(-32.8,-91.34433655202,73.703260204268));
#5035 = CARTESIAN_POINT('',(-32.8,-91.328806431,73.691976911843));
#5036 = CARTESIAN_POINT('',(-32.8,-91.31196407892,73.679740226491));
#5037 = CARTESIAN_POINT('',(-32.8,-91.29381898528,73.666557044374));
#5038 = CARTESIAN_POINT('',(-32.8,-91.27438137468,73.652434793609));
#5039 = CARTESIAN_POINT('',(-32.8,-91.25366219974,73.637381431872));
#5040 = CARTESIAN_POINT('',(-32.8,-91.23167313526,73.621405441376));
#5041 = CARTESIAN_POINT('',(-32.8,-91.20842657161,73.604515824252));
#5042 = CARTESIAN_POINT('',(-32.8,-91.19251107308,73.592952537715));
#5043 = CARTESIAN_POINT('',(-32.8,-91.18434588481,73.58702018119));
#5044 = VECTOR('',#5045,1.);
#5045 = DIRECTION('',(-1.,-0.,0.));
#5046 = ADVANCED_FACE('',(#5047),#5064,.T.);
#5047 = FACE_BOUND('',#5048,.T.);
#5048 = EDGE_LOOP('',(#5049,#5050,#5051,#5058));
#5049 = ORIENTED_EDGE('',*,*,#1360,.T.);
#5050 = ORIENTED_EDGE('',*,*,#4997,.T.);
#5051 = ORIENTED_EDGE('',*,*,#5052,.T.);
#5052 = EDGE_CURVE('',#4953,#5053,#5055,.T.);
#5053 = VERTEX_POINT('',#5054);
#5054 = CARTESIAN_POINT('',(-27.3,-91.36602803611,73.300734920075));
#5055 = B_SPLINE_CURVE_WITH_KNOTS('',1,(#5056,#5057),.UNSPECIFIED.,.F.,
  .F.,(2,2),(0.,0.339068805458),.PIECEWISE_BEZIER_KNOTS.);
#5056 = CARTESIAN_POINT('',(-27.3,-91.18434588481,73.58702018119));
#5057 = CARTESIAN_POINT('',(-27.3,-91.36602803611,73.300734920075));
#5058 = ORIENTED_EDGE('',*,*,#5059,.F.);
#5059 = EDGE_CURVE('',#1299,#5053,#5060,.T.);
#5060 = LINE('',#5061,#5062);
#5061 = CARTESIAN_POINT('',(-32.8,-91.36602803611,73.300734920075));
#5062 = VECTOR('',#5063,1.);
#5063 = DIRECTION('',(1.,0.,0.));
#5064 = SURFACE_OF_LINEAR_EXTRUSION('',#5065,#5068);
#5065 = B_SPLINE_CURVE_WITH_KNOTS('',1,(#5066,#5067),.UNSPECIFIED.,.F.,
  .F.,(2,2),(0.,0.339068805458),.PIECEWISE_BEZIER_KNOTS.);
#5066 = CARTESIAN_POINT('',(-32.8,-91.18434588481,73.58702018119));
#5067 = CARTESIAN_POINT('',(-32.8,-91.36602803611,73.300734920075));
#5068 = VECTOR('',#5069,1.);
#5069 = DIRECTION('',(-1.,-0.,0.));
#5070 = ADVANCED_FACE('',(#5071),#5126,.T.);
#5071 = FACE_BOUND('',#5072,.T.);
#5072 = EDGE_LOOP('',(#5073,#5074,#5075,#5120));
#5073 = ORIENTED_EDGE('',*,*,#1298,.T.);
#5074 = ORIENTED_EDGE('',*,*,#5059,.T.);
#5075 = ORIENTED_EDGE('',*,*,#5076,.T.);
#5076 = EDGE_CURVE('',#5053,#5077,#5079,.T.);
#5077 = VERTEX_POINT('',#5078);
#5078 = CARTESIAN_POINT('',(-27.3,-91.88074651673,73.482868674672));
#5079 = B_SPLINE_CURVE_WITH_KNOTS('',3,(#5080,#5081,#5082,#5083,#5084,
    #5085,#5086,#5087,#5088,#5089,#5090,#5091,#5092,#5093,#5094,#5095,
    #5096,#5097,#5098,#5099,#5100,#5101,#5102,#5103,#5104,#5105,#5106,
    #5107,#5108,#5109,#5110,#5111,#5112,#5113,#5114,#5115,#5116,#5117,
    #5118,#5119),.UNSPECIFIED.,.F.,.F.,(4,1,1,1,1,1,1,1,1,1,1,1,1,1,1,1,
    1,1,1,1,1,1,1,1,1,1,1,1,1,1,1,1,1,1,1,1,1,4),(0.,3.027818324443E-02,
    5.901791423488E-02,8.620299875927E-02,0.111818118615,0.13584884024,
    0.158281622847,0.179103826051,0.198303716995,0.215870476958,
    0.231794207455,0.24606593581,0.258677620215,0.269622154261,
    0.278893370941,0.286486046128,0.292395901513,0.296619607022,0.3,
    0.300717464676,0.302869617863,0.306455803849,0.311474923651,
    0.317925438527,0.32580537074,0.335112304229,0.345843385374,
    0.357995323877,0.371564393779,0.386546434601,0.402936852624,
    0.420730622298,0.439922287779,0.460505964609,0.482475341515,
    0.505823682349,0.530543828147,0.556628199332),.UNSPECIFIED.);
#5080 = CARTESIAN_POINT('',(-27.3,-91.36602803611,73.300734920075));
#5081 = CARTESIAN_POINT('',(-27.3,-91.37487236086,73.305597128749));
#5082 = CARTESIAN_POINT('',(-27.3,-91.39211162502,73.315074494422));
#5083 = CARTESIAN_POINT('',(-27.3,-91.41729171291,73.32891736488));
#5084 = CARTESIAN_POINT('',(-27.3,-91.44110970959,73.342011419362));
#5085 = CARTESIAN_POINT('',(-27.3,-91.46355219415,73.354349279663));
#5086 = CARTESIAN_POINT('',(-27.3,-91.48460652075,73.365923993638));
#5087 = CARTESIAN_POINT('',(-27.3,-91.50426082569,73.37672903929));
#5088 = CARTESIAN_POINT('',(-27.3,-91.52250403437,73.386758327865));
#5089 = CARTESIAN_POINT('',(-27.3,-91.53932586652,73.39600620923));
#5090 = CARTESIAN_POINT('',(-27.3,-91.55471684545,73.404467468619));
#5091 = CARTESIAN_POINT('',(-27.3,-91.56866829204,73.412137350574));
#5092 = CARTESIAN_POINT('',(-27.3,-91.58117236618,73.419011494091));
#5093 = CARTESIAN_POINT('',(-27.3,-91.59222195562,73.425086148483));
#5094 = CARTESIAN_POINT('',(-27.3,-91.60181103735,73.430357515576));
#5095 = CARTESIAN_POINT('',(-27.3,-91.60993360621,73.434823736686));
#5096 = CARTESIAN_POINT('',(-27.3,-91.61658679375,73.438479140083));
#5097 = CARTESIAN_POINT('',(-27.3,-91.62176229195,73.441330085634));
#5098 = CARTESIAN_POINT('',(-27.3,-91.62571547995,73.443489632255));
#5099 = CARTESIAN_POINT('',(-27.3,-91.62813417835,73.444848198111));
#5100 = CARTESIAN_POINT('',(-27.3,-91.6299773758,73.445819432508));
#5101 = CARTESIAN_POINT('',(-27.3,-91.63191130749,73.446764158995));
#5102 = CARTESIAN_POINT('',(-27.3,-91.63516998641,73.448261225519));
#5103 = CARTESIAN_POINT('',(-27.3,-91.63978835779,73.450227055331));
#5104 = CARTESIAN_POINT('',(-27.3,-91.64579044729,73.452590446528));
#5105 = CARTESIAN_POINT('',(-27.3,-91.65320017174,73.455272433402));
#5106 = CARTESIAN_POINT('',(-27.3,-91.66203638406,73.458195611748));
#5107 = CARTESIAN_POINT('',(-27.3,-91.67231473712,73.461280745885));
#5108 = CARTESIAN_POINT('',(-27.3,-91.68404694935,73.464448244699));
#5109 = CARTESIAN_POINT('',(-27.3,-91.69724101587,73.467617888273));
#5110 = CARTESIAN_POINT('',(-27.3,-91.7119011079,73.470709152412));
#5111 = CARTESIAN_POINT('',(-27.3,-91.7280275862,73.473641336008));
#5112 = CARTESIAN_POINT('',(-27.3,-91.74561698884,73.476333751489));
#5113 = CARTESIAN_POINT('',(-27.3,-91.76466203628,73.478705898067));
#5114 = CARTESIAN_POINT('',(-27.3,-91.78515164786,73.480677628373));
#5115 = CARTESIAN_POINT('',(-27.3,-91.80707093906,73.482169363965));
#5116 = CARTESIAN_POINT('',(-27.3,-91.83040134295,73.483102098231));
#5117 = CARTESIAN_POINT('',(-27.3,-91.85512026268,73.483398264962));
#5118 = CARTESIAN_POINT('',(-27.3,-91.87205555846,73.483126087459));
#5119 = CARTESIAN_POINT('',(-27.3,-91.88074651673,73.482868674672));
#5120 = ORIENTED_EDGE('',*,*,#5121,.F.);
#5121 = EDGE_CURVE('',#1289,#5077,#5122,.T.);
#5122 = LINE('',#5123,#5124);
#5123 = CARTESIAN_POINT('',(-32.8,-91.88074651673,73.482868674672));
#5124 = VECTOR('',#5125,1.);
#5125 = DIRECTION('',(1.,0.,0.));
#5126 = SURFACE_OF_LINEAR_EXTRUSION('',#5127,#5168);
#5127 = B_SPLINE_CURVE_WITH_KNOTS('',3,(#5128,#5129,#5130,#5131,#5132,
    #5133,#5134,#5135,#5136,#5137,#5138,#5139,#5140,#5141,#5142,#5143,
    #5144,#5145,#5146,#5147,#5148,#5149,#5150,#5151,#5152,#5153,#5154,
    #5155,#5156,#5157,#5158,#5159,#5160,#5161,#5162,#5163,#5164,#5165,
    #5166,#5167),.UNSPECIFIED.,.F.,.F.,(4,1,1,1,1,1,1,1,1,1,1,1,1,1,1,1,
    1,1,1,1,1,1,1,1,1,1,1,1,1,1,1,1,1,1,1,1,1,4),(0.,3.027818324443E-02,
    5.901791423488E-02,8.620299875927E-02,0.111818118615,0.13584884024,
    0.158281622847,0.179103826051,0.198303716995,0.215870476958,
    0.231794207455,0.24606593581,0.258677620215,0.269622154261,
    0.278893370941,0.286486046128,0.292395901513,0.296619607022,0.3,
    0.300717464676,0.302869617863,0.306455803849,0.311474923651,
    0.317925438527,0.32580537074,0.335112304229,0.345843385374,
    0.357995323877,0.371564393779,0.386546434601,0.402936852624,
    0.420730622298,0.439922287779,0.460505964609,0.482475341515,
    0.505823682349,0.530543828147,0.556628199332),.UNSPECIFIED.);
#5128 = CARTESIAN_POINT('',(-32.8,-91.36602803611,73.300734920075));
#5129 = CARTESIAN_POINT('',(-32.8,-91.37487236086,73.305597128749));
#5130 = CARTESIAN_POINT('',(-32.8,-91.39211162502,73.315074494422));
#5131 = CARTESIAN_POINT('',(-32.8,-91.41729171291,73.32891736488));
#5132 = CARTESIAN_POINT('',(-32.8,-91.44110970959,73.342011419362));
#5133 = CARTESIAN_POINT('',(-32.8,-91.46355219415,73.354349279663));
#5134 = CARTESIAN_POINT('',(-32.8,-91.48460652075,73.365923993638));
#5135 = CARTESIAN_POINT('',(-32.8,-91.50426082569,73.37672903929));
#5136 = CARTESIAN_POINT('',(-32.8,-91.52250403437,73.386758327865));
#5137 = CARTESIAN_POINT('',(-32.8,-91.53932586652,73.39600620923));
#5138 = CARTESIAN_POINT('',(-32.8,-91.55471684545,73.404467468619));
#5139 = CARTESIAN_POINT('',(-32.8,-91.56866829204,73.412137350574));
#5140 = CARTESIAN_POINT('',(-32.8,-91.58117236618,73.419011494091));
#5141 = CARTESIAN_POINT('',(-32.8,-91.59222195562,73.425086148483));
#5142 = CARTESIAN_POINT('',(-32.8,-91.60181103735,73.430357515576));
#5143 = CARTESIAN_POINT('',(-32.8,-91.60993360621,73.434823736686));
#5144 = CARTESIAN_POINT('',(-32.8,-91.61658679375,73.438479140083));
#5145 = CARTESIAN_POINT('',(-32.8,-91.62176229195,73.441330085634));
#5146 = CARTESIAN_POINT('',(-32.8,-91.62571547995,73.443489632255));
#5147 = CARTESIAN_POINT('',(-32.8,-91.62813417835,73.444848198111));
#5148 = CARTESIAN_POINT('',(-32.8,-91.6299773758,73.445819432508));
#5149 = CARTESIAN_POINT('',(-32.8,-91.63191130749,73.446764158995));
#5150 = CARTESIAN_POINT('',(-32.8,-91.63516998641,73.448261225519));
#5151 = CARTESIAN_POINT('',(-32.8,-91.63978835779,73.450227055331));
#5152 = CARTESIAN_POINT('',(-32.8,-91.64579044729,73.452590446528));
#5153 = CARTESIAN_POINT('',(-32.8,-91.65320017174,73.455272433402));
#5154 = CARTESIAN_POINT('',(-32.8,-91.66203638406,73.458195611748));
#5155 = CARTESIAN_POINT('',(-32.8,-91.67231473712,73.461280745885));
#5156 = CARTESIAN_POINT('',(-32.8,-91.68404694935,73.464448244699));
#5157 = CARTESIAN_POINT('',(-32.8,-91.69724101587,73.467617888273));
#5158 = CARTESIAN_POINT('',(-32.8,-91.7119011079,73.470709152412));
#5159 = CARTESIAN_POINT('',(-32.8,-91.7280275862,73.473641336008));
#5160 = CARTESIAN_POINT('',(-32.8,-91.74561698884,73.476333751489));
#5161 = CARTESIAN_POINT('',(-32.8,-91.76466203628,73.478705898067));
#5162 = CARTESIAN_POINT('',(-32.8,-91.78515164786,73.480677628373));
#5163 = CARTESIAN_POINT('',(-32.8,-91.80707093906,73.482169363965));
#5164 = CARTESIAN_POINT('',(-32.8,-91.83040134295,73.483102098231));
#5165 = CARTESIAN_POINT('',(-32.8,-91.85512026268,73.483398264962));
#5166 = CARTESIAN_POINT('',(-32.8,-91.87205555846,73.483126087459));
#5167 = CARTESIAN_POINT('',(-32.8,-91.88074651673,73.482868674672));
#5168 = VECTOR('',#5169,1.);
#5169 = DIRECTION('',(-1.,-0.,0.));
#5170 = ADVANCED_FACE('',(#5171),#5188,.T.);
#5171 = FACE_BOUND('',#5172,.T.);
#5172 = EDGE_LOOP('',(#5173,#5174,#5175,#5182));
#5173 = ORIENTED_EDGE('',*,*,#1288,.T.);
#5174 = ORIENTED_EDGE('',*,*,#5121,.T.);
#5175 = ORIENTED_EDGE('',*,*,#5176,.T.);
#5176 = EDGE_CURVE('',#5077,#5177,#5179,.T.);
#5177 = VERTEX_POINT('',#5178);
#5178 = CARTESIAN_POINT('',(-27.3,-91.97882688928,73.274437273341));
#5179 = B_SPLINE_CURVE_WITH_KNOTS('',1,(#5180,#5181),.UNSPECIFIED.,.F.,
  .F.,(2,2),(0.,0.230354962047),.PIECEWISE_BEZIER_KNOTS.);
#5180 = CARTESIAN_POINT('',(-27.3,-91.88074651673,73.482868674672));
#5181 = CARTESIAN_POINT('',(-27.3,-91.97882688928,73.274437273341));
#5182 = ORIENTED_EDGE('',*,*,#5183,.F.);
#5183 = EDGE_CURVE('',#1234,#5177,#5184,.T.);
#5184 = LINE('',#5185,#5186);
#5185 = CARTESIAN_POINT('',(-32.8,-91.97882688928,73.274437273341));
#5186 = VECTOR('',#5187,1.);
#5187 = DIRECTION('',(1.,0.,0.));
#5188 = SURFACE_OF_LINEAR_EXTRUSION('',#5189,#5192);
#5189 = B_SPLINE_CURVE_WITH_KNOTS('',1,(#5190,#5191),.UNSPECIFIED.,.F.,
  .F.,(2,2),(0.,0.230354962047),.PIECEWISE_BEZIER_KNOTS.);
#5190 = CARTESIAN_POINT('',(-32.8,-91.88074651673,73.482868674672));
#5191 = CARTESIAN_POINT('',(-32.8,-91.97882688928,73.274437273341));
#5192 = VECTOR('',#5193,1.);
#5193 = DIRECTION('',(-1.,-0.,0.));
#5194 = ADVANCED_FACE('',(#5195),#5250,.T.);
#5195 = FACE_BOUND('',#5196,.T.);
#5196 = EDGE_LOOP('',(#5197,#5198,#5199,#5244));
#5197 = ORIENTED_EDGE('',*,*,#1233,.T.);
#5198 = ORIENTED_EDGE('',*,*,#5183,.T.);
#5199 = ORIENTED_EDGE('',*,*,#5200,.T.);
#5200 = EDGE_CURVE('',#5177,#5201,#5203,.T.);
#5201 = VERTEX_POINT('',#5202);
#5202 = CARTESIAN_POINT('',(-27.3,-91.51039651189,72.993936292249));
#5203 = B_SPLINE_CURVE_WITH_KNOTS('',3,(#5204,#5205,#5206,#5207,#5208,
    #5209,#5210,#5211,#5212,#5213,#5214,#5215,#5216,#5217,#5218,#5219,
    #5220,#5221,#5222,#5223,#5224,#5225,#5226,#5227,#5228,#5229,#5230,
    #5231,#5232,#5233,#5234,#5235,#5236,#5237,#5238,#5239,#5240,#5241,
    #5242,#5243),.UNSPECIFIED.,.F.,.F.,(4,1,1,1,1,1,1,1,1,1,1,1,1,1,1,1,
    1,1,1,1,1,1,1,1,1,1,1,1,1,1,1,1,1,1,1,1,1,4),(0.,2.608437118449E-02,
    5.080451698287E-02,7.415285781629E-02,9.612223472286E-02,
    0.116705911553,0.135897577034,0.153691346707,0.170081764731,
    0.185063805553,0.198632875455,0.210784813958,0.221515895103,
    0.230822828592,0.238702760805,0.245153275681,0.250172395482,
    0.253758581468,0.255910734655,0.256628199332,0.260008592309,
    0.264232297819,0.270142153204,0.27773482839,0.287006045071,
    0.297950579117,0.310562263522,0.324833991877,0.340757722373,
    0.358324482337,0.377524373281,0.398346576485,0.420779359092,
    0.444810080717,0.470425200572,0.497610285097,0.526350016087,
    0.556628199332),.UNSPECIFIED.);
#5204 = CARTESIAN_POINT('',(-27.3,-91.97882688928,73.274437273341));
#5205 = CARTESIAN_POINT('',(-27.3,-91.97348540395,73.267576693816));
#5206 = CARTESIAN_POINT('',(-27.3,-91.96290015651,73.254354331674));
#5207 = CARTESIAN_POINT('',(-27.3,-91.94691552369,73.235496860458));
#5208 = CARTESIAN_POINT('',(-27.3,-91.93132548045,73.218115022495));
#5209 = CARTESIAN_POINT('',(-27.3,-91.91620419638,73.20217678641));
#5210 = CARTESIAN_POINT('',(-27.3,-91.9016243821,73.187646097543));
#5211 = CARTESIAN_POINT('',(-27.3,-91.88765684162,73.174483699418));
#5212 = CARTESIAN_POINT('',(-27.3,-91.87437039263,73.162647041968));
#5213 = CARTESIAN_POINT('',(-27.3,-91.86183170221,73.15209042105));
#5214 = CARTESIAN_POINT('',(-27.3,-91.8501051479,73.142765071918));
#5215 = CARTESIAN_POINT('',(-27.3,-91.83925268103,73.134619275793));
#5216 = CARTESIAN_POINT('',(-27.3,-91.82933368771,73.127598490633));
#5217 = CARTESIAN_POINT('',(-27.3,-91.82040488219,73.121645422002));
#5218 = CARTESIAN_POINT('',(-27.3,-91.81252012085,73.116700307392));
#5219 = CARTESIAN_POINT('',(-27.3,-91.80573047833,73.112700579354));
#5220 = CARTESIAN_POINT('',(-27.3,-91.80008357828,73.109582372154));
#5221 = CARTESIAN_POINT('',(-27.3,-91.79562501967,73.107276922932));
#5222 = CARTESIAN_POINT('',(-27.3,-91.79239434996,73.105720333786));
#5223 = CARTESIAN_POINT('',(-27.3,-91.79043369124,73.104832405129));
#5224 = CARTESIAN_POINT('',(-27.3,-91.788510444,73.104031285196));
#5225 = CARTESIAN_POINT('',(-27.3,-91.78592191464,73.103033628515));
#5226 = CARTESIAN_POINT('',(-27.3,-91.7817380985,73.101364191635));
#5227 = CARTESIAN_POINT('',(-27.3,-91.77624242048,73.099193662815));
#5228 = CARTESIAN_POINT('',(-27.3,-91.76918498241,73.096397335527));
#5229 = CARTESIAN_POINT('',(-27.3,-91.76056617965,73.092985665136));
#5230 = CARTESIAN_POINT('',(-27.3,-91.75039221077,73.088957246521));
#5231 = CARTESIAN_POINT('',(-27.3,-91.73866833573,73.084315521968));
#5232 = CARTESIAN_POINT('',(-27.3,-91.72540132029,73.079062711245));
#5233 = CARTESIAN_POINT('',(-27.3,-91.71059858792,73.073201903647));
#5234 = CARTESIAN_POINT('',(-27.3,-91.69426849631,73.066736360275));
#5235 = CARTESIAN_POINT('',(-27.3,-91.67642024189,73.059669737273));
#5236 = CARTESIAN_POINT('',(-27.3,-91.65706388337,73.052006012533));
#5237 = CARTESIAN_POINT('',(-27.3,-91.63621032714,73.043749505614));
#5238 = CARTESIAN_POINT('',(-27.3,-91.61387132387,73.034904868511));
#5239 = CARTESIAN_POINT('',(-27.3,-91.59005946108,73.025477085094));
#5240 = CARTESIAN_POINT('',(-27.3,-91.56478815622,73.015471467681));
#5241 = CARTESIAN_POINT('',(-27.3,-91.53807164913,73.004893654229));
#5242 = CARTESIAN_POINT('',(-27.3,-91.51978049283,72.997651673136));
#5243 = CARTESIAN_POINT('',(-27.3,-91.51039651189,72.993936292249));
#5244 = ORIENTED_EDGE('',*,*,#5245,.F.);
#5245 = EDGE_CURVE('',#1224,#5201,#5246,.T.);
#5246 = LINE('',#5247,#5248);
#5247 = CARTESIAN_POINT('',(-32.8,-91.51039651189,72.993936292249));
#5248 = VECTOR('',#5249,1.);
#5249 = DIRECTION('',(1.,0.,0.));
#5250 = SURFACE_OF_LINEAR_EXTRUSION('',#5251,#5292);
#5251 = B_SPLINE_CURVE_WITH_KNOTS('',3,(#5252,#5253,#5254,#5255,#5256,
    #5257,#5258,#5259,#5260,#5261,#5262,#5263,#5264,#5265,#5266,#5267,
    #5268,#5269,#5270,#5271,#5272,#5273,#5274,#5275,#5276,#5277,#5278,
    #5279,#5280,#5281,#5282,#5283,#5284,#5285,#5286,#5287,#5288,#5289,
    #5290,#5291),.UNSPECIFIED.,.F.,.F.,(4,1,1,1,1,1,1,1,1,1,1,1,1,1,1,1,
    1,1,1,1,1,1,1,1,1,1,1,1,1,1,1,1,1,1,1,1,1,4),(0.,2.608437118449E-02,
    5.080451698287E-02,7.415285781629E-02,9.612223472286E-02,
    0.116705911553,0.135897577034,0.153691346707,0.170081764731,
    0.185063805553,0.198632875455,0.210784813958,0.221515895103,
    0.230822828592,0.238702760805,0.245153275681,0.250172395482,
    0.253758581468,0.255910734655,0.256628199332,0.260008592309,
    0.264232297819,0.270142153204,0.27773482839,0.287006045071,
    0.297950579117,0.310562263522,0.324833991877,0.340757722373,
    0.358324482337,0.377524373281,0.398346576485,0.420779359092,
    0.444810080717,0.470425200572,0.497610285097,0.526350016087,
    0.556628199332),.UNSPECIFIED.);
#5252 = CARTESIAN_POINT('',(-32.8,-91.97882688928,73.274437273341));
#5253 = CARTESIAN_POINT('',(-32.8,-91.97348540395,73.267576693816));
#5254 = CARTESIAN_POINT('',(-32.8,-91.96290015651,73.254354331674));
#5255 = CARTESIAN_POINT('',(-32.8,-91.94691552369,73.235496860458));
#5256 = CARTESIAN_POINT('',(-32.8,-91.93132548045,73.218115022495));
#5257 = CARTESIAN_POINT('',(-32.8,-91.91620419638,73.20217678641));
#5258 = CARTESIAN_POINT('',(-32.8,-91.9016243821,73.187646097543));
#5259 = CARTESIAN_POINT('',(-32.8,-91.88765684162,73.174483699418));
#5260 = CARTESIAN_POINT('',(-32.8,-91.87437039263,73.162647041968));
#5261 = CARTESIAN_POINT('',(-32.8,-91.86183170221,73.15209042105));
#5262 = CARTESIAN_POINT('',(-32.8,-91.8501051479,73.142765071918));
#5263 = CARTESIAN_POINT('',(-32.8,-91.83925268103,73.134619275793));
#5264 = CARTESIAN_POINT('',(-32.8,-91.82933368771,73.127598490633));
#5265 = CARTESIAN_POINT('',(-32.8,-91.82040488219,73.121645422002));
#5266 = CARTESIAN_POINT('',(-32.8,-91.81252012085,73.116700307392));
#5267 = CARTESIAN_POINT('',(-32.8,-91.80573047833,73.112700579354));
#5268 = CARTESIAN_POINT('',(-32.8,-91.80008357828,73.109582372154));
#5269 = CARTESIAN_POINT('',(-32.8,-91.79562501967,73.107276922932));
#5270 = CARTESIAN_POINT('',(-32.8,-91.79239434996,73.105720333786));
#5271 = CARTESIAN_POINT('',(-32.8,-91.79043369124,73.104832405129));
#5272 = CARTESIAN_POINT('',(-32.8,-91.788510444,73.104031285196));
#5273 = CARTESIAN_POINT('',(-32.8,-91.78592191464,73.103033628515));
#5274 = CARTESIAN_POINT('',(-32.8,-91.7817380985,73.101364191635));
#5275 = CARTESIAN_POINT('',(-32.8,-91.77624242048,73.099193662815));
#5276 = CARTESIAN_POINT('',(-32.8,-91.76918498241,73.096397335527));
#5277 = CARTESIAN_POINT('',(-32.8,-91.76056617965,73.092985665136));
#5278 = CARTESIAN_POINT('',(-32.8,-91.75039221077,73.088957246521));
#5279 = CARTESIAN_POINT('',(-32.8,-91.73866833573,73.084315521968));
#5280 = CARTESIAN_POINT('',(-32.8,-91.72540132029,73.079062711245));
#5281 = CARTESIAN_POINT('',(-32.8,-91.71059858792,73.073201903647));
#5282 = CARTESIAN_POINT('',(-32.8,-91.69426849631,73.066736360275));
#5283 = CARTESIAN_POINT('',(-32.8,-91.67642024189,73.059669737273));
#5284 = CARTESIAN_POINT('',(-32.8,-91.65706388337,73.052006012533));
#5285 = CARTESIAN_POINT('',(-32.8,-91.63621032714,73.043749505614));
#5286 = CARTESIAN_POINT('',(-32.8,-91.61387132387,73.034904868511));
#5287 = CARTESIAN_POINT('',(-32.8,-91.59005946108,73.025477085094));
#5288 = CARTESIAN_POINT('',(-32.8,-91.56478815622,73.015471467681));
#5289 = CARTESIAN_POINT('',(-32.8,-91.53807164913,73.004893654229));
#5290 = CARTESIAN_POINT('',(-32.8,-91.51978049283,72.997651673136));
#5291 = CARTESIAN_POINT('',(-32.8,-91.51039651189,72.993936292249));
#5292 = VECTOR('',#5293,1.);
#5293 = DIRECTION('',(-1.,-0.,0.));
#5294 = ADVANCED_FACE('',(#5295),#5312,.T.);
#5295 = FACE_BOUND('',#5296,.T.);
#5296 = EDGE_LOOP('',(#5297,#5298,#5299,#5306));
#5297 = ORIENTED_EDGE('',*,*,#1223,.T.);
#5298 = ORIENTED_EDGE('',*,*,#5245,.T.);
#5299 = ORIENTED_EDGE('',*,*,#5300,.T.);
#5300 = EDGE_CURVE('',#5201,#5301,#5303,.T.);
#5301 = VERTEX_POINT('',#5302);
#5302 = CARTESIAN_POINT('',(-27.3,-91.61517453504,72.671462695345));
#5303 = B_SPLINE_CURVE_WITH_KNOTS('',1,(#5304,#5305),.UNSPECIFIED.,.F.,
  .F.,(2,2),(0.,0.339068805458),.PIECEWISE_BEZIER_KNOTS.);
#5304 = CARTESIAN_POINT('',(-27.3,-91.51039651189,72.993936292249));
#5305 = CARTESIAN_POINT('',(-27.3,-91.61517453504,72.671462695345));
#5306 = ORIENTED_EDGE('',*,*,#5307,.F.);
#5307 = EDGE_CURVE('',#1162,#5301,#5308,.T.);
#5308 = LINE('',#5309,#5310);
#5309 = CARTESIAN_POINT('',(-32.8,-91.61517453504,72.671462695345));
#5310 = VECTOR('',#5311,1.);
#5311 = DIRECTION('',(1.,0.,0.));
#5312 = SURFACE_OF_LINEAR_EXTRUSION('',#5313,#5316);
#5313 = B_SPLINE_CURVE_WITH_KNOTS('',1,(#5314,#5315),.UNSPECIFIED.,.F.,
  .F.,(2,2),(0.,0.339068805458),.PIECEWISE_BEZIER_KNOTS.);
#5314 = CARTESIAN_POINT('',(-32.8,-91.51039651189,72.993936292249));
#5315 = CARTESIAN_POINT('',(-32.8,-91.61517453504,72.671462695345));
#5316 = VECTOR('',#5317,1.);
#5317 = DIRECTION('',(-1.,-0.,0.));
#5318 = ADVANCED_FACE('',(#5319),#5374,.T.);
#5319 = FACE_BOUND('',#5320,.T.);
#5320 = EDGE_LOOP('',(#5321,#5322,#5323,#5368));
#5321 = ORIENTED_EDGE('',*,*,#1161,.T.);
#5322 = ORIENTED_EDGE('',*,*,#5307,.T.);
#5323 = ORIENTED_EDGE('',*,*,#5324,.T.);
#5324 = EDGE_CURVE('',#5301,#5325,#5327,.T.);
#5325 = VERTEX_POINT('',#5326);
#5326 = CARTESIAN_POINT('',(-27.3,-92.15901701097,72.719869102255));
#5327 = B_SPLINE_CURVE_WITH_KNOTS('',3,(#5328,#5329,#5330,#5331,#5332,
    #5333,#5334,#5335,#5336,#5337,#5338,#5339,#5340,#5341,#5342,#5343,
    #5344,#5345,#5346,#5347,#5348,#5349,#5350,#5351,#5352,#5353,#5354,
    #5355,#5356,#5357,#5358,#5359,#5360,#5361,#5362,#5363,#5364,#5365,
    #5366,#5367),.UNSPECIFIED.,.F.,.F.,(4,1,1,1,1,1,1,1,1,1,1,1,1,1,1,1,
    1,1,1,1,1,1,1,1,1,1,1,1,1,1,1,1,1,1,1,1,1,4),(0.,3.027818324443E-02,
    5.901791423488E-02,8.620299875927E-02,0.111818118615,0.13584884024,
    0.158281622847,0.179103826051,0.198303716995,0.215870476958,
    0.231794207455,0.24606593581,0.258677620215,0.269622154261,
    0.278893370941,0.286486046128,0.292395901513,0.296619607022,0.3,
    0.300717464676,0.302869617863,0.306455803849,0.311474923651,
    0.317925438527,0.32580537074,0.335112304229,0.345843385374,
    0.357995323877,0.371564393779,0.386546434601,0.402936852624,
    0.420730622298,0.439922287779,0.460505964609,0.482475341515,
    0.505823682349,0.530543828147,0.556628199332),.UNSPECIFIED.);
#5328 = CARTESIAN_POINT('',(-27.3,-91.61517453504,72.671462695345));
#5329 = CARTESIAN_POINT('',(-27.3,-91.62495018119,72.67397265467));
#5330 = CARTESIAN_POINT('',(-27.3,-91.64400476717,72.678865040814));
#5331 = CARTESIAN_POINT('',(-27.3,-91.67183635818,72.686010978826));
#5332 = CARTESIAN_POINT('',(-27.3,-91.69816242763,72.6927703646));
#5333 = CARTESIAN_POINT('',(-27.3,-91.72296814136,72.699139389379));
#5334 = CARTESIAN_POINT('',(-27.3,-91.74623952189,72.705114464322));
#5335 = CARTESIAN_POINT('',(-27.3,-91.76796345627,72.71069222272));
#5336 = CARTESIAN_POINT('',(-27.3,-91.78812770365,72.715869521244));
#5337 = CARTESIAN_POINT('',(-27.3,-91.80672090158,72.720643443872));
#5338 = CARTESIAN_POINT('',(-27.3,-91.82373257425,72.725011296422));
#5339 = CARTESIAN_POINT('',(-27.3,-91.83915313257,72.728970631254));
#5340 = CARTESIAN_POINT('',(-27.3,-91.8529738982,72.732519174125));
#5341 = CARTESIAN_POINT('',(-27.3,-91.86518704959,72.735655060928));
#5342 = CARTESIAN_POINT('',(-27.3,-91.87578580837,72.738376110677));
#5343 = CARTESIAN_POINT('',(-27.3,-91.88476389581,72.740682016505));
#5344 = CARTESIAN_POINT('',(-27.3,-91.89211712309,72.742567998224));
#5345 = CARTESIAN_POINT('',(-27.3,-91.89783902483,72.744042282013));
#5346 = CARTESIAN_POINT('',(-27.3,-91.90220507357,72.745150864628));
#5347 = CARTESIAN_POINT('',(-27.3,-91.9048856457,72.745865242807));
#5348 = CARTESIAN_POINT('',(-27.3,-91.90691247188,72.746347579526));
#5349 = CARTESIAN_POINT('',(-27.3,-91.90902058948,72.746781676437));
#5350 = CARTESIAN_POINT('',(-27.3,-91.91254919631,72.74742130937));
#5351 = CARTESIAN_POINT('',(-27.3,-91.91751135505,72.748176836768));
#5352 = CARTESIAN_POINT('',(-27.3,-91.92391262936,72.748973318724));
#5353 = CARTESIAN_POINT('',(-27.3,-91.93175654671,72.749728322511));
#5354 = CARTESIAN_POINT('',(-27.3,-91.94104211807,72.750362187188));
#5355 = CARTESIAN_POINT('',(-27.3,-91.95176479942,72.750794273701));
#5356 = CARTESIAN_POINT('',(-27.3,-91.96391614755,72.75094457718));
#5357 = CARTESIAN_POINT('',(-27.3,-91.97748395651,72.750733409659));
#5358 = CARTESIAN_POINT('',(-27.3,-91.99245224093,72.750081739417));
#5359 = CARTESIAN_POINT('',(-27.3,-92.00880128066,72.748911311006));
#5360 = CARTESIAN_POINT('',(-27.3,-92.02650765637,72.747144832745));
#5361 = CARTESIAN_POINT('',(-27.3,-92.04554429749,72.744706143278));
#5362 = CARTESIAN_POINT('',(-27.3,-92.06588053963,72.741520368858));
#5363 = CARTESIAN_POINT('',(-27.3,-92.08748217555,72.737514132779));
#5364 = CARTESIAN_POINT('',(-27.3,-92.11031157348,72.732615527971));
#5365 = CARTESIAN_POINT('',(-27.3,-92.13432755656,72.726755044722));
#5366 = CARTESIAN_POINT('',(-27.3,-92.15066311109,72.722279781378));
#5367 = CARTESIAN_POINT('',(-27.3,-92.15901701097,72.719869102255));
#5368 = ORIENTED_EDGE('',*,*,#5369,.F.);
#5369 = EDGE_CURVE('',#1152,#5325,#5370,.T.);
#5370 = LINE('',#5371,#5372);
#5371 = CARTESIAN_POINT('',(-32.8,-92.15901701097,72.719869102255));
#5372 = VECTOR('',#5373,1.);
#5373 = DIRECTION('',(1.,0.,0.));
#5374 = SURFACE_OF_LINEAR_EXTRUSION('',#5375,#5416);
#5375 = B_SPLINE_CURVE_WITH_KNOTS('',3,(#5376,#5377,#5378,#5379,#5380,
    #5381,#5382,#5383,#5384,#5385,#5386,#5387,#5388,#5389,#5390,#5391,
    #5392,#5393,#5394,#5395,#5396,#5397,#5398,#5399,#5400,#5401,#5402,
    #5403,#5404,#5405,#5406,#5407,#5408,#5409,#5410,#5411,#5412,#5413,
    #5414,#5415),.UNSPECIFIED.,.F.,.F.,(4,1,1,1,1,1,1,1,1,1,1,1,1,1,1,1,
    1,1,1,1,1,1,1,1,1,1,1,1,1,1,1,1,1,1,1,1,1,4),(0.,3.027818324443E-02,
    5.901791423488E-02,8.620299875927E-02,0.111818118615,0.13584884024,
    0.158281622847,0.179103826051,0.198303716995,0.215870476958,
    0.231794207455,0.24606593581,0.258677620215,0.269622154261,
    0.278893370941,0.286486046128,0.292395901513,0.296619607022,0.3,
    0.300717464676,0.302869617863,0.306455803849,0.311474923651,
    0.317925438527,0.32580537074,0.335112304229,0.345843385374,
    0.357995323877,0.371564393779,0.386546434601,0.402936852624,
    0.420730622298,0.439922287779,0.460505964609,0.482475341515,
    0.505823682349,0.530543828147,0.556628199332),.UNSPECIFIED.);
#5376 = CARTESIAN_POINT('',(-32.8,-91.61517453504,72.671462695345));
#5377 = CARTESIAN_POINT('',(-32.8,-91.62495018119,72.67397265467));
#5378 = CARTESIAN_POINT('',(-32.8,-91.64400476717,72.678865040814));
#5379 = CARTESIAN_POINT('',(-32.8,-91.67183635818,72.686010978826));
#5380 = CARTESIAN_POINT('',(-32.8,-91.69816242763,72.6927703646));
#5381 = CARTESIAN_POINT('',(-32.8,-91.72296814136,72.699139389379));
#5382 = CARTESIAN_POINT('',(-32.8,-91.74623952189,72.705114464322));
#5383 = CARTESIAN_POINT('',(-32.8,-91.76796345627,72.71069222272));
#5384 = CARTESIAN_POINT('',(-32.8,-91.78812770365,72.715869521244));
#5385 = CARTESIAN_POINT('',(-32.8,-91.80672090158,72.720643443872));
#5386 = CARTESIAN_POINT('',(-32.8,-91.82373257425,72.725011296422));
#5387 = CARTESIAN_POINT('',(-32.8,-91.83915313257,72.728970631254));
#5388 = CARTESIAN_POINT('',(-32.8,-91.8529738982,72.732519174125));
#5389 = CARTESIAN_POINT('',(-32.8,-91.86518704959,72.735655060928));
#5390 = CARTESIAN_POINT('',(-32.8,-91.87578580837,72.738376110677));
#5391 = CARTESIAN_POINT('',(-32.8,-91.88476389581,72.740682016505));
#5392 = CARTESIAN_POINT('',(-32.8,-91.89211712309,72.742567998224));
#5393 = CARTESIAN_POINT('',(-32.8,-91.89783902483,72.744042282013));
#5394 = CARTESIAN_POINT('',(-32.8,-91.90220507357,72.745150864628));
#5395 = CARTESIAN_POINT('',(-32.8,-91.9048856457,72.745865242807));
#5396 = CARTESIAN_POINT('',(-32.8,-91.90691247188,72.746347579526));
#5397 = CARTESIAN_POINT('',(-32.8,-91.90902058948,72.746781676437));
#5398 = CARTESIAN_POINT('',(-32.8,-91.91254919631,72.74742130937));
#5399 = CARTESIAN_POINT('',(-32.8,-91.91751135505,72.748176836768));
#5400 = CARTESIAN_POINT('',(-32.8,-91.92391262936,72.748973318724));
#5401 = CARTESIAN_POINT('',(-32.8,-91.93175654671,72.749728322511));
#5402 = CARTESIAN_POINT('',(-32.8,-91.94104211807,72.750362187188));
#5403 = CARTESIAN_POINT('',(-32.8,-91.95176479942,72.750794273701));
#5404 = CARTESIAN_POINT('',(-32.8,-91.96391614755,72.75094457718));
#5405 = CARTESIAN_POINT('',(-32.8,-91.97748395651,72.750733409659));
#5406 = CARTESIAN_POINT('',(-32.8,-91.99245224093,72.750081739417));
#5407 = CARTESIAN_POINT('',(-32.8,-92.00880128066,72.748911311006));
#5408 = CARTESIAN_POINT('',(-32.8,-92.02650765637,72.747144832745));
#5409 = CARTESIAN_POINT('',(-32.8,-92.04554429749,72.744706143278));
#5410 = CARTESIAN_POINT('',(-32.8,-92.06588053963,72.741520368858));
#5411 = CARTESIAN_POINT('',(-32.8,-92.08748217555,72.737514132779));
#5412 = CARTESIAN_POINT('',(-32.8,-92.11031157348,72.732615527971));
#5413 = CARTESIAN_POINT('',(-32.8,-92.13432755656,72.726755044722));
#5414 = CARTESIAN_POINT('',(-32.8,-92.15066311109,72.722279781378));
#5415 = CARTESIAN_POINT('',(-32.8,-92.15901701097,72.719869102255));
#5416 = VECTOR('',#5417,1.);
#5417 = DIRECTION('',(-1.,-0.,0.));
#5418 = ADVANCED_FACE('',(#5419),#5436,.T.);
#5419 = FACE_BOUND('',#5420,.T.);
#5420 = EDGE_LOOP('',(#5421,#5422,#5423,#5430));
#5421 = ORIENTED_EDGE('',*,*,#1151,.T.);
#5422 = ORIENTED_EDGE('',*,*,#5369,.T.);
#5423 = ORIENTED_EDGE('',*,*,#5424,.T.);
#5424 = EDGE_CURVE('',#5325,#5425,#5427,.T.);
#5425 = VERTEX_POINT('',#5426);
#5426 = CARTESIAN_POINT('',(-27.3,-92.20218122658,72.493594359894));
#5427 = B_SPLINE_CURVE_WITH_KNOTS('',1,(#5428,#5429),.UNSPECIFIED.,.F.,
  .F.,(2,2),(0.,0.230354962047),.PIECEWISE_BEZIER_KNOTS.);
#5428 = CARTESIAN_POINT('',(-27.3,-92.15901701097,72.719869102255));
#5429 = CARTESIAN_POINT('',(-27.3,-92.20218122658,72.493594359894));
#5430 = ORIENTED_EDGE('',*,*,#5431,.F.);
#5431 = EDGE_CURVE('',#1097,#5425,#5432,.T.);
#5432 = LINE('',#5433,#5434);
#5433 = CARTESIAN_POINT('',(-32.8,-92.20218122658,72.493594359894));
#5434 = VECTOR('',#5435,1.);
#5435 = DIRECTION('',(1.,0.,0.));
#5436 = SURFACE_OF_LINEAR_EXTRUSION('',#5437,#5440);
#5437 = B_SPLINE_CURVE_WITH_KNOTS('',1,(#5438,#5439),.UNSPECIFIED.,.F.,
  .F.,(2,2),(0.,0.230354962047),.PIECEWISE_BEZIER_KNOTS.);
#5438 = CARTESIAN_POINT('',(-32.8,-92.15901701097,72.719869102255));
#5439 = CARTESIAN_POINT('',(-32.8,-92.20218122658,72.493594359894));
#5440 = VECTOR('',#5441,1.);
#5441 = DIRECTION('',(-1.,-0.,0.));
#5442 = ADVANCED_FACE('',(#5443),#5498,.T.);
#5443 = FACE_BOUND('',#5444,.T.);
#5444 = EDGE_LOOP('',(#5445,#5446,#5447,#5492));
#5445 = ORIENTED_EDGE('',*,*,#1096,.T.);
#5446 = ORIENTED_EDGE('',*,*,#5431,.T.);
#5447 = ORIENTED_EDGE('',*,*,#5448,.T.);
#5448 = EDGE_CURVE('',#5425,#5449,#5451,.T.);
#5449 = VERTEX_POINT('',#5450);
#5450 = CARTESIAN_POINT('',(-27.3,-91.67870969354,72.338399730624));
#5451 = B_SPLINE_CURVE_WITH_KNOTS('',3,(#5452,#5453,#5454,#5455,#5456,
    #5457,#5458,#5459,#5460,#5461,#5462,#5463,#5464,#5465,#5466,#5467,
    #5468,#5469,#5470,#5471,#5472,#5473,#5474,#5475,#5476,#5477,#5478,
    #5479,#5480,#5481,#5482,#5483,#5484,#5485,#5486,#5487,#5488,#5489,
    #5490,#5491),.UNSPECIFIED.,.F.,.F.,(4,1,1,1,1,1,1,1,1,1,1,1,1,1,1,1,
    1,1,1,1,1,1,1,1,1,1,1,1,1,1,1,1,1,1,1,1,1,4),(0.,2.608437118449E-02,
    5.080451698287E-02,7.415285781629E-02,9.612223472286E-02,
    0.116705911553,0.135897577034,0.153691346707,0.170081764731,
    0.185063805553,0.198632875455,0.210784813958,0.221515895103,
    0.230822828592,0.238702760805,0.245153275681,0.250172395482,
    0.253758581468,0.255910734655,0.256628199332,0.260008592309,
    0.264232297819,0.270142153204,0.27773482839,0.287006045071,
    0.297950579117,0.310562263522,0.324833991877,0.340757722373,
    0.358324482337,0.377524373281,0.398346576485,0.420779359092,
    0.444810080717,0.470425200572,0.497610285097,0.526350016087,
    0.556628199332),.UNSPECIFIED.);
#5452 = CARTESIAN_POINT('',(-27.3,-92.20218122658,72.493594359894));
#5453 = CARTESIAN_POINT('',(-27.3,-92.19530139708,72.488277691475));
#5454 = CARTESIAN_POINT('',(-27.3,-92.18176043691,72.478103178144));
#5455 = CARTESIAN_POINT('',(-27.3,-92.16158832833,72.463813365595));
#5456 = CARTESIAN_POINT('',(-27.3,-92.14216538765,72.450854696129));
#5457 = CARTESIAN_POINT('',(-27.3,-92.12355548839,72.439177699468));
#5458 = CARTESIAN_POINT('',(-27.3,-92.10582009041,72.42872937128));
#5459 = CARTESIAN_POINT('',(-27.3,-92.0890180106,72.419454080161));
#5460 = CARTESIAN_POINT('',(-27.3,-92.07320532283,72.411293498572));
#5461 = CARTESIAN_POINT('',(-27.3,-92.05843523356,72.404186778819));
#5462 = CARTESIAN_POINT('',(-27.3,-92.04475797049,72.398070678147));
#5463 = CARTESIAN_POINT('',(-27.3,-92.0322206767,72.392879695947));
#5464 = CARTESIAN_POINT('',(-27.3,-92.02086730854,72.388546234991));
#5465 = CARTESIAN_POINT('',(-27.3,-92.0107385499,72.385000696595));
#5466 = CARTESIAN_POINT('',(-27.3,-92.00187170283,72.382171802263));
#5467 = CARTESIAN_POINT('',(-27.3,-91.9943006775,72.379986248469));
#5468 = CARTESIAN_POINT('',(-27.3,-91.9880557186,72.378370332419));
#5469 = CARTESIAN_POINT('',(-27.3,-91.9831638919,72.377246111562));
#5470 = CARTESIAN_POINT('',(-27.3,-91.97964761165,72.376541860409));
#5471 = CARTESIAN_POINT('',(-27.3,-91.97752773175,72.376169423662));
#5472 = CARTESIAN_POINT('',(-27.3,-91.97546567644,72.375871764521));
#5473 = CARTESIAN_POINT('',(-27.3,-91.97271036335,72.375549192137));
#5474 = CARTESIAN_POINT('',(-27.3,-91.96824281742,72.374972676448));
#5475 = CARTESIAN_POINT('',(-27.3,-91.96238000767,72.374237058328));
#5476 = CARTESIAN_POINT('',(-27.3,-91.95484887367,72.373283696282));
#5477 = CARTESIAN_POINT('',(-27.3,-91.94565239853,72.372122618875));
#5478 = CARTESIAN_POINT('',(-27.3,-91.93479623661,72.370750923613));
#5479 = CARTESIAN_POINT('',(-27.3,-91.92228633871,72.369170636534));
#5480 = CARTESIAN_POINT('',(-27.3,-91.90812981005,72.367382225091));
#5481 = CARTESIAN_POINT('',(-27.3,-91.89233460916,72.365386835383));
#5482 = CARTESIAN_POINT('',(-27.3,-91.87490964216,72.363185547585));
#5483 = CARTESIAN_POINT('',(-27.3,-91.85586472579,72.360779615918));
#5484 = CARTESIAN_POINT('',(-27.3,-91.83521059202,72.3581703918));
#5485 = CARTESIAN_POINT('',(-27.3,-91.81295887884,72.355359346775));
#5486 = CARTESIAN_POINT('',(-27.3,-91.78912212464,72.352348064412));
#5487 = CARTESIAN_POINT('',(-27.3,-91.7637137609,72.34913824162));
#5488 = CARTESIAN_POINT('',(-27.3,-91.73674810469,72.34573168703));
#5489 = CARTESIAN_POINT('',(-27.3,-91.70824035057,72.342130320171));
#5490 = CARTESIAN_POINT('',(-27.3,-91.68872283712,72.339664684828));
#5491 = CARTESIAN_POINT('',(-27.3,-91.67870969354,72.338399730624));
#5492 = ORIENTED_EDGE('',*,*,#5493,.F.);
#5493 = EDGE_CURVE('',#1087,#5449,#5494,.T.);
#5494 = LINE('',#5495,#5496);
#5495 = CARTESIAN_POINT('',(-32.8,-91.67870969354,72.338399730624));
#5496 = VECTOR('',#5497,1.);
#5497 = DIRECTION('',(1.,0.,0.));
#5498 = SURFACE_OF_LINEAR_EXTRUSION('',#5499,#5540);
#5499 = B_SPLINE_CURVE_WITH_KNOTS('',3,(#5500,#5501,#5502,#5503,#5504,
    #5505,#5506,#5507,#5508,#5509,#5510,#5511,#5512,#5513,#5514,#5515,
    #5516,#5517,#5518,#5519,#5520,#5521,#5522,#5523,#5524,#5525,#5526,
    #5527,#5528,#5529,#5530,#5531,#5532,#5533,#5534,#5535,#5536,#5537,
    #5538,#5539),.UNSPECIFIED.,.F.,.F.,(4,1,1,1,1,1,1,1,1,1,1,1,1,1,1,1,
    1,1,1,1,1,1,1,1,1,1,1,1,1,1,1,1,1,1,1,1,1,4),(0.,2.608437118449E-02,
    5.080451698287E-02,7.415285781629E-02,9.612223472286E-02,
    0.116705911553,0.135897577034,0.153691346707,0.170081764731,
    0.185063805553,0.198632875455,0.210784813958,0.221515895103,
    0.230822828592,0.238702760805,0.245153275681,0.250172395482,
    0.253758581468,0.255910734655,0.256628199332,0.260008592309,
    0.264232297819,0.270142153204,0.27773482839,0.287006045071,
    0.297950579117,0.310562263522,0.324833991877,0.340757722373,
    0.358324482337,0.377524373281,0.398346576485,0.420779359092,
    0.444810080717,0.470425200572,0.497610285097,0.526350016087,
    0.556628199332),.UNSPECIFIED.);
#5500 = CARTESIAN_POINT('',(-32.8,-92.20218122658,72.493594359894));
#5501 = CARTESIAN_POINT('',(-32.8,-92.19530139708,72.488277691475));
#5502 = CARTESIAN_POINT('',(-32.8,-92.18176043691,72.478103178144));
#5503 = CARTESIAN_POINT('',(-32.8,-92.16158832833,72.463813365595));
#5504 = CARTESIAN_POINT('',(-32.8,-92.14216538765,72.450854696129));
#5505 = CARTESIAN_POINT('',(-32.8,-92.12355548839,72.439177699468));
#5506 = CARTESIAN_POINT('',(-32.8,-92.10582009041,72.42872937128));
#5507 = CARTESIAN_POINT('',(-32.8,-92.0890180106,72.419454080161));
#5508 = CARTESIAN_POINT('',(-32.8,-92.07320532283,72.411293498572));
#5509 = CARTESIAN_POINT('',(-32.8,-92.05843523356,72.404186778819));
#5510 = CARTESIAN_POINT('',(-32.8,-92.04475797049,72.398070678147));
#5511 = CARTESIAN_POINT('',(-32.8,-92.0322206767,72.392879695947));
#5512 = CARTESIAN_POINT('',(-32.8,-92.02086730854,72.388546234991));
#5513 = CARTESIAN_POINT('',(-32.8,-92.0107385499,72.385000696595));
#5514 = CARTESIAN_POINT('',(-32.8,-92.00187170283,72.382171802263));
#5515 = CARTESIAN_POINT('',(-32.8,-91.9943006775,72.379986248469));
#5516 = CARTESIAN_POINT('',(-32.8,-91.9880557186,72.378370332419));
#5517 = CARTESIAN_POINT('',(-32.8,-91.9831638919,72.377246111562));
#5518 = CARTESIAN_POINT('',(-32.8,-91.97964761165,72.376541860409));
#5519 = CARTESIAN_POINT('',(-32.8,-91.97752773175,72.376169423662));
#5520 = CARTESIAN_POINT('',(-32.8,-91.97546567644,72.375871764521));
#5521 = CARTESIAN_POINT('',(-32.8,-91.97271036335,72.375549192137));
#5522 = CARTESIAN_POINT('',(-32.8,-91.96824281742,72.374972676448));
#5523 = CARTESIAN_POINT('',(-32.8,-91.96238000767,72.374237058328));
#5524 = CARTESIAN_POINT('',(-32.8,-91.95484887367,72.373283696282));
#5525 = CARTESIAN_POINT('',(-32.8,-91.94565239853,72.372122618875));
#5526 = CARTESIAN_POINT('',(-32.8,-91.93479623661,72.370750923613));
#5527 = CARTESIAN_POINT('',(-32.8,-91.92228633871,72.369170636534));
#5528 = CARTESIAN_POINT('',(-32.8,-91.90812981005,72.367382225091));
#5529 = CARTESIAN_POINT('',(-32.8,-91.89233460916,72.365386835383));
#5530 = CARTESIAN_POINT('',(-32.8,-91.87490964216,72.363185547585));
#5531 = CARTESIAN_POINT('',(-32.8,-91.85586472579,72.360779615918));
#5532 = CARTESIAN_POINT('',(-32.8,-91.83521059202,72.3581703918));
#5533 = CARTESIAN_POINT('',(-32.8,-91.81295887884,72.355359346775));
#5534 = CARTESIAN_POINT('',(-32.8,-91.78912212464,72.352348064412));
#5535 = CARTESIAN_POINT('',(-32.8,-91.7637137609,72.34913824162));
#5536 = CARTESIAN_POINT('',(-32.8,-91.73674810469,72.34573168703));
#5537 = CARTESIAN_POINT('',(-32.8,-91.70824035057,72.342130320171));
#5538 = CARTESIAN_POINT('',(-32.8,-91.68872283712,72.339664684828));
#5539 = CARTESIAN_POINT('',(-32.8,-91.67870969354,72.338399730624));
#5540 = VECTOR('',#5541,1.);
#5541 = DIRECTION('',(-1.,-0.,0.));
#5542 = ADVANCED_FACE('',(#5543),#5560,.T.);
#5543 = FACE_BOUND('',#5544,.T.);
#5544 = EDGE_LOOP('',(#5545,#5546,#5547,#5554));
#5545 = ORIENTED_EDGE('',*,*,#1086,.T.);
#5546 = ORIENTED_EDGE('',*,*,#5493,.T.);
#5547 = ORIENTED_EDGE('',*,*,#5548,.T.);
#5548 = EDGE_CURVE('',#5449,#5549,#5551,.T.);
#5549 = VERTEX_POINT('',#5550);
#5550 = CARTESIAN_POINT('',(-27.3,-91.7,72.));
#5551 = B_SPLINE_CURVE_WITH_KNOTS('',1,(#5552,#5553),.UNSPECIFIED.,.F.,
  .F.,(2,2),(0.,0.339068805458),.PIECEWISE_BEZIER_KNOTS.);
#5552 = CARTESIAN_POINT('',(-27.3,-91.67870969354,72.338399730624));
#5553 = CARTESIAN_POINT('',(-27.3,-91.7,72.));
#5554 = ORIENTED_EDGE('',*,*,#5555,.F.);
#5555 = EDGE_CURVE('',#1025,#5549,#5556,.T.);
#5556 = LINE('',#5557,#5558);
#5557 = CARTESIAN_POINT('',(-32.8,-91.7,72.));
#5558 = VECTOR('',#5559,1.);
#5559 = DIRECTION('',(1.,0.,0.));
#5560 = SURFACE_OF_LINEAR_EXTRUSION('',#5561,#5564);
#5561 = B_SPLINE_CURVE_WITH_KNOTS('',1,(#5562,#5563),.UNSPECIFIED.,.F.,
  .F.,(2,2),(0.,0.339068805458),.PIECEWISE_BEZIER_KNOTS.);
#5562 = CARTESIAN_POINT('',(-32.8,-91.67870969354,72.338399730624));
#5563 = CARTESIAN_POINT('',(-32.8,-91.7,72.));
#5564 = VECTOR('',#5565,1.);
#5565 = DIRECTION('',(-1.,-0.,0.));
#5566 = ADVANCED_FACE('',(#5567),#5622,.T.);
#5567 = FACE_BOUND('',#5568,.T.);
#5568 = EDGE_LOOP('',(#5569,#5570,#5571,#5616));
#5569 = ORIENTED_EDGE('',*,*,#1024,.T.);
#5570 = ORIENTED_EDGE('',*,*,#5555,.T.);
#5571 = ORIENTED_EDGE('',*,*,#5572,.T.);
#5572 = EDGE_CURVE('',#5549,#5573,#5575,.T.);
#5573 = VERTEX_POINT('',#5574);
#5574 = CARTESIAN_POINT('',(-27.3,-92.23879484836,71.91163750665));
#5575 = B_SPLINE_CURVE_WITH_KNOTS('',3,(#5576,#5577,#5578,#5579,#5580,
    #5581,#5582,#5583,#5584,#5585,#5586,#5587,#5588,#5589,#5590,#5591,
    #5592,#5593,#5594,#5595,#5596,#5597,#5598,#5599,#5600,#5601,#5602,
    #5603,#5604,#5605,#5606,#5607,#5608,#5609,#5610,#5611,#5612,#5613,
    #5614,#5615),.UNSPECIFIED.,.F.,.F.,(4,1,1,1,1,1,1,1,1,1,1,1,1,1,1,1,
    1,1,1,1,1,1,1,1,1,1,1,1,1,1,1,1,1,1,1,1,1,4),(0.,3.027818324443E-02,
    5.901791423488E-02,8.620299875927E-02,0.111818118615,0.13584884024,
    0.158281622847,0.179103826051,0.198303716995,0.215870476958,
    0.231794207455,0.24606593581,0.258677620215,0.269622154261,
    0.278893370941,0.286486046128,0.292395901513,0.296619607022,0.3,
    0.300717464676,0.302869617863,0.306455803849,0.311474923651,
    0.317925438527,0.32580537074,0.335112304229,0.345843385374,
    0.357995323877,0.371564393779,0.386546434601,0.402936852624,
    0.420730622298,0.439922287779,0.460505964609,0.482475341515,
    0.505823682349,0.530543828147,0.556628199332),.UNSPECIFIED.);
#5576 = CARTESIAN_POINT('',(-27.3,-91.7,72.));
#5577 = CARTESIAN_POINT('',(-27.3,-91.71009272774,72.));
#5578 = CARTESIAN_POINT('',(-27.3,-91.72976536582,72.));
#5579 = CARTESIAN_POINT('',(-27.3,-91.75849969874,72.));
#5580 = CARTESIAN_POINT('',(-27.3,-91.7856796772,71.999999999999));
#5581 = CARTESIAN_POINT('',(-27.3,-91.81128998587,72.000000000005));
#5582 = CARTESIAN_POINT('',(-27.3,-91.8353161939,71.999999999984));
#5583 = CARTESIAN_POINT('',(-27.3,-91.85774476304,72.000000000054));
#5584 = CARTESIAN_POINT('',(-27.3,-91.87856305529,71.99999999982));
#5585 = CARTESIAN_POINT('',(-27.3,-91.89775934,72.000000000594));
#5586 = CARTESIAN_POINT('',(-27.3,-91.91532280045,71.999999998067));
#5587 = CARTESIAN_POINT('',(-27.3,-91.93124354011,72.000000006205));
#5588 = CARTESIAN_POINT('',(-27.3,-91.9455125877,71.999999980432));
#5589 = CARTESIAN_POINT('',(-27.3,-91.95812190381,72.000000060345));
#5590 = CARTESIAN_POINT('',(-27.3,-91.96906438065,71.999999819187));
#5591 = CARTESIAN_POINT('',(-27.3,-91.97833386043,72.000000521189));
#5592 = CARTESIAN_POINT('',(-27.3,-91.98592509713,71.999998578063));
#5593 = CARTESIAN_POINT('',(-27.3,-91.99183387427,72.000003565416));
#5594 = CARTESIAN_POINT('',(-27.3,-91.99633844884,71.999991527704));
#5595 = CARTESIAN_POINT('',(-27.3,-91.9991124645,72.000016831197));
#5596 = CARTESIAN_POINT('',(-27.3,-92.00119556647,71.999979963248));
#5597 = CARTESIAN_POINT('',(-27.3,-92.00334540919,71.999876154678));
#5598 = CARTESIAN_POINT('',(-27.3,-92.0069222286,71.999618163531));
#5599 = CARTESIAN_POINT('',(-27.3,-92.01191638402,71.999115915949));
#5600 = CARTESIAN_POINT('',(-27.3,-92.01831462754,71.998295442773));
#5601 = CARTESIAN_POINT('',(-27.3,-92.0260998756,71.997076023809));
#5602 = CARTESIAN_POINT('',(-27.3,-92.03525135939,71.995380746767));
#5603 = CARTESIAN_POINT('',(-27.3,-92.04574462354,71.993132636073));
#5604 = CARTESIAN_POINT('',(-27.3,-92.05755159368,71.990256300096));
#5605 = CARTESIAN_POINT('',(-27.3,-92.07064062975,71.986677589911));
#5606 = CARTESIAN_POINT('',(-27.3,-92.08497659418,71.982323932126));
#5607 = CARTESIAN_POINT('',(-27.3,-92.10052092506,71.97712443403));
#5608 = CARTESIAN_POINT('',(-27.3,-92.11723171714,71.971010056353));
#5609 = CARTESIAN_POINT('',(-27.3,-92.13506380976,71.963913762669));
#5610 = CARTESIAN_POINT('',(-27.3,-92.15396888158,71.955770657446));
#5611 = CARTESIAN_POINT('',(-27.3,-92.17389555198,71.946518176243));
#5612 = CARTESIAN_POINT('',(-27.3,-92.19478948892,71.936096029716));
#5613 = CARTESIAN_POINT('',(-27.3,-92.21659352281,71.924447132203));
#5614 = CARTESIAN_POINT('',(-27.3,-92.23130291312,71.916049980273));
#5615 = CARTESIAN_POINT('',(-27.3,-92.23879484836,71.91163750665));
#5616 = ORIENTED_EDGE('',*,*,#5617,.F.);
#5617 = EDGE_CURVE('',#1015,#5573,#5618,.T.);
#5618 = LINE('',#5619,#5620);
#5619 = CARTESIAN_POINT('',(-32.8,-92.23879484836,71.91163750665));
#5620 = VECTOR('',#5621,1.);
#5621 = DIRECTION('',(1.,0.,0.));
#5622 = SURFACE_OF_LINEAR_EXTRUSION('',#5623,#5664);
#5623 = B_SPLINE_CURVE_WITH_KNOTS('',3,(#5624,#5625,#5626,#5627,#5628,
    #5629,#5630,#5631,#5632,#5633,#5634,#5635,#5636,#5637,#5638,#5639,
    #5640,#5641,#5642,#5643,#5644,#5645,#5646,#5647,#5648,#5649,#5650,
    #5651,#5652,#5653,#5654,#5655,#5656,#5657,#5658,#5659,#5660,#5661,
    #5662,#5663),.UNSPECIFIED.,.F.,.F.,(4,1,1,1,1,1,1,1,1,1,1,1,1,1,1,1,
    1,1,1,1,1,1,1,1,1,1,1,1,1,1,1,1,1,1,1,1,1,4),(0.,3.027818324443E-02,
    5.901791423488E-02,8.620299875927E-02,0.111818118615,0.13584884024,
    0.158281622847,0.179103826051,0.198303716995,0.215870476958,
    0.231794207455,0.24606593581,0.258677620215,0.269622154261,
    0.278893370941,0.286486046128,0.292395901513,0.296619607022,0.3,
    0.300717464676,0.302869617863,0.306455803849,0.311474923651,
    0.317925438527,0.32580537074,0.335112304229,0.345843385374,
    0.357995323877,0.371564393779,0.386546434601,0.402936852624,
    0.420730622298,0.439922287779,0.460505964609,0.482475341515,
    0.505823682349,0.530543828147,0.556628199332),.UNSPECIFIED.);
#5624 = CARTESIAN_POINT('',(-32.8,-91.7,72.));
#5625 = CARTESIAN_POINT('',(-32.8,-91.71009272774,72.));
#5626 = CARTESIAN_POINT('',(-32.8,-91.72976536582,72.));
#5627 = CARTESIAN_POINT('',(-32.8,-91.75849969874,72.));
#5628 = CARTESIAN_POINT('',(-32.8,-91.7856796772,71.999999999999));
#5629 = CARTESIAN_POINT('',(-32.8,-91.81128998587,72.000000000005));
#5630 = CARTESIAN_POINT('',(-32.8,-91.8353161939,71.999999999984));
#5631 = CARTESIAN_POINT('',(-32.8,-91.85774476304,72.000000000054));
#5632 = CARTESIAN_POINT('',(-32.8,-91.87856305529,71.99999999982));
#5633 = CARTESIAN_POINT('',(-32.8,-91.89775934,72.000000000594));
#5634 = CARTESIAN_POINT('',(-32.8,-91.91532280045,71.999999998067));
#5635 = CARTESIAN_POINT('',(-32.8,-91.93124354011,72.000000006205));
#5636 = CARTESIAN_POINT('',(-32.8,-91.9455125877,71.999999980432));
#5637 = CARTESIAN_POINT('',(-32.8,-91.95812190381,72.000000060345));
#5638 = CARTESIAN_POINT('',(-32.8,-91.96906438065,71.999999819187));
#5639 = CARTESIAN_POINT('',(-32.8,-91.97833386043,72.000000521189));
#5640 = CARTESIAN_POINT('',(-32.8,-91.98592509713,71.999998578063));
#5641 = CARTESIAN_POINT('',(-32.8,-91.99183387427,72.000003565416));
#5642 = CARTESIAN_POINT('',(-32.8,-91.99633844884,71.999991527704));
#5643 = CARTESIAN_POINT('',(-32.8,-91.9991124645,72.000016831197));
#5644 = CARTESIAN_POINT('',(-32.8,-92.00119556647,71.999979963248));
#5645 = CARTESIAN_POINT('',(-32.8,-92.00334540919,71.999876154678));
#5646 = CARTESIAN_POINT('',(-32.8,-92.0069222286,71.999618163531));
#5647 = CARTESIAN_POINT('',(-32.8,-92.01191638402,71.999115915949));
#5648 = CARTESIAN_POINT('',(-32.8,-92.01831462754,71.998295442773));
#5649 = CARTESIAN_POINT('',(-32.8,-92.0260998756,71.997076023809));
#5650 = CARTESIAN_POINT('',(-32.8,-92.03525135939,71.995380746767));
#5651 = CARTESIAN_POINT('',(-32.8,-92.04574462354,71.993132636073));
#5652 = CARTESIAN_POINT('',(-32.8,-92.05755159368,71.990256300096));
#5653 = CARTESIAN_POINT('',(-32.8,-92.07064062975,71.986677589911));
#5654 = CARTESIAN_POINT('',(-32.8,-92.08497659418,71.982323932126));
#5655 = CARTESIAN_POINT('',(-32.8,-92.10052092506,71.97712443403));
#5656 = CARTESIAN_POINT('',(-32.8,-92.11723171714,71.971010056353));
#5657 = CARTESIAN_POINT('',(-32.8,-92.13506380976,71.963913762669));
#5658 = CARTESIAN_POINT('',(-32.8,-92.15396888158,71.955770657446));
#5659 = CARTESIAN_POINT('',(-32.8,-92.17389555198,71.946518176243));
#5660 = CARTESIAN_POINT('',(-32.8,-92.19478948892,71.936096029716));
#5661 = CARTESIAN_POINT('',(-32.8,-92.21659352281,71.924447132203));
#5662 = CARTESIAN_POINT('',(-32.8,-92.23130291312,71.916049980273));
#5663 = CARTESIAN_POINT('',(-32.8,-92.23879484836,71.91163750665));
#5664 = VECTOR('',#5665,1.);
#5665 = DIRECTION('',(-1.,-0.,0.));
#5666 = ADVANCED_FACE('',(#5667),#5684,.T.);
#5667 = FACE_BOUND('',#5668,.T.);
#5668 = EDGE_LOOP('',(#5669,#5670,#5671,#5678));
#5669 = ORIENTED_EDGE('',*,*,#1014,.T.);
#5670 = ORIENTED_EDGE('',*,*,#5617,.T.);
#5671 = ORIENTED_EDGE('',*,*,#5672,.T.);
#5672 = EDGE_CURVE('',#5573,#5673,#5675,.T.);
#5673 = VERTEX_POINT('',#5674);
#5674 = CARTESIAN_POINT('',(-27.3,-92.22433074061,71.681737097501));
#5675 = B_SPLINE_CURVE_WITH_KNOTS('',1,(#5676,#5677),.UNSPECIFIED.,.F.,
  .F.,(2,2),(0.,0.230354962047),.PIECEWISE_BEZIER_KNOTS.);
#5676 = CARTESIAN_POINT('',(-27.3,-92.23879484836,71.91163750665));
#5677 = CARTESIAN_POINT('',(-27.3,-92.22433074061,71.681737097501));
#5678 = ORIENTED_EDGE('',*,*,#5679,.F.);
#5679 = EDGE_CURVE('',#960,#5673,#5680,.T.);
#5680 = LINE('',#5681,#5682);
#5681 = CARTESIAN_POINT('',(-32.8,-92.22433074061,71.681737097501));
#5682 = VECTOR('',#5683,1.);
#5683 = DIRECTION('',(1.,0.,0.));
#5684 = SURFACE_OF_LINEAR_EXTRUSION('',#5685,#5688);
#5685 = B_SPLINE_CURVE_WITH_KNOTS('',1,(#5686,#5687),.UNSPECIFIED.,.F.,
  .F.,(2,2),(0.,0.230354962047),.PIECEWISE_BEZIER_KNOTS.);
#5686 = CARTESIAN_POINT('',(-32.8,-92.23879484836,71.91163750665));
#5687 = CARTESIAN_POINT('',(-32.8,-92.22433074061,71.681737097501));
#5688 = VECTOR('',#5689,1.);
#5689 = DIRECTION('',(-1.,-0.,0.));
#5690 = ADVANCED_FACE('',(#5691),#5746,.T.);
#5691 = FACE_BOUND('',#5692,.T.);
#5692 = EDGE_LOOP('',(#5693,#5694,#5695,#5740));
#5693 = ORIENTED_EDGE('',*,*,#959,.T.);
#5694 = ORIENTED_EDGE('',*,*,#5679,.T.);
#5695 = ORIENTED_EDGE('',*,*,#5696,.T.);
#5696 = EDGE_CURVE('',#5673,#5697,#5699,.T.);
#5697 = VERTEX_POINT('',#5698);
#5698 = CARTESIAN_POINT('',(-27.3,-91.67870969354,71.661600269376));
#5699 = B_SPLINE_CURVE_WITH_KNOTS('',3,(#5700,#5701,#5702,#5703,#5704,
    #5705,#5706,#5707,#5708,#5709,#5710,#5711,#5712,#5713,#5714,#5715,
    #5716,#5717,#5718,#5719,#5720,#5721,#5722,#5723,#5724,#5725,#5726,
    #5727,#5728,#5729,#5730,#5731,#5732,#5733,#5734,#5735,#5736,#5737,
    #5738,#5739),.UNSPECIFIED.,.F.,.F.,(4,1,1,1,1,1,1,1,1,1,1,1,1,1,1,1,
    1,1,1,1,1,1,1,1,1,1,1,1,1,1,1,1,1,1,1,1,1,4),(0.,2.608437118449E-02,
    5.080451698287E-02,7.415285781629E-02,9.612223472286E-02,
    0.116705911553,0.135897577034,0.153691346707,0.170081764731,
    0.185063805553,0.198632875455,0.210784813958,0.221515895103,
    0.230822828592,0.238702760805,0.245153275681,0.250172395482,
    0.253758581468,0.255910734655,0.256628199332,0.260008592309,
    0.264232297819,0.270142153204,0.27773482839,0.287006045071,
    0.297950579117,0.310562263522,0.324833991877,0.340757722373,
    0.358324482337,0.377524373281,0.398346576485,0.420779359092,
    0.444810080717,0.470425200572,0.497610285097,0.526350016087,
    0.556628199332),.UNSPECIFIED.);
#5700 = CARTESIAN_POINT('',(-27.3,-92.22433074061,71.681737097501));
#5701 = CARTESIAN_POINT('',(-27.3,-92.21634485194,71.678298406018));
#5702 = CARTESIAN_POINT('',(-27.3,-92.20069900736,71.671811043591));
#5703 = CARTESIAN_POINT('',(-27.3,-92.1776069108,71.662986771186));
#5704 = CARTESIAN_POINT('',(-27.3,-92.15557148747,71.655265511077));
#5705 = CARTESIAN_POINT('',(-27.3,-92.13464230143,71.648583462487));
#5706 = CARTESIAN_POINT('',(-27.3,-92.11486570004,71.642874001863));
#5707 = CARTESIAN_POINT('',(-27.3,-92.09628481736,71.638068618403));
#5708 = CARTESIAN_POINT('',(-27.3,-92.07893946013,71.634096872028));
#5709 = CARTESIAN_POINT('',(-27.3,-92.06286603104,71.63088659478));
#5710 = CARTESIAN_POINT('',(-27.3,-92.04809745196,71.628364039666));
#5711 = CARTESIAN_POINT('',(-27.3,-92.03466309553,71.626454039894));
#5712 = CARTESIAN_POINT('',(-27.3,-92.02258872639,71.625080190431));
#5713 = CARTESIAN_POINT('',(-27.3,-92.01189644178,71.624164961487));
#5714 = CARTESIAN_POINT('',(-27.3,-92.00260464562,71.623630037267));
#5715 = CARTESIAN_POINT('',(-27.3,-91.99472795284,71.6233959841));
#5716 = CARTESIAN_POINT('',(-27.3,-91.98827732883,71.623383893149));
#5717 = CARTESIAN_POINT('',(-27.3,-91.9832596055,71.623511539588));
#5718 = CARTESIAN_POINT('',(-27.3,-91.97967865552,71.623703877119));
#5719 = CARTESIAN_POINT('',(-27.3,-91.97753275429,71.623870333851));
#5720 = CARTESIAN_POINT('',(-27.3,-91.97546145742,71.624094838522));
#5721 = CARTESIAN_POINT('',(-27.3,-91.97271248707,71.624467618842));
#5722 = CARTESIAN_POINT('',(-27.3,-91.96824192369,71.625020248947));
#5723 = CARTESIAN_POINT('',(-27.3,-91.9623803641,71.62576576312));
#5724 = CARTESIAN_POINT('',(-27.3,-91.95484874303,71.626715269558));
#5725 = CARTESIAN_POINT('',(-27.3,-91.94565244385,71.6278777399));
#5726 = CARTESIAN_POINT('',(-27.3,-91.93479622149,71.629248956649));
#5727 = CARTESIAN_POINT('',(-27.3,-91.92228634361,71.630829402292));
#5728 = CARTESIAN_POINT('',(-27.3,-91.9081298085,71.632617762597));
#5729 = CARTESIAN_POINT('',(-27.3,-91.89233460965,71.634613168453));
#5730 = CARTESIAN_POINT('',(-27.3,-91.87490964201,71.636814451237));
#5731 = CARTESIAN_POINT('',(-27.3,-91.85586472584,71.63922038444));
#5732 = CARTESIAN_POINT('',(-27.3,-91.83521059201,71.641829608092));
#5733 = CARTESIAN_POINT('',(-27.3,-91.81295887884,71.644640653257));
#5734 = CARTESIAN_POINT('',(-27.3,-91.78912212464,71.647651935579));
#5735 = CARTESIAN_POINT('',(-27.3,-91.7637137609,71.650861758383));
#5736 = CARTESIAN_POINT('',(-27.3,-91.73674810469,71.65426831297));
#5737 = CARTESIAN_POINT('',(-27.3,-91.70824035057,71.657869679829));
#5738 = CARTESIAN_POINT('',(-27.3,-91.68872283712,71.660335315172));
#5739 = CARTESIAN_POINT('',(-27.3,-91.67870969354,71.661600269376));
#5740 = ORIENTED_EDGE('',*,*,#5741,.F.);
#5741 = EDGE_CURVE('',#950,#5697,#5742,.T.);
#5742 = LINE('',#5743,#5744);
#5743 = CARTESIAN_POINT('',(-32.8,-91.67870969354,71.661600269376));
#5744 = VECTOR('',#5745,1.);
#5745 = DIRECTION('',(1.,0.,0.));
#5746 = SURFACE_OF_LINEAR_EXTRUSION('',#5747,#5788);
#5747 = B_SPLINE_CURVE_WITH_KNOTS('',3,(#5748,#5749,#5750,#5751,#5752,
    #5753,#5754,#5755,#5756,#5757,#5758,#5759,#5760,#5761,#5762,#5763,
    #5764,#5765,#5766,#5767,#5768,#5769,#5770,#5771,#5772,#5773,#5774,
    #5775,#5776,#5777,#5778,#5779,#5780,#5781,#5782,#5783,#5784,#5785,
    #5786,#5787),.UNSPECIFIED.,.F.,.F.,(4,1,1,1,1,1,1,1,1,1,1,1,1,1,1,1,
    1,1,1,1,1,1,1,1,1,1,1,1,1,1,1,1,1,1,1,1,1,4),(0.,2.608437118449E-02,
    5.080451698287E-02,7.415285781629E-02,9.612223472286E-02,
    0.116705911553,0.135897577034,0.153691346707,0.170081764731,
    0.185063805553,0.198632875455,0.210784813958,0.221515895103,
    0.230822828592,0.238702760805,0.245153275681,0.250172395482,
    0.253758581468,0.255910734655,0.256628199332,0.260008592309,
    0.264232297819,0.270142153204,0.27773482839,0.287006045071,
    0.297950579117,0.310562263522,0.324833991877,0.340757722373,
    0.358324482337,0.377524373281,0.398346576485,0.420779359092,
    0.444810080717,0.470425200572,0.497610285097,0.526350016087,
    0.556628199332),.UNSPECIFIED.);
#5748 = CARTESIAN_POINT('',(-32.8,-92.22433074061,71.681737097501));
#5749 = CARTESIAN_POINT('',(-32.8,-92.21634485194,71.678298406018));
#5750 = CARTESIAN_POINT('',(-32.8,-92.20069900736,71.671811043591));
#5751 = CARTESIAN_POINT('',(-32.8,-92.1776069108,71.662986771186));
#5752 = CARTESIAN_POINT('',(-32.8,-92.15557148747,71.655265511077));
#5753 = CARTESIAN_POINT('',(-32.8,-92.13464230143,71.648583462487));
#5754 = CARTESIAN_POINT('',(-32.8,-92.11486570004,71.642874001863));
#5755 = CARTESIAN_POINT('',(-32.8,-92.09628481736,71.638068618403));
#5756 = CARTESIAN_POINT('',(-32.8,-92.07893946013,71.634096872028));
#5757 = CARTESIAN_POINT('',(-32.8,-92.06286603104,71.63088659478));
#5758 = CARTESIAN_POINT('',(-32.8,-92.04809745196,71.628364039666));
#5759 = CARTESIAN_POINT('',(-32.8,-92.03466309553,71.626454039894));
#5760 = CARTESIAN_POINT('',(-32.8,-92.02258872639,71.625080190431));
#5761 = CARTESIAN_POINT('',(-32.8,-92.01189644178,71.624164961487));
#5762 = CARTESIAN_POINT('',(-32.8,-92.00260464562,71.623630037267));
#5763 = CARTESIAN_POINT('',(-32.8,-91.99472795284,71.6233959841));
#5764 = CARTESIAN_POINT('',(-32.8,-91.98827732883,71.623383893149));
#5765 = CARTESIAN_POINT('',(-32.8,-91.9832596055,71.623511539588));
#5766 = CARTESIAN_POINT('',(-32.8,-91.97967865552,71.623703877119));
#5767 = CARTESIAN_POINT('',(-32.8,-91.97753275429,71.623870333851));
#5768 = CARTESIAN_POINT('',(-32.8,-91.97546145742,71.624094838522));
#5769 = CARTESIAN_POINT('',(-32.8,-91.97271248707,71.624467618842));
#5770 = CARTESIAN_POINT('',(-32.8,-91.96824192369,71.625020248947));
#5771 = CARTESIAN_POINT('',(-32.8,-91.9623803641,71.62576576312));
#5772 = CARTESIAN_POINT('',(-32.8,-91.95484874303,71.626715269558));
#5773 = CARTESIAN_POINT('',(-32.8,-91.94565244385,71.6278777399));
#5774 = CARTESIAN_POINT('',(-32.8,-91.93479622149,71.629248956649));
#5775 = CARTESIAN_POINT('',(-32.8,-91.92228634361,71.630829402292));
#5776 = CARTESIAN_POINT('',(-32.8,-91.9081298085,71.632617762597));
#5777 = CARTESIAN_POINT('',(-32.8,-91.89233460965,71.634613168453));
#5778 = CARTESIAN_POINT('',(-32.8,-91.87490964201,71.636814451237));
#5779 = CARTESIAN_POINT('',(-32.8,-91.85586472584,71.63922038444));
#5780 = CARTESIAN_POINT('',(-32.8,-91.83521059201,71.641829608092));
#5781 = CARTESIAN_POINT('',(-32.8,-91.81295887884,71.644640653257));
#5782 = CARTESIAN_POINT('',(-32.8,-91.78912212464,71.647651935579));
#5783 = CARTESIAN_POINT('',(-32.8,-91.7637137609,71.650861758383));
#5784 = CARTESIAN_POINT('',(-32.8,-91.73674810469,71.65426831297));
#5785 = CARTESIAN_POINT('',(-32.8,-91.70824035057,71.657869679829));
#5786 = CARTESIAN_POINT('',(-32.8,-91.68872283712,71.660335315172));
#5787 = CARTESIAN_POINT('',(-32.8,-91.67870969354,71.661600269376));
#5788 = VECTOR('',#5789,1.);
#5789 = DIRECTION('',(-1.,-0.,0.));
#5790 = ADVANCED_FACE('',(#5791),#5808,.T.);
#5791 = FACE_BOUND('',#5792,.T.);
#5792 = EDGE_LOOP('',(#5793,#5794,#5795,#5802));
#5793 = ORIENTED_EDGE('',*,*,#949,.T.);
#5794 = ORIENTED_EDGE('',*,*,#5741,.T.);
#5795 = ORIENTED_EDGE('',*,*,#5796,.T.);
#5796 = EDGE_CURVE('',#5697,#5797,#5799,.T.);
#5797 = VERTEX_POINT('',#5798);
#5798 = CARTESIAN_POINT('',(-27.3,-91.61517453504,71.328537304655));
#5799 = B_SPLINE_CURVE_WITH_KNOTS('',1,(#5800,#5801),.UNSPECIFIED.,.F.,
  .F.,(2,2),(0.,0.339068805458),.PIECEWISE_BEZIER_KNOTS.);
#5800 = CARTESIAN_POINT('',(-27.3,-91.67870969354,71.661600269376));
#5801 = CARTESIAN_POINT('',(-27.3,-91.61517453504,71.328537304655));
#5802 = ORIENTED_EDGE('',*,*,#5803,.F.);
#5803 = EDGE_CURVE('',#888,#5797,#5804,.T.);
#5804 = LINE('',#5805,#5806);
#5805 = CARTESIAN_POINT('',(-32.8,-91.61517453504,71.328537304655));
#5806 = VECTOR('',#5807,1.);
#5807 = DIRECTION('',(1.,0.,0.));
#5808 = SURFACE_OF_LINEAR_EXTRUSION('',#5809,#5812);
#5809 = B_SPLINE_CURVE_WITH_KNOTS('',1,(#5810,#5811),.UNSPECIFIED.,.F.,
  .F.,(2,2),(0.,0.339068805458),.PIECEWISE_BEZIER_KNOTS.);
#5810 = CARTESIAN_POINT('',(-32.8,-91.67870969354,71.661600269376));
#5811 = CARTESIAN_POINT('',(-32.8,-91.61517453504,71.328537304655));
#5812 = VECTOR('',#5813,1.);
#5813 = DIRECTION('',(-1.,-0.,0.));
#5814 = ADVANCED_FACE('',(#5815),#5870,.T.);
#5815 = FACE_BOUND('',#5816,.T.);
#5816 = EDGE_LOOP('',(#5817,#5818,#5819,#5864));
#5817 = ORIENTED_EDGE('',*,*,#887,.T.);
#5818 = ORIENTED_EDGE('',*,*,#5803,.T.);
#5819 = ORIENTED_EDGE('',*,*,#5820,.T.);
#5820 = EDGE_CURVE('',#5797,#5821,#5823,.T.);
#5821 = VERTEX_POINT('',#5822);
#5822 = CARTESIAN_POINT('',(-27.3,-92.11506729397,71.108958051477));
#5823 = B_SPLINE_CURVE_WITH_KNOTS('',3,(#5824,#5825,#5826,#5827,#5828,
    #5829,#5830,#5831,#5832,#5833,#5834,#5835,#5836,#5837,#5838,#5839,
    #5840,#5841,#5842,#5843,#5844,#5845,#5846,#5847,#5848,#5849,#5850,
    #5851,#5852,#5853,#5854,#5855,#5856,#5857,#5858,#5859,#5860,#5861,
    #5862,#5863),.UNSPECIFIED.,.F.,.F.,(4,1,1,1,1,1,1,1,1,1,1,1,1,1,1,1,
    1,1,1,1,1,1,1,1,1,1,1,1,1,1,1,1,1,1,1,1,1,4),(0.,3.027818324443E-02,
    5.901791423488E-02,8.620299875927E-02,0.111818118615,0.13584884024,
    0.158281622847,0.179103826051,0.198303716995,0.215870476958,
    0.231794207455,0.24606593581,0.258677620215,0.269622154261,
    0.278893370941,0.286486046128,0.292395901513,0.296619607022,0.3,
    0.300717464676,0.302869617863,0.306455803849,0.311474923651,
    0.317925438527,0.32580537074,0.335112304229,0.345843385374,
    0.357995323877,0.371564393779,0.386546434601,0.402936852624,
    0.420730622298,0.439922287779,0.460505964609,0.482475341515,
    0.505823682349,0.530543828147,0.556628199332),.UNSPECIFIED.);
#5824 = CARTESIAN_POINT('',(-27.3,-91.61517453504,71.328537304655));
#5825 = CARTESIAN_POINT('',(-27.3,-91.62495018119,71.32602734533));
#5826 = CARTESIAN_POINT('',(-27.3,-91.64400476717,71.321134959186));
#5827 = CARTESIAN_POINT('',(-27.3,-91.67183635818,71.313989021175));
#5828 = CARTESIAN_POINT('',(-27.3,-91.69816242763,71.307229635398));
#5829 = CARTESIAN_POINT('',(-27.3,-91.72296814136,71.300860610631));
#5830 = CARTESIAN_POINT('',(-27.3,-91.74623952188,71.294885535647));
#5831 = CARTESIAN_POINT('',(-27.3,-91.7679634563,71.289307777384));
#5832 = CARTESIAN_POINT('',(-27.3,-91.78812770356,71.284130478407));
#5833 = CARTESIAN_POINT('',(-27.3,-91.80672090188,71.279356557278));
#5834 = CARTESIAN_POINT('',(-27.3,-91.82373257329,71.274988699833));
#5835 = CARTESIAN_POINT('',(-27.3,-91.83915313566,71.271029380767));
#5836 = CARTESIAN_POINT('',(-27.3,-91.85297388847,71.267480787969));
#5837 = CARTESIAN_POINT('',(-27.3,-91.8651870796,71.26434505597));
#5838 = CARTESIAN_POINT('',(-27.3,-91.87578571844,71.261623539057));
#5839 = CARTESIAN_POINT('',(-27.3,-91.88476415504,71.259318993125));
#5840 = CARTESIAN_POINT('',(-27.3,-91.89211641585,71.257429247248));
#5841 = CARTESIAN_POINT('',(-27.3,-91.8978407982,71.255964624792));
#5842 = CARTESIAN_POINT('',(-27.3,-91.90220085962,71.254832723125));
#5843 = CARTESIAN_POINT('',(-27.3,-91.9048940172,71.254167362022));
#5844 = CARTESIAN_POINT('',(-27.3,-91.906902506,71.253613605953));
#5845 = CARTESIAN_POINT('',(-27.3,-91.90895899132,71.252978414577));
#5846 = CARTESIAN_POINT('',(-27.3,-91.91235927857,71.251839009881));
#5847 = CARTESIAN_POINT('',(-27.3,-91.91707162952,71.250110545383));
#5848 = CARTESIAN_POINT('',(-27.3,-91.92306481708,71.247724670421));
#5849 = CARTESIAN_POINT('',(-27.3,-91.93030222009,71.244607449285));
#5850 = CARTESIAN_POINT('',(-27.3,-91.93874459494,71.240689551016));
#5851 = CARTESIAN_POINT('',(-27.3,-91.9483491115,71.235902500177));
#5852 = CARTESIAN_POINT('',(-27.3,-91.95906982829,71.230180255511));
#5853 = CARTESIAN_POINT('',(-27.3,-91.97085765919,71.223458866186));
#5854 = CARTESIAN_POINT('',(-27.3,-91.98366052228,71.215676777188));
#5855 = CARTESIAN_POINT('',(-27.3,-91.99742343682,71.206774912994));
#5856 = CARTESIAN_POINT('',(-27.3,-92.01208864474,71.196696824738));
#5857 = CARTESIAN_POINT('',(-27.3,-92.02759573291,71.185388813067));
#5858 = CARTESIAN_POINT('',(-27.3,-92.04388175922,71.17280003829));
#5859 = CARTESIAN_POINT('',(-27.3,-92.06088139812,71.158882679385));
#5860 = CARTESIAN_POINT('',(-27.3,-92.07852703116,71.143591852937));
#5861 = CARTESIAN_POINT('',(-27.3,-92.09674908822,71.126886484233));
#5862 = CARTESIAN_POINT('',(-27.3,-92.10890806922,71.115095067655));
#5863 = CARTESIAN_POINT('',(-27.3,-92.11506729397,71.108958051477));
#5864 = ORIENTED_EDGE('',*,*,#5865,.F.);
#5865 = EDGE_CURVE('',#878,#5821,#5866,.T.);
#5866 = LINE('',#5867,#5868);
#5867 = CARTESIAN_POINT('',(-32.8,-92.11506729397,71.108958051477));
#5868 = VECTOR('',#5869,1.);
#5869 = DIRECTION('',(1.,0.,0.));
#5870 = SURFACE_OF_LINEAR_EXTRUSION('',#5871,#5912);
#5871 = B_SPLINE_CURVE_WITH_KNOTS('',3,(#5872,#5873,#5874,#5875,#5876,
    #5877,#5878,#5879,#5880,#5881,#5882,#5883,#5884,#5885,#5886,#5887,
    #5888,#5889,#5890,#5891,#5892,#5893,#5894,#5895,#5896,#5897,#5898,
    #5899,#5900,#5901,#5902,#5903,#5904,#5905,#5906,#5907,#5908,#5909,
    #5910,#5911),.UNSPECIFIED.,.F.,.F.,(4,1,1,1,1,1,1,1,1,1,1,1,1,1,1,1,
    1,1,1,1,1,1,1,1,1,1,1,1,1,1,1,1,1,1,1,1,1,4),(0.,3.027818324443E-02,
    5.901791423488E-02,8.620299875927E-02,0.111818118615,0.13584884024,
    0.158281622847,0.179103826051,0.198303716995,0.215870476958,
    0.231794207455,0.24606593581,0.258677620215,0.269622154261,
    0.278893370941,0.286486046128,0.292395901513,0.296619607022,0.3,
    0.300717464676,0.302869617863,0.306455803849,0.311474923651,
    0.317925438527,0.32580537074,0.335112304229,0.345843385374,
    0.357995323877,0.371564393779,0.386546434601,0.402936852624,
    0.420730622298,0.439922287779,0.460505964609,0.482475341515,
    0.505823682349,0.530543828147,0.556628199332),.UNSPECIFIED.);
#5872 = CARTESIAN_POINT('',(-32.8,-91.61517453504,71.328537304655));
#5873 = CARTESIAN_POINT('',(-32.8,-91.62495018119,71.32602734533));
#5874 = CARTESIAN_POINT('',(-32.8,-91.64400476717,71.321134959186));
#5875 = CARTESIAN_POINT('',(-32.8,-91.67183635818,71.313989021175));
#5876 = CARTESIAN_POINT('',(-32.8,-91.69816242763,71.307229635398));
#5877 = CARTESIAN_POINT('',(-32.8,-91.72296814136,71.300860610631));
#5878 = CARTESIAN_POINT('',(-32.8,-91.74623952188,71.294885535647));
#5879 = CARTESIAN_POINT('',(-32.8,-91.7679634563,71.289307777384));
#5880 = CARTESIAN_POINT('',(-32.8,-91.78812770356,71.284130478407));
#5881 = CARTESIAN_POINT('',(-32.8,-91.80672090188,71.279356557278));
#5882 = CARTESIAN_POINT('',(-32.8,-91.82373257329,71.274988699833));
#5883 = CARTESIAN_POINT('',(-32.8,-91.83915313566,71.271029380767));
#5884 = CARTESIAN_POINT('',(-32.8,-91.85297388847,71.267480787969));
#5885 = CARTESIAN_POINT('',(-32.8,-91.8651870796,71.26434505597));
#5886 = CARTESIAN_POINT('',(-32.8,-91.87578571844,71.261623539057));
#5887 = CARTESIAN_POINT('',(-32.8,-91.88476415504,71.259318993125));
#5888 = CARTESIAN_POINT('',(-32.8,-91.89211641585,71.257429247248));
#5889 = CARTESIAN_POINT('',(-32.8,-91.8978407982,71.255964624792));
#5890 = CARTESIAN_POINT('',(-32.8,-91.90220085962,71.254832723125));
#5891 = CARTESIAN_POINT('',(-32.8,-91.9048940172,71.254167362022));
#5892 = CARTESIAN_POINT('',(-32.8,-91.906902506,71.253613605953));
#5893 = CARTESIAN_POINT('',(-32.8,-91.90895899132,71.252978414577));
#5894 = CARTESIAN_POINT('',(-32.8,-91.91235927857,71.251839009881));
#5895 = CARTESIAN_POINT('',(-32.8,-91.91707162952,71.250110545383));
#5896 = CARTESIAN_POINT('',(-32.8,-91.92306481708,71.247724670421));
#5897 = CARTESIAN_POINT('',(-32.8,-91.93030222009,71.244607449285));
#5898 = CARTESIAN_POINT('',(-32.8,-91.93874459494,71.240689551016));
#5899 = CARTESIAN_POINT('',(-32.8,-91.9483491115,71.235902500177));
#5900 = CARTESIAN_POINT('',(-32.8,-91.95906982829,71.230180255511));
#5901 = CARTESIAN_POINT('',(-32.8,-91.97085765919,71.223458866186));
#5902 = CARTESIAN_POINT('',(-32.8,-91.98366052228,71.215676777188));
#5903 = CARTESIAN_POINT('',(-32.8,-91.99742343682,71.206774912994));
#5904 = CARTESIAN_POINT('',(-32.8,-92.01208864474,71.196696824738));
#5905 = CARTESIAN_POINT('',(-32.8,-92.02759573291,71.185388813067));
#5906 = CARTESIAN_POINT('',(-32.8,-92.04388175922,71.17280003829));
#5907 = CARTESIAN_POINT('',(-32.8,-92.06088139812,71.158882679385));
#5908 = CARTESIAN_POINT('',(-32.8,-92.07852703116,71.143591852937));
#5909 = CARTESIAN_POINT('',(-32.8,-92.09674908822,71.126886484233));
#5910 = CARTESIAN_POINT('',(-32.8,-92.10890806922,71.115095067655));
#5911 = CARTESIAN_POINT('',(-32.8,-92.11506729397,71.108958051477));
#5912 = VECTOR('',#5913,1.);
#5913 = DIRECTION('',(-1.,-0.,0.));
#5914 = ADVANCED_FACE('',(#5915),#5932,.T.);
#5915 = FACE_BOUND('',#5916,.T.);
#5916 = EDGE_LOOP('',(#5917,#5918,#5919,#5926));
#5917 = ORIENTED_EDGE('',*,*,#877,.T.);
#5918 = ORIENTED_EDGE('',*,*,#5865,.T.);
#5919 = ORIENTED_EDGE('',*,*,#5920,.T.);
#5920 = EDGE_CURVE('',#5821,#5921,#5923,.T.);
#5921 = VERTEX_POINT('',#5922);
#5922 = CARTESIAN_POINT('',(-27.3,-92.04388369596,70.889877463761));
#5923 = B_SPLINE_CURVE_WITH_KNOTS('',1,(#5924,#5925),.UNSPECIFIED.,.F.,
  .F.,(2,2),(0.,0.230354962047),.PIECEWISE_BEZIER_KNOTS.);
#5924 = CARTESIAN_POINT('',(-27.3,-92.11506729397,71.108958051477));
#5925 = CARTESIAN_POINT('',(-27.3,-92.04388369596,70.889877463761));
#5926 = ORIENTED_EDGE('',*,*,#5927,.F.);
#5927 = EDGE_CURVE('',#815,#5921,#5928,.T.);
#5928 = LINE('',#5929,#5930);
#5929 = CARTESIAN_POINT('',(-32.8,-92.04388369596,70.889877463761));
#5930 = VECTOR('',#5931,1.);
#5931 = DIRECTION('',(1.,0.,0.));
#5932 = SURFACE_OF_LINEAR_EXTRUSION('',#5933,#5936);
#5933 = B_SPLINE_CURVE_WITH_KNOTS('',1,(#5934,#5935),.UNSPECIFIED.,.F.,
  .F.,(2,2),(0.,0.230354962047),.PIECEWISE_BEZIER_KNOTS.);
#5934 = CARTESIAN_POINT('',(-32.8,-92.11506729397,71.108958051477));
#5935 = CARTESIAN_POINT('',(-32.8,-92.04388369596,70.889877463761));
#5936 = VECTOR('',#5937,1.);
#5937 = DIRECTION('',(-1.,-0.,0.));
#5938 = ADVANCED_FACE('',(#5939),#5994,.T.);
#5939 = FACE_BOUND('',#5940,.T.);
#5940 = EDGE_LOOP('',(#5941,#5942,#5943,#5988));
#5941 = ORIENTED_EDGE('',*,*,#814,.T.);
#5942 = ORIENTED_EDGE('',*,*,#5927,.T.);
#5943 = ORIENTED_EDGE('',*,*,#5944,.T.);
#5944 = EDGE_CURVE('',#5921,#5945,#5947,.T.);
#5945 = VERTEX_POINT('',#5946);
#5946 = CARTESIAN_POINT('',(-27.3,-91.51039651189,71.006063707751));
#5947 = B_SPLINE_CURVE_WITH_KNOTS('',3,(#5948,#5949,#5950,#5951,#5952,
    #5953,#5954,#5955,#5956,#5957,#5958,#5959,#5960,#5961,#5962,#5963,
    #5964,#5965,#5966,#5967,#5968,#5969,#5970,#5971,#5972,#5973,#5974,
    #5975,#5976,#5977,#5978,#5979,#5980,#5981,#5982,#5983,#5984,#5985,
    #5986,#5987),.UNSPECIFIED.,.F.,.F.,(4,1,1,1,1,1,1,1,1,1,1,1,1,1,1,1,
    1,1,1,1,1,1,1,1,1,1,1,1,1,1,1,1,1,1,1,1,1,4),(0.,2.608437118449E-02,
    5.080451698287E-02,7.415285781629E-02,9.612223472286E-02,
    0.116705911553,0.135897577034,0.153691346707,0.170081764731,
    0.185063805553,0.198632875455,0.210784813958,0.221515895103,
    0.230822828592,0.238702760805,0.245153275681,0.250172395482,
    0.253758581468,0.255910734655,0.256628199332,0.260008592309,
    0.264232297819,0.270142153204,0.27773482839,0.287006045071,
    0.297950579117,0.310562263522,0.324833991877,0.340757722373,
    0.358324482337,0.377524373281,0.398346576485,0.420779359092,
    0.444810080717,0.470425200572,0.497610285097,0.526350016087,
    0.556628199332),.UNSPECIFIED.);
#5948 = CARTESIAN_POINT('',(-27.3,-92.04388369596,70.889877463761));
#5949 = CARTESIAN_POINT('',(-27.3,-92.03529353086,70.888532814847));
#5950 = CARTESIAN_POINT('',(-27.3,-92.01852588783,70.886140228163));
#5951 = CARTESIAN_POINT('',(-27.3,-91.99396476464,70.883335957392));
#5952 = CARTESIAN_POINT('',(-27.3,-91.97070142535,70.881337261809));
#5953 = CARTESIAN_POINT('',(-27.3,-91.94876801026,70.880070018977));
#5954 = CARTESIAN_POINT('',(-27.3,-91.92819284205,70.879458172326));
#5955 = CARTESIAN_POINT('',(-27.3,-91.9090006617,70.879424636442));
#5956 = CARTESIAN_POINT('',(-27.3,-91.89121250761,70.879891284713));
#5957 = CARTESIAN_POINT('',(-27.3,-91.87484569137,70.880779163495));
#5958 = CARTESIAN_POINT('',(-27.3,-91.85991376041,70.882008655354));
#5959 = CARTESIAN_POINT('',(-27.3,-91.84642647136,70.883499650321));
#5960 = CARTESIAN_POINT('',(-27.3,-91.83438977826,70.885171736365));
#5961 = CARTESIAN_POINT('',(-27.3,-91.82380580325,70.886944324074));
#5962 = CARTESIAN_POINT('',(-27.3,-91.81467289571,70.888736981222));
#5963 = CARTESIAN_POINT('',(-27.3,-91.80698545706,70.890469135104));
#5964 = CARTESIAN_POINT('',(-27.3,-91.80073448437,70.89206162897));
#5965 = CARTESIAN_POINT('',(-27.3,-91.79590614642,70.893433122209));
#5966 = CARTESIAN_POINT('',(-27.3,-91.79248553097,70.89450996315));
#5967 = CARTESIAN_POINT('',(-27.3,-91.79044844328,70.895204854273));
#5968 = CARTESIAN_POINT('',(-27.3,-91.78849805205,70.895937416301));
#5969 = CARTESIAN_POINT('',(-27.3,-91.78592815236,70.896982126168));
#5970 = CARTESIAN_POINT('',(-27.3,-91.78173547347,70.898629178284));
#5971 = CARTESIAN_POINT('',(-27.3,-91.77624346738,70.900808981352));
#5972 = CARTESIAN_POINT('',(-27.3,-91.76918459869,70.903601695293));
#5973 = CARTESIAN_POINT('',(-27.3,-91.76056631278,70.907014671096));
#5974 = CARTESIAN_POINT('',(-27.3,-91.75039216634,70.911042641265));
#5975 = CARTESIAN_POINT('',(-27.3,-91.73866835013,70.915684514419));
#5976 = CARTESIAN_POINT('',(-27.3,-91.72540131572,70.920937277216));
#5977 = CARTESIAN_POINT('',(-27.3,-91.71059858935,70.926798099948));
#5978 = CARTESIAN_POINT('',(-27.3,-91.69426849588,70.933263638621));
#5979 = CARTESIAN_POINT('',(-27.3,-91.67642024202,70.940330263062));
#5980 = CARTESIAN_POINT('',(-27.3,-91.65706388333,70.947993987366));
#5981 = CARTESIAN_POINT('',(-27.3,-91.63621032715,70.956250494416));
#5982 = CARTESIAN_POINT('',(-27.3,-91.61387132387,70.96509513148));
#5983 = CARTESIAN_POINT('',(-27.3,-91.59005946108,70.974522914908));
#5984 = CARTESIAN_POINT('',(-27.3,-91.56478815622,70.984528532318));
#5985 = CARTESIAN_POINT('',(-27.3,-91.53807164913,70.995106345771));
#5986 = CARTESIAN_POINT('',(-27.3,-91.51978049283,71.002348326864));
#5987 = CARTESIAN_POINT('',(-27.3,-91.51039651189,71.006063707751));
#5988 = ORIENTED_EDGE('',*,*,#5989,.F.);
#5989 = EDGE_CURVE('',#805,#5945,#5990,.T.);
#5990 = LINE('',#5991,#5992);
#5991 = CARTESIAN_POINT('',(-32.8,-91.51039651189,71.006063707751));
#5992 = VECTOR('',#5993,1.);
#5993 = DIRECTION('',(1.,0.,0.));
#5994 = SURFACE_OF_LINEAR_EXTRUSION('',#5995,#6036);
#5995 = B_SPLINE_CURVE_WITH_KNOTS('',3,(#5996,#5997,#5998,#5999,#6000,
    #6001,#6002,#6003,#6004,#6005,#6006,#6007,#6008,#6009,#6010,#6011,
    #6012,#6013,#6014,#6015,#6016,#6017,#6018,#6019,#6020,#6021,#6022,
    #6023,#6024,#6025,#6026,#6027,#6028,#6029,#6030,#6031,#6032,#6033,
    #6034,#6035),.UNSPECIFIED.,.F.,.F.,(4,1,1,1,1,1,1,1,1,1,1,1,1,1,1,1,
    1,1,1,1,1,1,1,1,1,1,1,1,1,1,1,1,1,1,1,1,1,4),(0.,2.608437118449E-02,
    5.080451698287E-02,7.415285781629E-02,9.612223472286E-02,
    0.116705911553,0.135897577034,0.153691346707,0.170081764731,
    0.185063805553,0.198632875455,0.210784813958,0.221515895103,
    0.230822828592,0.238702760805,0.245153275681,0.250172395482,
    0.253758581468,0.255910734655,0.256628199332,0.260008592309,
    0.264232297819,0.270142153204,0.27773482839,0.287006045071,
    0.297950579117,0.310562263522,0.324833991877,0.340757722373,
    0.358324482337,0.377524373281,0.398346576485,0.420779359092,
    0.444810080717,0.470425200572,0.497610285097,0.526350016087,
    0.556628199332),.UNSPECIFIED.);
#5996 = CARTESIAN_POINT('',(-32.8,-92.04388369596,70.889877463761));
#5997 = CARTESIAN_POINT('',(-32.8,-92.03529353086,70.888532814847));
#5998 = CARTESIAN_POINT('',(-32.8,-92.01852588783,70.886140228163));
#5999 = CARTESIAN_POINT('',(-32.8,-91.99396476464,70.883335957392));
#6000 = CARTESIAN_POINT('',(-32.8,-91.97070142535,70.881337261809));
#6001 = CARTESIAN_POINT('',(-32.8,-91.94876801026,70.880070018977));
#6002 = CARTESIAN_POINT('',(-32.8,-91.92819284205,70.879458172326));
#6003 = CARTESIAN_POINT('',(-32.8,-91.9090006617,70.879424636442));
#6004 = CARTESIAN_POINT('',(-32.8,-91.89121250761,70.879891284713));
#6005 = CARTESIAN_POINT('',(-32.8,-91.87484569137,70.880779163495));
#6006 = CARTESIAN_POINT('',(-32.8,-91.85991376041,70.882008655354));
#6007 = CARTESIAN_POINT('',(-32.8,-91.84642647136,70.883499650321));
#6008 = CARTESIAN_POINT('',(-32.8,-91.83438977826,70.885171736365));
#6009 = CARTESIAN_POINT('',(-32.8,-91.82380580325,70.886944324074));
#6010 = CARTESIAN_POINT('',(-32.8,-91.81467289571,70.888736981222));
#6011 = CARTESIAN_POINT('',(-32.8,-91.80698545706,70.890469135104));
#6012 = CARTESIAN_POINT('',(-32.8,-91.80073448437,70.89206162897));
#6013 = CARTESIAN_POINT('',(-32.8,-91.79590614642,70.893433122209));
#6014 = CARTESIAN_POINT('',(-32.8,-91.79248553097,70.89450996315));
#6015 = CARTESIAN_POINT('',(-32.8,-91.79044844328,70.895204854273));
#6016 = CARTESIAN_POINT('',(-32.8,-91.78849805205,70.895937416301));
#6017 = CARTESIAN_POINT('',(-32.8,-91.78592815236,70.896982126168));
#6018 = CARTESIAN_POINT('',(-32.8,-91.78173547347,70.898629178284));
#6019 = CARTESIAN_POINT('',(-32.8,-91.77624346738,70.900808981352));
#6020 = CARTESIAN_POINT('',(-32.8,-91.76918459869,70.903601695293));
#6021 = CARTESIAN_POINT('',(-32.8,-91.76056631278,70.907014671096));
#6022 = CARTESIAN_POINT('',(-32.8,-91.75039216634,70.911042641265));
#6023 = CARTESIAN_POINT('',(-32.8,-91.73866835013,70.915684514419));
#6024 = CARTESIAN_POINT('',(-32.8,-91.72540131572,70.920937277216));
#6025 = CARTESIAN_POINT('',(-32.8,-91.71059858935,70.926798099948));
#6026 = CARTESIAN_POINT('',(-32.8,-91.69426849588,70.933263638621));
#6027 = CARTESIAN_POINT('',(-32.8,-91.67642024202,70.940330263062));
#6028 = CARTESIAN_POINT('',(-32.8,-91.65706388333,70.947993987366));
#6029 = CARTESIAN_POINT('',(-32.8,-91.63621032715,70.956250494416));
#6030 = CARTESIAN_POINT('',(-32.8,-91.61387132387,70.96509513148));
#6031 = CARTESIAN_POINT('',(-32.8,-91.59005946108,70.974522914908));
#6032 = CARTESIAN_POINT('',(-32.8,-91.56478815622,70.984528532318));
#6033 = CARTESIAN_POINT('',(-32.8,-91.53807164913,70.995106345771));
#6034 = CARTESIAN_POINT('',(-32.8,-91.51978049283,71.002348326864));
#6035 = CARTESIAN_POINT('',(-32.8,-91.51039651189,71.006063707751));
#6036 = VECTOR('',#6037,1.);
#6037 = DIRECTION('',(-1.,-0.,0.));
#6038 = ADVANCED_FACE('',(#6039),#6056,.T.);
#6039 = FACE_BOUND('',#6040,.T.);
#6040 = EDGE_LOOP('',(#6041,#6042,#6043,#6050));
#6041 = ORIENTED_EDGE('',*,*,#804,.T.);
#6042 = ORIENTED_EDGE('',*,*,#5989,.T.);
#6043 = ORIENTED_EDGE('',*,*,#6044,.T.);
#6044 = EDGE_CURVE('',#5945,#6045,#6047,.T.);
#6045 = VERTEX_POINT('',#6046);
#6046 = CARTESIAN_POINT('',(-27.3,-91.36602803611,70.699265079925));
#6047 = B_SPLINE_CURVE_WITH_KNOTS('',1,(#6048,#6049),.UNSPECIFIED.,.F.,
  .F.,(2,2),(0.,0.339068805458),.PIECEWISE_BEZIER_KNOTS.);
#6048 = CARTESIAN_POINT('',(-27.3,-91.51039651189,71.006063707751));
#6049 = CARTESIAN_POINT('',(-27.3,-91.36602803611,70.699265079925));
#6050 = ORIENTED_EDGE('',*,*,#6051,.F.);
#6051 = EDGE_CURVE('',#743,#6045,#6052,.T.);
#6052 = LINE('',#6053,#6054);
#6053 = CARTESIAN_POINT('',(-32.8,-91.36602803611,70.699265079925));
#6054 = VECTOR('',#6055,1.);
#6055 = DIRECTION('',(1.,0.,0.));
#6056 = SURFACE_OF_LINEAR_EXTRUSION('',#6057,#6060);
#6057 = B_SPLINE_CURVE_WITH_KNOTS('',1,(#6058,#6059),.UNSPECIFIED.,.F.,
  .F.,(2,2),(0.,0.339068805458),.PIECEWISE_BEZIER_KNOTS.);
#6058 = CARTESIAN_POINT('',(-32.8,-91.51039651189,71.006063707751));
#6059 = CARTESIAN_POINT('',(-32.8,-91.36602803611,70.699265079925));
#6060 = VECTOR('',#6061,1.);
#6061 = DIRECTION('',(-1.,-0.,0.));
#6062 = ADVANCED_FACE('',(#6063),#6118,.T.);
#6063 = FACE_BOUND('',#6064,.T.);
#6064 = EDGE_LOOP('',(#6065,#6066,#6067,#6112));
#6065 = ORIENTED_EDGE('',*,*,#742,.T.);
#6066 = ORIENTED_EDGE('',*,*,#6051,.T.);
#6067 = ORIENTED_EDGE('',*,*,#6068,.T.);
#6068 = EDGE_CURVE('',#6045,#6069,#6071,.T.);
#6069 = VERTEX_POINT('',#6070);
#6070 = CARTESIAN_POINT('',(-27.3,-91.79560860508,70.362266038953));
#6071 = B_SPLINE_CURVE_WITH_KNOTS('',3,(#6072,#6073,#6074,#6075,#6076,
    #6077,#6078,#6079,#6080,#6081,#6082,#6083,#6084,#6085,#6086,#6087,
    #6088,#6089,#6090,#6091,#6092,#6093,#6094,#6095,#6096,#6097,#6098,
    #6099,#6100,#6101,#6102,#6103,#6104,#6105,#6106,#6107,#6108,#6109,
    #6110,#6111),.UNSPECIFIED.,.F.,.F.,(4,1,1,1,1,1,1,1,1,1,1,1,1,1,1,1,
    1,1,1,1,1,1,1,1,1,1,1,1,1,1,1,1,1,1,1,1,1,4),(0.,3.027818324443E-02,
    5.901791423488E-02,8.620299875927E-02,0.111818118615,0.13584884024,
    0.158281622847,0.179103826051,0.198303716995,0.215870476958,
    0.231794207455,0.24606593581,0.258677620215,0.269622154261,
    0.278893370941,0.286486046128,0.292395901513,0.296619607022,0.3,
    0.300717464676,0.302869617863,0.306455803849,0.311474923651,
    0.317925438527,0.32580537074,0.335112304229,0.345843385374,
    0.357995323877,0.371564393779,0.386546434601,0.402936852624,
    0.420730622298,0.439922287779,0.460505964609,0.482475341515,
    0.505823682349,0.530543828147,0.556628199332),.UNSPECIFIED.);
#6072 = CARTESIAN_POINT('',(-27.3,-91.36602803611,70.699265079925));
#6073 = CARTESIAN_POINT('',(-27.3,-91.37487236086,70.694402871251));
#6074 = CARTESIAN_POINT('',(-27.3,-91.39211162502,70.684925505577));
#6075 = CARTESIAN_POINT('',(-27.3,-91.41729171291,70.671082635121));
#6076 = CARTESIAN_POINT('',(-27.3,-91.44110970959,70.657988580636));
#6077 = CARTESIAN_POINT('',(-27.3,-91.46355219416,70.645650720345));
#6078 = CARTESIAN_POINT('',(-27.3,-91.48460652074,70.634076006334));
#6079 = CARTESIAN_POINT('',(-27.3,-91.50426082574,70.623270960805));
#6080 = CARTESIAN_POINT('',(-27.3,-91.52250403419,70.61324167182));
#6081 = CARTESIAN_POINT('',(-27.3,-91.53932586709,70.60399379181));
#6082 = CARTESIAN_POINT('',(-27.3,-91.55471684359,70.595532527993));
#6083 = CARTESIAN_POINT('',(-27.3,-91.56866829802,70.587862660301));
#6084 = CARTESIAN_POINT('',(-27.3,-91.58117234733,70.580988471614));
#6085 = CARTESIAN_POINT('',(-27.3,-91.59222201376,70.574913957278));
#6086 = CARTESIAN_POINT('',(-27.3,-91.60181086313,70.569642167528));
#6087 = CARTESIAN_POINT('',(-27.3,-91.60993410838,70.565177176757));
#6088 = CARTESIAN_POINT('',(-27.3,-91.6165854237,70.561518367812));
#6089 = CARTESIAN_POINT('',(-27.3,-91.62176572726,70.558676163163));
#6090 = CARTESIAN_POINT('',(-27.3,-91.62570731683,70.556495519086));
#6091 = CARTESIAN_POINT('',(-27.3,-91.62815039534,70.555181300471));
#6092 = CARTESIAN_POINT('',(-27.3,-91.62995807024,70.554145450813));
#6093 = CARTESIAN_POINT('',(-27.3,-91.63179198162,70.55301878804));
#6094 = CARTESIAN_POINT('',(-27.3,-91.63480208417,70.551069562784));
#6095 = CARTESIAN_POINT('',(-27.3,-91.63893653631,70.548223487151));
#6096 = CARTESIAN_POINT('',(-27.3,-91.64414809388,70.544422123702));
#6097 = CARTESIAN_POINT('',(-27.3,-91.65038289919,70.539602966862));
#6098 = CARTESIAN_POINT('',(-27.3,-91.65758569963,70.533708623323));
#6099 = CARTESIAN_POINT('',(-27.3,-91.66569798151,70.526683420348));
#6100 = CARTESIAN_POINT('',(-27.3,-91.67465882289,70.518474816672));
#6101 = CARTESIAN_POINT('',(-27.3,-91.68440477585,70.509033077817));
#6102 = CARTESIAN_POINT('',(-27.3,-91.69487008662,70.498311534878));
#6103 = CARTESIAN_POINT('',(-27.3,-91.70598681029,70.486266641453));
#6104 = CARTESIAN_POINT('',(-27.3,-91.71768496511,70.472858085967));
#6105 = CARTESIAN_POINT('',(-27.3,-91.72989268144,70.458048880271));
#6106 = CARTESIAN_POINT('',(-27.3,-91.7425363513,70.441805434958));
#6107 = CARTESIAN_POINT('',(-27.3,-91.75554080887,70.424097677196));
#6108 = CARTESIAN_POINT('',(-27.3,-91.768829398,70.404898949687));
#6109 = CARTESIAN_POINT('',(-27.3,-91.78232451938,70.384186769544));
#6110 = CARTESIAN_POINT('',(-27.3,-91.79116909757,70.369741986388));
#6111 = CARTESIAN_POINT('',(-27.3,-91.79560860508,70.362266038953));
#6112 = ORIENTED_EDGE('',*,*,#6113,.F.);
#6113 = EDGE_CURVE('',#733,#6069,#6114,.T.);
#6114 = LINE('',#6115,#6116);
#6115 = CARTESIAN_POINT('',(-32.8,-91.79560860508,70.362266038953));
#6116 = VECTOR('',#6117,1.);
#6117 = DIRECTION('',(1.,0.,0.));
#6118 = SURFACE_OF_LINEAR_EXTRUSION('',#6119,#6160);
#6119 = B_SPLINE_CURVE_WITH_KNOTS('',3,(#6120,#6121,#6122,#6123,#6124,
    #6125,#6126,#6127,#6128,#6129,#6130,#6131,#6132,#6133,#6134,#6135,
    #6136,#6137,#6138,#6139,#6140,#6141,#6142,#6143,#6144,#6145,#6146,
    #6147,#6148,#6149,#6150,#6151,#6152,#6153,#6154,#6155,#6156,#6157,
    #6158,#6159),.UNSPECIFIED.,.F.,.F.,(4,1,1,1,1,1,1,1,1,1,1,1,1,1,1,1,
    1,1,1,1,1,1,1,1,1,1,1,1,1,1,1,1,1,1,1,1,1,4),(0.,3.027818324443E-02,
    5.901791423488E-02,8.620299875927E-02,0.111818118615,0.13584884024,
    0.158281622847,0.179103826051,0.198303716995,0.215870476958,
    0.231794207455,0.24606593581,0.258677620215,0.269622154261,
    0.278893370941,0.286486046128,0.292395901513,0.296619607022,0.3,
    0.300717464676,0.302869617863,0.306455803849,0.311474923651,
    0.317925438527,0.32580537074,0.335112304229,0.345843385374,
    0.357995323877,0.371564393779,0.386546434601,0.402936852624,
    0.420730622298,0.439922287779,0.460505964609,0.482475341515,
    0.505823682349,0.530543828147,0.556628199332),.UNSPECIFIED.);
#6120 = CARTESIAN_POINT('',(-32.8,-91.36602803611,70.699265079925));
#6121 = CARTESIAN_POINT('',(-32.8,-91.37487236086,70.694402871251));
#6122 = CARTESIAN_POINT('',(-32.8,-91.39211162502,70.684925505577));
#6123 = CARTESIAN_POINT('',(-32.8,-91.41729171291,70.671082635121));
#6124 = CARTESIAN_POINT('',(-32.8,-91.44110970959,70.657988580636));
#6125 = CARTESIAN_POINT('',(-32.8,-91.46355219416,70.645650720345));
#6126 = CARTESIAN_POINT('',(-32.8,-91.48460652074,70.634076006334));
#6127 = CARTESIAN_POINT('',(-32.8,-91.50426082574,70.623270960805));
#6128 = CARTESIAN_POINT('',(-32.8,-91.52250403419,70.61324167182));
#6129 = CARTESIAN_POINT('',(-32.8,-91.53932586709,70.60399379181));
#6130 = CARTESIAN_POINT('',(-32.8,-91.55471684359,70.595532527993));
#6131 = CARTESIAN_POINT('',(-32.8,-91.56866829802,70.587862660301));
#6132 = CARTESIAN_POINT('',(-32.8,-91.58117234733,70.580988471614));
#6133 = CARTESIAN_POINT('',(-32.8,-91.59222201376,70.574913957278));
#6134 = CARTESIAN_POINT('',(-32.8,-91.60181086313,70.569642167528));
#6135 = CARTESIAN_POINT('',(-32.8,-91.60993410838,70.565177176757));
#6136 = CARTESIAN_POINT('',(-32.8,-91.6165854237,70.561518367812));
#6137 = CARTESIAN_POINT('',(-32.8,-91.62176572726,70.558676163163));
#6138 = CARTESIAN_POINT('',(-32.8,-91.62570731683,70.556495519086));
#6139 = CARTESIAN_POINT('',(-32.8,-91.62815039534,70.555181300471));
#6140 = CARTESIAN_POINT('',(-32.8,-91.62995807024,70.554145450813));
#6141 = CARTESIAN_POINT('',(-32.8,-91.63179198162,70.55301878804));
#6142 = CARTESIAN_POINT('',(-32.8,-91.63480208417,70.551069562784));
#6143 = CARTESIAN_POINT('',(-32.8,-91.63893653631,70.548223487151));
#6144 = CARTESIAN_POINT('',(-32.8,-91.64414809388,70.544422123702));
#6145 = CARTESIAN_POINT('',(-32.8,-91.65038289919,70.539602966862));
#6146 = CARTESIAN_POINT('',(-32.8,-91.65758569963,70.533708623323));
#6147 = CARTESIAN_POINT('',(-32.8,-91.66569798151,70.526683420348));
#6148 = CARTESIAN_POINT('',(-32.8,-91.67465882289,70.518474816672));
#6149 = CARTESIAN_POINT('',(-32.8,-91.68440477585,70.509033077817));
#6150 = CARTESIAN_POINT('',(-32.8,-91.69487008662,70.498311534878));
#6151 = CARTESIAN_POINT('',(-32.8,-91.70598681029,70.486266641453));
#6152 = CARTESIAN_POINT('',(-32.8,-91.71768496511,70.472858085967));
#6153 = CARTESIAN_POINT('',(-32.8,-91.72989268144,70.458048880271));
#6154 = CARTESIAN_POINT('',(-32.8,-91.7425363513,70.441805434958));
#6155 = CARTESIAN_POINT('',(-32.8,-91.75554080887,70.424097677196));
#6156 = CARTESIAN_POINT('',(-32.8,-91.768829398,70.404898949687));
#6157 = CARTESIAN_POINT('',(-32.8,-91.78232451938,70.384186769544));
#6158 = CARTESIAN_POINT('',(-32.8,-91.79116909757,70.369741986388));
#6159 = CARTESIAN_POINT('',(-32.8,-91.79560860508,70.362266038953));
#6160 = VECTOR('',#6161,1.);
#6161 = DIRECTION('',(-1.,-0.,0.));
#6162 = ADVANCED_FACE('',(#6163),#6180,.T.);
#6163 = FACE_BOUND('',#6164,.T.);
#6164 = EDGE_LOOP('',(#6165,#6166,#6167,#6174));
#6165 = ORIENTED_EDGE('',*,*,#732,.T.);
#6166 = ORIENTED_EDGE('',*,*,#6113,.T.);
#6167 = ORIENTED_EDGE('',*,*,#6168,.T.);
#6168 = EDGE_CURVE('',#6069,#6169,#6171,.T.);
#6169 = VERTEX_POINT('',#6170);
#6170 = CARTESIAN_POINT('',(-27.3,-91.67217824406,70.167770911718));
#6171 = B_SPLINE_CURVE_WITH_KNOTS('',1,(#6172,#6173),.UNSPECIFIED.,.F.,
  .F.,(2,2),(0.,0.230354962047),.PIECEWISE_BEZIER_KNOTS.);
#6172 = CARTESIAN_POINT('',(-27.3,-91.79560860508,70.362266038953));
#6173 = CARTESIAN_POINT('',(-27.3,-91.67217824406,70.167770911718));
#6174 = ORIENTED_EDGE('',*,*,#6175,.F.);
#6175 = EDGE_CURVE('',#678,#6169,#6176,.T.);
#6176 = LINE('',#6177,#6178);
#6177 = CARTESIAN_POINT('',(-32.8,-91.67217824406,70.167770911718));
#6178 = VECTOR('',#6179,1.);
#6179 = DIRECTION('',(1.,0.,0.));
#6180 = SURFACE_OF_LINEAR_EXTRUSION('',#6181,#6184);
#6181 = B_SPLINE_CURVE_WITH_KNOTS('',1,(#6182,#6183),.UNSPECIFIED.,.F.,
  .F.,(2,2),(0.,0.230354962047),.PIECEWISE_BEZIER_KNOTS.);
#6182 = CARTESIAN_POINT('',(-32.8,-91.79560860508,70.362266038953));
#6183 = CARTESIAN_POINT('',(-32.8,-91.67217824406,70.167770911718));
#6184 = VECTOR('',#6185,1.);
#6185 = DIRECTION('',(-1.,-0.,0.));
#6186 = ADVANCED_FACE('',(#6187),#6242,.T.);
#6187 = FACE_BOUND('',#6188,.T.);
#6188 = EDGE_LOOP('',(#6189,#6190,#6191,#6236));
#6189 = ORIENTED_EDGE('',*,*,#677,.T.);
#6190 = ORIENTED_EDGE('',*,*,#6175,.T.);
#6191 = ORIENTED_EDGE('',*,*,#6192,.T.);
#6192 = EDGE_CURVE('',#6169,#6193,#6195,.T.);
#6193 = VERTEX_POINT('',#6194);
#6194 = CARTESIAN_POINT('',(-27.3,-91.18434588481,70.41297981881));
#6195 = B_SPLINE_CURVE_WITH_KNOTS('',3,(#6196,#6197,#6198,#6199,#6200,
    #6201,#6202,#6203,#6204,#6205,#6206,#6207,#6208,#6209,#6210,#6211,
    #6212,#6213,#6214,#6215,#6216,#6217,#6218,#6219,#6220,#6221,#6222,
    #6223,#6224,#6225,#6226,#6227,#6228,#6229,#6230,#6231,#6232,#6233,
    #6234,#6235),.UNSPECIFIED.,.F.,.F.,(4,1,1,1,1,1,1,1,1,1,1,1,1,1,1,1,
    1,1,1,1,1,1,1,1,1,1,1,1,1,1,1,1,1,1,1,1,1,4),(0.,2.608437118449E-02,
    5.080451698287E-02,7.415285781629E-02,9.612223472286E-02,
    0.116705911553,0.135897577034,0.153691346707,0.170081764731,
    0.185063805553,0.198632875455,0.210784813958,0.221515895103,
    0.230822828592,0.238702760805,0.245153275681,0.250172395482,
    0.253758581468,0.255910734655,0.256628199332,0.260008592309,
    0.264232297819,0.270142153204,0.27773482839,0.287006045071,
    0.297950579117,0.310562263522,0.324833991877,0.340757722373,
    0.358324482337,0.377524373281,0.398346576485,0.420779359092,
    0.444810080717,0.470425200572,0.497610285097,0.526350016087,
    0.556628199332),.UNSPECIFIED.);
#6196 = CARTESIAN_POINT('',(-27.3,-91.67217824406,70.167770911718));
#6197 = CARTESIAN_POINT('',(-27.3,-91.66352355422,70.16860479461));
#6198 = CARTESIAN_POINT('',(-27.3,-91.64668768541,70.17045731869));
#6199 = CARTESIAN_POINT('',(-27.3,-91.62220080128,70.173849252197));
#6200 = CARTESIAN_POINT('',(-27.3,-91.59917126719,70.177698706535));
#6201 = CARTESIAN_POINT('',(-27.3,-91.5776117802,70.18192589499));
#6202 = CARTESIAN_POINT('',(-27.3,-91.55753085866,70.186450106887));
#6203 = CARTESIAN_POINT('',(-27.3,-91.53893329591,70.19119052576));
#6204 = CARTESIAN_POINT('',(-27.3,-91.5218200401,70.196066247451));
#6205 = CARTESIAN_POINT('',(-27.3,-91.50618822396,70.200996493573));
#6206 = CARTESIAN_POINT('',(-27.3,-91.49203116926,70.205900778911));
#6207 = CARTESIAN_POINT('',(-27.3,-91.47933840357,70.210699083919));
#6208 = CARTESIAN_POINT('',(-27.3,-91.46809569621,70.215312042155));
#6209 = CARTESIAN_POINT('',(-27.3,-91.45828506088,70.219661068311));
#6210 = CARTESIAN_POINT('',(-27.3,-91.44988489612,70.223668667587));
#6211 = CARTESIAN_POINT('',(-27.3,-91.44286974165,70.227258190918));
#6212 = CARTESIAN_POINT('',(-27.3,-91.43721119187,70.230355207355));
#6213 = CARTESIAN_POINT('',(-27.3,-91.43287562154,70.23288437143));
#6214 = CARTESIAN_POINT('',(-27.3,-91.42983027047,70.234778053903));
#6215 = CARTESIAN_POINT('',(-27.3,-91.42802999402,70.235957716853));
#6216 = CARTESIAN_POINT('',(-27.3,-91.42632305869,70.237152306672));
#6217 = CARTESIAN_POINT('',(-27.3,-91.4240937059,70.238803303122));
#6218 = CARTESIAN_POINT('',(-27.3,-91.42044235293,70.241441286908));
#6219 = CARTESIAN_POINT('',(-27.3,-91.4156649833,70.244918413827));
#6220 = CARTESIAN_POINT('',(-27.3,-91.40952240166,70.249378858784));
#6221 = CARTESIAN_POINT('',(-27.3,-91.40202364762,70.254827890226));
#6222 = CARTESIAN_POINT('',(-27.3,-91.39317085614,70.261259521635));
#6223 = CARTESIAN_POINT('',(-27.3,-91.38296975209,70.268671156338));
#6224 = CARTESIAN_POINT('',(-27.3,-91.37142583495,70.277058271223));
#6225 = CARTESIAN_POINT('',(-27.3,-91.35854569079,70.286416253783));
#6226 = CARTESIAN_POINT('',(-27.3,-91.34433655132,70.296739794772));
#6227 = CARTESIAN_POINT('',(-27.3,-91.32880643122,70.308023088448));
#6228 = CARTESIAN_POINT('',(-27.3,-91.31196407885,70.320259773422));
#6229 = CARTESIAN_POINT('',(-27.3,-91.2938189853,70.333442955652));
#6230 = CARTESIAN_POINT('',(-27.3,-91.27438137468,70.347565206383));
#6231 = CARTESIAN_POINT('',(-27.3,-91.25366219974,70.36261856813));
#6232 = CARTESIAN_POINT('',(-27.3,-91.23167313526,70.378594558623));
#6233 = CARTESIAN_POINT('',(-27.3,-91.20842657161,70.395484175749));
#6234 = CARTESIAN_POINT('',(-27.3,-91.19251107308,70.407047462285));
#6235 = CARTESIAN_POINT('',(-27.3,-91.18434588481,70.41297981881));
#6236 = ORIENTED_EDGE('',*,*,#6237,.F.);
#6237 = EDGE_CURVE('',#668,#6193,#6238,.T.);
#6238 = LINE('',#6239,#6240);
#6239 = CARTESIAN_POINT('',(-32.8,-91.18434588481,70.41297981881));
#6240 = VECTOR('',#6241,1.);
#6241 = DIRECTION('',(1.,0.,0.));
#6242 = SURFACE_OF_LINEAR_EXTRUSION('',#6243,#6284);
#6243 = B_SPLINE_CURVE_WITH_KNOTS('',3,(#6244,#6245,#6246,#6247,#6248,
    #6249,#6250,#6251,#6252,#6253,#6254,#6255,#6256,#6257,#6258,#6259,
    #6260,#6261,#6262,#6263,#6264,#6265,#6266,#6267,#6268,#6269,#6270,
    #6271,#6272,#6273,#6274,#6275,#6276,#6277,#6278,#6279,#6280,#6281,
    #6282,#6283),.UNSPECIFIED.,.F.,.F.,(4,1,1,1,1,1,1,1,1,1,1,1,1,1,1,1,
    1,1,1,1,1,1,1,1,1,1,1,1,1,1,1,1,1,1,1,1,1,4),(0.,2.608437118449E-02,
    5.080451698287E-02,7.415285781629E-02,9.612223472286E-02,
    0.116705911553,0.135897577034,0.153691346707,0.170081764731,
    0.185063805553,0.198632875455,0.210784813958,0.221515895103,
    0.230822828592,0.238702760805,0.245153275681,0.250172395482,
    0.253758581468,0.255910734655,0.256628199332,0.260008592309,
    0.264232297819,0.270142153204,0.27773482839,0.287006045071,
    0.297950579117,0.310562263522,0.324833991877,0.340757722373,
    0.358324482337,0.377524373281,0.398346576485,0.420779359092,
    0.444810080717,0.470425200572,0.497610285097,0.526350016087,
    0.556628199332),.UNSPECIFIED.);
#6244 = CARTESIAN_POINT('',(-32.8,-91.67217824406,70.167770911718));
#6245 = CARTESIAN_POINT('',(-32.8,-91.66352355422,70.16860479461));
#6246 = CARTESIAN_POINT('',(-32.8,-91.64668768541,70.17045731869));
#6247 = CARTESIAN_POINT('',(-32.8,-91.62220080128,70.173849252197));
#6248 = CARTESIAN_POINT('',(-32.8,-91.59917126719,70.177698706535));
#6249 = CARTESIAN_POINT('',(-32.8,-91.5776117802,70.18192589499));
#6250 = CARTESIAN_POINT('',(-32.8,-91.55753085866,70.186450106887));
#6251 = CARTESIAN_POINT('',(-32.8,-91.53893329591,70.19119052576));
#6252 = CARTESIAN_POINT('',(-32.8,-91.5218200401,70.196066247451));
#6253 = CARTESIAN_POINT('',(-32.8,-91.50618822396,70.200996493573));
#6254 = CARTESIAN_POINT('',(-32.8,-91.49203116926,70.205900778911));
#6255 = CARTESIAN_POINT('',(-32.8,-91.47933840357,70.210699083919));
#6256 = CARTESIAN_POINT('',(-32.8,-91.46809569621,70.215312042155));
#6257 = CARTESIAN_POINT('',(-32.8,-91.45828506088,70.219661068311));
#6258 = CARTESIAN_POINT('',(-32.8,-91.44988489612,70.223668667587));
#6259 = CARTESIAN_POINT('',(-32.8,-91.44286974165,70.227258190918));
#6260 = CARTESIAN_POINT('',(-32.8,-91.43721119187,70.230355207355));
#6261 = CARTESIAN_POINT('',(-32.8,-91.43287562154,70.23288437143));
#6262 = CARTESIAN_POINT('',(-32.8,-91.42983027047,70.234778053903));
#6263 = CARTESIAN_POINT('',(-32.8,-91.42802999402,70.235957716853));
#6264 = CARTESIAN_POINT('',(-32.8,-91.42632305869,70.237152306672));
#6265 = CARTESIAN_POINT('',(-32.8,-91.4240937059,70.238803303122));
#6266 = CARTESIAN_POINT('',(-32.8,-91.42044235293,70.241441286908));
#6267 = CARTESIAN_POINT('',(-32.8,-91.4156649833,70.244918413827));
#6268 = CARTESIAN_POINT('',(-32.8,-91.40952240166,70.249378858784));
#6269 = CARTESIAN_POINT('',(-32.8,-91.40202364762,70.254827890226));
#6270 = CARTESIAN_POINT('',(-32.8,-91.39317085614,70.261259521635));
#6271 = CARTESIAN_POINT('',(-32.8,-91.38296975209,70.268671156338));
#6272 = CARTESIAN_POINT('',(-32.8,-91.37142583495,70.277058271223));
#6273 = CARTESIAN_POINT('',(-32.8,-91.35854569079,70.286416253783));
#6274 = CARTESIAN_POINT('',(-32.8,-91.34433655132,70.296739794772));
#6275 = CARTESIAN_POINT('',(-32.8,-91.32880643122,70.308023088448));
#6276 = CARTESIAN_POINT('',(-32.8,-91.31196407885,70.320259773422));
#6277 = CARTESIAN_POINT('',(-32.8,-91.2938189853,70.333442955652));
#6278 = CARTESIAN_POINT('',(-32.8,-91.27438137468,70.347565206383));
#6279 = CARTESIAN_POINT('',(-32.8,-91.25366219974,70.36261856813));
#6280 = CARTESIAN_POINT('',(-32.8,-91.23167313526,70.378594558623));
#6281 = CARTESIAN_POINT('',(-32.8,-91.20842657161,70.395484175749));
#6282 = CARTESIAN_POINT('',(-32.8,-91.19251107308,70.407047462285));
#6283 = CARTESIAN_POINT('',(-32.8,-91.18434588481,70.41297981881));
#6284 = VECTOR('',#6285,1.);
#6285 = DIRECTION('',(-1.,-0.,0.));
#6286 = ADVANCED_FACE('',(#6287),#6304,.T.);
#6287 = FACE_BOUND('',#6288,.T.);
#6288 = EDGE_LOOP('',(#6289,#6290,#6291,#6298));
#6289 = ORIENTED_EDGE('',*,*,#667,.T.);
#6290 = ORIENTED_EDGE('',*,*,#6237,.T.);
#6291 = ORIENTED_EDGE('',*,*,#6292,.T.);
#6292 = EDGE_CURVE('',#6193,#6293,#6295,.T.);
#6293 = VERTEX_POINT('',#6294);
#6294 = CARTESIAN_POINT('',(-27.3,-90.96821529403,70.151722813993));
#6295 = B_SPLINE_CURVE_WITH_KNOTS('',1,(#6296,#6297),.UNSPECIFIED.,.F.,
  .F.,(2,2),(0.,0.339068805458),.PIECEWISE_BEZIER_KNOTS.);
#6296 = CARTESIAN_POINT('',(-27.3,-91.18434588481,70.41297981881));
#6297 = CARTESIAN_POINT('',(-27.3,-90.96821529403,70.151722813993));
#6298 = ORIENTED_EDGE('',*,*,#6299,.F.);
#6299 = EDGE_CURVE('',#606,#6293,#6300,.T.);
#6300 = LINE('',#6301,#6302);
#6301 = CARTESIAN_POINT('',(-32.8,-90.96821529403,70.151722813993));
#6302 = VECTOR('',#6303,1.);
#6303 = DIRECTION('',(1.,0.,0.));
#6304 = SURFACE_OF_LINEAR_EXTRUSION('',#6305,#6308);
#6305 = B_SPLINE_CURVE_WITH_KNOTS('',1,(#6306,#6307),.UNSPECIFIED.,.F.,
  .F.,(2,2),(0.,0.339068805458),.PIECEWISE_BEZIER_KNOTS.);
#6306 = CARTESIAN_POINT('',(-32.8,-91.18434588481,70.41297981881));
#6307 = CARTESIAN_POINT('',(-32.8,-90.96821529403,70.151722813993));
#6308 = VECTOR('',#6309,1.);
#6309 = DIRECTION('',(-1.,-0.,0.));
#6310 = ADVANCED_FACE('',(#6311),#6366,.T.);
#6311 = FACE_BOUND('',#6312,.T.);
#6312 = EDGE_LOOP('',(#6313,#6314,#6315,#6360));
#6313 = ORIENTED_EDGE('',*,*,#605,.T.);
#6314 = ORIENTED_EDGE('',*,*,#6299,.T.);
#6315 = ORIENTED_EDGE('',*,*,#6316,.T.);
#6316 = EDGE_CURVE('',#6293,#6317,#6319,.T.);
#6317 = VERTEX_POINT('',#6318);
#6318 = CARTESIAN_POINT('',(-27.3,-91.30049154601,69.718478874365));
#6319 = B_SPLINE_CURVE_WITH_KNOTS('',3,(#6320,#6321,#6322,#6323,#6324,
    #6325,#6326,#6327,#6328,#6329,#6330,#6331,#6332,#6333,#6334,#6335,
    #6336,#6337,#6338,#6339,#6340,#6341,#6342,#6343,#6344,#6345,#6346,
    #6347,#6348,#6349,#6350,#6351,#6352,#6353,#6354,#6355,#6356,#6357,
    #6358,#6359),.UNSPECIFIED.,.F.,.F.,(4,1,1,1,1,1,1,1,1,1,1,1,1,1,1,1,
    1,1,1,1,1,1,1,1,1,1,1,1,1,1,1,1,1,1,1,1,1,4),(0.,3.027818324443E-02,
    5.901791423488E-02,8.620299875927E-02,0.111818118615,0.13584884024,
    0.158281622847,0.179103826051,0.198303716995,0.215870476958,
    0.231794207455,0.24606593581,0.258677620215,0.269622154261,
    0.278893370941,0.286486046128,0.292395901513,0.296619607022,0.3,
    0.300717464676,0.302869617863,0.306455803849,0.311474923651,
    0.317925438527,0.32580537074,0.335112304229,0.345843385374,
    0.357995323877,0.371564393779,0.386546434601,0.402936852624,
    0.420730622298,0.439922287779,0.460505964609,0.482475341515,
    0.505823682349,0.530543828147,0.556628199332),.UNSPECIFIED.);
#6320 = CARTESIAN_POINT('',(-27.3,-90.96821529403,70.151722813993));
#6321 = CARTESIAN_POINT('',(-27.3,-90.97557257593,70.144813866422));
#6322 = CARTESIAN_POINT('',(-27.3,-90.9899133119,70.131347018959));
#6323 = CARTESIAN_POINT('',(-27.3,-91.01085973913,70.111677014518));
#6324 = CARTESIAN_POINT('',(-27.3,-91.03067309072,70.093071038925));
#6325 = CARTESIAN_POINT('',(-27.3,-91.04934220228,70.075539576249));
#6326 = CARTESIAN_POINT('',(-27.3,-91.06685655416,70.059092505061));
#6327 = CARTESIAN_POINT('',(-27.3,-91.08320627747,70.043739093013));
#6328 = CARTESIAN_POINT('',(-27.3,-91.09838215924,70.029487991132));
#6329 = CARTESIAN_POINT('',(-27.3,-91.11237564908,70.016347230554));
#6330 = CARTESIAN_POINT('',(-27.3,-91.12517885901,70.00432421269));
#6331 = CARTESIAN_POINT('',(-27.3,-91.13678458432,69.993425722366));
#6332 = CARTESIAN_POINT('',(-27.3,-91.14718625471,69.983657868348));
#6333 = CARTESIAN_POINT('',(-27.3,-91.15637810527,69.97502625575));
#6334 = CARTESIAN_POINT('',(-27.3,-91.16435466251,69.967535439101));
#6335 = CARTESIAN_POINT('',(-27.3,-91.17111230302,69.961190555283));
#6336 = CARTESIAN_POINT('',(-27.3,-91.17664474625,69.955992579692));
#6337 = CARTESIAN_POINT('',(-27.3,-91.1809554735,69.95195137902));
#6338 = CARTESIAN_POINT('',(-27.3,-91.18423092666,69.948859010421));
#6339 = CARTESIAN_POINT('',(-27.3,-91.18627041848,69.946978511483));
#6340 = CARTESIAN_POINT('',(-27.3,-91.18776369661,69.945525654479));
#6341 = CARTESIAN_POINT('',(-27.3,-91.18925980265,69.943978312676));
#6342 = CARTESIAN_POINT('',(-27.3,-91.19169058469,69.941341743851));
#6343 = CARTESIAN_POINT('',(-27.3,-91.19498735519,69.937556886481));
#6344 = CARTESIAN_POINT('',(-27.3,-91.19908982144,69.932578888192));
#6345 = CARTESIAN_POINT('',(-27.3,-91.20393027331,69.926360600995));
#6346 = CARTESIAN_POINT('',(-27.3,-91.2094409209,69.918860175469));
#6347 = CARTESIAN_POINT('',(-27.3,-91.2155512436,69.910038239699));
#6348 = CARTESIAN_POINT('',(-27.3,-91.22218916694,69.899859053769));
#6349 = CARTESIAN_POINT('',(-27.3,-91.2292808679,69.888290224561));
#6350 = CARTESIAN_POINT('',(-27.3,-91.23675105238,69.875302901655));
#6351 = CARTESIAN_POINT('',(-27.3,-91.24452308055,69.860871803951));
#6352 = CARTESIAN_POINT('',(-27.3,-91.25251914417,69.84497529009));
#6353 = CARTESIAN_POINT('',(-27.3,-91.26066043295,69.827595407227));
#6354 = CARTESIAN_POINT('',(-27.3,-91.26886729809,69.808717926786));
#6355 = CARTESIAN_POINT('',(-27.3,-91.27705945643,69.788332413711));
#6356 = CARTESIAN_POINT('',(-27.3,-91.28515603072,69.766432111799));
#6357 = CARTESIAN_POINT('',(-27.3,-91.2930762683,69.743014542671));
#6358 = CARTESIAN_POINT('',(-27.3,-91.29805070632,69.726824011786));
#6359 = CARTESIAN_POINT('',(-27.3,-91.30049154601,69.718478874365));
#6360 = ORIENTED_EDGE('',*,*,#6361,.F.);
#6361 = EDGE_CURVE('',#596,#6317,#6362,.T.);
#6362 = LINE('',#6363,#6364);
#6363 = CARTESIAN_POINT('',(-32.8,-91.30049154601,69.718478874365));
#6364 = VECTOR('',#6365,1.);
#6365 = DIRECTION('',(1.,0.,0.));
#6366 = SURFACE_OF_LINEAR_EXTRUSION('',#6367,#6408);
#6367 = B_SPLINE_CURVE_WITH_KNOTS('',3,(#6368,#6369,#6370,#6371,#6372,
    #6373,#6374,#6375,#6376,#6377,#6378,#6379,#6380,#6381,#6382,#6383,
    #6384,#6385,#6386,#6387,#6388,#6389,#6390,#6391,#6392,#6393,#6394,
    #6395,#6396,#6397,#6398,#6399,#6400,#6401,#6402,#6403,#6404,#6405,
    #6406,#6407),.UNSPECIFIED.,.F.,.F.,(4,1,1,1,1,1,1,1,1,1,1,1,1,1,1,1,
    1,1,1,1,1,1,1,1,1,1,1,1,1,1,1,1,1,1,1,1,1,4),(0.,3.027818324443E-02,
    5.901791423488E-02,8.620299875927E-02,0.111818118615,0.13584884024,
    0.158281622847,0.179103826051,0.198303716995,0.215870476958,
    0.231794207455,0.24606593581,0.258677620215,0.269622154261,
    0.278893370941,0.286486046128,0.292395901513,0.296619607022,0.3,
    0.300717464676,0.302869617863,0.306455803849,0.311474923651,
    0.317925438527,0.32580537074,0.335112304229,0.345843385374,
    0.357995323877,0.371564393779,0.386546434601,0.402936852624,
    0.420730622298,0.439922287779,0.460505964609,0.482475341515,
    0.505823682349,0.530543828147,0.556628199332),.UNSPECIFIED.);
#6368 = CARTESIAN_POINT('',(-32.8,-90.96821529403,70.151722813993));
#6369 = CARTESIAN_POINT('',(-32.8,-90.97557257593,70.144813866422));
#6370 = CARTESIAN_POINT('',(-32.8,-90.9899133119,70.131347018959));
#6371 = CARTESIAN_POINT('',(-32.8,-91.01085973913,70.111677014518));
#6372 = CARTESIAN_POINT('',(-32.8,-91.03067309072,70.093071038925));
#6373 = CARTESIAN_POINT('',(-32.8,-91.04934220228,70.075539576249));
#6374 = CARTESIAN_POINT('',(-32.8,-91.06685655416,70.059092505061));
#6375 = CARTESIAN_POINT('',(-32.8,-91.08320627747,70.043739093013));
#6376 = CARTESIAN_POINT('',(-32.8,-91.09838215924,70.029487991132));
#6377 = CARTESIAN_POINT('',(-32.8,-91.11237564908,70.016347230554));
#6378 = CARTESIAN_POINT('',(-32.8,-91.12517885901,70.00432421269));
#6379 = CARTESIAN_POINT('',(-32.8,-91.13678458432,69.993425722366));
#6380 = CARTESIAN_POINT('',(-32.8,-91.14718625471,69.983657868348));
#6381 = CARTESIAN_POINT('',(-32.8,-91.15637810527,69.97502625575));
#6382 = CARTESIAN_POINT('',(-32.8,-91.16435466251,69.967535439101));
#6383 = CARTESIAN_POINT('',(-32.8,-91.17111230302,69.961190555283));
#6384 = CARTESIAN_POINT('',(-32.8,-91.17664474625,69.955992579692));
#6385 = CARTESIAN_POINT('',(-32.8,-91.1809554735,69.95195137902));
#6386 = CARTESIAN_POINT('',(-32.8,-91.18423092666,69.948859010421));
#6387 = CARTESIAN_POINT('',(-32.8,-91.18627041848,69.946978511483));
#6388 = CARTESIAN_POINT('',(-32.8,-91.18776369661,69.945525654479));
#6389 = CARTESIAN_POINT('',(-32.8,-91.18925980265,69.943978312676));
#6390 = CARTESIAN_POINT('',(-32.8,-91.19169058469,69.941341743851));
#6391 = CARTESIAN_POINT('',(-32.8,-91.19498735519,69.937556886481));
#6392 = CARTESIAN_POINT('',(-32.8,-91.19908982144,69.932578888192));
#6393 = CARTESIAN_POINT('',(-32.8,-91.20393027331,69.926360600995));
#6394 = CARTESIAN_POINT('',(-32.8,-91.2094409209,69.918860175469));
#6395 = CARTESIAN_POINT('',(-32.8,-91.2155512436,69.910038239699));
#6396 = CARTESIAN_POINT('',(-32.8,-91.22218916694,69.899859053769));
#6397 = CARTESIAN_POINT('',(-32.8,-91.2292808679,69.888290224561));
#6398 = CARTESIAN_POINT('',(-32.8,-91.23675105238,69.875302901655));
#6399 = CARTESIAN_POINT('',(-32.8,-91.24452308055,69.860871803951));
#6400 = CARTESIAN_POINT('',(-32.8,-91.25251914417,69.84497529009));
#6401 = CARTESIAN_POINT('',(-32.8,-91.26066043295,69.827595407227));
#6402 = CARTESIAN_POINT('',(-32.8,-91.26886729809,69.808717926786));
#6403 = CARTESIAN_POINT('',(-32.8,-91.27705945643,69.788332413711));
#6404 = CARTESIAN_POINT('',(-32.8,-91.28515603072,69.766432111799));
#6405 = CARTESIAN_POINT('',(-32.8,-91.2930762683,69.743014542671));
#6406 = CARTESIAN_POINT('',(-32.8,-91.29805070632,69.726824011786));
#6407 = CARTESIAN_POINT('',(-32.8,-91.30049154601,69.718478874365));
#6408 = VECTOR('',#6409,1.);
#6409 = DIRECTION('',(-1.,-0.,0.));
#6410 = ADVANCED_FACE('',(#6411),#6428,.T.);
#6411 = FACE_BOUND('',#6412,.T.);
#6412 = EDGE_LOOP('',(#6413,#6414,#6415,#6422));
#6413 = ORIENTED_EDGE('',*,*,#595,.T.);
#6414 = ORIENTED_EDGE('',*,*,#6361,.T.);
#6415 = ORIENTED_EDGE('',*,*,#6416,.T.);
#6416 = EDGE_CURVE('',#6317,#6417,#6419,.T.);
#6417 = VERTEX_POINT('',#6418);
#6418 = CARTESIAN_POINT('',(-27.3,-91.13257000551,69.560790051759));
#6419 = B_SPLINE_CURVE_WITH_KNOTS('',1,(#6420,#6421),.UNSPECIFIED.,.F.,
  .F.,(2,2),(0.,0.230354962047),.PIECEWISE_BEZIER_KNOTS.);
#6420 = CARTESIAN_POINT('',(-27.3,-91.30049154601,69.718478874365));
#6421 = CARTESIAN_POINT('',(-27.3,-91.13257000551,69.560790051759));
#6422 = ORIENTED_EDGE('',*,*,#6423,.F.);
#6423 = EDGE_CURVE('',#541,#6417,#6424,.T.);
#6424 = LINE('',#6425,#6426);
#6425 = CARTESIAN_POINT('',(-32.8,-91.13257000551,69.560790051759));
#6426 = VECTOR('',#6427,1.);
#6427 = DIRECTION('',(1.,0.,0.));
#6428 = SURFACE_OF_LINEAR_EXTRUSION('',#6429,#6432);
#6429 = B_SPLINE_CURVE_WITH_KNOTS('',1,(#6430,#6431),.UNSPECIFIED.,.F.,
  .F.,(2,2),(0.,0.230354962047),.PIECEWISE_BEZIER_KNOTS.);
#6430 = CARTESIAN_POINT('',(-32.8,-91.30049154601,69.718478874365));
#6431 = CARTESIAN_POINT('',(-32.8,-91.13257000551,69.560790051759));
#6432 = VECTOR('',#6433,1.);
#6433 = DIRECTION('',(-1.,-0.,0.));
#6434 = ADVANCED_FACE('',(#6435),#6490,.T.);
#6435 = FACE_BOUND('',#6436,.T.);
#6436 = EDGE_LOOP('',(#6437,#6438,#6439,#6484));
#6437 = ORIENTED_EDGE('',*,*,#540,.T.);
#6438 = ORIENTED_EDGE('',*,*,#6423,.T.);
#6439 = ORIENTED_EDGE('',*,*,#6440,.T.);
#6440 = EDGE_CURVE('',#6417,#6441,#6443,.T.);
#6441 = VERTEX_POINT('',#6442);
#6442 = CARTESIAN_POINT('',(-27.3,-90.72104477232,69.919614244505));
#6443 = B_SPLINE_CURVE_WITH_KNOTS('',3,(#6444,#6445,#6446,#6447,#6448,
    #6449,#6450,#6451,#6452,#6453,#6454,#6455,#6456,#6457,#6458,#6459,
    #6460,#6461,#6462,#6463,#6464,#6465,#6466,#6467,#6468,#6469,#6470,
    #6471,#6472,#6473,#6474,#6475,#6476,#6477,#6478,#6479,#6480,#6481,
    #6482,#6483),.UNSPECIFIED.,.F.,.F.,(4,1,1,1,1,1,1,1,1,1,1,1,1,1,1,1,
    1,1,1,1,1,1,1,1,1,1,1,1,1,1,1,1,1,1,1,1,1,4),(0.,2.608437118449E-02,
    5.080451698287E-02,7.415285781629E-02,9.612223472286E-02,
    0.116705911553,0.135897577034,0.153691346707,0.170081764731,
    0.185063805553,0.198632875455,0.210784813958,0.221515895103,
    0.230822828592,0.238702760805,0.245153275681,0.250172395482,
    0.253758581468,0.255910734655,0.256628199332,0.260008592309,
    0.264232297819,0.270142153204,0.27773482839,0.287006045071,
    0.297950579117,0.310562263522,0.324833991877,0.340757722373,
    0.358324482337,0.377524373281,0.398346576485,0.420779359092,
    0.444810080717,0.470425200572,0.497610285097,0.526350016087,
    0.556628199332),.UNSPECIFIED.);
#6444 = CARTESIAN_POINT('',(-27.3,-91.13257000551,69.560790051759));
#6445 = CARTESIAN_POINT('',(-27.3,-91.1243945969,69.563750070528));
#6446 = CARTESIAN_POINT('',(-27.3,-91.10854836188,69.569731304471));
#6447 = CARTESIAN_POINT('',(-27.3,-91.0856743178,69.5791063146));
#6448 = CARTESIAN_POINT('',(-27.3,-91.06432561924,69.588562043485));
#6449 = CARTESIAN_POINT('',(-27.3,-91.0444947222,69.598018053428));
#6450 = CARTESIAN_POINT('',(-27.3,-91.02616980548,69.607394051002));
#6451 = CARTESIAN_POINT('',(-27.3,-91.0093354136,69.616610566681));
#6452 = CARTESIAN_POINT('',(-27.3,-90.99397234486,69.625589002265));
#6453 = CARTESIAN_POINT('',(-27.3,-90.98005773332,69.634251830233));
#6454 = CARTESIAN_POINT('',(-27.3,-90.96756509469,69.642522754764));
#6455 = CARTESIAN_POINT('',(-27.3,-90.95646438552,69.650326874663));
#6456 = CARTESIAN_POINT('',(-27.3,-90.94672208454,69.657590855959));
#6457 = CARTESIAN_POINT('',(-27.3,-90.93830122718,69.664243055255));
#6458 = CARTESIAN_POINT('',(-27.3,-90.93116161846,69.670213784456));
#6459 = CARTESIAN_POINT('',(-27.3,-90.92525953612,69.675435134285));
#6460 = CARTESIAN_POINT('',(-27.3,-90.92054895676,69.67984207636));
#6461 = CARTESIAN_POINT('',(-27.3,-90.91697857387,69.683369994591));
#6462 = CARTESIAN_POINT('',(-27.3,-90.91449983778,69.685961531563));
#6463 = CARTESIAN_POINT('',(-27.3,-90.91304949058,69.687551843776));
#6464 = CARTESIAN_POINT('',(-27.3,-90.91169326417,69.689133400915));
#6465 = CARTESIAN_POINT('',(-27.3,-90.90994453671,69.69128694577));
#6466 = CARTESIAN_POINT('',(-27.3,-90.9070639376,69.694750107001));
#6467 = CARTESIAN_POINT('',(-27.3,-90.90330138412,69.6993060771));
#6468 = CARTESIAN_POINT('',(-27.3,-90.89846105053,69.705153986911));
#6469 = CARTESIAN_POINT('',(-27.3,-90.89255300265,69.712296691308));
#6470 = CARTESIAN_POINT('',(-27.3,-90.88557781959,69.720727860902));
#6471 = CARTESIAN_POINT('',(-27.3,-90.87754040058,69.730443556886));
#6472 = CARTESIAN_POINT('',(-27.3,-90.86844494748,69.741438030586));
#6473 = CARTESIAN_POINT('',(-27.3,-90.85829669236,69.753705176514));
#6474 = CARTESIAN_POINT('',(-27.3,-90.84710131938,69.76723805377));
#6475 = CARTESIAN_POINT('',(-27.3,-90.83486514758,69.782029045844));
#6476 = CARTESIAN_POINT('',(-27.3,-90.8215950685,69.798069815565));
#6477 = CARTESIAN_POINT('',(-27.3,-90.80729856052,69.815351325153));
#6478 = CARTESIAN_POINT('',(-27.3,-90.79198367913,69.8338638366));
#6479 = CARTESIAN_POINT('',(-27.3,-90.775659054,69.853596918585));
#6480 = CARTESIAN_POINT('',(-27.3,-90.75833388369,69.874539451923));
#6481 = CARTESIAN_POINT('',(-27.3,-90.74001793056,69.89667963596));
#6482 = CARTESIAN_POINT('',(-27.3,-90.72747811911,69.91183766412));
#6483 = CARTESIAN_POINT('',(-27.3,-90.72104477232,69.919614244505));
#6484 = ORIENTED_EDGE('',*,*,#6485,.F.);
#6485 = EDGE_CURVE('',#531,#6441,#6486,.T.);
#6486 = LINE('',#6487,#6488);
#6487 = CARTESIAN_POINT('',(-32.8,-90.72104477232,69.919614244505));
#6488 = VECTOR('',#6489,1.);
#6489 = DIRECTION('',(1.,0.,0.));
#6490 = SURFACE_OF_LINEAR_EXTRUSION('',#6491,#6532);
#6491 = B_SPLINE_CURVE_WITH_KNOTS('',3,(#6492,#6493,#6494,#6495,#6496,
    #6497,#6498,#6499,#6500,#6501,#6502,#6503,#6504,#6505,#6506,#6507,
    #6508,#6509,#6510,#6511,#6512,#6513,#6514,#6515,#6516,#6517,#6518,
    #6519,#6520,#6521,#6522,#6523,#6524,#6525,#6526,#6527,#6528,#6529,
    #6530,#6531),.UNSPECIFIED.,.F.,.F.,(4,1,1,1,1,1,1,1,1,1,1,1,1,1,1,1,
    1,1,1,1,1,1,1,1,1,1,1,1,1,1,1,1,1,1,1,1,1,4),(0.,2.608437118449E-02,
    5.080451698287E-02,7.415285781629E-02,9.612223472286E-02,
    0.116705911553,0.135897577034,0.153691346707,0.170081764731,
    0.185063805553,0.198632875455,0.210784813958,0.221515895103,
    0.230822828592,0.238702760805,0.245153275681,0.250172395482,
    0.253758581468,0.255910734655,0.256628199332,0.260008592309,
    0.264232297819,0.270142153204,0.27773482839,0.287006045071,
    0.297950579117,0.310562263522,0.324833991877,0.340757722373,
    0.358324482337,0.377524373281,0.398346576485,0.420779359092,
    0.444810080717,0.470425200572,0.497610285097,0.526350016087,
    0.556628199332),.UNSPECIFIED.);
#6492 = CARTESIAN_POINT('',(-32.8,-91.13257000551,69.560790051759));
#6493 = CARTESIAN_POINT('',(-32.8,-91.1243945969,69.563750070528));
#6494 = CARTESIAN_POINT('',(-32.8,-91.10854836188,69.569731304471));
#6495 = CARTESIAN_POINT('',(-32.8,-91.0856743178,69.5791063146));
#6496 = CARTESIAN_POINT('',(-32.8,-91.06432561924,69.588562043485));
#6497 = CARTESIAN_POINT('',(-32.8,-91.0444947222,69.598018053428));
#6498 = CARTESIAN_POINT('',(-32.8,-91.02616980548,69.607394051002));
#6499 = CARTESIAN_POINT('',(-32.8,-91.0093354136,69.616610566681));
#6500 = CARTESIAN_POINT('',(-32.8,-90.99397234486,69.625589002265));
#6501 = CARTESIAN_POINT('',(-32.8,-90.98005773332,69.634251830233));
#6502 = CARTESIAN_POINT('',(-32.8,-90.96756509469,69.642522754764));
#6503 = CARTESIAN_POINT('',(-32.8,-90.95646438552,69.650326874663));
#6504 = CARTESIAN_POINT('',(-32.8,-90.94672208454,69.657590855959));
#6505 = CARTESIAN_POINT('',(-32.8,-90.93830122718,69.664243055255));
#6506 = CARTESIAN_POINT('',(-32.8,-90.93116161846,69.670213784456));
#6507 = CARTESIAN_POINT('',(-32.8,-90.92525953612,69.675435134285));
#6508 = CARTESIAN_POINT('',(-32.8,-90.92054895676,69.67984207636));
#6509 = CARTESIAN_POINT('',(-32.8,-90.91697857387,69.683369994591));
#6510 = CARTESIAN_POINT('',(-32.8,-90.91449983778,69.685961531563));
#6511 = CARTESIAN_POINT('',(-32.8,-90.91304949058,69.687551843776));
#6512 = CARTESIAN_POINT('',(-32.8,-90.91169326417,69.689133400915));
#6513 = CARTESIAN_POINT('',(-32.8,-90.90994453671,69.69128694577));
#6514 = CARTESIAN_POINT('',(-32.8,-90.9070639376,69.694750107001));
#6515 = CARTESIAN_POINT('',(-32.8,-90.90330138412,69.6993060771));
#6516 = CARTESIAN_POINT('',(-32.8,-90.89846105053,69.705153986911));
#6517 = CARTESIAN_POINT('',(-32.8,-90.89255300265,69.712296691308));
#6518 = CARTESIAN_POINT('',(-32.8,-90.88557781959,69.720727860902));
#6519 = CARTESIAN_POINT('',(-32.8,-90.87754040058,69.730443556886));
#6520 = CARTESIAN_POINT('',(-32.8,-90.86844494748,69.741438030586));
#6521 = CARTESIAN_POINT('',(-32.8,-90.85829669236,69.753705176514));
#6522 = CARTESIAN_POINT('',(-32.8,-90.84710131938,69.76723805377));
#6523 = CARTESIAN_POINT('',(-32.8,-90.83486514758,69.782029045844));
#6524 = CARTESIAN_POINT('',(-32.8,-90.8215950685,69.798069815565));
#6525 = CARTESIAN_POINT('',(-32.8,-90.80729856052,69.815351325153));
#6526 = CARTESIAN_POINT('',(-32.8,-90.79198367913,69.8338638366));
#6527 = CARTESIAN_POINT('',(-32.8,-90.775659054,69.853596918585));
#6528 = CARTESIAN_POINT('',(-32.8,-90.75833388369,69.874539451923));
#6529 = CARTESIAN_POINT('',(-32.8,-90.74001793056,69.89667963596));
#6530 = CARTESIAN_POINT('',(-32.8,-90.72747811911,69.91183766412));
#6531 = CARTESIAN_POINT('',(-32.8,-90.72104477232,69.919614244505));
#6532 = VECTOR('',#6533,1.);
#6533 = DIRECTION('',(-1.,-0.,0.));
#6534 = ADVANCED_FACE('',(#6535),#6552,.T.);
#6535 = FACE_BOUND('',#6536,.T.);
#6536 = EDGE_LOOP('',(#6537,#6538,#6539,#6546));
#6537 = ORIENTED_EDGE('',*,*,#530,.T.);
#6538 = ORIENTED_EDGE('',*,*,#6485,.T.);
#6539 = ORIENTED_EDGE('',*,*,#6540,.T.);
#6540 = EDGE_CURVE('',#6441,#6541,#6543,.T.);
#6541 = VERTEX_POINT('',#6542);
#6542 = CARTESIAN_POINT('',(-27.3,-90.44673234644,69.720314601145));
#6543 = B_SPLINE_CURVE_WITH_KNOTS('',1,(#6544,#6545),.UNSPECIFIED.,.F.,
  .F.,(2,2),(0.,0.339068805458),.PIECEWISE_BEZIER_KNOTS.);
#6544 = CARTESIAN_POINT('',(-27.3,-90.72104477232,69.919614244505));
#6545 = CARTESIAN_POINT('',(-27.3,-90.44673234644,69.720314601145));
#6546 = ORIENTED_EDGE('',*,*,#6547,.F.);
#6547 = EDGE_CURVE('',#469,#6541,#6548,.T.);
#6548 = LINE('',#6549,#6550);
#6549 = CARTESIAN_POINT('',(-32.8,-90.44673234644,69.720314601145));
#6550 = VECTOR('',#6551,1.);
#6551 = DIRECTION('',(1.,0.,0.));
#6552 = SURFACE_OF_LINEAR_EXTRUSION('',#6553,#6556);
#6553 = B_SPLINE_CURVE_WITH_KNOTS('',1,(#6554,#6555),.UNSPECIFIED.,.F.,
  .F.,(2,2),(0.,0.339068805458),.PIECEWISE_BEZIER_KNOTS.);
#6554 = CARTESIAN_POINT('',(-32.8,-90.72104477232,69.919614244505));
#6555 = CARTESIAN_POINT('',(-32.8,-90.44673234644,69.720314601145));
#6556 = VECTOR('',#6557,1.);
#6557 = DIRECTION('',(-1.,-0.,0.));
#6558 = ADVANCED_FACE('',(#6559),#6614,.T.);
#6559 = FACE_BOUND('',#6560,.T.);
#6560 = EDGE_LOOP('',(#6561,#6562,#6563,#6608));
#6561 = ORIENTED_EDGE('',*,*,#468,.T.);
#6562 = ORIENTED_EDGE('',*,*,#6547,.T.);
#6563 = ORIENTED_EDGE('',*,*,#6564,.T.);
#6564 = EDGE_CURVE('',#6541,#6565,#6567,.T.);
#6565 = VERTEX_POINT('',#6566);
#6566 = CARTESIAN_POINT('',(-27.3,-90.66082614248,69.218048072949));
#6567 = B_SPLINE_CURVE_WITH_KNOTS('',3,(#6568,#6569,#6570,#6571,#6572,
    #6573,#6574,#6575,#6576,#6577,#6578,#6579,#6580,#6581,#6582,#6583,
    #6584,#6585,#6586,#6587,#6588,#6589,#6590,#6591,#6592,#6593,#6594,
    #6595,#6596,#6597,#6598,#6599,#6600,#6601,#6602,#6603,#6604,#6605,
    #6606,#6607),.UNSPECIFIED.,.F.,.F.,(4,1,1,1,1,1,1,1,1,1,1,1,1,1,1,1,
    1,1,1,1,1,1,1,1,1,1,1,1,1,1,1,1,1,1,1,1,1,4),(0.,3.027818324443E-02,
    5.901791423488E-02,8.620299875927E-02,0.111818118615,0.13584884024,
    0.158281622847,0.179103826051,0.198303716995,0.215870476958,
    0.231794207455,0.24606593581,0.258677620215,0.269622154261,
    0.278893370941,0.286486046128,0.292395901513,0.296619607022,0.3,
    0.300717464676,0.302869617863,0.306455803849,0.311474923651,
    0.317925438527,0.32580537074,0.335112304229,0.345843385374,
    0.357995323877,0.371564393779,0.386546434601,0.402936852624,
    0.420730622298,0.439922287779,0.460505964609,0.482475341515,
    0.505823682349,0.530543828147,0.556628199332),.UNSPECIFIED.);
#6568 = CARTESIAN_POINT('',(-27.3,-90.44673234644,69.720314601145));
#6569 = CARTESIAN_POINT('',(-27.3,-90.4521403004,69.711793029262));
#6570 = CARTESIAN_POINT('',(-27.3,-90.46268142701,69.695182871564));
#6571 = CARTESIAN_POINT('',(-27.3,-90.47807805253,69.67092167186));
#6572 = CARTESIAN_POINT('',(-27.3,-90.49264181327,69.647972857033));
#6573 = CARTESIAN_POINT('',(-27.3,-90.50636450289,69.626349358247));
#6574 = CARTESIAN_POINT('',(-27.3,-90.51923838891,69.606063359853));
#6575 = CARTESIAN_POINT('',(-27.3,-90.53125621729,69.587126292632));
#6576 = CARTESIAN_POINT('',(-27.3,-90.54241121591,69.569548826998));
#6577 = CARTESIAN_POINT('',(-27.3,-90.55269710027,69.553340868167));
#6578 = CARTESIAN_POINT('',(-27.3,-90.56210807086,69.538511546686));
#6579 = CARTESIAN_POINT('',(-27.3,-90.57063883664,69.525069225959));
#6580 = CARTESIAN_POINT('',(-27.3,-90.57828455291,69.513021456801));
#6581 = CARTESIAN_POINT('',(-27.3,-90.58504102982,69.502375101906));
#6582 = CARTESIAN_POINT('',(-27.3,-90.5909040985,69.493135933917));
#6583 = CARTESIAN_POINT('',(-27.3,-90.59587152686,69.485309829437));
#6584 = CARTESIAN_POINT('',(-27.3,-90.59993747426,69.478899295123));
#6585 = CARTESIAN_POINT('',(-27.3,-90.60310776634,69.47391302193));
#6586 = CARTESIAN_POINT('',(-27.3,-90.60551127432,69.4701032337));
#6587 = CARTESIAN_POINT('',(-27.3,-90.60701903068,69.467774613103));
#6588 = CARTESIAN_POINT('',(-27.3,-90.6081040839,69.465996037103));
#6589 = CARTESIAN_POINT('',(-27.3,-90.60916837876,69.464125241445));
#6590 = CARTESIAN_POINT('',(-27.3,-90.6108671053,69.460966994367));
#6591 = CARTESIAN_POINT('',(-27.3,-90.61311904594,69.456481171769));
#6592 = CARTESIAN_POINT('',(-27.3,-90.61585464784,69.45063932458));
#6593 = CARTESIAN_POINT('',(-27.3,-90.61899660287,69.443412624881));
#6594 = CARTESIAN_POINT('',(-27.3,-90.62246884336,69.434777396687));
#6595 = CARTESIAN_POINT('',(-27.3,-90.62619327282,69.424713042791));
#6596 = CARTESIAN_POINT('',(-27.3,-90.630091193,69.413202870297));
#6597 = CARTESIAN_POINT('',(-27.3,-90.63408304429,69.400233862821));
#6598 = CARTESIAN_POINT('',(-27.3,-90.63808872332,69.385796801211));
#6599 = CARTESIAN_POINT('',(-27.3,-90.64202771088,69.36988625817));
#6600 = CARTESIAN_POINT('',(-27.3,-90.64581926122,69.352500622363));
#6601 = CARTESIAN_POINT('',(-27.3,-90.64938257533,69.333642104292));
#6602 = CARTESIAN_POINT('',(-27.3,-90.65263696824,69.313316730246));
#6603 = CARTESIAN_POINT('',(-27.3,-90.65550208391,69.291534358617));
#6604 = CARTESIAN_POINT('',(-27.3,-90.65789790582,69.268308558815));
#6605 = CARTESIAN_POINT('',(-27.3,-90.65974560194,69.243657012694));
#6606 = CARTESIAN_POINT('',(-27.3,-90.66053733754,69.22673804468));
#6607 = CARTESIAN_POINT('',(-27.3,-90.66082614248,69.218048072949));
#6608 = ORIENTED_EDGE('',*,*,#6609,.F.);
#6609 = EDGE_CURVE('',#459,#6565,#6610,.T.);
#6610 = LINE('',#6611,#6612);
#6611 = CARTESIAN_POINT('',(-32.8,-90.66082614248,69.218048072949));
#6612 = VECTOR('',#6613,1.);
#6613 = DIRECTION('',(1.,0.,0.));
#6614 = SURFACE_OF_LINEAR_EXTRUSION('',#6615,#6656);
#6615 = B_SPLINE_CURVE_WITH_KNOTS('',3,(#6616,#6617,#6618,#6619,#6620,
    #6621,#6622,#6623,#6624,#6625,#6626,#6627,#6628,#6629,#6630,#6631,
    #6632,#6633,#6634,#6635,#6636,#6637,#6638,#6639,#6640,#6641,#6642,
    #6643,#6644,#6645,#6646,#6647,#6648,#6649,#6650,#6651,#6652,#6653,
    #6654,#6655),.UNSPECIFIED.,.F.,.F.,(4,1,1,1,1,1,1,1,1,1,1,1,1,1,1,1,
    1,1,1,1,1,1,1,1,1,1,1,1,1,1,1,1,1,1,1,1,1,4),(0.,3.027818324443E-02,
    5.901791423488E-02,8.620299875927E-02,0.111818118615,0.13584884024,
    0.158281622847,0.179103826051,0.198303716995,0.215870476958,
    0.231794207455,0.24606593581,0.258677620215,0.269622154261,
    0.278893370941,0.286486046128,0.292395901513,0.296619607022,0.3,
    0.300717464676,0.302869617863,0.306455803849,0.311474923651,
    0.317925438527,0.32580537074,0.335112304229,0.345843385374,
    0.357995323877,0.371564393779,0.386546434601,0.402936852624,
    0.420730622298,0.439922287779,0.460505964609,0.482475341515,
    0.505823682349,0.530543828147,0.556628199332),.UNSPECIFIED.);
#6616 = CARTESIAN_POINT('',(-32.8,-90.44673234644,69.720314601145));
#6617 = CARTESIAN_POINT('',(-32.8,-90.4521403004,69.711793029262));
#6618 = CARTESIAN_POINT('',(-32.8,-90.46268142701,69.695182871564));
#6619 = CARTESIAN_POINT('',(-32.8,-90.47807805253,69.67092167186));
#6620 = CARTESIAN_POINT('',(-32.8,-90.49264181327,69.647972857033));
#6621 = CARTESIAN_POINT('',(-32.8,-90.50636450289,69.626349358247));
#6622 = CARTESIAN_POINT('',(-32.8,-90.51923838891,69.606063359853));
#6623 = CARTESIAN_POINT('',(-32.8,-90.53125621729,69.587126292632));
#6624 = CARTESIAN_POINT('',(-32.8,-90.54241121591,69.569548826998));
#6625 = CARTESIAN_POINT('',(-32.8,-90.55269710027,69.553340868167));
#6626 = CARTESIAN_POINT('',(-32.8,-90.56210807086,69.538511546686));
#6627 = CARTESIAN_POINT('',(-32.8,-90.57063883664,69.525069225959));
#6628 = CARTESIAN_POINT('',(-32.8,-90.57828455291,69.513021456801));
#6629 = CARTESIAN_POINT('',(-32.8,-90.58504102982,69.502375101906));
#6630 = CARTESIAN_POINT('',(-32.8,-90.5909040985,69.493135933917));
#6631 = CARTESIAN_POINT('',(-32.8,-90.59587152686,69.485309829437));
#6632 = CARTESIAN_POINT('',(-32.8,-90.59993747426,69.478899295123));
#6633 = CARTESIAN_POINT('',(-32.8,-90.60310776634,69.47391302193));
#6634 = CARTESIAN_POINT('',(-32.8,-90.60551127432,69.4701032337));
#6635 = CARTESIAN_POINT('',(-32.8,-90.60701903068,69.467774613103));
#6636 = CARTESIAN_POINT('',(-32.8,-90.6081040839,69.465996037103));
#6637 = CARTESIAN_POINT('',(-32.8,-90.60916837876,69.464125241445));
#6638 = CARTESIAN_POINT('',(-32.8,-90.6108671053,69.460966994367));
#6639 = CARTESIAN_POINT('',(-32.8,-90.61311904594,69.456481171769));
#6640 = CARTESIAN_POINT('',(-32.8,-90.61585464784,69.45063932458));
#6641 = CARTESIAN_POINT('',(-32.8,-90.61899660287,69.443412624881));
#6642 = CARTESIAN_POINT('',(-32.8,-90.62246884336,69.434777396687));
#6643 = CARTESIAN_POINT('',(-32.8,-90.62619327282,69.424713042791));
#6644 = CARTESIAN_POINT('',(-32.8,-90.630091193,69.413202870297));
#6645 = CARTESIAN_POINT('',(-32.8,-90.63408304429,69.400233862821));
#6646 = CARTESIAN_POINT('',(-32.8,-90.63808872332,69.385796801211));
#6647 = CARTESIAN_POINT('',(-32.8,-90.64202771088,69.36988625817));
#6648 = CARTESIAN_POINT('',(-32.8,-90.64581926122,69.352500622363));
#6649 = CARTESIAN_POINT('',(-32.8,-90.64938257533,69.333642104292));
#6650 = CARTESIAN_POINT('',(-32.8,-90.65263696824,69.313316730246));
#6651 = CARTESIAN_POINT('',(-32.8,-90.65550208391,69.291534358617));
#6652 = CARTESIAN_POINT('',(-32.8,-90.65789790582,69.268308558815));
#6653 = CARTESIAN_POINT('',(-32.8,-90.65974560194,69.243657012694));
#6654 = CARTESIAN_POINT('',(-32.8,-90.66053733754,69.22673804468));
#6655 = CARTESIAN_POINT('',(-32.8,-90.66082614248,69.218048072949));
#6656 = VECTOR('',#6657,1.);
#6657 = DIRECTION('',(-1.,-0.,0.));
#6658 = ADVANCED_FACE('',(#6659),#6676,.T.);
#6659 = FACE_BOUND('',#6660,.T.);
#6660 = EDGE_LOOP('',(#6661,#6662,#6663,#6670));
#6661 = ORIENTED_EDGE('',*,*,#458,.T.);
#6662 = ORIENTED_EDGE('',*,*,#6609,.T.);
#6663 = ORIENTED_EDGE('',*,*,#6664,.T.);
#6664 = EDGE_CURVE('',#6565,#6665,#6667,.T.);
#6665 = VERTEX_POINT('',#6666);
#6666 = CARTESIAN_POINT('',(-27.3,-90.45896455046,69.107073723635));
#6667 = B_SPLINE_CURVE_WITH_KNOTS('',1,(#6668,#6669),.UNSPECIFIED.,.F.,
  .F.,(2,2),(0.,0.230354962047),.PIECEWISE_BEZIER_KNOTS.);
#6668 = CARTESIAN_POINT('',(-27.3,-90.66082614248,69.218048072949));
#6669 = CARTESIAN_POINT('',(-27.3,-90.45896455046,69.107073723635));
#6670 = ORIENTED_EDGE('',*,*,#6671,.F.);
#6671 = EDGE_CURVE('',#404,#6665,#6672,.T.);
#6672 = LINE('',#6673,#6674);
#6673 = CARTESIAN_POINT('',(-32.8,-90.45896455046,69.107073723635));
#6674 = VECTOR('',#6675,1.);
#6675 = DIRECTION('',(1.,0.,0.));
#6676 = SURFACE_OF_LINEAR_EXTRUSION('',#6677,#6680);
#6677 = B_SPLINE_CURVE_WITH_KNOTS('',1,(#6678,#6679),.UNSPECIFIED.,.F.,
  .F.,(2,2),(0.,0.230354962047),.PIECEWISE_BEZIER_KNOTS.);
#6678 = CARTESIAN_POINT('',(-32.8,-90.66082614248,69.218048072949));
#6679 = CARTESIAN_POINT('',(-32.8,-90.45896455046,69.107073723635));
#6680 = VECTOR('',#6681,1.);
#6681 = DIRECTION('',(-1.,-0.,0.));
#6682 = ADVANCED_FACE('',(#6683),#6738,.T.);
#6683 = FACE_BOUND('',#6684,.T.);
#6684 = EDGE_LOOP('',(#6685,#6686,#6687,#6732));
#6685 = ORIENTED_EDGE('',*,*,#403,.T.);
#6686 = ORIENTED_EDGE('',*,*,#6671,.T.);
#6687 = ORIENTED_EDGE('',*,*,#6688,.T.);
#6688 = EDGE_CURVE('',#6665,#6689,#6691,.T.);
#6689 = VERTEX_POINT('',#6690);
#6690 = CARTESIAN_POINT('',(-27.3,-90.14960408722,69.556966958342));
#6691 = B_SPLINE_CURVE_WITH_KNOTS('',3,(#6692,#6693,#6694,#6695,#6696,
    #6697,#6698,#6699,#6700,#6701,#6702,#6703,#6704,#6705,#6706,#6707,
    #6708,#6709,#6710,#6711,#6712,#6713,#6714,#6715,#6716,#6717,#6718,
    #6719,#6720,#6721,#6722,#6723,#6724,#6725,#6726,#6727,#6728,#6729,
    #6730,#6731),.UNSPECIFIED.,.F.,.F.,(4,1,1,1,1,1,1,1,1,1,1,1,1,1,1,1,
    1,1,1,1,1,1,1,1,1,1,1,1,1,1,1,1,1,1,1,1,1,4),(0.,2.608437118449E-02,
    5.080451698287E-02,7.415285781629E-02,9.612223472286E-02,
    0.116705911553,0.135897577034,0.153691346707,0.170081764731,
    0.185063805553,0.198632875455,0.210784813958,0.221515895103,
    0.230822828592,0.238702760805,0.245153275681,0.250172395482,
    0.253758581468,0.255910734655,0.256628199332,0.260008592309,
    0.264232297819,0.270142153204,0.27773482839,0.287006045071,
    0.297950579117,0.310562263522,0.324833991877,0.340757722373,
    0.358324482337,0.377524373281,0.398346576485,0.420779359092,
    0.444810080717,0.470425200572,0.497610285097,0.526350016087,
    0.556628199332),.UNSPECIFIED.);
#6692 = CARTESIAN_POINT('',(-27.3,-90.45896455046,69.107073723635));
#6693 = CARTESIAN_POINT('',(-27.3,-90.45178211408,69.111973889415));
#6694 = CARTESIAN_POINT('',(-27.3,-90.43792119007,69.121708010295));
#6695 = CARTESIAN_POINT('',(-27.3,-90.41809724636,69.13647703068));
#6696 = CARTESIAN_POINT('',(-27.3,-90.39977080057,69.150944895892));
#6697 = CARTESIAN_POINT('',(-27.3,-90.38291454167,69.165035571442));
#6698 = CARTESIAN_POINT('',(-27.3,-90.36749705169,69.178674226282));
#6699 = CARTESIAN_POINT('',(-27.3,-90.35348359743,69.191787731191));
#6700 = CARTESIAN_POINT('',(-27.3,-90.34083603388,69.204304732541));
#6701 = CARTESIAN_POINT('',(-27.3,-90.32951293316,69.216155825013));
#6702 = CARTESIAN_POINT('',(-27.3,-90.31946966903,69.22727369613));
#6703 = CARTESIAN_POINT('',(-27.3,-90.31065851474,69.237593269365));
#6704 = CARTESIAN_POINT('',(-27.3,-90.30302876476,69.247051851062));
#6705 = CARTESIAN_POINT('',(-27.3,-90.29652679881,69.255589241351));
#6706 = CARTESIAN_POINT('',(-27.3,-90.29109635399,69.263147937603));
#6707 = CARTESIAN_POINT('',(-27.3,-90.28667819332,69.269673037316));
#6708 = CARTESIAN_POINT('',(-27.3,-90.2832115674,69.275113000651));
#6709 = CARTESIAN_POINT('',(-27.3,-90.28063071225,69.279418000961));
#6710 = CARTESIAN_POINT('',(-27.3,-90.27887433925,69.282544556632));
#6711 = CARTESIAN_POINT('',(-27.3,-90.27786505193,69.284445592945));
#6712 = CARTESIAN_POINT('',(-27.3,-90.27694475113,69.286314742352));
#6713 = CARTESIAN_POINT('',(-27.3,-90.275786528,69.288835520467));
#6714 = CARTESIAN_POINT('',(-27.3,-90.27385768138,69.292906255988));
#6715 = CARTESIAN_POINT('',(-27.3,-90.27134635913,69.29825480091));
#6716 = CARTESIAN_POINT('',(-27.3,-90.26811240955,69.305122729894));
#6717 = CARTESIAN_POINT('',(-27.3,-90.26416629221,69.313510304858));
#6718 = CARTESIAN_POINT('',(-27.3,-90.25950699396,69.323411251244));
#6719 = CARTESIAN_POINT('',(-27.3,-90.25413828059,69.3348205356));
#6720 = CARTESIAN_POINT('',(-27.3,-90.2480627923,69.347731544897));
#6721 = CARTESIAN_POINT('',(-27.3,-90.24128407841,69.362137064299));
#6722 = CARTESIAN_POINT('',(-27.3,-90.23380591837,69.378028957375));
#6723 = CARTESIAN_POINT('',(-27.3,-90.22563253857,69.395398275415));
#6724 = CARTESIAN_POINT('',(-27.3,-90.21676854063,69.41423522933));
#6725 = CARTESIAN_POINT('',(-27.3,-90.20721892041,69.434529205471));
#6726 = CARTESIAN_POINT('',(-27.3,-90.19698905856,69.456268768455));
#6727 = CARTESIAN_POINT('',(-27.3,-90.18608471948,69.479441668562));
#6728 = CARTESIAN_POINT('',(-27.3,-90.17451204751,69.504034848355));
#6729 = CARTESIAN_POINT('',(-27.3,-90.1622775636,69.530034450115));
#6730 = CARTESIAN_POINT('',(-27.3,-90.15390136169,69.547834785242));
#6731 = CARTESIAN_POINT('',(-27.3,-90.14960408722,69.556966958342));
#6732 = ORIENTED_EDGE('',*,*,#6733,.F.);
#6733 = EDGE_CURVE('',#394,#6689,#6734,.T.);
#6734 = LINE('',#6735,#6736);
#6735 = CARTESIAN_POINT('',(-32.8,-90.14960408722,69.556966958342));
#6736 = VECTOR('',#6737,1.);
#6737 = DIRECTION('',(1.,0.,0.));
#6738 = SURFACE_OF_LINEAR_EXTRUSION('',#6739,#6780);
#6739 = B_SPLINE_CURVE_WITH_KNOTS('',3,(#6740,#6741,#6742,#6743,#6744,
    #6745,#6746,#6747,#6748,#6749,#6750,#6751,#6752,#6753,#6754,#6755,
    #6756,#6757,#6758,#6759,#6760,#6761,#6762,#6763,#6764,#6765,#6766,
    #6767,#6768,#6769,#6770,#6771,#6772,#6773,#6774,#6775,#6776,#6777,
    #6778,#6779),.UNSPECIFIED.,.F.,.F.,(4,1,1,1,1,1,1,1,1,1,1,1,1,1,1,1,
    1,1,1,1,1,1,1,1,1,1,1,1,1,1,1,1,1,1,1,1,1,4),(0.,2.608437118449E-02,
    5.080451698287E-02,7.415285781629E-02,9.612223472286E-02,
    0.116705911553,0.135897577034,0.153691346707,0.170081764731,
    0.185063805553,0.198632875455,0.210784813958,0.221515895103,
    0.230822828592,0.238702760805,0.245153275681,0.250172395482,
    0.253758581468,0.255910734655,0.256628199332,0.260008592309,
    0.264232297819,0.270142153204,0.27773482839,0.287006045071,
    0.297950579117,0.310562263522,0.324833991877,0.340757722373,
    0.358324482337,0.377524373281,0.398346576485,0.420779359092,
    0.444810080717,0.470425200572,0.497610285097,0.526350016087,
    0.556628199332),.UNSPECIFIED.);
#6740 = CARTESIAN_POINT('',(-32.8,-90.45896455046,69.107073723635));
#6741 = CARTESIAN_POINT('',(-32.8,-90.45178211408,69.111973889415));
#6742 = CARTESIAN_POINT('',(-32.8,-90.43792119007,69.121708010295));
#6743 = CARTESIAN_POINT('',(-32.8,-90.41809724636,69.13647703068));
#6744 = CARTESIAN_POINT('',(-32.8,-90.39977080057,69.150944895892));
#6745 = CARTESIAN_POINT('',(-32.8,-90.38291454167,69.165035571442));
#6746 = CARTESIAN_POINT('',(-32.8,-90.36749705169,69.178674226282));
#6747 = CARTESIAN_POINT('',(-32.8,-90.35348359743,69.191787731191));
#6748 = CARTESIAN_POINT('',(-32.8,-90.34083603388,69.204304732541));
#6749 = CARTESIAN_POINT('',(-32.8,-90.32951293316,69.216155825013));
#6750 = CARTESIAN_POINT('',(-32.8,-90.31946966903,69.22727369613));
#6751 = CARTESIAN_POINT('',(-32.8,-90.31065851474,69.237593269365));
#6752 = CARTESIAN_POINT('',(-32.8,-90.30302876476,69.247051851062));
#6753 = CARTESIAN_POINT('',(-32.8,-90.29652679881,69.255589241351));
#6754 = CARTESIAN_POINT('',(-32.8,-90.29109635399,69.263147937603));
#6755 = CARTESIAN_POINT('',(-32.8,-90.28667819332,69.269673037316));
#6756 = CARTESIAN_POINT('',(-32.8,-90.2832115674,69.275113000651));
#6757 = CARTESIAN_POINT('',(-32.8,-90.28063071225,69.279418000961));
#6758 = CARTESIAN_POINT('',(-32.8,-90.27887433925,69.282544556632));
#6759 = CARTESIAN_POINT('',(-32.8,-90.27786505193,69.284445592945));
#6760 = CARTESIAN_POINT('',(-32.8,-90.27694475113,69.286314742352));
#6761 = CARTESIAN_POINT('',(-32.8,-90.275786528,69.288835520467));
#6762 = CARTESIAN_POINT('',(-32.8,-90.27385768138,69.292906255988));
#6763 = CARTESIAN_POINT('',(-32.8,-90.27134635913,69.29825480091));
#6764 = CARTESIAN_POINT('',(-32.8,-90.26811240955,69.305122729894));
#6765 = CARTESIAN_POINT('',(-32.8,-90.26416629221,69.313510304858));
#6766 = CARTESIAN_POINT('',(-32.8,-90.25950699396,69.323411251244));
#6767 = CARTESIAN_POINT('',(-32.8,-90.25413828059,69.3348205356));
#6768 = CARTESIAN_POINT('',(-32.8,-90.2480627923,69.347731544897));
#6769 = CARTESIAN_POINT('',(-32.8,-90.24128407841,69.362137064299));
#6770 = CARTESIAN_POINT('',(-32.8,-90.23380591837,69.378028957375));
#6771 = CARTESIAN_POINT('',(-32.8,-90.22563253857,69.395398275415));
#6772 = CARTESIAN_POINT('',(-32.8,-90.21676854063,69.41423522933));
#6773 = CARTESIAN_POINT('',(-32.8,-90.20721892041,69.434529205471));
#6774 = CARTESIAN_POINT('',(-32.8,-90.19698905856,69.456268768455));
#6775 = CARTESIAN_POINT('',(-32.8,-90.18608471948,69.479441668562));
#6776 = CARTESIAN_POINT('',(-32.8,-90.17451204751,69.504034848355));
#6777 = CARTESIAN_POINT('',(-32.8,-90.1622775636,69.530034450115));
#6778 = CARTESIAN_POINT('',(-32.8,-90.15390136169,69.547834785242));
#6779 = CARTESIAN_POINT('',(-32.8,-90.14960408722,69.556966958342));
#6780 = VECTOR('',#6781,1.);
#6781 = DIRECTION('',(-1.,-0.,0.));
#6782 = ADVANCED_FACE('',(#6783),#6800,.T.);
#6783 = FACE_BOUND('',#6784,.T.);
#6784 = EDGE_LOOP('',(#6785,#6786,#6787,#6794));
#6785 = ORIENTED_EDGE('',*,*,#393,.T.);
#6786 = ORIENTED_EDGE('',*,*,#6733,.T.);
#6787 = ORIENTED_EDGE('',*,*,#6788,.T.);
#6788 = EDGE_CURVE('',#6689,#6789,#6791,.T.);
#6789 = VERTEX_POINT('',#6790);
#6790 = CARTESIAN_POINT('',(-27.3,-89.83434588481,69.432147406003));
#6791 = B_SPLINE_CURVE_WITH_KNOTS('',1,(#6792,#6793),.UNSPECIFIED.,.F.,
  .F.,(2,2),(0.,0.339068805458),.PIECEWISE_BEZIER_KNOTS.);
#6792 = CARTESIAN_POINT('',(-27.3,-90.14960408722,69.556966958342));
#6793 = CARTESIAN_POINT('',(-27.3,-89.83434588481,69.432147406003));
#6794 = ORIENTED_EDGE('',*,*,#6795,.F.);
#6795 = EDGE_CURVE('',#332,#6789,#6796,.T.);
#6796 = LINE('',#6797,#6798);
#6797 = CARTESIAN_POINT('',(-32.8,-89.83434588481,69.432147406003));
#6798 = VECTOR('',#6799,1.);
#6799 = DIRECTION('',(1.,0.,0.));
#6800 = SURFACE_OF_LINEAR_EXTRUSION('',#6801,#6804);
#6801 = B_SPLINE_CURVE_WITH_KNOTS('',1,(#6802,#6803),.UNSPECIFIED.,.F.,
  .F.,(2,2),(0.,0.339068805458),.PIECEWISE_BEZIER_KNOTS.);
#6802 = CARTESIAN_POINT('',(-32.8,-90.14960408722,69.556966958342));
#6803 = CARTESIAN_POINT('',(-32.8,-89.83434588481,69.432147406003));
#6804 = VECTOR('',#6805,1.);
#6805 = DIRECTION('',(-1.,-0.,0.));
#6806 = ADVANCED_FACE('',(#6807),#6862,.T.);
#6807 = FACE_BOUND('',#6808,.T.);
#6808 = EDGE_LOOP('',(#6809,#6810,#6811,#6856));
#6809 = ORIENTED_EDGE('',*,*,#331,.T.);
#6810 = ORIENTED_EDGE('',*,*,#6795,.T.);
#6811 = ORIENTED_EDGE('',*,*,#6812,.T.);
#6812 = EDGE_CURVE('',#6789,#6813,#6815,.T.);
#6813 = VERTEX_POINT('',#6814);
#6814 = CARTESIAN_POINT('',(-27.3,-89.91680492434,68.892417542413));
#6815 = B_SPLINE_CURVE_WITH_KNOTS('',3,(#6816,#6817,#6818,#6819,#6820,
    #6821,#6822,#6823,#6824,#6825,#6826,#6827,#6828,#6829,#6830,#6831,
    #6832,#6833,#6834,#6835,#6836,#6837,#6838,#6839,#6840,#6841,#6842,
    #6843,#6844,#6845,#6846,#6847,#6848,#6849,#6850,#6851,#6852,#6853,
    #6854,#6855),.UNSPECIFIED.,.F.,.F.,(4,1,1,1,1,1,1,1,1,1,1,1,1,1,1,1,
    1,1,1,1,1,1,1,1,1,1,1,1,1,1,1,1,1,1,1,1,1,4),(0.,3.027818324443E-02,
    5.901791423488E-02,8.620299875927E-02,0.111818118615,0.13584884024,
    0.158281622847,0.179103826051,0.198303716995,0.215870476958,
    0.231794207455,0.24606593581,0.258677620215,0.269622154261,
    0.278893370941,0.286486046128,0.292395901513,0.296619607022,0.3,
    0.300717464676,0.302869617863,0.306455803849,0.311474923651,
    0.317925438527,0.32580537074,0.335112304229,0.345843385374,
    0.357995323877,0.371564393779,0.386546434601,0.402936852624,
    0.420730622298,0.439922287779,0.460505964609,0.482475341515,
    0.505823682349,0.530543828147,0.556628199332),.UNSPECIFIED.);
#6816 = CARTESIAN_POINT('',(-27.3,-89.83434588481,69.432147406003));
#6817 = CARTESIAN_POINT('',(-27.3,-89.8374647092,69.422548651511));
#6818 = CARTESIAN_POINT('',(-27.3,-89.84354388869,69.403838860874));
#6819 = CARTESIAN_POINT('',(-27.3,-89.85242328589,69.376510886309));
#6820 = CARTESIAN_POINT('',(-27.3,-89.86082236113,69.350661190685));
#6821 = CARTESIAN_POINT('',(-27.3,-89.86873638175,69.326304339743));
#6822 = CARTESIAN_POINT('',(-27.3,-89.87616088832,69.303454058029));
#6823 = CARTESIAN_POINT('',(-27.3,-89.88309169741,69.282123221213));
#6824 = CARTESIAN_POINT('',(-27.3,-89.88952490329,69.262323848638));
#6825 = CARTESIAN_POINT('',(-27.3,-89.89545688223,69.244067097216));
#6826 = CARTESIAN_POINT('',(-27.3,-89.90088428759,69.227363252924));
#6827 = CARTESIAN_POINT('',(-27.3,-89.90580407444,69.212221732244));
#6828 = CARTESIAN_POINT('',(-27.3,-89.91021342813,69.19865105359));
#6829 = CARTESIAN_POINT('',(-27.3,-89.9141099971,69.186658906031));
#6830 = CARTESIAN_POINT('',(-27.3,-89.91749117905,69.176251917606));
#6831 = CARTESIAN_POINT('',(-27.3,-89.92035627347,69.16743633539));
#6832 = CARTESIAN_POINT('',(-27.3,-89.9227002466,69.160216039802));
#6833 = CARTESIAN_POINT('',(-27.3,-89.92453090241,69.154597999969));
#6834 = CARTESIAN_POINT('',(-27.3,-89.92591144396,69.150310175115));
#6835 = CARTESIAN_POINT('',(-27.3,-89.92679272699,69.147679748656));
#6836 = CARTESIAN_POINT('',(-27.3,-89.9274013774,69.14568720813));
#6837 = CARTESIAN_POINT('',(-27.3,-89.92796698752,69.143610507589));
#6838 = CARTESIAN_POINT('',(-27.3,-89.92882692134,69.140129026537));
#6839 = CARTESIAN_POINT('',(-27.3,-89.9298925344,69.135224099443));
#6840 = CARTESIAN_POINT('',(-27.3,-89.93108938402,69.128885468097));
#6841 = CARTESIAN_POINT('',(-27.3,-89.93233542162,69.121104436015));
#6842 = CARTESIAN_POINT('',(-27.3,-89.93355108136,69.1118769883));
#6843 = CARTESIAN_POINT('',(-27.3,-89.93465559798,69.101202596647));
#6844 = CARTESIAN_POINT('',(-27.3,-89.93556859434,69.089084664058));
#6845 = CARTESIAN_POINT('',(-27.3,-89.93620977328,69.075530368752));
#6846 = CARTESIAN_POINT('',(-27.3,-89.93649925531,69.060550702114));
#6847 = CARTESIAN_POINT('',(-27.3,-89.93635770117,69.04416043167));
#6848 = CARTESIAN_POINT('',(-27.3,-89.93570650119,69.026378077355));
#6849 = CARTESIAN_POINT('',(-27.3,-89.9344679445,69.007225874122));
#6850 = CARTESIAN_POINT('',(-27.3,-89.93256537969,68.986729724474));
#6851 = CARTESIAN_POINT('',(-27.3,-89.92992342694,68.964919160811));
#6852 = CARTESIAN_POINT('',(-27.3,-89.92646795817,68.941827225539));
#6853 = CARTESIAN_POINT('',(-27.3,-89.9221270153,68.917490649729));
#6854 = CARTESIAN_POINT('',(-27.3,-89.91868630082,68.900906325571));
#6855 = CARTESIAN_POINT('',(-27.3,-89.91680492434,68.892417542413));
#6856 = ORIENTED_EDGE('',*,*,#6857,.F.);
#6857 = EDGE_CURVE('',#322,#6813,#6858,.T.);
#6858 = LINE('',#6859,#6860);
#6859 = CARTESIAN_POINT('',(-32.8,-89.91680492434,68.892417542413));
#6860 = VECTOR('',#6861,1.);
#6861 = DIRECTION('',(1.,0.,0.));
#6862 = SURFACE_OF_LINEAR_EXTRUSION('',#6863,#6904);
#6863 = B_SPLINE_CURVE_WITH_KNOTS('',3,(#6864,#6865,#6866,#6867,#6868,
    #6869,#6870,#6871,#6872,#6873,#6874,#6875,#6876,#6877,#6878,#6879,
    #6880,#6881,#6882,#6883,#6884,#6885,#6886,#6887,#6888,#6889,#6890,
    #6891,#6892,#6893,#6894,#6895,#6896,#6897,#6898,#6899,#6900,#6901,
    #6902,#6903),.UNSPECIFIED.,.F.,.F.,(4,1,1,1,1,1,1,1,1,1,1,1,1,1,1,1,
    1,1,1,1,1,1,1,1,1,1,1,1,1,1,1,1,1,1,1,1,1,4),(0.,3.027818324443E-02,
    5.901791423488E-02,8.620299875927E-02,0.111818118615,0.13584884024,
    0.158281622847,0.179103826051,0.198303716995,0.215870476958,
    0.231794207455,0.24606593581,0.258677620215,0.269622154261,
    0.278893370941,0.286486046128,0.292395901513,0.296619607022,0.3,
    0.300717464676,0.302869617863,0.306455803849,0.311474923651,
    0.317925438527,0.32580537074,0.335112304229,0.345843385374,
    0.357995323877,0.371564393779,0.386546434601,0.402936852624,
    0.420730622298,0.439922287779,0.460505964609,0.482475341515,
    0.505823682349,0.530543828147,0.556628199332),.UNSPECIFIED.);
#6864 = CARTESIAN_POINT('',(-32.8,-89.83434588481,69.432147406003));
#6865 = CARTESIAN_POINT('',(-32.8,-89.8374647092,69.422548651511));
#6866 = CARTESIAN_POINT('',(-32.8,-89.84354388869,69.403838860874));
#6867 = CARTESIAN_POINT('',(-32.8,-89.85242328589,69.376510886309));
#6868 = CARTESIAN_POINT('',(-32.8,-89.86082236113,69.350661190685));
#6869 = CARTESIAN_POINT('',(-32.8,-89.86873638175,69.326304339743));
#6870 = CARTESIAN_POINT('',(-32.8,-89.87616088832,69.303454058029));
#6871 = CARTESIAN_POINT('',(-32.8,-89.88309169741,69.282123221213));
#6872 = CARTESIAN_POINT('',(-32.8,-89.88952490329,69.262323848638));
#6873 = CARTESIAN_POINT('',(-32.8,-89.89545688223,69.244067097216));
#6874 = CARTESIAN_POINT('',(-32.8,-89.90088428759,69.227363252924));
#6875 = CARTESIAN_POINT('',(-32.8,-89.90580407444,69.212221732244));
#6876 = CARTESIAN_POINT('',(-32.8,-89.91021342813,69.19865105359));
#6877 = CARTESIAN_POINT('',(-32.8,-89.9141099971,69.186658906031));
#6878 = CARTESIAN_POINT('',(-32.8,-89.91749117905,69.176251917606));
#6879 = CARTESIAN_POINT('',(-32.8,-89.92035627347,69.16743633539));
#6880 = CARTESIAN_POINT('',(-32.8,-89.9227002466,69.160216039802));
#6881 = CARTESIAN_POINT('',(-32.8,-89.92453090241,69.154597999969));
#6882 = CARTESIAN_POINT('',(-32.8,-89.92591144396,69.150310175115));
#6883 = CARTESIAN_POINT('',(-32.8,-89.92679272699,69.147679748656));
#6884 = CARTESIAN_POINT('',(-32.8,-89.9274013774,69.14568720813));
#6885 = CARTESIAN_POINT('',(-32.8,-89.92796698752,69.143610507589));
#6886 = CARTESIAN_POINT('',(-32.8,-89.92882692134,69.140129026537));
#6887 = CARTESIAN_POINT('',(-32.8,-89.9298925344,69.135224099443));
#6888 = CARTESIAN_POINT('',(-32.8,-89.93108938402,69.128885468097));
#6889 = CARTESIAN_POINT('',(-32.8,-89.93233542162,69.121104436015));
#6890 = CARTESIAN_POINT('',(-32.8,-89.93355108136,69.1118769883));
#6891 = CARTESIAN_POINT('',(-32.8,-89.93465559798,69.101202596647));
#6892 = CARTESIAN_POINT('',(-32.8,-89.93556859434,69.089084664058));
#6893 = CARTESIAN_POINT('',(-32.8,-89.93620977328,69.075530368752));
#6894 = CARTESIAN_POINT('',(-32.8,-89.93649925531,69.060550702114));
#6895 = CARTESIAN_POINT('',(-32.8,-89.93635770117,69.04416043167));
#6896 = CARTESIAN_POINT('',(-32.8,-89.93570650119,69.026378077355));
#6897 = CARTESIAN_POINT('',(-32.8,-89.9344679445,69.007225874122));
#6898 = CARTESIAN_POINT('',(-32.8,-89.93256537969,68.986729724474));
#6899 = CARTESIAN_POINT('',(-32.8,-89.92992342694,68.964919160811));
#6900 = CARTESIAN_POINT('',(-32.8,-89.92646795817,68.941827225539));
#6901 = CARTESIAN_POINT('',(-32.8,-89.9221270153,68.917490649729));
#6902 = CARTESIAN_POINT('',(-32.8,-89.91868630082,68.900906325571));
#6903 = CARTESIAN_POINT('',(-32.8,-89.91680492434,68.892417542413));
#6904 = VECTOR('',#6905,1.);
#6905 = DIRECTION('',(-1.,-0.,0.));
#6906 = ADVANCED_FACE('',(#6907),#6924,.T.);
#6907 = FACE_BOUND('',#6908,.T.);
#6908 = EDGE_LOOP('',(#6909,#6910,#6911,#6918));
#6909 = ORIENTED_EDGE('',*,*,#321,.T.);
#6910 = ORIENTED_EDGE('',*,*,#6857,.T.);
#6911 = ORIENTED_EDGE('',*,*,#6912,.T.);
#6912 = EDGE_CURVE('',#6813,#6913,#6915,.T.);
#6913 = VERTEX_POINT('',#6914);
#6914 = CARTESIAN_POINT('',(-27.3,-89.69368698702,68.835130592893));
#6915 = B_SPLINE_CURVE_WITH_KNOTS('',1,(#6916,#6917),.UNSPECIFIED.,.F.,
  .F.,(2,2),(0.,0.230354962047),.PIECEWISE_BEZIER_KNOTS.);
#6916 = CARTESIAN_POINT('',(-27.3,-89.91680492434,68.892417542413));
#6917 = CARTESIAN_POINT('',(-27.3,-89.69368698702,68.835130592893));
#6918 = ORIENTED_EDGE('',*,*,#6919,.F.);
#6919 = EDGE_CURVE('',#267,#6913,#6920,.T.);
#6920 = LINE('',#6921,#6922);
#6921 = CARTESIAN_POINT('',(-32.8,-89.69368698702,68.835130592893));
#6922 = VECTOR('',#6923,1.);
#6923 = DIRECTION('',(1.,0.,0.));
#6924 = SURFACE_OF_LINEAR_EXTRUSION('',#6925,#6928);
#6925 = B_SPLINE_CURVE_WITH_KNOTS('',1,(#6926,#6927),.UNSPECIFIED.,.F.,
  .F.,(2,2),(0.,0.230354962047),.PIECEWISE_BEZIER_KNOTS.);
#6926 = CARTESIAN_POINT('',(-32.8,-89.91680492434,68.892417542413));
#6927 = CARTESIAN_POINT('',(-32.8,-89.69368698702,68.835130592893));
#6928 = VECTOR('',#6929,1.);
#6929 = DIRECTION('',(-1.,-0.,0.));
#6930 = ADVANCED_FACE('',(#6931),#6986,.T.);
#6931 = FACE_BOUND('',#6932,.T.);
#6932 = EDGE_LOOP('',(#6933,#6934,#6935,#6980));
#6933 = ORIENTED_EDGE('',*,*,#266,.T.);
#6934 = ORIENTED_EDGE('',*,*,#6919,.T.);
#6935 = ORIENTED_EDGE('',*,*,#6936,.T.);
#6936 = EDGE_CURVE('',#6913,#6937,#6939,.T.);
#6937 = VERTEX_POINT('',#6938);
#6938 = CARTESIAN_POINT('',(-27.3,-89.50592954938,69.347824423033));
#6939 = B_SPLINE_CURVE_WITH_KNOTS('',3,(#6940,#6941,#6942,#6943,#6944,
    #6945,#6946,#6947,#6948,#6949,#6950,#6951,#6952,#6953,#6954,#6955,
    #6956,#6957,#6958,#6959,#6960,#6961,#6962,#6963,#6964,#6965,#6966,
    #6967,#6968,#6969,#6970,#6971,#6972,#6973,#6974,#6975,#6976,#6977,
    #6978,#6979),.UNSPECIFIED.,.F.,.F.,(4,1,1,1,1,1,1,1,1,1,1,1,1,1,1,1,
    1,1,1,1,1,1,1,1,1,1,1,1,1,1,1,1,1,1,1,1,1,4),(0.,2.608437118449E-02,
    5.080451698287E-02,7.415285781629E-02,9.612223472286E-02,
    0.116705911553,0.135897577034,0.153691346707,0.170081764731,
    0.185063805553,0.198632875455,0.210784813958,0.221515895103,
    0.230822828592,0.238702760805,0.245153275681,0.250172395482,
    0.253758581468,0.255910734655,0.256628199332,0.260008592309,
    0.264232297819,0.270142153204,0.27773482839,0.287006045071,
    0.297950579117,0.310562263522,0.324833991877,0.340757722373,
    0.358324482337,0.377524373281,0.398346576485,0.420779359092,
    0.444810080717,0.470425200572,0.497610285097,0.526350016087,
    0.556628199332),.UNSPECIFIED.);
#6940 = CARTESIAN_POINT('',(-27.3,-89.69368698702,68.835130592893));
#6941 = CARTESIAN_POINT('',(-27.3,-89.68794882176,68.841663010247));
#6942 = CARTESIAN_POINT('',(-27.3,-89.67694414158,68.854538387449));
#6943 = CARTESIAN_POINT('',(-27.3,-89.66141590954,68.873773426224));
#6944 = CARTESIAN_POINT('',(-27.3,-89.64726323451,68.892344358581));
#6945 = CARTESIAN_POINT('',(-27.3,-89.63444075449,68.910184330772));
#6946 = CARTESIAN_POINT('',(-27.3,-89.62289942884,68.927228676035));
#6947 = CARTESIAN_POINT('',(-27.3,-89.61258742907,68.943415200432));
#6948 = CARTESIAN_POINT('',(-27.3,-89.60345006364,68.958684278318));
#6949 = CARTESIAN_POINT('',(-27.3,-89.5954299458,68.972978987569));
#6950 = CARTESIAN_POINT('',(-27.3,-89.5884671114,68.986245228543));
#6951 = CARTESIAN_POINT('',(-27.3,-89.58249914923,68.998431838374));
#6952 = CARTESIAN_POINT('',(-27.3,-89.57746135548,69.009490702997));
#6953 = CARTESIAN_POINT('',(-27.3,-89.57328682338,69.019376848649));
#6954 = CARTESIAN_POINT('',(-27.3,-89.56990675729,69.028048571267));
#6955 = CARTESIAN_POINT('',(-27.3,-89.56725012757,69.035467424853));
#6956 = CARTESIAN_POINT('',(-27.3,-89.56524527595,69.041598596545));
#6957 = CARTESIAN_POINT('',(-27.3,-89.56381611314,69.046410179931));
#6958 = CARTESIAN_POINT('',(-27.3,-89.56289246261,69.04987530131));
#6959 = CARTESIAN_POINT('',(-27.3,-89.56238765242,69.05196761262));
#6960 = CARTESIAN_POINT('',(-27.3,-89.56196110311,69.054006908762));
#6961 = CARTESIAN_POINT('',(-27.3,-89.56146615971,69.056736530379));
#6962 = CARTESIAN_POINT('',(-27.3,-89.56061026212,69.061159060906));
#6963 = CARTESIAN_POINT('',(-27.3,-89.5595079667,69.066964111902));
#6964 = CARTESIAN_POINT('',(-27.3,-89.55808360208,69.074420522823));
#6965 = CARTESIAN_POINT('',(-27.3,-89.55634736434,69.083525946173));
#6966 = CARTESIAN_POINT('',(-27.3,-89.55429671176,69.094274556476));
#6967 = CARTESIAN_POINT('',(-27.3,-89.55193404003,69.106660541906));
#6968 = CARTESIAN_POINT('',(-27.3,-89.54926026182,69.120676840603));
#6969 = CARTESIAN_POINT('',(-27.3,-89.54627702069,69.136315581715));
#6970 = CARTESIAN_POINT('',(-27.3,-89.5429859539,69.153567944522));
#6971 = CARTESIAN_POINT('',(-27.3,-89.53938892959,69.172424210398));
#6972 = CARTESIAN_POINT('',(-27.3,-89.53548797039,69.192873753413));
#6973 = CARTESIAN_POINT('',(-27.3,-89.53128527569,69.21490505095));
#6974 = CARTESIAN_POINT('',(-27.3,-89.52678321323,69.238505688776));
#6975 = CARTESIAN_POINT('',(-27.3,-89.52198431993,69.26366236847));
#6976 = CARTESIAN_POINT('',(-27.3,-89.51689129983,69.290360914783));
#6977 = CARTESIAN_POINT('',(-27.3,-89.51150702275,69.318586283668));
#6978 = CARTESIAN_POINT('',(-27.3,-89.50782073797,69.33791046524));
#6979 = CARTESIAN_POINT('',(-27.3,-89.50592954938,69.347824423033));
#6980 = ORIENTED_EDGE('',*,*,#6981,.F.);
#6981 = EDGE_CURVE('',#257,#6937,#6982,.T.);
#6982 = LINE('',#6983,#6984);
#6983 = CARTESIAN_POINT('',(-32.8,-89.50592954938,69.347824423033));
#6984 = VECTOR('',#6985,1.);
#6985 = DIRECTION('',(1.,0.,0.));
#6986 = SURFACE_OF_LINEAR_EXTRUSION('',#6987,#7028);
#6987 = B_SPLINE_CURVE_WITH_KNOTS('',3,(#6988,#6989,#6990,#6991,#6992,
    #6993,#6994,#6995,#6996,#6997,#6998,#6999,#7000,#7001,#7002,#7003,
    #7004,#7005,#7006,#7007,#7008,#7009,#7010,#7011,#7012,#7013,#7014,
    #7015,#7016,#7017,#7018,#7019,#7020,#7021,#7022,#7023,#7024,#7025,
    #7026,#7027),.UNSPECIFIED.,.F.,.F.,(4,1,1,1,1,1,1,1,1,1,1,1,1,1,1,1,
    1,1,1,1,1,1,1,1,1,1,1,1,1,1,1,1,1,1,1,1,1,4),(0.,2.608437118449E-02,
    5.080451698287E-02,7.415285781629E-02,9.612223472286E-02,
    0.116705911553,0.135897577034,0.153691346707,0.170081764731,
    0.185063805553,0.198632875455,0.210784813958,0.221515895103,
    0.230822828592,0.238702760805,0.245153275681,0.250172395482,
    0.253758581468,0.255910734655,0.256628199332,0.260008592309,
    0.264232297819,0.270142153204,0.27773482839,0.287006045071,
    0.297950579117,0.310562263522,0.324833991877,0.340757722373,
    0.358324482337,0.377524373281,0.398346576485,0.420779359092,
    0.444810080717,0.470425200572,0.497610285097,0.526350016087,
    0.556628199332),.UNSPECIFIED.);
#6988 = CARTESIAN_POINT('',(-32.8,-89.69368698702,68.835130592893));
#6989 = CARTESIAN_POINT('',(-32.8,-89.68794882176,68.841663010247));
#6990 = CARTESIAN_POINT('',(-32.8,-89.67694414158,68.854538387449));
#6991 = CARTESIAN_POINT('',(-32.8,-89.66141590954,68.873773426224));
#6992 = CARTESIAN_POINT('',(-32.8,-89.64726323451,68.892344358581));
#6993 = CARTESIAN_POINT('',(-32.8,-89.63444075449,68.910184330772));
#6994 = CARTESIAN_POINT('',(-32.8,-89.62289942884,68.927228676035));
#6995 = CARTESIAN_POINT('',(-32.8,-89.61258742907,68.943415200432));
#6996 = CARTESIAN_POINT('',(-32.8,-89.60345006364,68.958684278318));
#6997 = CARTESIAN_POINT('',(-32.8,-89.5954299458,68.972978987569));
#6998 = CARTESIAN_POINT('',(-32.8,-89.5884671114,68.986245228543));
#6999 = CARTESIAN_POINT('',(-32.8,-89.58249914923,68.998431838374));
#7000 = CARTESIAN_POINT('',(-32.8,-89.57746135548,69.009490702997));
#7001 = CARTESIAN_POINT('',(-32.8,-89.57328682338,69.019376848649));
#7002 = CARTESIAN_POINT('',(-32.8,-89.56990675729,69.028048571267));
#7003 = CARTESIAN_POINT('',(-32.8,-89.56725012757,69.035467424853));
#7004 = CARTESIAN_POINT('',(-32.8,-89.56524527595,69.041598596545));
#7005 = CARTESIAN_POINT('',(-32.8,-89.56381611314,69.046410179931));
#7006 = CARTESIAN_POINT('',(-32.8,-89.56289246261,69.04987530131));
#7007 = CARTESIAN_POINT('',(-32.8,-89.56238765242,69.05196761262));
#7008 = CARTESIAN_POINT('',(-32.8,-89.56196110311,69.054006908762));
#7009 = CARTESIAN_POINT('',(-32.8,-89.56146615971,69.056736530379));
#7010 = CARTESIAN_POINT('',(-32.8,-89.56061026212,69.061159060906));
#7011 = CARTESIAN_POINT('',(-32.8,-89.5595079667,69.066964111902));
#7012 = CARTESIAN_POINT('',(-32.8,-89.55808360208,69.074420522823));
#7013 = CARTESIAN_POINT('',(-32.8,-89.55634736434,69.083525946173));
#7014 = CARTESIAN_POINT('',(-32.8,-89.55429671176,69.094274556476));
#7015 = CARTESIAN_POINT('',(-32.8,-89.55193404003,69.106660541906));
#7016 = CARTESIAN_POINT('',(-32.8,-89.54926026182,69.120676840603));
#7017 = CARTESIAN_POINT('',(-32.8,-89.54627702069,69.136315581715));
#7018 = CARTESIAN_POINT('',(-32.8,-89.5429859539,69.153567944522));
#7019 = CARTESIAN_POINT('',(-32.8,-89.53938892959,69.172424210398));
#7020 = CARTESIAN_POINT('',(-32.8,-89.53548797039,69.192873753413));
#7021 = CARTESIAN_POINT('',(-32.8,-89.53128527569,69.21490505095));
#7022 = CARTESIAN_POINT('',(-32.8,-89.52678321323,69.238505688776));
#7023 = CARTESIAN_POINT('',(-32.8,-89.52198431993,69.26366236847));
#7024 = CARTESIAN_POINT('',(-32.8,-89.51689129983,69.290360914783));
#7025 = CARTESIAN_POINT('',(-32.8,-89.51150702275,69.318586283668));
#7026 = CARTESIAN_POINT('',(-32.8,-89.50782073797,69.33791046524));
#7027 = CARTESIAN_POINT('',(-32.8,-89.50592954938,69.347824423033));
#7028 = VECTOR('',#7029,1.);
#7029 = DIRECTION('',(-1.,-0.,0.));
#7030 = ADVANCED_FACE('',(#7031),#7048,.T.);
#7031 = FACE_BOUND('',#7032,.T.);
#7032 = EDGE_LOOP('',(#7033,#7034,#7035,#7042));
#7033 = ORIENTED_EDGE('',*,*,#256,.T.);
#7034 = ORIENTED_EDGE('',*,*,#6981,.T.);
#7035 = ORIENTED_EDGE('',*,*,#7036,.T.);
#7036 = EDGE_CURVE('',#6937,#7037,#7039,.T.);
#7037 = VERTEX_POINT('',#7038);
#7038 = CARTESIAN_POINT('',(-27.3,-89.16953440272,69.305327833244));
#7039 = B_SPLINE_CURVE_WITH_KNOTS('',1,(#7040,#7041),.UNSPECIFIED.,.F.,
  .F.,(2,2),(0.,0.339068805458),.PIECEWISE_BEZIER_KNOTS.);
#7040 = CARTESIAN_POINT('',(-27.3,-89.50592954938,69.347824423033));
#7041 = CARTESIAN_POINT('',(-27.3,-89.16953440272,69.305327833244));
#7042 = ORIENTED_EDGE('',*,*,#7043,.F.);
#7043 = EDGE_CURVE('',#195,#7037,#7044,.T.);
#7044 = LINE('',#7045,#7046);
#7045 = CARTESIAN_POINT('',(-32.8,-89.16953440272,69.305327833244));
#7046 = VECTOR('',#7047,1.);
#7047 = DIRECTION('',(1.,0.,0.));
#7048 = SURFACE_OF_LINEAR_EXTRUSION('',#7049,#7052);
#7049 = B_SPLINE_CURVE_WITH_KNOTS('',1,(#7050,#7051),.UNSPECIFIED.,.F.,
  .F.,(2,2),(0.,0.339068805458),.PIECEWISE_BEZIER_KNOTS.);
#7050 = CARTESIAN_POINT('',(-32.8,-89.50592954938,69.347824423033));
#7051 = CARTESIAN_POINT('',(-32.8,-89.16953440272,69.305327833244));
#7052 = VECTOR('',#7053,1.);
#7053 = DIRECTION('',(-1.,-0.,0.));
#7054 = ADVANCED_FACE('',(#7055),#7110,.T.);
#7055 = FACE_BOUND('',#7056,.T.);
#7056 = EDGE_LOOP('',(#7057,#7058,#7059,#7104));
#7057 = ORIENTED_EDGE('',*,*,#194,.T.);
#7058 = ORIENTED_EDGE('',*,*,#7043,.T.);
#7059 = ORIENTED_EDGE('',*,*,#7060,.T.);
#7060 = EDGE_CURVE('',#7037,#7061,#7063,.T.);
#7061 = VERTEX_POINT('',#7062);
#7062 = CARTESIAN_POINT('',(-27.3,-89.11517748102,68.762047846576));
#7063 = B_SPLINE_CURVE_WITH_KNOTS('',3,(#7064,#7065,#7066,#7067,#7068,
    #7069,#7070,#7071,#7072,#7073,#7074,#7075,#7076,#7077,#7078,#7079,
    #7080,#7081,#7082,#7083,#7084,#7085,#7086,#7087,#7088,#7089,#7090,
    #7091,#7092,#7093,#7094,#7095,#7096,#7097,#7098,#7099,#7100,#7101,
    #7102,#7103),.UNSPECIFIED.,.F.,.F.,(4,1,1,1,1,1,1,1,1,1,1,1,1,1,1,1,
    1,1,1,1,1,1,1,1,1,1,1,1,1,1,1,1,1,1,1,1,1,4),(0.,3.027818324443E-02,
    5.901791423488E-02,8.620299875927E-02,0.111818118615,0.13584884024,
    0.158281622847,0.179103826051,0.198303716995,0.215870476958,
    0.231794207455,0.24606593581,0.258677620215,0.269622154261,
    0.278893370941,0.286486046128,0.292395901513,0.296619607022,0.3,
    0.300717464676,0.302869617863,0.306455803849,0.311474923651,
    0.317925438527,0.32580537074,0.335112304229,0.345843385374,
    0.357995323877,0.371564393779,0.386546434601,0.402936852624,
    0.420730622298,0.439922287779,0.460505964609,0.482475341515,
    0.505823682349,0.530543828147,0.556628199332),.UNSPECIFIED.);
#7064 = CARTESIAN_POINT('',(-27.3,-89.16953440272,69.305327833244));
#7065 = CARTESIAN_POINT('',(-27.3,-89.17016813034,69.295255021188));
#7066 = CARTESIAN_POINT('',(-27.3,-89.17140338551,69.275621202567));
#7067 = CARTESIAN_POINT('',(-27.3,-89.1732076292,69.24694357029));
#7068 = CARTESIAN_POINT('',(-27.3,-89.17491427417,69.219817225312));
#7069 = CARTESIAN_POINT('',(-27.3,-89.17652235876,69.194257452738));
#7070 = CARTESIAN_POINT('',(-27.3,-89.17803097682,69.170278654941));
#7071 = CARTESIAN_POINT('',(-27.3,-89.1794392784,69.147894343457));
#7072 = CARTESIAN_POINT('',(-27.3,-89.18074646956,69.127117131337));
#7073 = CARTESIAN_POINT('',(-27.3,-89.18195181502,69.107958726159));
#7074 = CARTESIAN_POINT('',(-27.3,-89.1830546313,69.090429923026));
#7075 = CARTESIAN_POINT('',(-27.3,-89.18405431094,69.074540599823));
#7076 = CARTESIAN_POINT('',(-27.3,-89.18495024613,69.060299707323));
#7077 = CARTESIAN_POINT('',(-27.3,-89.18574207139,69.047715277835));
#7078 = CARTESIAN_POINT('',(-27.3,-89.18642891452,69.03679437833));
#7079 = CARTESIAN_POINT('',(-27.3,-89.18701165058,69.027543233832));
#7080 = CARTESIAN_POINT('',(-27.3,-89.18748636899,69.019966854694));
#7081 = CARTESIAN_POINT('',(-27.3,-89.18786236169,69.014070050327));
#7082 = CARTESIAN_POINT('',(-27.3,-89.18813319231,69.009573608653));
#7083 = CARTESIAN_POINT('',(-27.3,-89.18833262775,69.0068066557));
#7084 = CARTESIAN_POINT('',(-27.3,-89.18842663161,69.004725349298));
#7085 = CARTESIAN_POINT('',(-27.3,-89.18845801762,69.002573230607));
#7086 = CARTESIAN_POINT('',(-27.3,-89.18842512591,68.99898726984));
#7087 = CARTESIAN_POINT('',(-27.3,-89.18823745501,68.993971432857));
#7088 = CARTESIAN_POINT('',(-27.3,-89.18782034989,68.987534296874));
#7089 = CARTESIAN_POINT('',(-27.3,-89.18709217694,68.979687843272));
#7090 = CARTESIAN_POINT('',(-27.3,-89.18597487156,68.970447970512));
#7091 = CARTESIAN_POINT('',(-27.3,-89.18439007451,68.959834252387));
#7092 = CARTESIAN_POINT('',(-27.3,-89.18226078011,68.947869973974));
#7093 = CARTESIAN_POINT('',(-27.3,-89.17951099907,68.934582057061));
#7094 = CARTESIAN_POINT('',(-27.3,-89.17606609489,68.920001012941));
#7095 = CARTESIAN_POINT('',(-27.3,-89.17185289343,68.904160876066));
#7096 = CARTESIAN_POINT('',(-27.3,-89.16679986039,68.887099133962));
#7097 = CARTESIAN_POINT('',(-27.3,-89.16083725598,68.868856648935));
#7098 = CARTESIAN_POINT('',(-27.3,-89.1538972786,68.849477572146));
#7099 = CARTESIAN_POINT('',(-27.3,-89.14591426104,68.829009254378));
#7100 = CARTESIAN_POINT('',(-27.3,-89.1368246214,68.807502134855));
#7101 = CARTESIAN_POINT('',(-27.3,-89.12656779694,68.785009685919));
#7102 = CARTESIAN_POINT('',(-27.3,-89.11911082513,68.769802059696));
#7103 = CARTESIAN_POINT('',(-27.3,-89.11517748102,68.762047846576));
#7104 = ORIENTED_EDGE('',*,*,#7105,.F.);
#7105 = EDGE_CURVE('',#187,#7061,#7106,.T.);
#7106 = LINE('',#7107,#7108);
#7107 = CARTESIAN_POINT('',(-32.8,-89.11517748102,68.762047846576));
#7108 = VECTOR('',#7109,1.);
#7109 = DIRECTION('',(1.,0.,0.));
#7110 = SURFACE_OF_LINEAR_EXTRUSION('',#7111,#7152);
#7111 = B_SPLINE_CURVE_WITH_KNOTS('',3,(#7112,#7113,#7114,#7115,#7116,
    #7117,#7118,#7119,#7120,#7121,#7122,#7123,#7124,#7125,#7126,#7127,
    #7128,#7129,#7130,#7131,#7132,#7133,#7134,#7135,#7136,#7137,#7138,
    #7139,#7140,#7141,#7142,#7143,#7144,#7145,#7146,#7147,#7148,#7149,
    #7150,#7151),.UNSPECIFIED.,.F.,.F.,(4,1,1,1,1,1,1,1,1,1,1,1,1,1,1,1,
    1,1,1,1,1,1,1,1,1,1,1,1,1,1,1,1,1,1,1,1,1,4),(0.,3.027818324443E-02,
    5.901791423488E-02,8.620299875927E-02,0.111818118615,0.13584884024,
    0.158281622847,0.179103826051,0.198303716995,0.215870476958,
    0.231794207455,0.24606593581,0.258677620215,0.269622154261,
    0.278893370941,0.286486046128,0.292395901513,0.296619607022,0.3,
    0.300717464676,0.302869617863,0.306455803849,0.311474923651,
    0.317925438527,0.32580537074,0.335112304229,0.345843385374,
    0.357995323877,0.371564393779,0.386546434601,0.402936852624,
    0.420730622298,0.439922287779,0.460505964609,0.482475341515,
    0.505823682349,0.530543828147,0.556628199332),.UNSPECIFIED.);
#7112 = CARTESIAN_POINT('',(-32.8,-89.16953440272,69.305327833244));
#7113 = CARTESIAN_POINT('',(-32.8,-89.17016813034,69.295255021188));
#7114 = CARTESIAN_POINT('',(-32.8,-89.17140338551,69.275621202567));
#7115 = CARTESIAN_POINT('',(-32.8,-89.1732076292,69.24694357029));
#7116 = CARTESIAN_POINT('',(-32.8,-89.17491427417,69.219817225312));
#7117 = CARTESIAN_POINT('',(-32.8,-89.17652235876,69.194257452738));
#7118 = CARTESIAN_POINT('',(-32.8,-89.17803097682,69.170278654941));
#7119 = CARTESIAN_POINT('',(-32.8,-89.1794392784,69.147894343457));
#7120 = CARTESIAN_POINT('',(-32.8,-89.18074646956,69.127117131337));
#7121 = CARTESIAN_POINT('',(-32.8,-89.18195181502,69.107958726159));
#7122 = CARTESIAN_POINT('',(-32.8,-89.1830546313,69.090429923026));
#7123 = CARTESIAN_POINT('',(-32.8,-89.18405431094,69.074540599823));
#7124 = CARTESIAN_POINT('',(-32.8,-89.18495024613,69.060299707323));
#7125 = CARTESIAN_POINT('',(-32.8,-89.18574207139,69.047715277835));
#7126 = CARTESIAN_POINT('',(-32.8,-89.18642891452,69.03679437833));
#7127 = CARTESIAN_POINT('',(-32.8,-89.18701165058,69.027543233832));
#7128 = CARTESIAN_POINT('',(-32.8,-89.18748636899,69.019966854694));
#7129 = CARTESIAN_POINT('',(-32.8,-89.18786236169,69.014070050327));
#7130 = CARTESIAN_POINT('',(-32.8,-89.18813319231,69.009573608653));
#7131 = CARTESIAN_POINT('',(-32.8,-89.18833262775,69.0068066557));
#7132 = CARTESIAN_POINT('',(-32.8,-89.18842663161,69.004725349298));
#7133 = CARTESIAN_POINT('',(-32.8,-89.18845801762,69.002573230607));
#7134 = CARTESIAN_POINT('',(-32.8,-89.18842512591,68.99898726984));
#7135 = CARTESIAN_POINT('',(-32.8,-89.18823745501,68.993971432857));
#7136 = CARTESIAN_POINT('',(-32.8,-89.18782034989,68.987534296874));
#7137 = CARTESIAN_POINT('',(-32.8,-89.18709217694,68.979687843272));
#7138 = CARTESIAN_POINT('',(-32.8,-89.18597487156,68.970447970512));
#7139 = CARTESIAN_POINT('',(-32.8,-89.18439007451,68.959834252387));
#7140 = CARTESIAN_POINT('',(-32.8,-89.18226078011,68.947869973974));
#7141 = CARTESIAN_POINT('',(-32.8,-89.17951099907,68.934582057061));
#7142 = CARTESIAN_POINT('',(-32.8,-89.17606609489,68.920001012941));
#7143 = CARTESIAN_POINT('',(-32.8,-89.17185289343,68.904160876066));
#7144 = CARTESIAN_POINT('',(-32.8,-89.16679986039,68.887099133962));
#7145 = CARTESIAN_POINT('',(-32.8,-89.16083725598,68.868856648935));
#7146 = CARTESIAN_POINT('',(-32.8,-89.1538972786,68.849477572146));
#7147 = CARTESIAN_POINT('',(-32.8,-89.14591426104,68.829009254378));
#7148 = CARTESIAN_POINT('',(-32.8,-89.1368246214,68.807502134855));
#7149 = CARTESIAN_POINT('',(-32.8,-89.12656779694,68.785009685919));
#7150 = CARTESIAN_POINT('',(-32.8,-89.11911082513,68.769802059696));
#7151 = CARTESIAN_POINT('',(-32.8,-89.11517748102,68.762047846576));
#7152 = VECTOR('',#7153,1.);
#7153 = DIRECTION('',(-1.,-0.,0.));
#7154 = ADVANCED_FACE('',(#7155),#7174,.T.);
#7155 = FACE_BOUND('',#7156,.T.);
#7156 = EDGE_LOOP('',(#7157,#7158,#7159,#7167,#7173));
#7157 = ORIENTED_EDGE('',*,*,#186,.T.);
#7158 = ORIENTED_EDGE('',*,*,#7105,.T.);
#7159 = ORIENTED_EDGE('',*,*,#7160,.T.);
#7160 = EDGE_CURVE('',#7061,#7161,#7163,.T.);
#7161 = VERTEX_POINT('',#7162);
#7162 = CARTESIAN_POINT('',(-27.3,-88.88482251897,68.762047846576));
#7163 = LINE('',#7164,#7165);
#7164 = CARTESIAN_POINT('',(-27.3,-89.11517748102,68.762047846576));
#7165 = VECTOR('',#7166,1.);
#7166 = DIRECTION('',(0.,1.,0.));
#7167 = ORIENTED_EDGE('',*,*,#7168,.F.);
#7168 = EDGE_CURVE('',#3982,#7161,#7169,.T.);
#7169 = LINE('',#7170,#7171);
#7170 = CARTESIAN_POINT('',(-32.8,-88.88482251897,68.762047846576));
#7171 = VECTOR('',#7172,1.);
#7172 = DIRECTION('',(1.,0.,0.));
#7173 = ORIENTED_EDGE('',*,*,#4036,.T.);
#7174 = PLANE('',#7175);
#7175 = AXIS2_PLACEMENT_3D('',#7176,#7177,#7178);
#7176 = CARTESIAN_POINT('',(-32.8,-89.11517748102,68.762047846576));
#7177 = DIRECTION('',(0.,0.,1.));
#7178 = DIRECTION('',(0.,1.,0.));
#7179 = ADVANCED_FACE('',(#7180),#7192,.T.);
#7180 = FACE_BOUND('',#7181,.F.);
#7181 = EDGE_LOOP('',(#7182,#7183,#7184,#7185));
#7182 = ORIENTED_EDGE('',*,*,#2256,.F.);
#7183 = ORIENTED_EDGE('',*,*,#2304,.F.);
#7184 = ORIENTED_EDGE('',*,*,#1941,.T.);
#7185 = ORIENTED_EDGE('',*,*,#7186,.T.);
#7186 = EDGE_CURVE('',#1934,#2257,#7187,.T.);
#7187 = CIRCLE('',#7188,10.);
#7188 = AXIS2_PLACEMENT_3D('',#7189,#7190,#7191);
#7189 = CARTESIAN_POINT('',(-16.3,-89.,72.));
#7190 = DIRECTION('',(1.,0.,0.));
#7191 = DIRECTION('',(0.,1.,0.));
#7192 = CYLINDRICAL_SURFACE('',#7193,10.);
#7193 = AXIS2_PLACEMENT_3D('',#7194,#7195,#7196);
#7194 = CARTESIAN_POINT('',(-31.3,-89.,72.));
#7195 = DIRECTION('',(-1.,-0.,-0.));
#7196 = DIRECTION('',(0.,1.,0.));
#7197 = ADVANCED_FACE('',(#7198,#7228),#7231,.T.);
#7198 = FACE_BOUND('',#7199,.T.);
#7199 = EDGE_LOOP('',(#7200,#7201,#7202,#7211,#7219,#7225,#7226,#7227));
#7200 = ORIENTED_EDGE('',*,*,#1972,.F.);
#7201 = ORIENTED_EDGE('',*,*,#2064,.F.);
#7202 = ORIENTED_EDGE('',*,*,#7203,.F.);
#7203 = EDGE_CURVE('',#7204,#2056,#7206,.T.);
#7204 = VERTEX_POINT('',#7205);
#7205 = CARTESIAN_POINT('',(-16.3,-117.1484291286,20.));
#7206 = CIRCLE('',#7207,27.851570871317);
#7207 = AXIS2_PLACEMENT_3D('',#7208,#7209,#7210);
#7208 = CARTESIAN_POINT('',(-16.3,-145.,20.));
#7209 = DIRECTION('',(1.,0.,-0.));
#7210 = DIRECTION('',(0.,0.,1.));
#7211 = ORIENTED_EDGE('',*,*,#7212,.T.);
#7212 = EDGE_CURVE('',#7204,#7213,#7215,.T.);
#7213 = VERTEX_POINT('',#7214);
#7214 = CARTESIAN_POINT('',(-16.3,-117.1484291286,15.));
#7215 = LINE('',#7216,#7217);
#7216 = CARTESIAN_POINT('',(-16.3,-117.1484291286,-30.));
#7217 = VECTOR('',#7218,1.);
#7218 = DIRECTION('',(-0.,-0.,-1.));
#7219 = ORIENTED_EDGE('',*,*,#7220,.T.);
#7220 = EDGE_CURVE('',#7213,#2081,#7221,.T.);
#7221 = LINE('',#7222,#7223);
#7222 = CARTESIAN_POINT('',(-16.3,-161.,15.));
#7223 = VECTOR('',#7224,1.);
#7224 = DIRECTION('',(0.,1.,0.));
#7225 = ORIENTED_EDGE('',*,*,#2090,.T.);
#7226 = ORIENTED_EDGE('',*,*,#2280,.T.);
#7227 = ORIENTED_EDGE('',*,*,#2029,.F.);
#7228 = FACE_BOUND('',#7229,.T.);
#7229 = EDGE_LOOP('',(#7230));
#7230 = ORIENTED_EDGE('',*,*,#2230,.F.);
#7231 = PLANE('',#7232);
#7232 = AXIS2_PLACEMENT_3D('',#7233,#7234,#7235);
#7233 = CARTESIAN_POINT('',(-16.3,-161.,15.));
#7234 = DIRECTION('',(1.,0.,0.));
#7235 = DIRECTION('',(0.,0.,1.));
#7236 = ADVANCED_FACE('',(#7237),#7248,.T.);
#7237 = FACE_BOUND('',#7238,.T.);
#7238 = EDGE_LOOP('',(#7239,#7240,#7241));
#7239 = ORIENTED_EDGE('',*,*,#7203,.T.);
#7240 = ORIENTED_EDGE('',*,*,#2055,.F.);
#7241 = ORIENTED_EDGE('',*,*,#7242,.T.);
#7242 = EDGE_CURVE('',#2047,#7204,#7243,.T.);
#7243 = CIRCLE('',#7244,33.);
#7244 = AXIS2_PLACEMENT_3D('',#7245,#7246,#7247);
#7245 = CARTESIAN_POINT('',(-34.,-145.,20.));
#7246 = DIRECTION('',(0.,0.,1.));
#7247 = DIRECTION('',(1.,0.,0.));
#7248 = SPHERICAL_SURFACE('',#7249,33.);
#7249 = AXIS2_PLACEMENT_3D('',#7250,#7251,#7252);
#7250 = CARTESIAN_POINT('',(-34.,-145.,20.));
#7251 = DIRECTION('',(0.,0.,1.));
#7252 = DIRECTION('',(1.,0.,0.));
#7253 = ADVANCED_FACE('',(#7254),#7313,.T.);
#7254 = FACE_BOUND('',#7255,.T.);
#7255 = EDGE_LOOP('',(#7256,#7266,#7272,#7273,#7274,#7275,#7283,#7291,
    #7299,#7307));
#7256 = ORIENTED_EDGE('',*,*,#7257,.F.);
#7257 = EDGE_CURVE('',#7258,#7260,#7262,.T.);
#7258 = VERTEX_POINT('',#7259);
#7259 = CARTESIAN_POINT('',(11.1,-112.,-20.));
#7260 = VERTEX_POINT('',#7261);
#7261 = CARTESIAN_POINT('',(11.1,-112.,-15.));
#7262 = LINE('',#7263,#7264);
#7263 = CARTESIAN_POINT('',(11.1,-112.,-20.));
#7264 = VECTOR('',#7265,1.);
#7265 = DIRECTION('',(0.,0.,1.));
#7266 = ORIENTED_EDGE('',*,*,#7267,.F.);
#7267 = EDGE_CURVE('',#2141,#7258,#7268,.T.);
#7268 = LINE('',#7269,#7270);
#7269 = CARTESIAN_POINT('',(-34.,-112.,-20.));
#7270 = VECTOR('',#7271,1.);
#7271 = DIRECTION('',(1.,0.,0.));
#7272 = ORIENTED_EDGE('',*,*,#2140,.T.);
#7273 = ORIENTED_EDGE('',*,*,#2206,.T.);
#7274 = ORIENTED_EDGE('',*,*,#2080,.T.);
#7275 = ORIENTED_EDGE('',*,*,#7276,.T.);
#7276 = EDGE_CURVE('',#2081,#7277,#7279,.T.);
#7277 = VERTEX_POINT('',#7278);
#7278 = CARTESIAN_POINT('',(11.1,-112.,15.));
#7279 = LINE('',#7280,#7281);
#7280 = CARTESIAN_POINT('',(-34.,-112.,15.));
#7281 = VECTOR('',#7282,1.);
#7282 = DIRECTION('',(1.,0.,0.));
#7283 = ORIENTED_EDGE('',*,*,#7284,.F.);
#7284 = EDGE_CURVE('',#7285,#7277,#7287,.T.);
#7285 = VERTEX_POINT('',#7286);
#7286 = CARTESIAN_POINT('',(11.1,-112.,7.5));
#7287 = LINE('',#7288,#7289);
#7288 = CARTESIAN_POINT('',(11.1,-112.,-20.));
#7289 = VECTOR('',#7290,1.);
#7290 = DIRECTION('',(0.,0.,1.));
#7291 = ORIENTED_EDGE('',*,*,#7292,.F.);
#7292 = EDGE_CURVE('',#7293,#7285,#7295,.T.);
#7293 = VERTEX_POINT('',#7294);
#7294 = CARTESIAN_POINT('',(-1.,-112.,7.5));
#7295 = LINE('',#7296,#7297);
#7296 = CARTESIAN_POINT('',(-17.5,-112.,7.5));
#7297 = VECTOR('',#7298,1.);
#7298 = DIRECTION('',(1.,0.,0.));
#7299 = ORIENTED_EDGE('',*,*,#7300,.T.);
#7300 = EDGE_CURVE('',#7293,#7301,#7303,.T.);
#7301 = VERTEX_POINT('',#7302);
#7302 = CARTESIAN_POINT('',(-1.,-112.,-15.));
#7303 = LINE('',#7304,#7305);
#7304 = CARTESIAN_POINT('',(-1.,-112.,-17.5));
#7305 = VECTOR('',#7306,1.);
#7306 = DIRECTION('',(0.,0.,-1.));
#7307 = ORIENTED_EDGE('',*,*,#7308,.T.);
#7308 = EDGE_CURVE('',#7301,#7260,#7309,.T.);
#7309 = LINE('',#7310,#7311);
#7310 = CARTESIAN_POINT('',(-17.5,-112.,-15.));
#7311 = VECTOR('',#7312,1.);
#7312 = DIRECTION('',(1.,0.,0.));
#7313 = PLANE('',#7314);
#7314 = AXIS2_PLACEMENT_3D('',#7315,#7316,#7317);
#7315 = CARTESIAN_POINT('',(-34.,-112.,-20.));
#7316 = DIRECTION('',(0.,1.,0.));
#7317 = DIRECTION('',(0.,0.,1.));
#7318 = ADVANCED_FACE('',(#7319),#7542,.F.);
#7319 = FACE_BOUND('',#7320,.T.);
#7320 = EDGE_LOOP('',(#7321,#7380,#7388,#7430,#7445,#7446,#7486,#7487));
#7321 = ORIENTED_EDGE('',*,*,#7322,.F.);
#7322 = EDGE_CURVE('',#7323,#7325,#7327,.T.);
#7323 = VERTEX_POINT('',#7324);
#7324 = CARTESIAN_POINT('',(-1.96966991411,-145.,-23.38388347648));
#7325 = VERTEX_POINT('',#7326);
#7326 = CARTESIAN_POINT('',(-3.03033008589,-145.,-21.61611652351));
#7327 = B_SPLINE_CURVE_WITH_KNOTS('',6,(#7328,#7329,#7330,#7331,#7332,
    #7333,#7334,#7335,#7336,#7337,#7338,#7339,#7340,#7341,#7342,#7343,
    #7344,#7345,#7346,#7347,#7348,#7349,#7350,#7351,#7352,#7353,#7354,
    #7355,#7356,#7357,#7358,#7359,#7360,#7361,#7362,#7363,#7364,#7365,
    #7366,#7367,#7368,#7369,#7370,#7371,#7372,#7373,#7374,#7375,#7376,
    #7377,#7378,#7379),.UNSPECIFIED.,.F.,.F.,(7,5,5,5,5,5,5,5,5,5,7),(0.
    ,0.120520424975,0.192729806914,0.281337161558,0.345813536951,
    0.510203685228,0.674513890647,0.736767572033,0.820198589076,
    0.88759176664,1.),.UNSPECIFIED.);
#7328 = CARTESIAN_POINT('',(-1.96966991411,-145.,-23.38388347648));
#7329 = CARTESIAN_POINT('',(-1.96966991411,-144.9283700222,
    -23.38388347648));
#7330 = CARTESIAN_POINT('',(-1.973055344505,-144.8567141161,
    -23.37856144588));
#7331 = CARTESIAN_POINT('',(-1.979830553296,-144.7861436301,
    -23.36791072108));
#7332 = CARTESIAN_POINT('',(-1.989801874202,-144.7176045733,
    -23.35222134536));
#7333 = CARTESIAN_POINT('',(-2.002670732767,-144.6518440051,
    -23.33193675578));
#7334 = CARTESIAN_POINT('',(-2.027310544168,-144.552020628,
    -23.29300947265));
#7335 = CARTESIAN_POINT('',(-2.037457305786,-144.5158042437,
    -23.27696245135));
#7336 = CARTESIAN_POINT('',(-2.048447118352,-144.4808778175,
    -23.25956062659));
#7337 = CARTESIAN_POINT('',(-2.060205830872,-144.4473168898,
    -23.24091473406));
#7338 = CARTESIAN_POINT('',(-2.072661110584,-144.4151724564,
    -23.22113287418));
#7339 = CARTESIAN_POINT('',(-2.101803241762,-144.3468103995,
    -23.17476875146));
#7340 = CARTESIAN_POINT('',(-2.118807884597,-144.3113274126,
    -23.14766367148));
#7341 = CARTESIAN_POINT('',(-2.136638018892,-144.2780835363,
    -23.11918220758));
#7342 = CARTESIAN_POINT('',(-2.155180929757,-144.247101697,
    -23.08949338993));
#7343 = CARTESIAN_POINT('',(-2.174336088698,-144.2183820373,
    -23.05874844388));
#7344 = CARTESIAN_POINT('',(-2.20833935809,-144.1726506119,
    -23.0040304673));
#7345 = CARTESIAN_POINT('',(-2.222939234312,-144.1545812358,
    -22.98049428024));
#7346 = CARTESIAN_POINT('',(-2.237783923072,-144.137698682,
    -22.95651872792));
#7347 = CARTESIAN_POINT('',(-2.252842714001,-144.1219964662,
    -22.93215039509));
#7348 = CARTESIAN_POINT('',(-2.268087626446,-144.1074667533,
    -22.90743195056));
#7349 = CARTESIAN_POINT('',(-2.322772276169,-144.0600211505,
    -22.81858570188));
#7350 = CARTESIAN_POINT('',(-2.36308711039,-144.0335136618,
    -22.75276109225));
#7351 = CARTESIAN_POINT('',(-2.404034038179,-144.0144140353,
    -22.68554668719));
#7352 = CARTESIAN_POINT('',(-2.445273979683,-144.0026025883,
    -22.61747485997));
#7353 = CARTESIAN_POINT('',(-2.486513707177,-143.997984354,
    -22.5490208199));
#7354 = CARTESIAN_POINT('',(-2.568455229932,-144.0031133851,
    -22.41224909741));
#7355 = CARTESIAN_POINT('',(-2.609140027621,-144.0128526129,
    -22.34396015725));
#7356 = CARTESIAN_POINT('',(-2.649292605301,-144.0297461339,
    -22.27618160341));
#7357 = CARTESIAN_POINT('',(-2.688634032692,-144.0538570828,
    -22.20939734945));
#7358 = CARTESIAN_POINT('',(-2.726856229676,-144.0852752049,
    -22.14415945902));
#7359 = CARTESIAN_POINT('',(-2.777523533791,-144.138878893,
    -22.05724308695));
#7360 = CARTESIAN_POINT('',(-2.791232105176,-144.154676504,
    -22.03367962404));
#7361 = CARTESIAN_POINT('',(-2.804706955411,-144.1715501269,
    -22.01047214701));
#7362 = CARTESIAN_POINT('',(-2.817925715428,-144.1895058655,
    -21.98766188654));
#7363 = CARTESIAN_POINT('',(-2.830863922964,-144.2085486697,
    -21.96529414391));
#7364 = CARTESIAN_POINT('',(-2.860422944932,-144.2556650338,
    -21.91410075297));
#7365 = CARTESIAN_POINT('',(-2.876798422463,-144.2846054381,
    -21.88566819207));
#7366 = CARTESIAN_POINT('',(-2.892558437413,-144.3155123735,
    -21.8582378817));
#7367 = CARTESIAN_POINT('',(-2.907629074556,-144.348383537,
    -21.83194763157));
#7368 = CARTESIAN_POINT('',(-2.921927562467,-144.3831972354,
    -21.80695211574));
#7369 = CARTESIAN_POINT('',(-2.946218137118,-144.4495548908,
    -21.76440998832));
#7370 = CARTESIAN_POINT('',(-2.956509202264,-144.480439669,
    -21.74635595246));
#7371 = CARTESIAN_POINT('',(-2.966189988087,-144.5125305718,
    -21.72934604473));
#7372 = CARTESIAN_POINT('',(-2.975208767297,-144.545783845,
    -21.71347713301));
#7373 = CARTESIAN_POINT('',(-2.983512470624,-144.5801350361,
    -21.69884862707));
#7374 = CARTESIAN_POINT('',(-3.00362099727,-144.6744713099,
    -21.66338755185));
#7375 = CARTESIAN_POINT('',(-3.0140668951,-144.7362859998,
    -21.64492479641));
#7376 = CARTESIAN_POINT('',(-3.022130382837,-144.8004625383,
    -21.63064777815));
#7377 = CARTESIAN_POINT('',(-3.02759801843,-144.8663671972,
    -21.62095815533));
#7378 = CARTESIAN_POINT('',(-3.03033008589,-144.9331957804,
    -21.61611652351));
#7379 = CARTESIAN_POINT('',(-3.03033008589,-145.,-21.61611652351));
#7380 = ORIENTED_EDGE('',*,*,#7381,.T.);
#7381 = EDGE_CURVE('',#7323,#7382,#7384,.T.);
#7382 = VERTEX_POINT('',#7383);
#7383 = CARTESIAN_POINT('',(0.207106781187,-145.,-21.20710678118));
#7384 = LINE('',#7385,#7386);
#7385 = CARTESIAN_POINT('',(-7.292893218813,-145.,-28.70710678118));
#7386 = VECTOR('',#7387,1.);
#7387 = DIRECTION('',(0.707106781187,0.,0.707106781187));
#7388 = ORIENTED_EDGE('',*,*,#7389,.T.);
#7389 = EDGE_CURVE('',#7382,#7390,#7392,.T.);
#7390 = VERTEX_POINT('',#7391);
#7391 = CARTESIAN_POINT('',(-1.007463102223,-144.2982101106,-20.));
#7392 = B_SPLINE_CURVE_WITH_KNOTS('',6,(#7393,#7394,#7395,#7396,#7397,
    #7398,#7399,#7400,#7401,#7402,#7403,#7404,#7405,#7406,#7407,#7408,
    #7409,#7410,#7411,#7412,#7413,#7414,#7415,#7416,#7417,#7418,#7419,
    #7420,#7421,#7422,#7423,#7424,#7425,#7426,#7427,#7428,#7429),
  .UNSPECIFIED.,.F.,.F.,(7,5,5,5,5,5,5,7),(0.,0.162870618107,
    0.25835392342,0.372207605908,0.453645688961,0.659559043318,
    0.904685914441,1.),.UNSPECIFIED.);
#7393 = CARTESIAN_POINT('',(0.207106781187,-145.,-21.20710678118));
#7394 = CARTESIAN_POINT('',(0.207106780951,-144.9269459932,
    -21.20710678095));
#7395 = CARTESIAN_POINT('',(0.202484616974,-144.8538707667,
    -21.20267182609));
#7396 = CARTESIAN_POINT('',(0.193235643802,-144.7818859297,
    -21.19379755229));
#7397 = CARTESIAN_POINT('',(0.179604527251,-144.7119513956,
    -21.18070993824));
#7398 = CARTESIAN_POINT('',(0.161972684699,-144.644841966,
    -21.16375895628));
#7399 = CARTESIAN_POINT('',(0.128400598887,-144.5438138725,
    -21.13142874087));
#7400 = CARTESIAN_POINT('',(0.114774414615,-144.507637852,
    -21.11829676133));
#7401 = CARTESIAN_POINT('',(0.100017899954,-144.4727310937,
    -21.10406274805));
#7402 = CARTESIAN_POINT('',(8.422266249915E-02,-144.4391731274,
    -21.08881113321));
#7403 = CARTESIAN_POINT('',(6.74791120655E-02,-144.4070209288,
    -21.07262529825));
#7404 = CARTESIAN_POINT('',(2.88770099971E-02,-144.3396988585,
    -21.03526259122));
#7405 = CARTESIAN_POINT('',(6.654872386393E-03,-144.305139803,
    -21.0137253169));
#7406 = CARTESIAN_POINT('',(-1.665190815603E-02,-144.2727004183,
    -20.99110314274));
#7407 = CARTESIAN_POINT('',(-4.090950235262E-02,-144.2424152322,
    -20.96751983012));
#7408 = CARTESIAN_POINT('',(-6.599607740045E-02,-144.2142978363,
    -20.94308832057));
#7409 = CARTESIAN_POINT('',(-0.110265695733,-144.1697884506,
    -20.89989648269));
#7410 = CARTESIAN_POINT('',(-0.129095531805,-144.1523379174,
    -20.88150239797));
#7411 = CARTESIAN_POINT('',(-0.148255035965,-144.1359976194,
    -20.86276219077));
#7412 = CARTESIAN_POINT('',(-0.167707500869,-144.1207660034,
    -20.84371011023));
#7413 = CARTESIAN_POINT('',(-0.187418927793,-144.1066399315,
    -20.82437800216));
#7414 = CARTESIAN_POINT('',(-0.257773343055,-144.0606807885,
    -20.75528115208));
#7415 = CARTESIAN_POINT('',(-0.309634024228,-144.0347921877,
    -20.70417494917));
#7416 = CARTESIAN_POINT('',(-0.362450330776,-144.0158637062,
    -20.65193686315));
#7417 = CARTESIAN_POINT('',(-0.415795863294,-144.0038251839,
    -20.59897447329));
#7418 = CARTESIAN_POINT('',(-0.469290587244,-143.9986156629,
    -20.5456590979));
#7419 = CARTESIAN_POINT('',(-0.586037604802,-144.0021492163,
    -20.42885862744));
#7420 = CARTESIAN_POINT('',(-0.649173520043,-144.0137372588,
    -20.36540492949));
#7421 = CARTESIAN_POINT('',(-0.711432818861,-144.0349636644,
    -20.30253982033));
#7422 = CARTESIAN_POINT('',(-0.772184746073,-144.0659221322,
    -20.24091176552));
#7423 = CARTESIAN_POINT('',(-0.830716116018,-144.1067027964,
    -20.18127399543));
#7424 = CARTESIAN_POINT('',(-0.907752371062,-144.1771381243,
    -20.10247101812));
#7425 = CARTESIAN_POINT('',(-0.928853230078,-144.1983564736,
    -20.08085056789));
#7426 = CARTESIAN_POINT('',(-0.949435136506,-144.2210765006,
    -20.05972797391));
#7427 = CARTESIAN_POINT('',(-0.969440352006,-144.2452978828,
    -20.03916550804));
#7428 = CARTESIAN_POINT('',(-0.988805703284,-144.2710141455,
    -20.01923153867));
#7429 = CARTESIAN_POINT('',(-1.007463102223,-144.2982101106,-20.));
#7430 = ORIENTED_EDGE('',*,*,#7431,.T.);
#7431 = EDGE_CURVE('',#7390,#2105,#7432,.T.);
#7432 = B_SPLINE_CURVE_WITH_KNOTS('',6,(#7433,#7434,#7435,#7436,#7437,
    #7438,#7439,#7440,#7441,#7442,#7443,#7444),.UNSPECIFIED.,.F.,.F.,(7,
    5,7),(0.,0.552753640776,1.),.UNSPECIFIED.);
#7433 = CARTESIAN_POINT('',(-1.007467071127,-144.2980235493,
    -20.00026395085));
#7434 = CARTESIAN_POINT('',(-1.006580101892,-144.3397106482,
    -19.9412688183));
#7435 = CARTESIAN_POINT('',(-1.00566450244,-144.3857147894,
    -19.88439127796));
#7436 = CARTESIAN_POINT('',(-1.004734870621,-144.4365080288,
    -19.83003901873));
#7437 = CARTESIAN_POINT('',(-1.003814069547,-144.4925780936,
    -19.77904789319));
#7438 = CARTESIAN_POINT('',(-1.002940042266,-144.5543395366,
    -19.73272078171));
#7439 = CARTESIAN_POINT('',(-1.001537772202,-144.6767532569,
    -19.66063607562));
#7440 = CARTESIAN_POINT('',(-1.00096900129,-144.7359154479,
    -19.63231693934));
#7441 = CARTESIAN_POINT('',(-1.000500535769,-144.7987407434,
    -19.60963613403));
#7442 = CARTESIAN_POINT('',(-1.000169159792,-144.8643483585,
    -19.59385610229));
#7443 = CARTESIAN_POINT('',(-1.,-144.9317711423,-19.58578643762));
#7444 = CARTESIAN_POINT('',(-1.,-145.,-19.58578643762));
#7445 = ORIENTED_EDGE('',*,*,#2104,.T.);
#7446 = ORIENTED_EDGE('',*,*,#7447,.T.);
#7447 = EDGE_CURVE('',#2107,#7382,#7448,.T.);
#7448 = B_SPLINE_CURVE_WITH_KNOTS('',6,(#7449,#7450,#7451,#7452,#7453,
    #7454,#7455,#7456,#7457,#7458,#7459,#7460,#7461,#7462,#7463,#7464,
    #7465,#7466,#7467,#7468,#7469,#7470,#7471,#7472,#7473,#7474,#7475,
    #7476,#7477,#7478,#7479,#7480,#7481,#7482,#7483,#7484,#7485),
  .UNSPECIFIED.,.F.,.F.,(7,5,5,5,5,5,5,7),(0.,9.532573542538E-02,
    0.340430295567,0.546376119153,0.627790244909,0.741644561402,
    0.837127934207,1.),.UNSPECIFIED.);
#7449 = CARTESIAN_POINT('',(-1.007463102223,-145.7017898893,-20.));
#7450 = CARTESIAN_POINT('',(-0.988803423215,-145.7289891779,
    -20.0192338889));
#7451 = CARTESIAN_POINT('',(-0.969435618947,-145.7547084023,
    -20.03917038008));
#7452 = CARTESIAN_POINT('',(-0.949427802354,-145.7789323791,
    -20.05973551236));
#7453 = CARTESIAN_POINT('',(-0.928843169215,-145.8016546321,
    -20.08086089305));
#7454 = CARTESIAN_POINT('',(-0.907739477779,-145.8228748403,
    -20.10248422889));
#7455 = CARTESIAN_POINT('',(-0.830704617867,-145.8933046905,
    -20.18128570121));
#7456 = CARTESIAN_POINT('',(-0.772178284831,-145.9340802078,
    -20.24091829714));
#7457 = CARTESIAN_POINT('',(-0.711431865053,-145.9650353241,
    -20.30254074624));
#7458 = CARTESIAN_POINT('',(-0.649178345836,-145.9862601514,
    -20.36540002855));
#7459 = CARTESIAN_POINT('',(-0.586048312869,-145.9978483564,
    -20.42884785169));
#7460 = CARTESIAN_POINT('',(-0.4692987829,-146.0013858556,
    -20.54565095123));
#7461 = CARTESIAN_POINT('',(-0.415795574775,-145.9961762044,
    -20.59897480312));
#7462 = CARTESIAN_POINT('',(-0.362441581402,-145.9841354077,
    -20.65194558056));
#7463 = CARTESIAN_POINT('',(-0.309617016242,-145.9652024727,
    -20.70419179028));
#7464 = CARTESIAN_POINT('',(-0.257748488694,-145.9393072051,
    -20.7553056535));
#7465 = CARTESIAN_POINT('',(-0.187393064506,-145.8933414992,
    -20.82440336701));
#7466 = CARTESIAN_POINT('',(-0.167687707551,-145.8792184283,
    -20.84372949474));
#7467 = CARTESIAN_POINT('',(-0.148241186741,-145.8639904614,
    -20.8627757349));
#7468 = CARTESIAN_POINT('',(-0.129087472113,-145.8476544637,
    -20.88151026861));
#7469 = CARTESIAN_POINT('',(-0.110263239243,-145.830208884,
    -20.89989887638));
#7470 = CARTESIAN_POINT('',(-6.599879105604E-02,-145.7857051654,
    -20.94308567716));
#7471 = CARTESIAN_POINT('',(-4.09120039997E-02,-145.7575878056,
    -20.96751739688));
#7472 = CARTESIAN_POINT('',(-1.665419875189E-02,-145.7273026307,
    -20.9911009179));
#7473 = CARTESIAN_POINT('',(6.652790503536E-03,-145.6948632317,
    -21.01372329738));
#7474 = CARTESIAN_POINT('',(2.887513281577E-02,-145.6603041356,
    -21.0352607724));
#7475 = CARTESIAN_POINT('',(6.747751465198E-02,-145.5929820915,
    -21.07262375373));
#7476 = CARTESIAN_POINT('',(8.42211503018E-02,-145.5608299814,
    -21.08880967249));
#7477 = CARTESIAN_POINT('',(0.100016477201,-145.5272720984,
    -21.10406137496));
#7478 = CARTESIAN_POINT('',(0.114773085493,-145.4923654172,
    -21.11829547965));
#7479 = CARTESIAN_POINT('',(0.128399367399,-145.4561894668,
    -21.13142755419));
#7480 = CARTESIAN_POINT('',(0.161971900367,-145.3551610195,
    -21.16375820224));
#7481 = CARTESIAN_POINT('',(0.17960404208,-145.2880510933,
    -21.18070947241));
#7482 = CARTESIAN_POINT('',(0.193235396719,-145.2181159923,
    -21.19379731522));
#7483 = CARTESIAN_POINT('',(0.202484534581,-145.146130535,
    -21.20267174703));
#7484 = CARTESIAN_POINT('',(0.207106780951,-145.0730546578,
    -21.20710678095));
#7485 = CARTESIAN_POINT('',(0.207106781187,-145.,-21.20710678118));
#7486 = ORIENTED_EDGE('',*,*,#7381,.F.);
#7487 = ORIENTED_EDGE('',*,*,#7488,.F.);
#7488 = EDGE_CURVE('',#7325,#7323,#7489,.T.);
#7489 = B_SPLINE_CURVE_WITH_KNOTS('',6,(#7490,#7491,#7492,#7493,#7494,
    #7495,#7496,#7497,#7498,#7499,#7500,#7501,#7502,#7503,#7504,#7505,
    #7506,#7507,#7508,#7509,#7510,#7511,#7512,#7513,#7514,#7515,#7516,
    #7517,#7518,#7519,#7520,#7521,#7522,#7523,#7524,#7525,#7526,#7527,
    #7528,#7529,#7530,#7531,#7532,#7533,#7534,#7535,#7536,#7537,#7538,
    #7539,#7540,#7541),.UNSPECIFIED.,.F.,.F.,(7,5,5,5,5,5,5,5,5,5,7),(0.
    ,0.111945587734,0.179801494,0.263750262231,0.32602270437,
    0.490354749579,0.654723115478,0.719180677435,0.807269106391,
    0.879941499751,1.),.UNSPECIFIED.);
#7490 = CARTESIAN_POINT('',(-3.03033008589,-145.,-21.61611652351));
#7491 = CARTESIAN_POINT('',(-3.03033008589,-145.066529208,
    -21.61611652351));
#7492 = CARTESIAN_POINT('',(-3.027620467037,-145.1330824299,
    -21.6209183735));
#7493 = CARTESIAN_POINT('',(-3.022197789709,-145.1987234044,
    -21.63052831999));
#7494 = CARTESIAN_POINT('',(-3.014199406906,-145.2626571721,
    -21.64469017473));
#7495 = CARTESIAN_POINT('',(-3.003835554846,-145.3242561081,
    -21.66300832388));
#7496 = CARTESIAN_POINT('',(-2.983797286287,-145.4186848035,
    -21.69834686282));
#7497 = CARTESIAN_POINT('',(-2.975456350728,-145.4533022704,
    -21.71304149286));
#7498 = CARTESIAN_POINT('',(-2.96638936951,-145.4868080426,
    -21.72899571169));
#7499 = CARTESIAN_POINT('',(-2.956650534865,-145.519136034,
    -21.74610800557));
#7500 = CARTESIAN_POINT('',(-2.946292681396,-145.550241467,
    -21.76427943265));
#7501 = CARTESIAN_POINT('',(-2.921844151765,-145.6170306281,
    -21.80709819992));
#7502 = CARTESIAN_POINT('',(-2.90745153381,-145.6520485768,
    -21.83225799319));
#7503 = CARTESIAN_POINT('',(-2.892277712688,-145.6850995095,
    -21.85872759092));
#7504 = CARTESIAN_POINT('',(-2.876406957202,-145.7161615031,
    -21.8863495233));
#7505 = CARTESIAN_POINT('',(-2.859914460963,-145.7452324297,
    -21.91498360282));
#7506 = CARTESIAN_POINT('',(-2.830216556938,-145.7924158591,
    -21.96641361222));
#7507 = CARTESIAN_POINT('',(-2.817262461893,-145.8114188338,
    -21.98880706722));
#7508 = CARTESIAN_POINT('',(-2.804028481815,-145.8293342457,
    -22.01164175571));
#7509 = CARTESIAN_POINT('',(-2.790539044802,-145.8461670897,
    -22.03487244445));
#7510 = CARTESIAN_POINT('',(-2.776816490259,-145.8619234942,
    -22.05845796297));
#7511 = CARTESIAN_POINT('',(-2.726106595052,-145.9153691502,
    -22.14543996315));
#7512 = CARTESIAN_POINT('',(-2.687859726121,-145.9466704958,
    -22.2107141222));
#7513 = CARTESIAN_POINT('',(-2.648497529585,-145.9706642493,
    -22.27752747485));
#7514 = CARTESIAN_POINT('',(-2.608327746553,-145.9874397219,
    -22.34532871071));
#7515 = CARTESIAN_POINT('',(-2.567629221335,-145.9970594172,
    -22.41363422463));
#7516 = CARTESIAN_POINT('',(-2.485678513103,-146.0019443007,
    -22.55040833597));
#7517 = CARTESIAN_POINT('',(-2.44444346616,-145.9972053139,
    -22.61884816464));
#7518 = CARTESIAN_POINT('',(-2.403211993891,-145.9852741026,
    -22.68689970365));
#7519 = CARTESIAN_POINT('',(-2.36227755634,-145.9660551303,
    -22.75408752313));
#7520 = CARTESIAN_POINT('',(-2.321979718668,-145.9394283494,
    -22.81987862762));
#7521 = CARTESIAN_POINT('',(-2.267328502255,-145.8918189428,
    -22.90866316728));
#7522 = CARTESIAN_POINT('',(-2.252095529134,-145.8772450118,
    -22.93336023802));
#7523 = CARTESIAN_POINT('',(-2.237049471336,-145.8614989815,
    -22.95770602306));
#7524 = CARTESIAN_POINT('',(-2.222218349075,-145.8445730473,
    -22.98165779939));
#7525 = CARTESIAN_POINT('',(-2.207632916682,-145.8264607755,
    -23.00516892097));
#7526 = CARTESIAN_POINT('',(-2.173775574932,-145.7807764888,
    -23.0596480698));
#7527 = CARTESIAN_POINT('',(-2.15474684563,-145.7521723107,
    -23.09018838322));
#7528 = CARTESIAN_POINT('',(-2.136324955387,-145.7213323731,
    -23.11968228254));
#7529 = CARTESIAN_POINT('',(-2.118608812687,-145.6882570542,
    -23.14798098645));
#7530 = CARTESIAN_POINT('',(-2.101709231809,-145.6529690705,
    -23.17491831804));
#7531 = CARTESIAN_POINT('',(-2.072577185075,-145.5846306697,
    -23.22126639677));
#7532 = CARTESIAN_POINT('',(-2.060046086128,-145.5522707139,
    -23.24116844432));
#7533 = CARTESIAN_POINT('',(-2.048220946757,-145.5184762411,
    -23.25991926487));
#7534 = CARTESIAN_POINT('',(-2.037175544565,-145.4832993626,
    -23.27740859953));
#7535 = CARTESIAN_POINT('',(-2.0269854941,-145.4468174092,
    -23.29352352808));
#7536 = CARTESIAN_POINT('',(-2.002423907996,-145.3468921001,
    -23.33232580976));
#7537 = CARTESIAN_POINT('',(-1.989648972565,-145.2813420795,
    -23.35246192853));
#7538 = CARTESIAN_POINT('',(-1.979752469509,-145.2130425621,
    -23.36803346943));
#7539 = CARTESIAN_POINT('',(-1.973029213955,-145.1427336981,
    -23.37860252449));
#7540 = CARTESIAN_POINT('',(-1.96966991411,-145.0713530445,
    -23.38388347648));
#7541 = CARTESIAN_POINT('',(-1.96966991411,-145.,-23.38388347648));
#7542 = CYLINDRICAL_SURFACE('',#7543,1.);
#7543 = AXIS2_PLACEMENT_3D('',#7544,#7545,#7546);
#7544 = CARTESIAN_POINT('',(-8.,-145.,-28.));
#7545 = DIRECTION('',(-0.707106781187,-0.,-0.707106781187));
#7546 = DIRECTION('',(0.707106781187,0.,-0.707106781187));
#7547 = ADVANCED_FACE('',(#7548),#7671,.T.);
#7548 = FACE_BOUND('',#7549,.T.);
#7549 = EDGE_LOOP('',(#7550,#7559,#7565,#7566,#7567,#7652,#7653,#7662,
    #7669,#7670));
#7550 = ORIENTED_EDGE('',*,*,#7551,.T.);
#7551 = EDGE_CURVE('',#7552,#7552,#7554,.T.);
#7552 = VERTEX_POINT('',#7553);
#7553 = CARTESIAN_POINT('',(2.585786437627,-145.,-23.58578643762));
#7554 = CIRCLE('',#7555,36.585786437627);
#7555 = AXIS2_PLACEMENT_3D('',#7556,#7557,#7558);
#7556 = CARTESIAN_POINT('',(-34.,-145.,-23.58578643762));
#7557 = DIRECTION('',(0.,0.,1.));
#7558 = DIRECTION('',(1.,0.,0.));
#7559 = ORIENTED_EDGE('',*,*,#7560,.T.);
#7560 = EDGE_CURVE('',#7552,#7382,#7561,.T.);
#7561 = LINE('',#7562,#7563);
#7562 = CARTESIAN_POINT('',(4.,-145.,-25.));
#7563 = VECTOR('',#7564,1.);
#7564 = DIRECTION('',(-0.707106781187,1.7E-16,0.707106781187));
#7565 = ORIENTED_EDGE('',*,*,#7447,.F.);
#7566 = ORIENTED_EDGE('',*,*,#2191,.F.);
#7567 = ORIENTED_EDGE('',*,*,#7568,.F.);
#7568 = EDGE_CURVE('',#2149,#2175,#7569,.T.);
#7569 = B_SPLINE_CURVE_WITH_KNOTS('',6,(#7570,#7571,#7572,#7573,#7574,
    #7575,#7576,#7577,#7578,#7579,#7580,#7581,#7582,#7583,#7584,#7585,
    #7586,#7587,#7588,#7589,#7590,#7591,#7592,#7593,#7594,#7595,#7596,
    #7597,#7598,#7599,#7600,#7601,#7602,#7603,#7604,#7605,#7606,#7607,
    #7608,#7609,#7610,#7611,#7612,#7613,#7614,#7615,#7616,#7617,#7618,
    #7619,#7620,#7621,#7622,#7623,#7624,#7625,#7626,#7627,#7628,#7629,
    #7630,#7631,#7632,#7633,#7634,#7635,#7636,#7637,#7638,#7639,#7640,
    #7641,#7642,#7643,#7644,#7645,#7646,#7647,#7648,#7649,#7650,#7651),
  .UNSPECIFIED.,.F.,.F.,(7,5,5,5,5,5,5,5,5,5,5,5,5,5,5,5,7),(0.,
    4.76614353159E-02,0.170210032363,0.273179849544,0.313885689066,
    0.370811136499,0.419037607759,0.445487554341,0.500019286933,
    0.554551774686,0.581002539166,0.629231058295,0.686249060498,
    0.72718393324,0.8298285783,0.952098257929,1.),.UNSPECIFIED.);
#7570 = CARTESIAN_POINT('',(-66.99253689777,-144.2982101106,-20.));
#7571 = CARTESIAN_POINT('',(-67.01119657678,-144.271010822,
    -20.0192338889));
#7572 = CARTESIAN_POINT('',(-67.03056438105,-144.2452915976,
    -20.03917038008));
#7573 = CARTESIAN_POINT('',(-67.05057219764,-144.2210676208,
    -20.05973551236));
#7574 = CARTESIAN_POINT('',(-67.07115683078,-144.1983453678,
    -20.08086089305));
#7575 = CARTESIAN_POINT('',(-67.09226052222,-144.1771251596,
    -20.10248422889));
#7576 = CARTESIAN_POINT('',(-67.16929538213,-144.1066953094,
    -20.18128570121));
#7577 = CARTESIAN_POINT('',(-67.22782171516,-144.0659197921,
    -20.24091829714));
#7578 = CARTESIAN_POINT('',(-67.28856813494,-144.0349646758,
    -20.30254074624));
#7579 = CARTESIAN_POINT('',(-67.35082165416,-144.0137398485,
    -20.36540002855));
#7580 = CARTESIAN_POINT('',(-67.41395168713,-144.0021516435,
    -20.42884785169));
#7581 = CARTESIAN_POINT('',(-67.5307012171,-143.9986141443,
    -20.54565095123));
#7582 = CARTESIAN_POINT('',(-67.58420442522,-144.0038237955,
    -20.59897480312));
#7583 = CARTESIAN_POINT('',(-67.63755841859,-144.0158645922,
    -20.65194558056));
#7584 = CARTESIAN_POINT('',(-67.69038298375,-144.0347975272,
    -20.70419179028));
#7585 = CARTESIAN_POINT('',(-67.7422515113,-144.0606927948,
    -20.7553056535));
#7586 = CARTESIAN_POINT('',(-67.81260693549,-144.1066585007,
    -20.82440336701));
#7587 = CARTESIAN_POINT('',(-67.83231229244,-144.1207815716,
    -20.84372949474));
#7588 = CARTESIAN_POINT('',(-67.85175881325,-144.1360095385,
    -20.8627757349));
#7589 = CARTESIAN_POINT('',(-67.87091252788,-144.1523455362,
    -20.88151026861));
#7590 = CARTESIAN_POINT('',(-67.88973676075,-144.1697911159,
    -20.89989887638));
#7591 = CARTESIAN_POINT('',(-67.93400120894,-144.2142948345,
    -20.94308567716));
#7592 = CARTESIAN_POINT('',(-67.959087996,-144.2424121943,
    -20.96751739688));
#7593 = CARTESIAN_POINT('',(-67.98334580124,-144.2726973692,
    -20.9911009179));
#7594 = CARTESIAN_POINT('',(-68.0066527905,-144.3051367682,
    -21.01372329738));
#7595 = CARTESIAN_POINT('',(-68.02887513281,-144.3396958643,
    -21.0352607724));
#7596 = CARTESIAN_POINT('',(-68.06765684021,-144.4073306499,
    -21.07279732172));
#7597 = CARTESIAN_POINT('',(-68.08456212227,-144.4398250975,
    -21.08913928492));
#7598 = CARTESIAN_POINT('',(-68.10049880756,-144.4737536954,
    -21.10452709921));
#7599 = CARTESIAN_POINT('',(-68.11537362308,-144.5090575152,
    -21.11887474343));
#7600 = CARTESIAN_POINT('',(-68.12909210294,-144.5456540929,
    -21.13209515217));
#7601 = CARTESIAN_POINT('',(-68.14840344659,-144.6041518389,
    -21.15069136953));
#7602 = CARTESIAN_POINT('',(-68.1548683527,-144.6252267409,
    -21.15691387534));
#7603 = CARTESIAN_POINT('',(-68.16094298823,-144.6466385286,
    -21.16275819859));
#7604 = CARTESIAN_POINT('',(-68.16661297684,-144.668366138,
    -21.16821109343));
#7605 = CARTESIAN_POINT('',(-68.17186477856,-144.6903859,-21.17326008611
    ));
#7606 = CARTESIAN_POINT('',(-68.18662494025,-144.7586177447,
    -21.18744611124));
#7607 = CARTESIAN_POINT('',(-68.19473422851,-144.8056999817,
    -21.19523367556));
#7608 = CARTESIAN_POINT('',(-68.20090126624,-144.853677206,
    -21.20115264766));
#7609 = CARTESIAN_POINT('',(-68.20504210745,-144.9022752361,
    -21.20512572598));
#7610 = CARTESIAN_POINT('',(-68.20711042336,-144.9511920843,
    -21.20711027583));
#7611 = CARTESIAN_POINT('',(-68.20710313126,-145.0490151644,
    -21.2071032791));
#7612 = CARTESIAN_POINT('',(-68.20502746501,-145.0979318097,
    -21.20511167666));
#7613 = CARTESIAN_POINT('',(-68.20087931142,-145.1465287478,
    -21.20113157853));
#7614 = CARTESIAN_POINT('',(-68.1947050922,-145.1945040258,-21.195205705
    ));
#7615 = CARTESIAN_POINT('',(-68.18658883211,-145.2415835314,
    -21.18741143013));
#7616 = CARTESIAN_POINT('',(-68.17181862556,-145.3098106758,
    -21.17321571736));
#7617 = CARTESIAN_POINT('',(-68.16656353469,-145.3318289867,
    -21.1681635495));
#7618 = CARTESIAN_POINT('',(-68.16089031081,-145.3535549821,
    -21.16270752795));
#7619 = CARTESIAN_POINT('',(-68.15481249946,-145.3749650026,
    -21.15686013162));
#7620 = CARTESIAN_POINT('',(-68.14834448141,-145.3960379939,
    -21.15063461043));
#7621 = CARTESIAN_POINT('',(-68.12902439732,-145.4545304055,
    -21.13202991245));
#7622 = CARTESIAN_POINT('',(-68.11530041661,-145.4911232216,
    -21.11880415201));
#7623 = CARTESIAN_POINT('',(-68.10042031743,-145.5264228678,
    -21.10445135103));
#7624 = CARTESIAN_POINT('',(-68.08447857739,-145.5603469347,
    -21.08905858583));
#7625 = CARTESIAN_POINT('',(-68.06756847278,-145.592836543,
    -21.07271188077));
#7626 = CARTESIAN_POINT('',(-68.02874349945,-145.6605181623,
    -21.03513325931));
#7627 = CARTESIAN_POINT('',(-68.00647891979,-145.6951223023,
    -21.01355468507));
#7628 = CARTESIAN_POINT('',(-67.98312680007,-145.7275996248,
    -20.99088826366));
#7629 = CARTESIAN_POINT('',(-67.95882157947,-145.7579155364,
    -20.96725832153));
#7630 = CARTESIAN_POINT('',(-67.93368562022,-145.7860564804,
    -20.94277829286));
#7631 = CARTESIAN_POINT('',(-67.88926070605,-145.8306626711,
    -20.89943403098));
#7632 = CARTESIAN_POINT('',(-67.87032287562,-145.848181679,
    -20.88093393448));
#7633 = CARTESIAN_POINT('',(-67.85105256723,-145.8645786041,
    -20.86208468083));
#7634 = CARTESIAN_POINT('',(-67.83148703388,-145.8798550549,
    -20.84292103015));
#7635 = CARTESIAN_POINT('',(-67.81166076688,-145.8940142451,
    -20.82347529251));
#7636 = CARTESIAN_POINT('',(-67.74131668239,-145.9397758602,
    -20.7543844642));
#7637 = CARTESIAN_POINT('',(-67.68959801104,-145.96548865,
    -20.70341553416));
#7638 = CARTESIAN_POINT('',(-67.63693400325,-145.9842838372,
    -20.65132586275));
#7639 = CARTESIAN_POINT('',(-67.58374681132,-145.9962308504,
    -20.59851902446));
#7640 = CARTESIAN_POINT('',(-67.5304129321,-146.0013898339,
    -20.54536291345));
#7641 = CARTESIAN_POINT('',(-67.41397696445,-145.9978339469,
    -20.42887268761));
#7642 = CARTESIAN_POINT('',(-67.35099097282,-145.9862789398,
    -20.36556983279));
#7643 = CARTESIAN_POINT('',(-67.28887707396,-145.9651309239,
    -20.30285242029));
#7644 = CARTESIAN_POINT('',(-67.22826148418,-145.9342972078,
    -20.24136423752));
#7645 = CARTESIAN_POINT('',(-67.16985195317,-145.8936882963,
    -20.18185271306));
#7646 = CARTESIAN_POINT('',(-67.09279262429,-145.8234093651,
    -20.10302942454));
#7647 = CARTESIAN_POINT('',(-67.0715720242,-145.8021126164,
    -20.08128698851));
#7648 = CARTESIAN_POINT('',(-67.05087484891,-145.779298634,
    -20.0600465917));
#7649 = CARTESIAN_POINT('',(-67.03075968186,-145.7549676871,
    -20.03937141477));
#7650 = CARTESIAN_POINT('',(-67.01129065084,-145.729126305,
    -20.01933085788));
#7651 = CARTESIAN_POINT('',(-66.99253689777,-145.7017898893,-20.));
#7652 = ORIENTED_EDGE('',*,*,#2148,.F.);
#7653 = ORIENTED_EDGE('',*,*,#7654,.F.);
#7654 = EDGE_CURVE('',#7655,#2141,#7657,.T.);
#7655 = VERTEX_POINT('',#7656);
#7656 = CARTESIAN_POINT('',(-4.116894405032,-131.,-20.));
#7657 = CIRCLE('',#7658,33.);
#7658 = AXIS2_PLACEMENT_3D('',#7659,#7660,#7661);
#7659 = CARTESIAN_POINT('',(-34.,-145.,-20.));
#7660 = DIRECTION('',(0.,0.,1.));
#7661 = DIRECTION('',(1.,0.,0.));
#7662 = ORIENTED_EDGE('',*,*,#7663,.F.);
#7663 = EDGE_CURVE('',#7390,#7655,#7664,.T.);
#7664 = CIRCLE('',#7665,33.);
#7665 = AXIS2_PLACEMENT_3D('',#7666,#7667,#7668);
#7666 = CARTESIAN_POINT('',(-34.,-145.,-20.));
#7667 = DIRECTION('',(0.,0.,1.));
#7668 = DIRECTION('',(1.,0.,0.));
#7669 = ORIENTED_EDGE('',*,*,#7389,.F.);
#7670 = ORIENTED_EDGE('',*,*,#7560,.F.);
#7671 = CONICAL_SURFACE('',#7672,38.,0.785398163397);
#7672 = AXIS2_PLACEMENT_3D('',#7673,#7674,#7675);
#7673 = CARTESIAN_POINT('',(-34.,-145.,-25.));
#7674 = DIRECTION('',(-0.,-0.,-1.));
#7675 = DIRECTION('',(1.,0.,0.));
#7676 = ADVANCED_FACE('',(#7677),#7806,.F.);
#7677 = FACE_BOUND('',#7678,.T.);
#7678 = EDGE_LOOP('',(#7679,#7796,#7802,#7803,#7804,#7805));
#7679 = ORIENTED_EDGE('',*,*,#7680,.F.);
#7680 = EDGE_CURVE('',#7681,#7681,#7683,.T.);
#7681 = VERTEX_POINT('',#7682);
#7682 = CARTESIAN_POINT('',(-64.96966991411,-145.,-21.61611652351));
#7683 = B_SPLINE_CURVE_WITH_KNOTS('',6,(#7684,#7685,#7686,#7687,#7688,
    #7689,#7690,#7691,#7692,#7693,#7694,#7695,#7696,#7697,#7698,#7699,
    #7700,#7701,#7702,#7703,#7704,#7705,#7706,#7707,#7708,#7709,#7710,
    #7711,#7712,#7713,#7714,#7715,#7716,#7717,#7718,#7719,#7720,#7721,
    #7722,#7723,#7724,#7725,#7726,#7727,#7728,#7729,#7730,#7731,#7732,
    #7733,#7734,#7735,#7736,#7737,#7738,#7739,#7740,#7741,#7742,#7743,
    #7744,#7745,#7746,#7747,#7748,#7749,#7750,#7751,#7752,#7753,#7754,
    #7755,#7756,#7757,#7758,#7759,#7760,#7761,#7762,#7763,#7764,#7765,
    #7766,#7767,#7768,#7769,#7770,#7771,#7772,#7773,#7774,#7775,#7776,
    #7777,#7778,#7779,#7780,#7781,#7782,#7783,#7784,#7785,#7786,#7787,
    #7788,#7789,#7790,#7791,#7792,#7793,#7794,#7795),.UNSPECIFIED.,.T.,
  .F.,(7,5,5,5,5,5,5,5,5,5,5,5,5,5,5,5,5,5,5,5,5,5,7),(0.,
    5.620232548451E-02,8.989814459229E-02,0.131612700277,0.162738829992,
    0.244892056171,0.327085252866,0.3593227042,0.403625369568,
    0.439729235859,0.459407199958,0.49999974629,0.540592292623,
    0.560270256721,0.596374123012,0.64067678838,0.672914239714,
    0.755107436409,0.837260662589,0.868386792303,0.910101347988,
    0.943797167096,1.),.UNSPECIFIED.);
#7684 = CARTESIAN_POINT('',(-64.96966991411,-145.,-21.61611652351));
#7685 = CARTESIAN_POINT('',(-64.96966991411,-144.9331939025,
    -21.61611652351));
#7686 = CARTESIAN_POINT('',(-64.97240213778,-144.8663656487,
    -21.62095843226));
#7687 = CARTESIAN_POINT('',(-64.97786972969,-144.8004621972,
    -21.63064797681));
#7688 = CARTESIAN_POINT('',(-64.98593306528,-144.7362859454,
    -21.64492472686));
#7689 = CARTESIAN_POINT('',(-64.99637911623,-144.6744707774,
    -21.66338775201));
#7690 = CARTESIAN_POINT('',(-65.01648752937,-144.5801350361,
    -21.69884862707));
#7691 = CARTESIAN_POINT('',(-65.0247912327,-144.545783845,
    -21.71347713301));
#7692 = CARTESIAN_POINT('',(-65.03381001191,-144.5125305718,
    -21.72934604473));
#7693 = CARTESIAN_POINT('',(-65.04349079773,-144.480439669,
    -21.74635595246));
#7694 = CARTESIAN_POINT('',(-65.05378186288,-144.4495548908,
    -21.76440998832));
#7695 = CARTESIAN_POINT('',(-65.07807243753,-144.3831972354,
    -21.80695211574));
#7696 = CARTESIAN_POINT('',(-65.09237092544,-144.348383537,
    -21.83194763157));
#7697 = CARTESIAN_POINT('',(-65.10744156258,-144.3155123735,
    -21.8582378817));
#7698 = CARTESIAN_POINT('',(-65.12320157753,-144.2846054381,
    -21.88566819207));
#7699 = CARTESIAN_POINT('',(-65.13957705506,-144.2556650338,
    -21.91410075297));
#7700 = CARTESIAN_POINT('',(-65.16913607703,-144.2085486697,
    -21.96529414391));
#7701 = CARTESIAN_POINT('',(-65.18207428457,-144.1895058655,
    -21.98766188654));
#7702 = CARTESIAN_POINT('',(-65.19529304458,-144.1715501269,
    -22.01047214701));
#7703 = CARTESIAN_POINT('',(-65.20876789482,-144.154676504,
    -22.03367962404));
#7704 = CARTESIAN_POINT('',(-65.2224764662,-144.138878893,
    -22.05724308695));
#7705 = CARTESIAN_POINT('',(-65.27314377032,-144.0852752049,
    -22.14415945902));
#7706 = CARTESIAN_POINT('',(-65.3113659673,-144.0538570828,
    -22.20939734945));
#7707 = CARTESIAN_POINT('',(-65.35070739469,-144.0297461339,
    -22.27618160341));
#7708 = CARTESIAN_POINT('',(-65.39085997237,-144.0128526129,
    -22.34396015725));
#7709 = CARTESIAN_POINT('',(-65.43154477006,-144.0031133851,
    -22.41224909741));
#7710 = CARTESIAN_POINT('',(-65.51348629282,-143.997984354,
    -22.5490208199));
#7711 = CARTESIAN_POINT('',(-65.55472602031,-144.0026025883,
    -22.61747485997));
#7712 = CARTESIAN_POINT('',(-65.59596596182,-144.0144140353,
    -22.68554668719));
#7713 = CARTESIAN_POINT('',(-65.63691288961,-144.0335136618,
    -22.75276109225));
#7714 = CARTESIAN_POINT('',(-65.67722772383,-144.0600211505,
    -22.81858570188));
#7715 = CARTESIAN_POINT('',(-65.73191237355,-144.1074667533,
    -22.90743195056));
#7716 = CARTESIAN_POINT('',(-65.74715728599,-144.1219964662,
    -22.93215039509));
#7717 = CARTESIAN_POINT('',(-65.76221607692,-144.137698682,
    -22.95651872792));
#7718 = CARTESIAN_POINT('',(-65.77706076568,-144.1545812358,
    -22.98049428024));
#7719 = CARTESIAN_POINT('',(-65.79166064191,-144.1726506119,
    -23.0040304673));
#7720 = CARTESIAN_POINT('',(-65.8256639113,-144.2183820373,
    -23.05874844388));
#7721 = CARTESIAN_POINT('',(-65.84481907024,-144.247101697,
    -23.08949338993));
#7722 = CARTESIAN_POINT('',(-65.8633619811,-144.2780835363,
    -23.11918220758));
#7723 = CARTESIAN_POINT('',(-65.8811921154,-144.3113274126,
    -23.14766367148));
#7724 = CARTESIAN_POINT('',(-65.89819675823,-144.3468103995,
    -23.17476875146));
#7725 = CARTESIAN_POINT('',(-65.92733888941,-144.4151724564,
    -23.22113287418));
#7726 = CARTESIAN_POINT('',(-65.93979416912,-144.4473168898,
    -23.24091473406));
#7727 = CARTESIAN_POINT('',(-65.95155288164,-144.4808778175,
    -23.25956062659));
#7728 = CARTESIAN_POINT('',(-65.96254269421,-144.5158042437,
    -23.27696245135));
#7729 = CARTESIAN_POINT('',(-65.97268945583,-144.552020628,
    -23.29300947265));
#7730 = CARTESIAN_POINT('',(-65.98695279368,-144.6098057519,
    -23.31554345158));
#7731 = CARTESIAN_POINT('',(-65.99171264007,-144.6305420206,
    -23.32305836192));
#7732 = CARTESIAN_POINT('',(-65.99618884156,-144.6516125918,
    -23.33012123738));
#7733 = CARTESIAN_POINT('',(-66.00037013078,-144.6729973828,
    -23.33671525768));
#7734 = CARTESIAN_POINT('',(-66.00424583574,-144.6946735355,
    -23.34282449329));
#7735 = CARTESIAN_POINT('',(-66.01514969106,-144.7618780666,
    -23.36000524111));
#7736 = CARTESIAN_POINT('',(-66.0211515867,-144.808278022,
    -23.36945170789));
#7737 = CARTESIAN_POINT('',(-66.02572228255,-144.8555780632,
    -23.37663990129));
#7738 = CARTESIAN_POINT('',(-66.0287943031,-144.9035050993,
    -23.3814691554));
#7739 = CARTESIAN_POINT('',(-66.03033008589,-144.9517554288,
    -23.38388347648));
#7740 = CARTESIAN_POINT('',(-66.03033008589,-145.0482445711,
    -23.38388347648));
#7741 = CARTESIAN_POINT('',(-66.0287943031,-145.0964949006,
    -23.3814691554));
#7742 = CARTESIAN_POINT('',(-66.02572228255,-145.1444219367,
    -23.37663990129));
#7743 = CARTESIAN_POINT('',(-66.0211515867,-145.1917219779,
    -23.36945170789));
#7744 = CARTESIAN_POINT('',(-66.01514969106,-145.2381219333,
    -23.36000524111));
#7745 = CARTESIAN_POINT('',(-66.00424583574,-145.3053264644,
    -23.34282449329));
#7746 = CARTESIAN_POINT('',(-66.00037013078,-145.3270026171,
    -23.33671525768));
#7747 = CARTESIAN_POINT('',(-65.99618884156,-145.3483874081,
    -23.33012123738));
#7748 = CARTESIAN_POINT('',(-65.99171264007,-145.3694579793,
    -23.32305836192));
#7749 = CARTESIAN_POINT('',(-65.98695279368,-145.390194248,
    -23.31554345158));
#7750 = CARTESIAN_POINT('',(-65.97268945583,-145.4479793719,
    -23.29300947265));
#7751 = CARTESIAN_POINT('',(-65.96254269421,-145.4841957562,
    -23.27696245135));
#7752 = CARTESIAN_POINT('',(-65.95155288164,-145.5191221824,
    -23.25956062659));
#7753 = CARTESIAN_POINT('',(-65.93979416912,-145.5526831101,
    -23.24091473406));
#7754 = CARTESIAN_POINT('',(-65.92733888941,-145.5848275435,
    -23.22113287418));
#7755 = CARTESIAN_POINT('',(-65.89819675823,-145.6531896004,
    -23.17476875146));
#7756 = CARTESIAN_POINT('',(-65.8811921154,-145.6886725873,
    -23.14766367148));
#7757 = CARTESIAN_POINT('',(-65.8633619811,-145.7219164636,
    -23.11918220758));
#7758 = CARTESIAN_POINT('',(-65.84481907024,-145.7528983029,
    -23.08949338993));
#7759 = CARTESIAN_POINT('',(-65.8256639113,-145.7816179626,
    -23.05874844388));
#7760 = CARTESIAN_POINT('',(-65.79166064191,-145.827349388,
    -23.0040304673));
#7761 = CARTESIAN_POINT('',(-65.77706076568,-145.8454187641,
    -22.98049428024));
#7762 = CARTESIAN_POINT('',(-65.76221607692,-145.8623013179,
    -22.95651872792));
#7763 = CARTESIAN_POINT('',(-65.74715728599,-145.8780035337,
    -22.93215039509));
#7764 = CARTESIAN_POINT('',(-65.73191237355,-145.8925332466,
    -22.90743195056));
#7765 = CARTESIAN_POINT('',(-65.67722772383,-145.9399788494,
    -22.81858570188));
#7766 = CARTESIAN_POINT('',(-65.63691288961,-145.9664863381,
    -22.75276109225));
#7767 = CARTESIAN_POINT('',(-65.59596596182,-145.9855859646,
    -22.68554668719));
#7768 = CARTESIAN_POINT('',(-65.55472602031,-145.9973974116,
    -22.61747485997));
#7769 = CARTESIAN_POINT('',(-65.51348629282,-146.0020156459,
    -22.5490208199));
#7770 = CARTESIAN_POINT('',(-65.43154477006,-145.9968866148,
    -22.41224909741));
#7771 = CARTESIAN_POINT('',(-65.39085997237,-145.987147387,
    -22.34396015725));
#7772 = CARTESIAN_POINT('',(-65.35070739469,-145.970253866,
    -22.27618160341));
#7773 = CARTESIAN_POINT('',(-65.3113659673,-145.9461429171,
    -22.20939734945));
#7774 = CARTESIAN_POINT('',(-65.27314377032,-145.914724795,
    -22.14415945902));
#7775 = CARTESIAN_POINT('',(-65.2224764662,-145.8611211069,
    -22.05724308695));
#7776 = CARTESIAN_POINT('',(-65.20876789482,-145.8453234959,
    -22.03367962404));
#7777 = CARTESIAN_POINT('',(-65.19529304458,-145.828449873,
    -22.01047214701));
#7778 = CARTESIAN_POINT('',(-65.18207428457,-145.8104941344,
    -21.98766188654));
#7779 = CARTESIAN_POINT('',(-65.16913607703,-145.7914513302,
    -21.96529414391));
#7780 = CARTESIAN_POINT('',(-65.13957705506,-145.7443349661,
    -21.91410075297));
#7781 = CARTESIAN_POINT('',(-65.12320157753,-145.7153945618,
    -21.88566819207));
#7782 = CARTESIAN_POINT('',(-65.10744156258,-145.6844876264,
    -21.8582378817));
#7783 = CARTESIAN_POINT('',(-65.09237092544,-145.6516164629,
    -21.83194763157));
#7784 = CARTESIAN_POINT('',(-65.07807243753,-145.6168027645,
    -21.80695211574));
#7785 = CARTESIAN_POINT('',(-65.05378186288,-145.5504451091,
    -21.76440998832));
#7786 = CARTESIAN_POINT('',(-65.04349079773,-145.5195603309,
    -21.74635595246));
#7787 = CARTESIAN_POINT('',(-65.03381001191,-145.4874694281,
    -21.72934604473));
#7788 = CARTESIAN_POINT('',(-65.0247912327,-145.4542161549,
    -21.71347713301));
#7789 = CARTESIAN_POINT('',(-65.01648752937,-145.4198649638,
    -21.69884862707));
#7790 = CARTESIAN_POINT('',(-64.99637900273,-145.32552869,
    -21.66338755185));
#7791 = CARTESIAN_POINT('',(-64.9859331049,-145.2637140001,
    -21.64492479641));
#7792 = CARTESIAN_POINT('',(-64.97786961716,-145.1995374616,
    -21.63064777815));
#7793 = CARTESIAN_POINT('',(-64.97240198157,-145.1336328027,
    -21.62095815533));
#7794 = CARTESIAN_POINT('',(-64.96966991411,-145.0668042195,
    -21.61611652351));
#7795 = CARTESIAN_POINT('',(-64.96966991411,-145.,-21.61611652351));
#7796 = ORIENTED_EDGE('',*,*,#7797,.T.);
#7797 = EDGE_CURVE('',#7681,#2158,#7798,.T.);
#7798 = LINE('',#7799,#7800);
#7799 = CARTESIAN_POINT('',(-59.29289321881,-145.,-27.29289321881));
#7800 = VECTOR('',#7801,1.);
#7801 = DIRECTION('',(-0.707106781187,0.,0.707106781187));
#7802 = ORIENTED_EDGE('',*,*,#2157,.T.);
#7803 = ORIENTED_EDGE('',*,*,#7568,.T.);
#7804 = ORIENTED_EDGE('',*,*,#2174,.T.);
#7805 = ORIENTED_EDGE('',*,*,#7797,.F.);
#7806 = CYLINDRICAL_SURFACE('',#7807,1.);
#7807 = AXIS2_PLACEMENT_3D('',#7808,#7809,#7810);
#7808 = CARTESIAN_POINT('',(-60.,-145.,-28.));
#7809 = DIRECTION('',(0.707106781187,-0.,-0.707106781187));
#7810 = DIRECTION('',(0.707106781187,0.,0.707106781187));
#7811 = ADVANCED_FACE('',(#7812),#7834,.T.);
#7812 = FACE_BOUND('',#7813,.T.);
#7813 = EDGE_LOOP('',(#7814,#7815,#7816,#7817,#7825,#7832,#7833));
#7814 = ORIENTED_EDGE('',*,*,#2123,.F.);
#7815 = ORIENTED_EDGE('',*,*,#7431,.F.);
#7816 = ORIENTED_EDGE('',*,*,#7663,.T.);
#7817 = ORIENTED_EDGE('',*,*,#7818,.F.);
#7818 = EDGE_CURVE('',#7819,#7655,#7821,.T.);
#7819 = VERTEX_POINT('',#7820);
#7820 = CARTESIAN_POINT('',(-4.116894405032,-131.,15.));
#7821 = LINE('',#7822,#7823);
#7822 = CARTESIAN_POINT('',(-4.116894405032,-131.,-20.));
#7823 = VECTOR('',#7824,1.);
#7824 = DIRECTION('',(-0.,-0.,-1.));
#7825 = ORIENTED_EDGE('',*,*,#7826,.F.);
#7826 = EDGE_CURVE('',#7213,#7819,#7827,.T.);
#7827 = CIRCLE('',#7828,33.);
#7828 = AXIS2_PLACEMENT_3D('',#7829,#7830,#7831);
#7829 = CARTESIAN_POINT('',(-34.,-145.,15.));
#7830 = DIRECTION('',(0.,0.,-1.));
#7831 = DIRECTION('',(1.,0.,0.));
#7832 = ORIENTED_EDGE('',*,*,#7212,.F.);
#7833 = ORIENTED_EDGE('',*,*,#7242,.F.);
#7834 = CYLINDRICAL_SURFACE('',#7835,33.);
#7835 = AXIS2_PLACEMENT_3D('',#7836,#7837,#7838);
#7836 = CARTESIAN_POINT('',(-34.,-145.,-20.));
#7837 = DIRECTION('',(0.,0.,1.));
#7838 = DIRECTION('',(1.,0.,0.));
#7839 = ADVANCED_FACE('',(#7840),#7876,.T.);
#7840 = FACE_BOUND('',#7841,.T.);
#7841 = EDGE_LOOP('',(#7842,#7850,#7851,#7852,#7860,#7869));
#7842 = ORIENTED_EDGE('',*,*,#7843,.F.);
#7843 = EDGE_CURVE('',#1934,#7844,#7846,.T.);
#7844 = VERTEX_POINT('',#7845);
#7845 = CARTESIAN_POINT('',(-16.3,-89.,70.5));
#7846 = LINE('',#7847,#7848);
#7847 = CARTESIAN_POINT('',(-16.3,-89.,62.));
#7848 = VECTOR('',#7849,1.);
#7849 = DIRECTION('',(0.,0.,1.));
#7850 = ORIENTED_EDGE('',*,*,#7186,.T.);
#7851 = ORIENTED_EDGE('',*,*,#2264,.T.);
#7852 = ORIENTED_EDGE('',*,*,#7853,.F.);
#7853 = EDGE_CURVE('',#7854,#148,#7856,.T.);
#7854 = VERTEX_POINT('',#7855);
#7855 = CARTESIAN_POINT('',(-16.3,-89.,73.5));
#7856 = LINE('',#7857,#7858);
#7857 = CARTESIAN_POINT('',(-16.3,-89.,62.));
#7858 = VECTOR('',#7859,1.);
#7859 = DIRECTION('',(0.,0.,1.));
#7860 = ORIENTED_EDGE('',*,*,#7861,.F.);
#7861 = EDGE_CURVE('',#7862,#7854,#7864,.T.);
#7862 = VERTEX_POINT('',#7863);
#7863 = CARTESIAN_POINT('',(-16.3,-87.5,72.));
#7864 = CIRCLE('',#7865,1.5);
#7865 = AXIS2_PLACEMENT_3D('',#7866,#7867,#7868);
#7866 = CARTESIAN_POINT('',(-16.3,-89.,72.));
#7867 = DIRECTION('',(1.,0.,0.));
#7868 = DIRECTION('',(0.,1.,0.));
#7869 = ORIENTED_EDGE('',*,*,#7870,.F.);
#7870 = EDGE_CURVE('',#7844,#7862,#7871,.T.);
#7871 = CIRCLE('',#7872,1.5);
#7872 = AXIS2_PLACEMENT_3D('',#7873,#7874,#7875);
#7873 = CARTESIAN_POINT('',(-16.3,-89.,72.));
#7874 = DIRECTION('',(1.,0.,0.));
#7875 = DIRECTION('',(0.,1.,0.));
#7876 = PLANE('',#7877);
#7877 = AXIS2_PLACEMENT_3D('',#7878,#7879,#7880);
#7878 = CARTESIAN_POINT('',(-16.3,-89.,72.));
#7879 = DIRECTION('',(1.,0.,0.));
#7880 = DIRECTION('',(0.,1.,0.));
#7881 = ADVANCED_FACE('',(#7882),#7894,.T.);
#7882 = FACE_BOUND('',#7883,.T.);
#7883 = EDGE_LOOP('',(#7884,#7885,#7886,#7887));
#7884 = ORIENTED_EDGE('',*,*,#7853,.T.);
#7885 = ORIENTED_EDGE('',*,*,#2287,.T.);
#7886 = ORIENTED_EDGE('',*,*,#7843,.T.);
#7887 = ORIENTED_EDGE('',*,*,#7888,.F.);
#7888 = EDGE_CURVE('',#7854,#7844,#7889,.T.);
#7889 = CIRCLE('',#7890,1.5);
#7890 = AXIS2_PLACEMENT_3D('',#7891,#7892,#7893);
#7891 = CARTESIAN_POINT('',(-16.3,-89.,72.));
#7892 = DIRECTION('',(1.,0.,0.));
#7893 = DIRECTION('',(0.,1.,0.));
#7894 = PLANE('',#7895);
#7895 = AXIS2_PLACEMENT_3D('',#7896,#7897,#7898);
#7896 = CARTESIAN_POINT('',(-16.3,-112.,62.));
#7897 = DIRECTION('',(1.,0.,0.));
#7898 = DIRECTION('',(0.,0.,1.));
#7899 = ADVANCED_FACE('',(#7900),#7955,.T.);
#7900 = FACE_BOUND('',#7901,.T.);
#7901 = EDGE_LOOP('',(#7902,#7903,#7904,#7949));
#7902 = ORIENTED_EDGE('',*,*,#3981,.T.);
#7903 = ORIENTED_EDGE('',*,*,#7168,.T.);
#7904 = ORIENTED_EDGE('',*,*,#7905,.T.);
#7905 = EDGE_CURVE('',#7161,#7906,#7908,.T.);
#7906 = VERTEX_POINT('',#7907);
#7907 = CARTESIAN_POINT('',(-27.3,-88.83046559727,69.305327833244));
#7908 = B_SPLINE_CURVE_WITH_KNOTS('',3,(#7909,#7910,#7911,#7912,#7913,
    #7914,#7915,#7916,#7917,#7918,#7919,#7920,#7921,#7922,#7923,#7924,
    #7925,#7926,#7927,#7928,#7929,#7930,#7931,#7932,#7933,#7934,#7935,
    #7936,#7937,#7938,#7939,#7940,#7941,#7942,#7943,#7944,#7945,#7946,
    #7947,#7948),.UNSPECIFIED.,.F.,.F.,(4,1,1,1,1,1,1,1,1,1,1,1,1,1,1,1,
    1,1,1,1,1,1,1,1,1,1,1,1,1,1,1,1,1,1,1,1,1,4),(0.,2.608437118449E-02,
    5.080451698287E-02,7.415285781629E-02,9.612223472286E-02,
    0.116705911553,0.135897577034,0.153691346707,0.170081764731,
    0.185063805553,0.198632875455,0.210784813958,0.221515895103,
    0.230822828592,0.238702760805,0.245153275681,0.250172395482,
    0.253758581468,0.255910734655,0.256628199332,0.260008592309,
    0.264232297819,0.270142153204,0.27773482839,0.287006045071,
    0.297950579117,0.310562263522,0.324833991877,0.340757722373,
    0.358324482337,0.377524373281,0.398346576485,0.420779359092,
    0.444810080717,0.470425200572,0.497610285097,0.526350016087,
    0.556628199332),.UNSPECIFIED.);
#7909 = CARTESIAN_POINT('',(-27.3,-88.88482251897,68.762047846576));
#7910 = CARTESIAN_POINT('',(-27.3,-88.88088917486,68.769802059696));
#7911 = CARTESIAN_POINT('',(-27.3,-88.87343220305,68.785009685919));
#7912 = CARTESIAN_POINT('',(-27.3,-88.86317537859,68.807502134855));
#7913 = CARTESIAN_POINT('',(-27.3,-88.85408573895,68.829009254378));
#7914 = CARTESIAN_POINT('',(-27.3,-88.84610272139,68.849477572146));
#7915 = CARTESIAN_POINT('',(-27.3,-88.83916274401,68.868856648935));
#7916 = CARTESIAN_POINT('',(-27.3,-88.8332001396,68.887099133962));
#7917 = CARTESIAN_POINT('',(-27.3,-88.82814710657,68.904160876066));
#7918 = CARTESIAN_POINT('',(-27.3,-88.8239339051,68.920001012941));
#7919 = CARTESIAN_POINT('',(-27.3,-88.82048900092,68.934582057061));
#7920 = CARTESIAN_POINT('',(-27.3,-88.81773921988,68.947869973974));
#7921 = CARTESIAN_POINT('',(-27.3,-88.81560992548,68.959834252387));
#7922 = CARTESIAN_POINT('',(-27.3,-88.81402512843,68.970447970512));
#7923 = CARTESIAN_POINT('',(-27.3,-88.81290782305,68.979687843272));
#7924 = CARTESIAN_POINT('',(-27.3,-88.8121796501,68.987534296874));
#7925 = CARTESIAN_POINT('',(-27.3,-88.81176254498,68.993971432857));
#7926 = CARTESIAN_POINT('',(-27.3,-88.81157487408,68.99898726984));
#7927 = CARTESIAN_POINT('',(-27.3,-88.81154198237,69.002573230607));
#7928 = CARTESIAN_POINT('',(-27.3,-88.81157336838,69.004725349298));
#7929 = CARTESIAN_POINT('',(-27.3,-88.81166737224,69.0068066557));
#7930 = CARTESIAN_POINT('',(-27.3,-88.81186680768,69.009573608653));
#7931 = CARTESIAN_POINT('',(-27.3,-88.8121376383,69.014070050327));
#7932 = CARTESIAN_POINT('',(-27.3,-88.812513631,69.019966854694));
#7933 = CARTESIAN_POINT('',(-27.3,-88.81298834941,69.027543233832));
#7934 = CARTESIAN_POINT('',(-27.3,-88.81357108547,69.03679437833));
#7935 = CARTESIAN_POINT('',(-27.3,-88.8142579286,69.047715277835));
#7936 = CARTESIAN_POINT('',(-27.3,-88.81504975386,69.060299707323));
#7937 = CARTESIAN_POINT('',(-27.3,-88.81594568905,69.074540599823));
#7938 = CARTESIAN_POINT('',(-27.3,-88.81694536869,69.090429923026));
#7939 = CARTESIAN_POINT('',(-27.3,-88.81804818497,69.107958726159));
#7940 = CARTESIAN_POINT('',(-27.3,-88.81925353044,69.127117131337));
#7941 = CARTESIAN_POINT('',(-27.3,-88.82056072159,69.147894343457));
#7942 = CARTESIAN_POINT('',(-27.3,-88.82196902317,69.170278654941));
#7943 = CARTESIAN_POINT('',(-27.3,-88.82347764123,69.194257452738));
#7944 = CARTESIAN_POINT('',(-27.3,-88.82508572582,69.219817225312));
#7945 = CARTESIAN_POINT('',(-27.3,-88.82679237079,69.24694357029));
#7946 = CARTESIAN_POINT('',(-27.3,-88.82859661448,69.275621202567));
#7947 = CARTESIAN_POINT('',(-27.3,-88.82983186965,69.295255021188));
#7948 = CARTESIAN_POINT('',(-27.3,-88.83046559727,69.305327833244));
#7949 = ORIENTED_EDGE('',*,*,#7950,.F.);
#7950 = EDGE_CURVE('',#3974,#7906,#7951,.T.);
#7951 = LINE('',#7952,#7953);
#7952 = CARTESIAN_POINT('',(-32.8,-88.83046559727,69.305327833244));
#7953 = VECTOR('',#7954,1.);
#7954 = DIRECTION('',(1.,0.,0.));
#7955 = SURFACE_OF_LINEAR_EXTRUSION('',#7956,#7997);
#7956 = B_SPLINE_CURVE_WITH_KNOTS('',3,(#7957,#7958,#7959,#7960,#7961,
    #7962,#7963,#7964,#7965,#7966,#7967,#7968,#7969,#7970,#7971,#7972,
    #7973,#7974,#7975,#7976,#7977,#7978,#7979,#7980,#7981,#7982,#7983,
    #7984,#7985,#7986,#7987,#7988,#7989,#7990,#7991,#7992,#7993,#7994,
    #7995,#7996),.UNSPECIFIED.,.F.,.F.,(4,1,1,1,1,1,1,1,1,1,1,1,1,1,1,1,
    1,1,1,1,1,1,1,1,1,1,1,1,1,1,1,1,1,1,1,1,1,4),(0.,2.608437118449E-02,
    5.080451698287E-02,7.415285781629E-02,9.612223472286E-02,
    0.116705911553,0.135897577034,0.153691346707,0.170081764731,
    0.185063805553,0.198632875455,0.210784813958,0.221515895103,
    0.230822828592,0.238702760805,0.245153275681,0.250172395482,
    0.253758581468,0.255910734655,0.256628199332,0.260008592309,
    0.264232297819,0.270142153204,0.27773482839,0.287006045071,
    0.297950579117,0.310562263522,0.324833991877,0.340757722373,
    0.358324482337,0.377524373281,0.398346576485,0.420779359092,
    0.444810080717,0.470425200572,0.497610285097,0.526350016087,
    0.556628199332),.UNSPECIFIED.);
#7957 = CARTESIAN_POINT('',(-32.8,-88.88482251897,68.762047846576));
#7958 = CARTESIAN_POINT('',(-32.8,-88.88088917486,68.769802059696));
#7959 = CARTESIAN_POINT('',(-32.8,-88.87343220305,68.785009685919));
#7960 = CARTESIAN_POINT('',(-32.8,-88.86317537859,68.807502134855));
#7961 = CARTESIAN_POINT('',(-32.8,-88.85408573895,68.829009254378));
#7962 = CARTESIAN_POINT('',(-32.8,-88.84610272139,68.849477572146));
#7963 = CARTESIAN_POINT('',(-32.8,-88.83916274401,68.868856648935));
#7964 = CARTESIAN_POINT('',(-32.8,-88.8332001396,68.887099133962));
#7965 = CARTESIAN_POINT('',(-32.8,-88.82814710657,68.904160876066));
#7966 = CARTESIAN_POINT('',(-32.8,-88.8239339051,68.920001012941));
#7967 = CARTESIAN_POINT('',(-32.8,-88.82048900092,68.934582057061));
#7968 = CARTESIAN_POINT('',(-32.8,-88.81773921988,68.947869973974));
#7969 = CARTESIAN_POINT('',(-32.8,-88.81560992548,68.959834252387));
#7970 = CARTESIAN_POINT('',(-32.8,-88.81402512843,68.970447970512));
#7971 = CARTESIAN_POINT('',(-32.8,-88.81290782305,68.979687843272));
#7972 = CARTESIAN_POINT('',(-32.8,-88.8121796501,68.987534296874));
#7973 = CARTESIAN_POINT('',(-32.8,-88.81176254498,68.993971432857));
#7974 = CARTESIAN_POINT('',(-32.8,-88.81157487408,68.99898726984));
#7975 = CARTESIAN_POINT('',(-32.8,-88.81154198237,69.002573230607));
#7976 = CARTESIAN_POINT('',(-32.8,-88.81157336838,69.004725349298));
#7977 = CARTESIAN_POINT('',(-32.8,-88.81166737224,69.0068066557));
#7978 = CARTESIAN_POINT('',(-32.8,-88.81186680768,69.009573608653));
#7979 = CARTESIAN_POINT('',(-32.8,-88.8121376383,69.014070050327));
#7980 = CARTESIAN_POINT('',(-32.8,-88.812513631,69.019966854694));
#7981 = CARTESIAN_POINT('',(-32.8,-88.81298834941,69.027543233832));
#7982 = CARTESIAN_POINT('',(-32.8,-88.81357108547,69.03679437833));
#7983 = CARTESIAN_POINT('',(-32.8,-88.8142579286,69.047715277835));
#7984 = CARTESIAN_POINT('',(-32.8,-88.81504975386,69.060299707323));
#7985 = CARTESIAN_POINT('',(-32.8,-88.81594568905,69.074540599823));
#7986 = CARTESIAN_POINT('',(-32.8,-88.81694536869,69.090429923026));
#7987 = CARTESIAN_POINT('',(-32.8,-88.81804818497,69.107958726159));
#7988 = CARTESIAN_POINT('',(-32.8,-88.81925353044,69.127117131337));
#7989 = CARTESIAN_POINT('',(-32.8,-88.82056072159,69.147894343457));
#7990 = CARTESIAN_POINT('',(-32.8,-88.82196902317,69.170278654941));
#7991 = CARTESIAN_POINT('',(-32.8,-88.82347764123,69.194257452738));
#7992 = CARTESIAN_POINT('',(-32.8,-88.82508572582,69.219817225312));
#7993 = CARTESIAN_POINT('',(-32.8,-88.82679237079,69.24694357029));
#7994 = CARTESIAN_POINT('',(-32.8,-88.82859661448,69.275621202567));
#7995 = CARTESIAN_POINT('',(-32.8,-88.82983186965,69.295255021188));
#7996 = CARTESIAN_POINT('',(-32.8,-88.83046559727,69.305327833244));
#7997 = VECTOR('',#7998,1.);
#7998 = DIRECTION('',(-1.,-0.,0.));
#7999 = ADVANCED_FACE('',(#8000),#8018,.T.);
#8000 = FACE_BOUND('',#8001,.T.);
#8001 = EDGE_LOOP('',(#8002,#8003,#8004,#8012));
#8002 = ORIENTED_EDGE('',*,*,#3973,.T.);
#8003 = ORIENTED_EDGE('',*,*,#7950,.T.);
#8004 = ORIENTED_EDGE('',*,*,#8005,.T.);
#8005 = EDGE_CURVE('',#7906,#8006,#8008,.T.);
#8006 = VERTEX_POINT('',#8007);
#8007 = CARTESIAN_POINT('',(-27.3,-88.49407045061,69.347824423033));
#8008 = LINE('',#8009,#8010);
#8009 = CARTESIAN_POINT('',(-27.3,-88.83046559727,69.305327833244));
#8010 = VECTOR('',#8011,1.);
#8011 = DIRECTION('',(0.,0.992114701314,0.125333233564));
#8012 = ORIENTED_EDGE('',*,*,#8013,.F.);
#8013 = EDGE_CURVE('',#3912,#8006,#8014,.T.);
#8014 = LINE('',#8015,#8016);
#8015 = CARTESIAN_POINT('',(-32.8,-88.49407045061,69.347824423033));
#8016 = VECTOR('',#8017,1.);
#8017 = DIRECTION('',(1.,0.,0.));
#8018 = PLANE('',#8019);
#8019 = AXIS2_PLACEMENT_3D('',#8020,#8021,#8022);
#8020 = CARTESIAN_POINT('',(-32.8,-88.83046559727,69.305327833244));
#8021 = DIRECTION('',(0.,-0.125333233564,0.992114701314));
#8022 = DIRECTION('',(0.,0.992114701314,0.125333233564));
#8023 = ADVANCED_FACE('',(#8024),#8079,.T.);
#8024 = FACE_BOUND('',#8025,.T.);
#8025 = EDGE_LOOP('',(#8026,#8027,#8028,#8073));
#8026 = ORIENTED_EDGE('',*,*,#3911,.T.);
#8027 = ORIENTED_EDGE('',*,*,#8013,.T.);
#8028 = ORIENTED_EDGE('',*,*,#8029,.T.);
#8029 = EDGE_CURVE('',#8006,#8030,#8032,.T.);
#8030 = VERTEX_POINT('',#8031);
#8031 = CARTESIAN_POINT('',(-27.3,-88.30631301298,68.835130592893));
#8032 = B_SPLINE_CURVE_WITH_KNOTS('',3,(#8033,#8034,#8035,#8036,#8037,
    #8038,#8039,#8040,#8041,#8042,#8043,#8044,#8045,#8046,#8047,#8048,
    #8049,#8050,#8051,#8052,#8053,#8054,#8055,#8056,#8057,#8058,#8059,
    #8060,#8061,#8062,#8063,#8064,#8065,#8066,#8067,#8068,#8069,#8070,
    #8071,#8072),.UNSPECIFIED.,.F.,.F.,(4,1,1,1,1,1,1,1,1,1,1,1,1,1,1,1,
    1,1,1,1,1,1,1,1,1,1,1,1,1,1,1,1,1,1,1,1,1,4),(0.,3.027818324443E-02,
    5.901791423488E-02,8.620299875927E-02,0.111818118615,0.13584884024,
    0.158281622847,0.179103826051,0.198303716995,0.215870476958,
    0.231794207455,0.24606593581,0.258677620215,0.269622154261,
    0.278893370941,0.286486046128,0.292395901513,0.296619607022,0.3,
    0.300717464676,0.302869617863,0.306455803849,0.311474923651,
    0.317925438527,0.32580537074,0.335112304229,0.345843385374,
    0.357995323877,0.371564393779,0.386546434601,0.402936852624,
    0.420730622298,0.439922287779,0.460505964609,0.482475341515,
    0.505823682349,0.530543828147,0.556628199332),.UNSPECIFIED.);
#8033 = CARTESIAN_POINT('',(-27.3,-88.49407045061,69.347824423033));
#8034 = CARTESIAN_POINT('',(-27.3,-88.49217926202,69.33791046524));
#8035 = CARTESIAN_POINT('',(-27.3,-88.48849297724,69.318586283668));
#8036 = CARTESIAN_POINT('',(-27.3,-88.48310870016,69.290360914783));
#8037 = CARTESIAN_POINT('',(-27.3,-88.47801568007,69.26366236847));
#8038 = CARTESIAN_POINT('',(-27.3,-88.47321678677,69.238505688776));
#8039 = CARTESIAN_POINT('',(-27.3,-88.4687147243,69.21490505095));
#8040 = CARTESIAN_POINT('',(-27.3,-88.4645120296,69.192873753413));
#8041 = CARTESIAN_POINT('',(-27.3,-88.4606110704,69.172424210397));
#8042 = CARTESIAN_POINT('',(-27.3,-88.4570140461,69.153567944522));
#8043 = CARTESIAN_POINT('',(-27.3,-88.45372297931,69.136315581715));
#8044 = CARTESIAN_POINT('',(-27.3,-88.45073973817,69.120676840603));
#8045 = CARTESIAN_POINT('',(-27.3,-88.44806595996,69.106660541906));
#8046 = CARTESIAN_POINT('',(-27.3,-88.44570328823,69.094274556476));
#8047 = CARTESIAN_POINT('',(-27.3,-88.44365263565,69.083525946173));
#8048 = CARTESIAN_POINT('',(-27.3,-88.44191639791,69.074420522823));
#8049 = CARTESIAN_POINT('',(-27.3,-88.44049203329,69.066964111902));
#8050 = CARTESIAN_POINT('',(-27.3,-88.43938973787,69.061159060906));
#8051 = CARTESIAN_POINT('',(-27.3,-88.43853384028,69.056736530379));
#8052 = CARTESIAN_POINT('',(-27.3,-88.43803889688,69.054006908762));
#8053 = CARTESIAN_POINT('',(-27.3,-88.43761234757,69.05196761262));
#8054 = CARTESIAN_POINT('',(-27.3,-88.43710753738,69.04987530131));
#8055 = CARTESIAN_POINT('',(-27.3,-88.43618388685,69.046410179931));
#8056 = CARTESIAN_POINT('',(-27.3,-88.43475472404,69.041598596545));
#8057 = CARTESIAN_POINT('',(-27.3,-88.43274987242,69.035467424853));
#8058 = CARTESIAN_POINT('',(-27.3,-88.4300932427,69.028048571267));
#8059 = CARTESIAN_POINT('',(-27.3,-88.42671317662,69.019376848649));
#8060 = CARTESIAN_POINT('',(-27.3,-88.42253864451,69.009490702997));
#8061 = CARTESIAN_POINT('',(-27.3,-88.41750085077,68.998431838374));
#8062 = CARTESIAN_POINT('',(-27.3,-88.41153288859,68.986245228543));
#8063 = CARTESIAN_POINT('',(-27.3,-88.40457005419,68.972978987569));
#8064 = CARTESIAN_POINT('',(-27.3,-88.39654993635,68.958684278318));
#8065 = CARTESIAN_POINT('',(-27.3,-88.38741257093,68.943415200432));
#8066 = CARTESIAN_POINT('',(-27.3,-88.37710057115,68.927228676035));
#8067 = CARTESIAN_POINT('',(-27.3,-88.3655592455,68.910184330772));
#8068 = CARTESIAN_POINT('',(-27.3,-88.35273676548,68.892344358581));
#8069 = CARTESIAN_POINT('',(-27.3,-88.33858409046,68.873773426224));
#8070 = CARTESIAN_POINT('',(-27.3,-88.32305585841,68.854538387449));
#8071 = CARTESIAN_POINT('',(-27.3,-88.31205117823,68.841663010247));
#8072 = CARTESIAN_POINT('',(-27.3,-88.30631301298,68.835130592893));
#8073 = ORIENTED_EDGE('',*,*,#8074,.F.);
#8074 = EDGE_CURVE('',#3902,#8030,#8075,.T.);
#8075 = LINE('',#8076,#8077);
#8076 = CARTESIAN_POINT('',(-32.8,-88.30631301298,68.835130592893));
#8077 = VECTOR('',#8078,1.);
#8078 = DIRECTION('',(1.,0.,0.));
#8079 = SURFACE_OF_LINEAR_EXTRUSION('',#8080,#8121);
#8080 = B_SPLINE_CURVE_WITH_KNOTS('',3,(#8081,#8082,#8083,#8084,#8085,
    #8086,#8087,#8088,#8089,#8090,#8091,#8092,#8093,#8094,#8095,#8096,
    #8097,#8098,#8099,#8100,#8101,#8102,#8103,#8104,#8105,#8106,#8107,
    #8108,#8109,#8110,#8111,#8112,#8113,#8114,#8115,#8116,#8117,#8118,
    #8119,#8120),.UNSPECIFIED.,.F.,.F.,(4,1,1,1,1,1,1,1,1,1,1,1,1,1,1,1,
    1,1,1,1,1,1,1,1,1,1,1,1,1,1,1,1,1,1,1,1,1,4),(0.,3.027818324443E-02,
    5.901791423488E-02,8.620299875927E-02,0.111818118615,0.13584884024,
    0.158281622847,0.179103826051,0.198303716995,0.215870476958,
    0.231794207455,0.24606593581,0.258677620215,0.269622154261,
    0.278893370941,0.286486046128,0.292395901513,0.296619607022,0.3,
    0.300717464676,0.302869617863,0.306455803849,0.311474923651,
    0.317925438527,0.32580537074,0.335112304229,0.345843385374,
    0.357995323877,0.371564393779,0.386546434601,0.402936852624,
    0.420730622298,0.439922287779,0.460505964609,0.482475341515,
    0.505823682349,0.530543828147,0.556628199332),.UNSPECIFIED.);
#8081 = CARTESIAN_POINT('',(-32.8,-88.49407045061,69.347824423033));
#8082 = CARTESIAN_POINT('',(-32.8,-88.49217926202,69.33791046524));
#8083 = CARTESIAN_POINT('',(-32.8,-88.48849297724,69.318586283668));
#8084 = CARTESIAN_POINT('',(-32.8,-88.48310870016,69.290360914783));
#8085 = CARTESIAN_POINT('',(-32.8,-88.47801568007,69.26366236847));
#8086 = CARTESIAN_POINT('',(-32.8,-88.47321678677,69.238505688776));
#8087 = CARTESIAN_POINT('',(-32.8,-88.4687147243,69.21490505095));
#8088 = CARTESIAN_POINT('',(-32.8,-88.4645120296,69.192873753413));
#8089 = CARTESIAN_POINT('',(-32.8,-88.4606110704,69.172424210397));
#8090 = CARTESIAN_POINT('',(-32.8,-88.4570140461,69.153567944522));
#8091 = CARTESIAN_POINT('',(-32.8,-88.45372297931,69.136315581715));
#8092 = CARTESIAN_POINT('',(-32.8,-88.45073973817,69.120676840603));
#8093 = CARTESIAN_POINT('',(-32.8,-88.44806595996,69.106660541906));
#8094 = CARTESIAN_POINT('',(-32.8,-88.44570328823,69.094274556476));
#8095 = CARTESIAN_POINT('',(-32.8,-88.44365263565,69.083525946173));
#8096 = CARTESIAN_POINT('',(-32.8,-88.44191639791,69.074420522823));
#8097 = CARTESIAN_POINT('',(-32.8,-88.44049203329,69.066964111902));
#8098 = CARTESIAN_POINT('',(-32.8,-88.43938973787,69.061159060906));
#8099 = CARTESIAN_POINT('',(-32.8,-88.43853384028,69.056736530379));
#8100 = CARTESIAN_POINT('',(-32.8,-88.43803889688,69.054006908762));
#8101 = CARTESIAN_POINT('',(-32.8,-88.43761234757,69.05196761262));
#8102 = CARTESIAN_POINT('',(-32.8,-88.43710753738,69.04987530131));
#8103 = CARTESIAN_POINT('',(-32.8,-88.43618388685,69.046410179931));
#8104 = CARTESIAN_POINT('',(-32.8,-88.43475472404,69.041598596545));
#8105 = CARTESIAN_POINT('',(-32.8,-88.43274987242,69.035467424853));
#8106 = CARTESIAN_POINT('',(-32.8,-88.4300932427,69.028048571267));
#8107 = CARTESIAN_POINT('',(-32.8,-88.42671317662,69.019376848649));
#8108 = CARTESIAN_POINT('',(-32.8,-88.42253864451,69.009490702997));
#8109 = CARTESIAN_POINT('',(-32.8,-88.41750085077,68.998431838374));
#8110 = CARTESIAN_POINT('',(-32.8,-88.41153288859,68.986245228543));
#8111 = CARTESIAN_POINT('',(-32.8,-88.40457005419,68.972978987569));
#8112 = CARTESIAN_POINT('',(-32.8,-88.39654993635,68.958684278318));
#8113 = CARTESIAN_POINT('',(-32.8,-88.38741257093,68.943415200432));
#8114 = CARTESIAN_POINT('',(-32.8,-88.37710057115,68.927228676035));
#8115 = CARTESIAN_POINT('',(-32.8,-88.3655592455,68.910184330772));
#8116 = CARTESIAN_POINT('',(-32.8,-88.35273676548,68.892344358581));
#8117 = CARTESIAN_POINT('',(-32.8,-88.33858409046,68.873773426224));
#8118 = CARTESIAN_POINT('',(-32.8,-88.32305585841,68.854538387449));
#8119 = CARTESIAN_POINT('',(-32.8,-88.31205117823,68.841663010247));
#8120 = CARTESIAN_POINT('',(-32.8,-88.30631301298,68.835130592893));
#8121 = VECTOR('',#8122,1.);
#8122 = DIRECTION('',(-1.,-0.,0.));
#8123 = ADVANCED_FACE('',(#8124),#8141,.T.);
#8124 = FACE_BOUND('',#8125,.T.);
#8125 = EDGE_LOOP('',(#8126,#8127,#8128,#8135));
#8126 = ORIENTED_EDGE('',*,*,#3901,.T.);
#8127 = ORIENTED_EDGE('',*,*,#8074,.T.);
#8128 = ORIENTED_EDGE('',*,*,#8129,.T.);
#8129 = EDGE_CURVE('',#8030,#8130,#8132,.T.);
#8130 = VERTEX_POINT('',#8131);
#8131 = CARTESIAN_POINT('',(-27.3,-88.08319507565,68.892417542413));
#8132 = B_SPLINE_CURVE_WITH_KNOTS('',1,(#8133,#8134),.UNSPECIFIED.,.F.,
  .F.,(2,2),(0.,0.230354962047),.PIECEWISE_BEZIER_KNOTS.);
#8133 = CARTESIAN_POINT('',(-27.3,-88.30631301298,68.835130592893));
#8134 = CARTESIAN_POINT('',(-27.3,-88.08319507565,68.892417542413));
#8135 = ORIENTED_EDGE('',*,*,#8136,.F.);
#8136 = EDGE_CURVE('',#3847,#8130,#8137,.T.);
#8137 = LINE('',#8138,#8139);
#8138 = CARTESIAN_POINT('',(-32.8,-88.08319507565,68.892417542413));
#8139 = VECTOR('',#8140,1.);
#8140 = DIRECTION('',(1.,0.,0.));
#8141 = SURFACE_OF_LINEAR_EXTRUSION('',#8142,#8145);
#8142 = B_SPLINE_CURVE_WITH_KNOTS('',1,(#8143,#8144),.UNSPECIFIED.,.F.,
  .F.,(2,2),(0.,0.230354962047),.PIECEWISE_BEZIER_KNOTS.);
#8143 = CARTESIAN_POINT('',(-32.8,-88.30631301298,68.835130592893));
#8144 = CARTESIAN_POINT('',(-32.8,-88.08319507565,68.892417542413));
#8145 = VECTOR('',#8146,1.);
#8146 = DIRECTION('',(-1.,-0.,0.));
#8147 = ADVANCED_FACE('',(#8148),#8203,.T.);
#8148 = FACE_BOUND('',#8149,.T.);
#8149 = EDGE_LOOP('',(#8150,#8151,#8152,#8197));
#8150 = ORIENTED_EDGE('',*,*,#3846,.T.);
#8151 = ORIENTED_EDGE('',*,*,#8136,.T.);
#8152 = ORIENTED_EDGE('',*,*,#8153,.T.);
#8153 = EDGE_CURVE('',#8130,#8154,#8156,.T.);
#8154 = VERTEX_POINT('',#8155);
#8155 = CARTESIAN_POINT('',(-27.3,-88.16565411518,69.432147406003));
#8156 = B_SPLINE_CURVE_WITH_KNOTS('',3,(#8157,#8158,#8159,#8160,#8161,
    #8162,#8163,#8164,#8165,#8166,#8167,#8168,#8169,#8170,#8171,#8172,
    #8173,#8174,#8175,#8176,#8177,#8178,#8179,#8180,#8181,#8182,#8183,
    #8184,#8185,#8186,#8187,#8188,#8189,#8190,#8191,#8192,#8193,#8194,
    #8195,#8196),.UNSPECIFIED.,.F.,.F.,(4,1,1,1,1,1,1,1,1,1,1,1,1,1,1,1,
    1,1,1,1,1,1,1,1,1,1,1,1,1,1,1,1,1,1,1,1,1,4),(0.,2.608437118449E-02,
    5.080451698287E-02,7.415285781629E-02,9.612223472286E-02,
    0.116705911553,0.135897577034,0.153691346707,0.170081764731,
    0.185063805553,0.198632875455,0.210784813958,0.221515895103,
    0.230822828592,0.238702760805,0.245153275681,0.250172395482,
    0.253758581468,0.255910734655,0.256628199332,0.260008592309,
    0.264232297819,0.270142153204,0.27773482839,0.287006045071,
    0.297950579117,0.310562263522,0.324833991877,0.340757722373,
    0.358324482337,0.377524373281,0.398346576485,0.420779359092,
    0.444810080717,0.470425200572,0.497610285097,0.526350016087,
    0.556628199332),.UNSPECIFIED.);
#8157 = CARTESIAN_POINT('',(-27.3,-88.08319507565,68.892417542413));
#8158 = CARTESIAN_POINT('',(-27.3,-88.08131369917,68.900906325571));
#8159 = CARTESIAN_POINT('',(-27.3,-88.07787298469,68.917490649729));
#8160 = CARTESIAN_POINT('',(-27.3,-88.07353204182,68.941827225539));
#8161 = CARTESIAN_POINT('',(-27.3,-88.07007657305,68.964919160811));
#8162 = CARTESIAN_POINT('',(-27.3,-88.0674346203,68.986729724474));
#8163 = CARTESIAN_POINT('',(-27.3,-88.06553205549,69.007225874122));
#8164 = CARTESIAN_POINT('',(-27.3,-88.06429349881,69.026378077355));
#8165 = CARTESIAN_POINT('',(-27.3,-88.06364229882,69.04416043167));
#8166 = CARTESIAN_POINT('',(-27.3,-88.06350074468,69.060550702114));
#8167 = CARTESIAN_POINT('',(-27.3,-88.06379022671,69.075530368752));
#8168 = CARTESIAN_POINT('',(-27.3,-88.06443140566,69.089084664058));
#8169 = CARTESIAN_POINT('',(-27.3,-88.06534440201,69.101202596647));
#8170 = CARTESIAN_POINT('',(-27.3,-88.06644891863,69.1118769883));
#8171 = CARTESIAN_POINT('',(-27.3,-88.06766457837,69.121104436015));
#8172 = CARTESIAN_POINT('',(-27.3,-88.06891061597,69.128885468097));
#8173 = CARTESIAN_POINT('',(-27.3,-88.07010746559,69.135224099443));
#8174 = CARTESIAN_POINT('',(-27.3,-88.07117307866,69.140129026537));
#8175 = CARTESIAN_POINT('',(-27.3,-88.07203301248,69.143610507589));
#8176 = CARTESIAN_POINT('',(-27.3,-88.0725986226,69.14568720813));
#8177 = CARTESIAN_POINT('',(-27.3,-88.073207273,69.147679748656));
#8178 = CARTESIAN_POINT('',(-27.3,-88.07408855604,69.150310175115));
#8179 = CARTESIAN_POINT('',(-27.3,-88.07546909758,69.154597999969));
#8180 = CARTESIAN_POINT('',(-27.3,-88.07729975339,69.160216039802));
#8181 = CARTESIAN_POINT('',(-27.3,-88.07964372652,69.16743633539));
#8182 = CARTESIAN_POINT('',(-27.3,-88.08250882094,69.176251917606));
#8183 = CARTESIAN_POINT('',(-27.3,-88.08589000289,69.186658906031));
#8184 = CARTESIAN_POINT('',(-27.3,-88.08978657186,69.19865105359));
#8185 = CARTESIAN_POINT('',(-27.3,-88.09419592555,69.212221732244));
#8186 = CARTESIAN_POINT('',(-27.3,-88.0991157124,69.227363252924));
#8187 = CARTESIAN_POINT('',(-27.3,-88.10454311776,69.244067097216));
#8188 = CARTESIAN_POINT('',(-27.3,-88.1104750967,69.262323848638));
#8189 = CARTESIAN_POINT('',(-27.3,-88.11690830258,69.282123221213));
#8190 = CARTESIAN_POINT('',(-27.3,-88.12383911167,69.303454058029));
#8191 = CARTESIAN_POINT('',(-27.3,-88.13126361824,69.326304339743));
#8192 = CARTESIAN_POINT('',(-27.3,-88.13917763886,69.350661190685));
#8193 = CARTESIAN_POINT('',(-27.3,-88.1475767141,69.376510886309));
#8194 = CARTESIAN_POINT('',(-27.3,-88.1564561113,69.403838860874));
#8195 = CARTESIAN_POINT('',(-27.3,-88.16253529079,69.422548651511));
#8196 = CARTESIAN_POINT('',(-27.3,-88.16565411518,69.432147406003));
#8197 = ORIENTED_EDGE('',*,*,#8198,.F.);
#8198 = EDGE_CURVE('',#3837,#8154,#8199,.T.);
#8199 = LINE('',#8200,#8201);
#8200 = CARTESIAN_POINT('',(-32.8,-88.16565411518,69.432147406003));
#8201 = VECTOR('',#8202,1.);
#8202 = DIRECTION('',(1.,0.,0.));
#8203 = SURFACE_OF_LINEAR_EXTRUSION('',#8204,#8245);
#8204 = B_SPLINE_CURVE_WITH_KNOTS('',3,(#8205,#8206,#8207,#8208,#8209,
    #8210,#8211,#8212,#8213,#8214,#8215,#8216,#8217,#8218,#8219,#8220,
    #8221,#8222,#8223,#8224,#8225,#8226,#8227,#8228,#8229,#8230,#8231,
    #8232,#8233,#8234,#8235,#8236,#8237,#8238,#8239,#8240,#8241,#8242,
    #8243,#8244),.UNSPECIFIED.,.F.,.F.,(4,1,1,1,1,1,1,1,1,1,1,1,1,1,1,1,
    1,1,1,1,1,1,1,1,1,1,1,1,1,1,1,1,1,1,1,1,1,4),(0.,2.608437118449E-02,
    5.080451698287E-02,7.415285781629E-02,9.612223472286E-02,
    0.116705911553,0.135897577034,0.153691346707,0.170081764731,
    0.185063805553,0.198632875455,0.210784813958,0.221515895103,
    0.230822828592,0.238702760805,0.245153275681,0.250172395482,
    0.253758581468,0.255910734655,0.256628199332,0.260008592309,
    0.264232297819,0.270142153204,0.27773482839,0.287006045071,
    0.297950579117,0.310562263522,0.324833991877,0.340757722373,
    0.358324482337,0.377524373281,0.398346576485,0.420779359092,
    0.444810080717,0.470425200572,0.497610285097,0.526350016087,
    0.556628199332),.UNSPECIFIED.);
#8205 = CARTESIAN_POINT('',(-32.8,-88.08319507565,68.892417542413));
#8206 = CARTESIAN_POINT('',(-32.8,-88.08131369917,68.900906325571));
#8207 = CARTESIAN_POINT('',(-32.8,-88.07787298469,68.917490649729));
#8208 = CARTESIAN_POINT('',(-32.8,-88.07353204182,68.941827225539));
#8209 = CARTESIAN_POINT('',(-32.8,-88.07007657305,68.964919160811));
#8210 = CARTESIAN_POINT('',(-32.8,-88.0674346203,68.986729724474));
#8211 = CARTESIAN_POINT('',(-32.8,-88.06553205549,69.007225874122));
#8212 = CARTESIAN_POINT('',(-32.8,-88.06429349881,69.026378077355));
#8213 = CARTESIAN_POINT('',(-32.8,-88.06364229882,69.04416043167));
#8214 = CARTESIAN_POINT('',(-32.8,-88.06350074468,69.060550702114));
#8215 = CARTESIAN_POINT('',(-32.8,-88.06379022671,69.075530368752));
#8216 = CARTESIAN_POINT('',(-32.8,-88.06443140566,69.089084664058));
#8217 = CARTESIAN_POINT('',(-32.8,-88.06534440201,69.101202596647));
#8218 = CARTESIAN_POINT('',(-32.8,-88.06644891863,69.1118769883));
#8219 = CARTESIAN_POINT('',(-32.8,-88.06766457837,69.121104436015));
#8220 = CARTESIAN_POINT('',(-32.8,-88.06891061597,69.128885468097));
#8221 = CARTESIAN_POINT('',(-32.8,-88.07010746559,69.135224099443));
#8222 = CARTESIAN_POINT('',(-32.8,-88.07117307866,69.140129026537));
#8223 = CARTESIAN_POINT('',(-32.8,-88.07203301248,69.143610507589));
#8224 = CARTESIAN_POINT('',(-32.8,-88.0725986226,69.14568720813));
#8225 = CARTESIAN_POINT('',(-32.8,-88.073207273,69.147679748656));
#8226 = CARTESIAN_POINT('',(-32.8,-88.07408855604,69.150310175115));
#8227 = CARTESIAN_POINT('',(-32.8,-88.07546909758,69.154597999969));
#8228 = CARTESIAN_POINT('',(-32.8,-88.07729975339,69.160216039802));
#8229 = CARTESIAN_POINT('',(-32.8,-88.07964372652,69.16743633539));
#8230 = CARTESIAN_POINT('',(-32.8,-88.08250882094,69.176251917606));
#8231 = CARTESIAN_POINT('',(-32.8,-88.08589000289,69.186658906031));
#8232 = CARTESIAN_POINT('',(-32.8,-88.08978657186,69.19865105359));
#8233 = CARTESIAN_POINT('',(-32.8,-88.09419592555,69.212221732244));
#8234 = CARTESIAN_POINT('',(-32.8,-88.0991157124,69.227363252924));
#8235 = CARTESIAN_POINT('',(-32.8,-88.10454311776,69.244067097216));
#8236 = CARTESIAN_POINT('',(-32.8,-88.1104750967,69.262323848638));
#8237 = CARTESIAN_POINT('',(-32.8,-88.11690830258,69.282123221213));
#8238 = CARTESIAN_POINT('',(-32.8,-88.12383911167,69.303454058029));
#8239 = CARTESIAN_POINT('',(-32.8,-88.13126361824,69.326304339743));
#8240 = CARTESIAN_POINT('',(-32.8,-88.13917763886,69.350661190685));
#8241 = CARTESIAN_POINT('',(-32.8,-88.1475767141,69.376510886309));
#8242 = CARTESIAN_POINT('',(-32.8,-88.1564561113,69.403838860874));
#8243 = CARTESIAN_POINT('',(-32.8,-88.16253529079,69.422548651511));
#8244 = CARTESIAN_POINT('',(-32.8,-88.16565411518,69.432147406003));
#8245 = VECTOR('',#8246,1.);
#8246 = DIRECTION('',(-1.,-0.,0.));
#8247 = ADVANCED_FACE('',(#8248),#8265,.T.);
#8248 = FACE_BOUND('',#8249,.T.);
#8249 = EDGE_LOOP('',(#8250,#8251,#8252,#8259));
#8250 = ORIENTED_EDGE('',*,*,#3836,.T.);
#8251 = ORIENTED_EDGE('',*,*,#8198,.T.);
#8252 = ORIENTED_EDGE('',*,*,#8253,.T.);
#8253 = EDGE_CURVE('',#8154,#8254,#8256,.T.);
#8254 = VERTEX_POINT('',#8255);
#8255 = CARTESIAN_POINT('',(-27.3,-87.85039591277,69.556966958342));
#8256 = B_SPLINE_CURVE_WITH_KNOTS('',1,(#8257,#8258),.UNSPECIFIED.,.F.,
  .F.,(2,2),(0.,0.339068805458),.PIECEWISE_BEZIER_KNOTS.);
#8257 = CARTESIAN_POINT('',(-27.3,-88.16565411518,69.432147406003));
#8258 = CARTESIAN_POINT('',(-27.3,-87.85039591277,69.556966958342));
#8259 = ORIENTED_EDGE('',*,*,#8260,.F.);
#8260 = EDGE_CURVE('',#3775,#8254,#8261,.T.);
#8261 = LINE('',#8262,#8263);
#8262 = CARTESIAN_POINT('',(-32.8,-87.85039591277,69.556966958342));
#8263 = VECTOR('',#8264,1.);
#8264 = DIRECTION('',(1.,0.,0.));
#8265 = SURFACE_OF_LINEAR_EXTRUSION('',#8266,#8269);
#8266 = B_SPLINE_CURVE_WITH_KNOTS('',1,(#8267,#8268),.UNSPECIFIED.,.F.,
  .F.,(2,2),(0.,0.339068805458),.PIECEWISE_BEZIER_KNOTS.);
#8267 = CARTESIAN_POINT('',(-32.8,-88.16565411518,69.432147406003));
#8268 = CARTESIAN_POINT('',(-32.8,-87.85039591277,69.556966958342));
#8269 = VECTOR('',#8270,1.);
#8270 = DIRECTION('',(-1.,-0.,0.));
#8271 = ADVANCED_FACE('',(#8272),#8327,.T.);
#8272 = FACE_BOUND('',#8273,.T.);
#8273 = EDGE_LOOP('',(#8274,#8275,#8276,#8321));
#8274 = ORIENTED_EDGE('',*,*,#3774,.T.);
#8275 = ORIENTED_EDGE('',*,*,#8260,.T.);
#8276 = ORIENTED_EDGE('',*,*,#8277,.T.);
#8277 = EDGE_CURVE('',#8254,#8278,#8280,.T.);
#8278 = VERTEX_POINT('',#8279);
#8279 = CARTESIAN_POINT('',(-27.3,-87.54103544953,69.107073723635));
#8280 = B_SPLINE_CURVE_WITH_KNOTS('',3,(#8281,#8282,#8283,#8284,#8285,
    #8286,#8287,#8288,#8289,#8290,#8291,#8292,#8293,#8294,#8295,#8296,
    #8297,#8298,#8299,#8300,#8301,#8302,#8303,#8304,#8305,#8306,#8307,
    #8308,#8309,#8310,#8311,#8312,#8313,#8314,#8315,#8316,#8317,#8318,
    #8319,#8320),.UNSPECIFIED.,.F.,.F.,(4,1,1,1,1,1,1,1,1,1,1,1,1,1,1,1,
    1,1,1,1,1,1,1,1,1,1,1,1,1,1,1,1,1,1,1,1,1,4),(0.,3.027818324443E-02,
    5.901791423488E-02,8.620299875927E-02,0.111818118615,0.13584884024,
    0.158281622847,0.179103826051,0.198303716995,0.215870476958,
    0.231794207455,0.24606593581,0.258677620215,0.269622154261,
    0.278893370941,0.286486046128,0.292395901513,0.296619607022,0.3,
    0.300717464676,0.302869617863,0.306455803849,0.311474923651,
    0.317925438527,0.32580537074,0.335112304229,0.345843385374,
    0.357995323877,0.371564393779,0.386546434601,0.402936852624,
    0.420730622298,0.439922287779,0.460505964609,0.482475341515,
    0.505823682349,0.530543828147,0.556628199332),.UNSPECIFIED.);
#8281 = CARTESIAN_POINT('',(-27.3,-87.85039591277,69.556966958342));
#8282 = CARTESIAN_POINT('',(-27.3,-87.8460986383,69.547834785242));
#8283 = CARTESIAN_POINT('',(-27.3,-87.83772243639,69.530034450115));
#8284 = CARTESIAN_POINT('',(-27.3,-87.82548795248,69.504034848355));
#8285 = CARTESIAN_POINT('',(-27.3,-87.81391528051,69.479441668562));
#8286 = CARTESIAN_POINT('',(-27.3,-87.80301094143,69.456268768455));
#8287 = CARTESIAN_POINT('',(-27.3,-87.79278107958,69.434529205471));
#8288 = CARTESIAN_POINT('',(-27.3,-87.78323145936,69.41423522933));
#8289 = CARTESIAN_POINT('',(-27.3,-87.77436746142,69.395398275415));
#8290 = CARTESIAN_POINT('',(-27.3,-87.76619408162,69.378028957375));
#8291 = CARTESIAN_POINT('',(-27.3,-87.75871592158,69.362137064299));
#8292 = CARTESIAN_POINT('',(-27.3,-87.7519372077,69.347731544897));
#8293 = CARTESIAN_POINT('',(-27.3,-87.7458617194,69.3348205356));
#8294 = CARTESIAN_POINT('',(-27.3,-87.74049300603,69.323411251244));
#8295 = CARTESIAN_POINT('',(-27.3,-87.73583370779,69.313510304858));
#8296 = CARTESIAN_POINT('',(-27.3,-87.73188759044,69.305122729894));
#8297 = CARTESIAN_POINT('',(-27.3,-87.72865364087,69.29825480091));
#8298 = CARTESIAN_POINT('',(-27.3,-87.72614231861,69.292906255988));
#8299 = CARTESIAN_POINT('',(-27.3,-87.72421347199,69.288835520467));
#8300 = CARTESIAN_POINT('',(-27.3,-87.72305524886,69.286314742352));
#8301 = CARTESIAN_POINT('',(-27.3,-87.72213494806,69.284445592945));
#8302 = CARTESIAN_POINT('',(-27.3,-87.72112566074,69.282544556632));
#8303 = CARTESIAN_POINT('',(-27.3,-87.71936928774,69.279418000961));
#8304 = CARTESIAN_POINT('',(-27.3,-87.71678843259,69.275113000651));
#8305 = CARTESIAN_POINT('',(-27.3,-87.71332180667,69.269673037316));
#8306 = CARTESIAN_POINT('',(-27.3,-87.708903646,69.263147937603));
#8307 = CARTESIAN_POINT('',(-27.3,-87.70347320118,69.255589241351));
#8308 = CARTESIAN_POINT('',(-27.3,-87.69697123523,69.247051851062));
#8309 = CARTESIAN_POINT('',(-27.3,-87.68934148525,69.237593269365));
#8310 = CARTESIAN_POINT('',(-27.3,-87.68053033096,69.22727369613));
#8311 = CARTESIAN_POINT('',(-27.3,-87.67048706683,69.216155825013));
#8312 = CARTESIAN_POINT('',(-27.3,-87.65916396611,69.204304732541));
#8313 = CARTESIAN_POINT('',(-27.3,-87.64651640256,69.191787731191));
#8314 = CARTESIAN_POINT('',(-27.3,-87.6325029483,69.178674226282));
#8315 = CARTESIAN_POINT('',(-27.3,-87.61708545832,69.165035571442));
#8316 = CARTESIAN_POINT('',(-27.3,-87.60022919942,69.150944895892));
#8317 = CARTESIAN_POINT('',(-27.3,-87.58190275363,69.13647703068));
#8318 = CARTESIAN_POINT('',(-27.3,-87.56207880992,69.121708010295));
#8319 = CARTESIAN_POINT('',(-27.3,-87.54821788591,69.111973889415));
#8320 = CARTESIAN_POINT('',(-27.3,-87.54103544953,69.107073723635));
#8321 = ORIENTED_EDGE('',*,*,#8322,.F.);
#8322 = EDGE_CURVE('',#3765,#8278,#8323,.T.);
#8323 = LINE('',#8324,#8325);
#8324 = CARTESIAN_POINT('',(-32.8,-87.54103544953,69.107073723635));
#8325 = VECTOR('',#8326,1.);
#8326 = DIRECTION('',(1.,0.,0.));
#8327 = SURFACE_OF_LINEAR_EXTRUSION('',#8328,#8369);
#8328 = B_SPLINE_CURVE_WITH_KNOTS('',3,(#8329,#8330,#8331,#8332,#8333,
    #8334,#8335,#8336,#8337,#8338,#8339,#8340,#8341,#8342,#8343,#8344,
    #8345,#8346,#8347,#8348,#8349,#8350,#8351,#8352,#8353,#8354,#8355,
    #8356,#8357,#8358,#8359,#8360,#8361,#8362,#8363,#8364,#8365,#8366,
    #8367,#8368),.UNSPECIFIED.,.F.,.F.,(4,1,1,1,1,1,1,1,1,1,1,1,1,1,1,1,
    1,1,1,1,1,1,1,1,1,1,1,1,1,1,1,1,1,1,1,1,1,4),(0.,3.027818324443E-02,
    5.901791423488E-02,8.620299875927E-02,0.111818118615,0.13584884024,
    0.158281622847,0.179103826051,0.198303716995,0.215870476958,
    0.231794207455,0.24606593581,0.258677620215,0.269622154261,
    0.278893370941,0.286486046128,0.292395901513,0.296619607022,0.3,
    0.300717464676,0.302869617863,0.306455803849,0.311474923651,
    0.317925438527,0.32580537074,0.335112304229,0.345843385374,
    0.357995323877,0.371564393779,0.386546434601,0.402936852624,
    0.420730622298,0.439922287779,0.460505964609,0.482475341515,
    0.505823682349,0.530543828147,0.556628199332),.UNSPECIFIED.);
#8329 = CARTESIAN_POINT('',(-32.8,-87.85039591277,69.556966958342));
#8330 = CARTESIAN_POINT('',(-32.8,-87.8460986383,69.547834785242));
#8331 = CARTESIAN_POINT('',(-32.8,-87.83772243639,69.530034450115));
#8332 = CARTESIAN_POINT('',(-32.8,-87.82548795248,69.504034848355));
#8333 = CARTESIAN_POINT('',(-32.8,-87.81391528051,69.479441668562));
#8334 = CARTESIAN_POINT('',(-32.8,-87.80301094143,69.456268768455));
#8335 = CARTESIAN_POINT('',(-32.8,-87.79278107958,69.434529205471));
#8336 = CARTESIAN_POINT('',(-32.8,-87.78323145936,69.41423522933));
#8337 = CARTESIAN_POINT('',(-32.8,-87.77436746142,69.395398275415));
#8338 = CARTESIAN_POINT('',(-32.8,-87.76619408162,69.378028957375));
#8339 = CARTESIAN_POINT('',(-32.8,-87.75871592158,69.362137064299));
#8340 = CARTESIAN_POINT('',(-32.8,-87.7519372077,69.347731544897));
#8341 = CARTESIAN_POINT('',(-32.8,-87.7458617194,69.3348205356));
#8342 = CARTESIAN_POINT('',(-32.8,-87.74049300603,69.323411251244));
#8343 = CARTESIAN_POINT('',(-32.8,-87.73583370779,69.313510304858));
#8344 = CARTESIAN_POINT('',(-32.8,-87.73188759044,69.305122729894));
#8345 = CARTESIAN_POINT('',(-32.8,-87.72865364087,69.29825480091));
#8346 = CARTESIAN_POINT('',(-32.8,-87.72614231861,69.292906255988));
#8347 = CARTESIAN_POINT('',(-32.8,-87.72421347199,69.288835520467));
#8348 = CARTESIAN_POINT('',(-32.8,-87.72305524886,69.286314742352));
#8349 = CARTESIAN_POINT('',(-32.8,-87.72213494806,69.284445592945));
#8350 = CARTESIAN_POINT('',(-32.8,-87.72112566074,69.282544556632));
#8351 = CARTESIAN_POINT('',(-32.8,-87.71936928774,69.279418000961));
#8352 = CARTESIAN_POINT('',(-32.8,-87.71678843259,69.275113000651));
#8353 = CARTESIAN_POINT('',(-32.8,-87.71332180667,69.269673037316));
#8354 = CARTESIAN_POINT('',(-32.8,-87.708903646,69.263147937603));
#8355 = CARTESIAN_POINT('',(-32.8,-87.70347320118,69.255589241351));
#8356 = CARTESIAN_POINT('',(-32.8,-87.69697123523,69.247051851062));
#8357 = CARTESIAN_POINT('',(-32.8,-87.68934148525,69.237593269365));
#8358 = CARTESIAN_POINT('',(-32.8,-87.68053033096,69.22727369613));
#8359 = CARTESIAN_POINT('',(-32.8,-87.67048706683,69.216155825013));
#8360 = CARTESIAN_POINT('',(-32.8,-87.65916396611,69.204304732541));
#8361 = CARTESIAN_POINT('',(-32.8,-87.64651640256,69.191787731191));
#8362 = CARTESIAN_POINT('',(-32.8,-87.6325029483,69.178674226282));
#8363 = CARTESIAN_POINT('',(-32.8,-87.61708545832,69.165035571442));
#8364 = CARTESIAN_POINT('',(-32.8,-87.60022919942,69.150944895892));
#8365 = CARTESIAN_POINT('',(-32.8,-87.58190275363,69.13647703068));
#8366 = CARTESIAN_POINT('',(-32.8,-87.56207880992,69.121708010295));
#8367 = CARTESIAN_POINT('',(-32.8,-87.54821788591,69.111973889415));
#8368 = CARTESIAN_POINT('',(-32.8,-87.54103544953,69.107073723635));
#8369 = VECTOR('',#8370,1.);
#8370 = DIRECTION('',(-1.,-0.,0.));
#8371 = ADVANCED_FACE('',(#8372),#8389,.T.);
#8372 = FACE_BOUND('',#8373,.T.);
#8373 = EDGE_LOOP('',(#8374,#8375,#8376,#8383));
#8374 = ORIENTED_EDGE('',*,*,#3764,.T.);
#8375 = ORIENTED_EDGE('',*,*,#8322,.T.);
#8376 = ORIENTED_EDGE('',*,*,#8377,.T.);
#8377 = EDGE_CURVE('',#8278,#8378,#8380,.T.);
#8378 = VERTEX_POINT('',#8379);
#8379 = CARTESIAN_POINT('',(-27.3,-87.33917385751,69.218048072949));
#8380 = B_SPLINE_CURVE_WITH_KNOTS('',1,(#8381,#8382),.UNSPECIFIED.,.F.,
  .F.,(2,2),(0.,0.230354962047),.PIECEWISE_BEZIER_KNOTS.);
#8381 = CARTESIAN_POINT('',(-27.3,-87.54103544953,69.107073723635));
#8382 = CARTESIAN_POINT('',(-27.3,-87.33917385751,69.218048072949));
#8383 = ORIENTED_EDGE('',*,*,#8384,.F.);
#8384 = EDGE_CURVE('',#3710,#8378,#8385,.T.);
#8385 = LINE('',#8386,#8387);
#8386 = CARTESIAN_POINT('',(-32.8,-87.33917385751,69.218048072949));
#8387 = VECTOR('',#8388,1.);
#8388 = DIRECTION('',(1.,0.,0.));
#8389 = SURFACE_OF_LINEAR_EXTRUSION('',#8390,#8393);
#8390 = B_SPLINE_CURVE_WITH_KNOTS('',1,(#8391,#8392),.UNSPECIFIED.,.F.,
  .F.,(2,2),(0.,0.230354962047),.PIECEWISE_BEZIER_KNOTS.);
#8391 = CARTESIAN_POINT('',(-32.8,-87.54103544953,69.107073723635));
#8392 = CARTESIAN_POINT('',(-32.8,-87.33917385751,69.218048072949));
#8393 = VECTOR('',#8394,1.);
#8394 = DIRECTION('',(-1.,-0.,0.));
#8395 = ADVANCED_FACE('',(#8396),#8451,.T.);
#8396 = FACE_BOUND('',#8397,.T.);
#8397 = EDGE_LOOP('',(#8398,#8399,#8400,#8445));
#8398 = ORIENTED_EDGE('',*,*,#3709,.T.);
#8399 = ORIENTED_EDGE('',*,*,#8384,.T.);
#8400 = ORIENTED_EDGE('',*,*,#8401,.T.);
#8401 = EDGE_CURVE('',#8378,#8402,#8404,.T.);
#8402 = VERTEX_POINT('',#8403);
#8403 = CARTESIAN_POINT('',(-27.3,-87.55326765355,69.720314601145));
#8404 = B_SPLINE_CURVE_WITH_KNOTS('',3,(#8405,#8406,#8407,#8408,#8409,
    #8410,#8411,#8412,#8413,#8414,#8415,#8416,#8417,#8418,#8419,#8420,
    #8421,#8422,#8423,#8424,#8425,#8426,#8427,#8428,#8429,#8430,#8431,
    #8432,#8433,#8434,#8435,#8436,#8437,#8438,#8439,#8440,#8441,#8442,
    #8443,#8444),.UNSPECIFIED.,.F.,.F.,(4,1,1,1,1,1,1,1,1,1,1,1,1,1,1,1,
    1,1,1,1,1,1,1,1,1,1,1,1,1,1,1,1,1,1,1,1,1,4),(0.,2.608437118449E-02,
    5.080451698287E-02,7.415285781629E-02,9.612223472286E-02,
    0.116705911553,0.135897577034,0.153691346707,0.170081764731,
    0.185063805553,0.198632875455,0.210784813958,0.221515895103,
    0.230822828592,0.238702760805,0.245153275681,0.250172395482,
    0.253758581468,0.255910734655,0.256628199332,0.260008592309,
    0.264232297819,0.270142153204,0.27773482839,0.287006045071,
    0.297950579117,0.310562263522,0.324833991877,0.340757722373,
    0.358324482337,0.377524373281,0.398346576485,0.420779359092,
    0.444810080717,0.470425200572,0.497610285097,0.526350016087,
    0.556628199332),.UNSPECIFIED.);
#8405 = CARTESIAN_POINT('',(-27.3,-87.33917385751,69.218048072949));
#8406 = CARTESIAN_POINT('',(-27.3,-87.33946266245,69.22673804468));
#8407 = CARTESIAN_POINT('',(-27.3,-87.34025439805,69.243657012694));
#8408 = CARTESIAN_POINT('',(-27.3,-87.34210209417,69.268308558815));
#8409 = CARTESIAN_POINT('',(-27.3,-87.34449791608,69.291534358617));
#8410 = CARTESIAN_POINT('',(-27.3,-87.34736303176,69.313316730246));
#8411 = CARTESIAN_POINT('',(-27.3,-87.35061742466,69.333642104292));
#8412 = CARTESIAN_POINT('',(-27.3,-87.35418073877,69.352500622363));
#8413 = CARTESIAN_POINT('',(-27.3,-87.35797228911,69.36988625817));
#8414 = CARTESIAN_POINT('',(-27.3,-87.36191127667,69.385796801211));
#8415 = CARTESIAN_POINT('',(-27.3,-87.3659169557,69.400233862821));
#8416 = CARTESIAN_POINT('',(-27.3,-87.369908807,69.413202870297));
#8417 = CARTESIAN_POINT('',(-27.3,-87.37380672718,69.424713042791));
#8418 = CARTESIAN_POINT('',(-27.3,-87.37753115663,69.434777396687));
#8419 = CARTESIAN_POINT('',(-27.3,-87.38100339712,69.443412624881));
#8420 = CARTESIAN_POINT('',(-27.3,-87.38414535215,69.45063932458));
#8421 = CARTESIAN_POINT('',(-27.3,-87.38688095405,69.456481171769));
#8422 = CARTESIAN_POINT('',(-27.3,-87.38913289469,69.460966994367));
#8423 = CARTESIAN_POINT('',(-27.3,-87.39083162123,69.464125241445));
#8424 = CARTESIAN_POINT('',(-27.3,-87.39189591609,69.465996037103));
#8425 = CARTESIAN_POINT('',(-27.3,-87.39298096931,69.467774613103));
#8426 = CARTESIAN_POINT('',(-27.3,-87.39448872567,69.4701032337));
#8427 = CARTESIAN_POINT('',(-27.3,-87.39689223365,69.47391302193));
#8428 = CARTESIAN_POINT('',(-27.3,-87.40006252573,69.478899295123));
#8429 = CARTESIAN_POINT('',(-27.3,-87.40412847313,69.485309829437));
#8430 = CARTESIAN_POINT('',(-27.3,-87.40909590149,69.493135933917));
#8431 = CARTESIAN_POINT('',(-27.3,-87.41495897017,69.502375101906));
#8432 = CARTESIAN_POINT('',(-27.3,-87.42171544708,69.513021456801));
#8433 = CARTESIAN_POINT('',(-27.3,-87.42936116335,69.525069225959));
#8434 = CARTESIAN_POINT('',(-27.3,-87.43789192913,69.538511546686));
#8435 = CARTESIAN_POINT('',(-27.3,-87.44730289972,69.553340868167));
#8436 = CARTESIAN_POINT('',(-27.3,-87.45758878408,69.569548826998));
#8437 = CARTESIAN_POINT('',(-27.3,-87.4687437827,69.587126292632));
#8438 = CARTESIAN_POINT('',(-27.3,-87.48076161108,69.606063359853));
#8439 = CARTESIAN_POINT('',(-27.3,-87.49363549711,69.626349358247));
#8440 = CARTESIAN_POINT('',(-27.3,-87.50735818672,69.647972857033));
#8441 = CARTESIAN_POINT('',(-27.3,-87.52192194747,69.67092167186));
#8442 = CARTESIAN_POINT('',(-27.3,-87.53731857298,69.695182871564));
#8443 = CARTESIAN_POINT('',(-27.3,-87.54785969959,69.711793029262));
#8444 = CARTESIAN_POINT('',(-27.3,-87.55326765355,69.720314601145));
#8445 = ORIENTED_EDGE('',*,*,#8446,.F.);
#8446 = EDGE_CURVE('',#3700,#8402,#8447,.T.);
#8447 = LINE('',#8448,#8449);
#8448 = CARTESIAN_POINT('',(-32.8,-87.55326765355,69.720314601145));
#8449 = VECTOR('',#8450,1.);
#8450 = DIRECTION('',(1.,0.,0.));
#8451 = SURFACE_OF_LINEAR_EXTRUSION('',#8452,#8493);
#8452 = B_SPLINE_CURVE_WITH_KNOTS('',3,(#8453,#8454,#8455,#8456,#8457,
    #8458,#8459,#8460,#8461,#8462,#8463,#8464,#8465,#8466,#8467,#8468,
    #8469,#8470,#8471,#8472,#8473,#8474,#8475,#8476,#8477,#8478,#8479,
    #8480,#8481,#8482,#8483,#8484,#8485,#8486,#8487,#8488,#8489,#8490,
    #8491,#8492),.UNSPECIFIED.,.F.,.F.,(4,1,1,1,1,1,1,1,1,1,1,1,1,1,1,1,
    1,1,1,1,1,1,1,1,1,1,1,1,1,1,1,1,1,1,1,1,1,4),(0.,2.608437118449E-02,
    5.080451698287E-02,7.415285781629E-02,9.612223472286E-02,
    0.116705911553,0.135897577034,0.153691346707,0.170081764731,
    0.185063805553,0.198632875455,0.210784813958,0.221515895103,
    0.230822828592,0.238702760805,0.245153275681,0.250172395482,
    0.253758581468,0.255910734655,0.256628199332,0.260008592309,
    0.264232297819,0.270142153204,0.27773482839,0.287006045071,
    0.297950579117,0.310562263522,0.324833991877,0.340757722373,
    0.358324482337,0.377524373281,0.398346576485,0.420779359092,
    0.444810080717,0.470425200572,0.497610285097,0.526350016087,
    0.556628199332),.UNSPECIFIED.);
#8453 = CARTESIAN_POINT('',(-32.8,-87.33917385751,69.218048072949));
#8454 = CARTESIAN_POINT('',(-32.8,-87.33946266245,69.22673804468));
#8455 = CARTESIAN_POINT('',(-32.8,-87.34025439805,69.243657012694));
#8456 = CARTESIAN_POINT('',(-32.8,-87.34210209417,69.268308558815));
#8457 = CARTESIAN_POINT('',(-32.8,-87.34449791608,69.291534358617));
#8458 = CARTESIAN_POINT('',(-32.8,-87.34736303176,69.313316730246));
#8459 = CARTESIAN_POINT('',(-32.8,-87.35061742466,69.333642104292));
#8460 = CARTESIAN_POINT('',(-32.8,-87.35418073877,69.352500622363));
#8461 = CARTESIAN_POINT('',(-32.8,-87.35797228911,69.36988625817));
#8462 = CARTESIAN_POINT('',(-32.8,-87.36191127667,69.385796801211));
#8463 = CARTESIAN_POINT('',(-32.8,-87.3659169557,69.400233862821));
#8464 = CARTESIAN_POINT('',(-32.8,-87.369908807,69.413202870297));
#8465 = CARTESIAN_POINT('',(-32.8,-87.37380672718,69.424713042791));
#8466 = CARTESIAN_POINT('',(-32.8,-87.37753115663,69.434777396687));
#8467 = CARTESIAN_POINT('',(-32.8,-87.38100339712,69.443412624881));
#8468 = CARTESIAN_POINT('',(-32.8,-87.38414535215,69.45063932458));
#8469 = CARTESIAN_POINT('',(-32.8,-87.38688095405,69.456481171769));
#8470 = CARTESIAN_POINT('',(-32.8,-87.38913289469,69.460966994367));
#8471 = CARTESIAN_POINT('',(-32.8,-87.39083162123,69.464125241445));
#8472 = CARTESIAN_POINT('',(-32.8,-87.39189591609,69.465996037103));
#8473 = CARTESIAN_POINT('',(-32.8,-87.39298096931,69.467774613103));
#8474 = CARTESIAN_POINT('',(-32.8,-87.39448872567,69.4701032337));
#8475 = CARTESIAN_POINT('',(-32.8,-87.39689223365,69.47391302193));
#8476 = CARTESIAN_POINT('',(-32.8,-87.40006252573,69.478899295123));
#8477 = CARTESIAN_POINT('',(-32.8,-87.40412847313,69.485309829437));
#8478 = CARTESIAN_POINT('',(-32.8,-87.40909590149,69.493135933917));
#8479 = CARTESIAN_POINT('',(-32.8,-87.41495897017,69.502375101906));
#8480 = CARTESIAN_POINT('',(-32.8,-87.42171544708,69.513021456801));
#8481 = CARTESIAN_POINT('',(-32.8,-87.42936116335,69.525069225959));
#8482 = CARTESIAN_POINT('',(-32.8,-87.43789192913,69.538511546686));
#8483 = CARTESIAN_POINT('',(-32.8,-87.44730289972,69.553340868167));
#8484 = CARTESIAN_POINT('',(-32.8,-87.45758878408,69.569548826998));
#8485 = CARTESIAN_POINT('',(-32.8,-87.4687437827,69.587126292632));
#8486 = CARTESIAN_POINT('',(-32.8,-87.48076161108,69.606063359853));
#8487 = CARTESIAN_POINT('',(-32.8,-87.49363549711,69.626349358247));
#8488 = CARTESIAN_POINT('',(-32.8,-87.50735818672,69.647972857033));
#8489 = CARTESIAN_POINT('',(-32.8,-87.52192194747,69.67092167186));
#8490 = CARTESIAN_POINT('',(-32.8,-87.53731857298,69.695182871564));
#8491 = CARTESIAN_POINT('',(-32.8,-87.54785969959,69.711793029262));
#8492 = CARTESIAN_POINT('',(-32.8,-87.55326765355,69.720314601145));
#8493 = VECTOR('',#8494,1.);
#8494 = DIRECTION('',(-1.,-0.,0.));
#8495 = ADVANCED_FACE('',(#8496),#8513,.T.);
#8496 = FACE_BOUND('',#8497,.T.);
#8497 = EDGE_LOOP('',(#8498,#8499,#8500,#8507));
#8498 = ORIENTED_EDGE('',*,*,#3699,.T.);
#8499 = ORIENTED_EDGE('',*,*,#8446,.T.);
#8500 = ORIENTED_EDGE('',*,*,#8501,.T.);
#8501 = EDGE_CURVE('',#8402,#8502,#8504,.T.);
#8502 = VERTEX_POINT('',#8503);
#8503 = CARTESIAN_POINT('',(-27.3,-87.27895522767,69.919614244505));
#8504 = B_SPLINE_CURVE_WITH_KNOTS('',1,(#8505,#8506),.UNSPECIFIED.,.F.,
  .F.,(2,2),(0.,0.339068805458),.PIECEWISE_BEZIER_KNOTS.);
#8505 = CARTESIAN_POINT('',(-27.3,-87.55326765355,69.720314601145));
#8506 = CARTESIAN_POINT('',(-27.3,-87.27895522767,69.919614244505));
#8507 = ORIENTED_EDGE('',*,*,#8508,.F.);
#8508 = EDGE_CURVE('',#3638,#8502,#8509,.T.);
#8509 = LINE('',#8510,#8511);
#8510 = CARTESIAN_POINT('',(-32.8,-87.27895522767,69.919614244505));
#8511 = VECTOR('',#8512,1.);
#8512 = DIRECTION('',(1.,0.,0.));
#8513 = SURFACE_OF_LINEAR_EXTRUSION('',#8514,#8517);
#8514 = B_SPLINE_CURVE_WITH_KNOTS('',1,(#8515,#8516),.UNSPECIFIED.,.F.,
  .F.,(2,2),(0.,0.339068805458),.PIECEWISE_BEZIER_KNOTS.);
#8515 = CARTESIAN_POINT('',(-32.8,-87.55326765355,69.720314601145));
#8516 = CARTESIAN_POINT('',(-32.8,-87.27895522767,69.919614244505));
#8517 = VECTOR('',#8518,1.);
#8518 = DIRECTION('',(-1.,-0.,0.));
#8519 = ADVANCED_FACE('',(#8520),#8575,.T.);
#8520 = FACE_BOUND('',#8521,.T.);
#8521 = EDGE_LOOP('',(#8522,#8523,#8524,#8569));
#8522 = ORIENTED_EDGE('',*,*,#3637,.T.);
#8523 = ORIENTED_EDGE('',*,*,#8508,.T.);
#8524 = ORIENTED_EDGE('',*,*,#8525,.T.);
#8525 = EDGE_CURVE('',#8502,#8526,#8528,.T.);
#8526 = VERTEX_POINT('',#8527);
#8527 = CARTESIAN_POINT('',(-27.3,-86.86742999449,69.560790051759));
#8528 = B_SPLINE_CURVE_WITH_KNOTS('',3,(#8529,#8530,#8531,#8532,#8533,
    #8534,#8535,#8536,#8537,#8538,#8539,#8540,#8541,#8542,#8543,#8544,
    #8545,#8546,#8547,#8548,#8549,#8550,#8551,#8552,#8553,#8554,#8555,
    #8556,#8557,#8558,#8559,#8560,#8561,#8562,#8563,#8564,#8565,#8566,
    #8567,#8568),.UNSPECIFIED.,.F.,.F.,(4,1,1,1,1,1,1,1,1,1,1,1,1,1,1,1,
    1,1,1,1,1,1,1,1,1,1,1,1,1,1,1,1,1,1,1,1,1,4),(0.,3.027818324443E-02,
    5.901791423488E-02,8.620299875927E-02,0.111818118615,0.13584884024,
    0.158281622847,0.179103826051,0.198303716995,0.215870476958,
    0.231794207455,0.24606593581,0.258677620215,0.269622154261,
    0.278893370941,0.286486046128,0.292395901513,0.296619607022,0.3,
    0.300717464676,0.302869617863,0.306455803849,0.311474923651,
    0.317925438527,0.32580537074,0.335112304229,0.345843385374,
    0.357995323877,0.371564393779,0.386546434601,0.402936852624,
    0.420730622298,0.439922287779,0.460505964609,0.482475341515,
    0.505823682349,0.530543828147,0.556628199332),.UNSPECIFIED.);
#8529 = CARTESIAN_POINT('',(-27.3,-87.27895522767,69.919614244505));
#8530 = CARTESIAN_POINT('',(-27.3,-87.27252188089,69.91183766412));
#8531 = CARTESIAN_POINT('',(-27.3,-87.25998206943,69.89667963596));
#8532 = CARTESIAN_POINT('',(-27.3,-87.2416661163,69.874539451923));
#8533 = CARTESIAN_POINT('',(-27.3,-87.22434094599,69.853596918585));
#8534 = CARTESIAN_POINT('',(-27.3,-87.20801632086,69.8338638366));
#8535 = CARTESIAN_POINT('',(-27.3,-87.19270143947,69.815351325153));
#8536 = CARTESIAN_POINT('',(-27.3,-87.17840493149,69.798069815565));
#8537 = CARTESIAN_POINT('',(-27.3,-87.16513485241,69.782029045844));
#8538 = CARTESIAN_POINT('',(-27.3,-87.15289868062,69.76723805377));
#8539 = CARTESIAN_POINT('',(-27.3,-87.14170330763,69.753705176514));
#8540 = CARTESIAN_POINT('',(-27.3,-87.13155505251,69.741438030586));
#8541 = CARTESIAN_POINT('',(-27.3,-87.12245959941,69.730443556886));
#8542 = CARTESIAN_POINT('',(-27.3,-87.1144221804,69.720727860902));
#8543 = CARTESIAN_POINT('',(-27.3,-87.10744699734,69.712296691308));
#8544 = CARTESIAN_POINT('',(-27.3,-87.10153894946,69.705153986911));
#8545 = CARTESIAN_POINT('',(-27.3,-87.09669861587,69.6993060771));
#8546 = CARTESIAN_POINT('',(-27.3,-87.09293606239,69.694750107001));
#8547 = CARTESIAN_POINT('',(-27.3,-87.09005546328,69.69128694577));
#8548 = CARTESIAN_POINT('',(-27.3,-87.08830673583,69.689133400915));
#8549 = CARTESIAN_POINT('',(-27.3,-87.08695050941,69.687551843776));
#8550 = CARTESIAN_POINT('',(-27.3,-87.08550016221,69.685961531563));
#8551 = CARTESIAN_POINT('',(-27.3,-87.08302142612,69.683369994591));
#8552 = CARTESIAN_POINT('',(-27.3,-87.07945104323,69.67984207636));
#8553 = CARTESIAN_POINT('',(-27.3,-87.07474046387,69.675435134285));
#8554 = CARTESIAN_POINT('',(-27.3,-87.06883838154,69.670213784456));
#8555 = CARTESIAN_POINT('',(-27.3,-87.06169877281,69.664243055255));
#8556 = CARTESIAN_POINT('',(-27.3,-87.05327791545,69.657590855959));
#8557 = CARTESIAN_POINT('',(-27.3,-87.04353561448,69.650326874663));
#8558 = CARTESIAN_POINT('',(-27.3,-87.0324349053,69.642522754764));
#8559 = CARTESIAN_POINT('',(-27.3,-87.01994226667,69.634251830233));
#8560 = CARTESIAN_POINT('',(-27.3,-87.00602765513,69.625589002265));
#8561 = CARTESIAN_POINT('',(-27.3,-86.99066458639,69.616610566681));
#8562 = CARTESIAN_POINT('',(-27.3,-86.97383019451,69.607394051002));
#8563 = CARTESIAN_POINT('',(-27.3,-86.95550527779,69.598018053428));
#8564 = CARTESIAN_POINT('',(-27.3,-86.93567438075,69.588562043485));
#8565 = CARTESIAN_POINT('',(-27.3,-86.91432568219,69.5791063146));
#8566 = CARTESIAN_POINT('',(-27.3,-86.89145163811,69.569731304471));
#8567 = CARTESIAN_POINT('',(-27.3,-86.87560540309,69.563750070528));
#8568 = CARTESIAN_POINT('',(-27.3,-86.86742999449,69.560790051759));
#8569 = ORIENTED_EDGE('',*,*,#8570,.F.);
#8570 = EDGE_CURVE('',#3628,#8526,#8571,.T.);
#8571 = LINE('',#8572,#8573);
#8572 = CARTESIAN_POINT('',(-32.8,-86.86742999449,69.560790051759));
#8573 = VECTOR('',#8574,1.);
#8574 = DIRECTION('',(1.,0.,0.));
#8575 = SURFACE_OF_LINEAR_EXTRUSION('',#8576,#8617);
#8576 = B_SPLINE_CURVE_WITH_KNOTS('',3,(#8577,#8578,#8579,#8580,#8581,
    #8582,#8583,#8584,#8585,#8586,#8587,#8588,#8589,#8590,#8591,#8592,
    #8593,#8594,#8595,#8596,#8597,#8598,#8599,#8600,#8601,#8602,#8603,
    #8604,#8605,#8606,#8607,#8608,#8609,#8610,#8611,#8612,#8613,#8614,
    #8615,#8616),.UNSPECIFIED.,.F.,.F.,(4,1,1,1,1,1,1,1,1,1,1,1,1,1,1,1,
    1,1,1,1,1,1,1,1,1,1,1,1,1,1,1,1,1,1,1,1,1,4),(0.,3.027818324443E-02,
    5.901791423488E-02,8.620299875927E-02,0.111818118615,0.13584884024,
    0.158281622847,0.179103826051,0.198303716995,0.215870476958,
    0.231794207455,0.24606593581,0.258677620215,0.269622154261,
    0.278893370941,0.286486046128,0.292395901513,0.296619607022,0.3,
    0.300717464676,0.302869617863,0.306455803849,0.311474923651,
    0.317925438527,0.32580537074,0.335112304229,0.345843385374,
    0.357995323877,0.371564393779,0.386546434601,0.402936852624,
    0.420730622298,0.439922287779,0.460505964609,0.482475341515,
    0.505823682349,0.530543828147,0.556628199332),.UNSPECIFIED.);
#8577 = CARTESIAN_POINT('',(-32.8,-87.27895522767,69.919614244505));
#8578 = CARTESIAN_POINT('',(-32.8,-87.27252188089,69.91183766412));
#8579 = CARTESIAN_POINT('',(-32.8,-87.25998206943,69.89667963596));
#8580 = CARTESIAN_POINT('',(-32.8,-87.2416661163,69.874539451923));
#8581 = CARTESIAN_POINT('',(-32.8,-87.22434094599,69.853596918585));
#8582 = CARTESIAN_POINT('',(-32.8,-87.20801632086,69.8338638366));
#8583 = CARTESIAN_POINT('',(-32.8,-87.19270143947,69.815351325153));
#8584 = CARTESIAN_POINT('',(-32.8,-87.17840493149,69.798069815565));
#8585 = CARTESIAN_POINT('',(-32.8,-87.16513485241,69.782029045844));
#8586 = CARTESIAN_POINT('',(-32.8,-87.15289868062,69.76723805377));
#8587 = CARTESIAN_POINT('',(-32.8,-87.14170330763,69.753705176514));
#8588 = CARTESIAN_POINT('',(-32.8,-87.13155505251,69.741438030586));
#8589 = CARTESIAN_POINT('',(-32.8,-87.12245959941,69.730443556886));
#8590 = CARTESIAN_POINT('',(-32.8,-87.1144221804,69.720727860902));
#8591 = CARTESIAN_POINT('',(-32.8,-87.10744699734,69.712296691308));
#8592 = CARTESIAN_POINT('',(-32.8,-87.10153894946,69.705153986911));
#8593 = CARTESIAN_POINT('',(-32.8,-87.09669861587,69.6993060771));
#8594 = CARTESIAN_POINT('',(-32.8,-87.09293606239,69.694750107001));
#8595 = CARTESIAN_POINT('',(-32.8,-87.09005546328,69.69128694577));
#8596 = CARTESIAN_POINT('',(-32.8,-87.08830673583,69.689133400915));
#8597 = CARTESIAN_POINT('',(-32.8,-87.08695050941,69.687551843776));
#8598 = CARTESIAN_POINT('',(-32.8,-87.08550016221,69.685961531563));
#8599 = CARTESIAN_POINT('',(-32.8,-87.08302142612,69.683369994591));
#8600 = CARTESIAN_POINT('',(-32.8,-87.07945104323,69.67984207636));
#8601 = CARTESIAN_POINT('',(-32.8,-87.07474046387,69.675435134285));
#8602 = CARTESIAN_POINT('',(-32.8,-87.06883838154,69.670213784456));
#8603 = CARTESIAN_POINT('',(-32.8,-87.06169877281,69.664243055255));
#8604 = CARTESIAN_POINT('',(-32.8,-87.05327791545,69.657590855959));
#8605 = CARTESIAN_POINT('',(-32.8,-87.04353561448,69.650326874663));
#8606 = CARTESIAN_POINT('',(-32.8,-87.0324349053,69.642522754764));
#8607 = CARTESIAN_POINT('',(-32.8,-87.01994226667,69.634251830233));
#8608 = CARTESIAN_POINT('',(-32.8,-87.00602765513,69.625589002265));
#8609 = CARTESIAN_POINT('',(-32.8,-86.99066458639,69.616610566681));
#8610 = CARTESIAN_POINT('',(-32.8,-86.97383019451,69.607394051002));
#8611 = CARTESIAN_POINT('',(-32.8,-86.95550527779,69.598018053428));
#8612 = CARTESIAN_POINT('',(-32.8,-86.93567438075,69.588562043485));
#8613 = CARTESIAN_POINT('',(-32.8,-86.91432568219,69.5791063146));
#8614 = CARTESIAN_POINT('',(-32.8,-86.89145163811,69.569731304471));
#8615 = CARTESIAN_POINT('',(-32.8,-86.87560540309,69.563750070528));
#8616 = CARTESIAN_POINT('',(-32.8,-86.86742999449,69.560790051759));
#8617 = VECTOR('',#8618,1.);
#8618 = DIRECTION('',(-1.,-0.,0.));
#8619 = ADVANCED_FACE('',(#8620),#8637,.T.);
#8620 = FACE_BOUND('',#8621,.T.);
#8621 = EDGE_LOOP('',(#8622,#8623,#8624,#8631));
#8622 = ORIENTED_EDGE('',*,*,#3627,.T.);
#8623 = ORIENTED_EDGE('',*,*,#8570,.T.);
#8624 = ORIENTED_EDGE('',*,*,#8625,.T.);
#8625 = EDGE_CURVE('',#8526,#8626,#8628,.T.);
#8626 = VERTEX_POINT('',#8627);
#8627 = CARTESIAN_POINT('',(-27.3,-86.69950845398,69.718478874365));
#8628 = B_SPLINE_CURVE_WITH_KNOTS('',1,(#8629,#8630),.UNSPECIFIED.,.F.,
  .F.,(2,2),(0.,0.230354962047),.PIECEWISE_BEZIER_KNOTS.);
#8629 = CARTESIAN_POINT('',(-27.3,-86.86742999449,69.560790051759));
#8630 = CARTESIAN_POINT('',(-27.3,-86.69950845398,69.718478874365));
#8631 = ORIENTED_EDGE('',*,*,#8632,.F.);
#8632 = EDGE_CURVE('',#3573,#8626,#8633,.T.);
#8633 = LINE('',#8634,#8635);
#8634 = CARTESIAN_POINT('',(-32.8,-86.69950845398,69.718478874365));
#8635 = VECTOR('',#8636,1.);
#8636 = DIRECTION('',(1.,0.,0.));
#8637 = SURFACE_OF_LINEAR_EXTRUSION('',#8638,#8641);
#8638 = B_SPLINE_CURVE_WITH_KNOTS('',1,(#8639,#8640),.UNSPECIFIED.,.F.,
  .F.,(2,2),(0.,0.230354962047),.PIECEWISE_BEZIER_KNOTS.);
#8639 = CARTESIAN_POINT('',(-32.8,-86.86742999449,69.560790051759));
#8640 = CARTESIAN_POINT('',(-32.8,-86.69950845398,69.718478874365));
#8641 = VECTOR('',#8642,1.);
#8642 = DIRECTION('',(-1.,-0.,0.));
#8643 = ADVANCED_FACE('',(#8644),#8699,.T.);
#8644 = FACE_BOUND('',#8645,.T.);
#8645 = EDGE_LOOP('',(#8646,#8647,#8648,#8693));
#8646 = ORIENTED_EDGE('',*,*,#3572,.T.);
#8647 = ORIENTED_EDGE('',*,*,#8632,.T.);
#8648 = ORIENTED_EDGE('',*,*,#8649,.T.);
#8649 = EDGE_CURVE('',#8626,#8650,#8652,.T.);
#8650 = VERTEX_POINT('',#8651);
#8651 = CARTESIAN_POINT('',(-27.3,-87.03178470596,70.151722813993));
#8652 = B_SPLINE_CURVE_WITH_KNOTS('',3,(#8653,#8654,#8655,#8656,#8657,
    #8658,#8659,#8660,#8661,#8662,#8663,#8664,#8665,#8666,#8667,#8668,
    #8669,#8670,#8671,#8672,#8673,#8674,#8675,#8676,#8677,#8678,#8679,
    #8680,#8681,#8682,#8683,#8684,#8685,#8686,#8687,#8688,#8689,#8690,
    #8691,#8692),.UNSPECIFIED.,.F.,.F.,(4,1,1,1,1,1,1,1,1,1,1,1,1,1,1,1,
    1,1,1,1,1,1,1,1,1,1,1,1,1,1,1,1,1,1,1,1,1,4),(0.,2.608437118449E-02,
    5.080451698287E-02,7.415285781629E-02,9.612223472286E-02,
    0.116705911553,0.135897577034,0.153691346707,0.170081764731,
    0.185063805553,0.198632875455,0.210784813958,0.221515895103,
    0.230822828592,0.238702760805,0.245153275681,0.250172395482,
    0.253758581468,0.255910734655,0.256628199332,0.260008592309,
    0.264232297819,0.270142153204,0.27773482839,0.287006045071,
    0.297950579117,0.310562263522,0.324833991877,0.340757722373,
    0.358324482337,0.377524373281,0.398346576485,0.420779359092,
    0.444810080717,0.470425200572,0.497610285097,0.526350016087,
    0.556628199332),.UNSPECIFIED.);
#8653 = CARTESIAN_POINT('',(-27.3,-86.69950845398,69.718478874365));
#8654 = CARTESIAN_POINT('',(-27.3,-86.70194929368,69.726824011786));
#8655 = CARTESIAN_POINT('',(-27.3,-86.70692373169,69.743014542671));
#8656 = CARTESIAN_POINT('',(-27.3,-86.71484396927,69.766432111799));
#8657 = CARTESIAN_POINT('',(-27.3,-86.72294054356,69.788332413711));
#8658 = CARTESIAN_POINT('',(-27.3,-86.7311327019,69.808717926786));
#8659 = CARTESIAN_POINT('',(-27.3,-86.73933956704,69.827595407227));
#8660 = CARTESIAN_POINT('',(-27.3,-86.74748085582,69.84497529009));
#8661 = CARTESIAN_POINT('',(-27.3,-86.75547691944,69.860871803951));
#8662 = CARTESIAN_POINT('',(-27.3,-86.76324894761,69.875302901655));
#8663 = CARTESIAN_POINT('',(-27.3,-86.77071913209,69.888290224561));
#8664 = CARTESIAN_POINT('',(-27.3,-86.77781083305,69.899859053769));
#8665 = CARTESIAN_POINT('',(-27.3,-86.7844487564,69.910038239699));
#8666 = CARTESIAN_POINT('',(-27.3,-86.79055907909,69.918860175469));
#8667 = CARTESIAN_POINT('',(-27.3,-86.79606972668,69.926360600995));
#8668 = CARTESIAN_POINT('',(-27.3,-86.80091017855,69.932578888192));
#8669 = CARTESIAN_POINT('',(-27.3,-86.8050126448,69.937556886481));
#8670 = CARTESIAN_POINT('',(-27.3,-86.8083094153,69.941341743851));
#8671 = CARTESIAN_POINT('',(-27.3,-86.81074019734,69.943978312676));
#8672 = CARTESIAN_POINT('',(-27.3,-86.81223630338,69.945525654479));
#8673 = CARTESIAN_POINT('',(-27.3,-86.81372958151,69.946978511483));
#8674 = CARTESIAN_POINT('',(-27.3,-86.81576907334,69.948859010421));
#8675 = CARTESIAN_POINT('',(-27.3,-86.81904452649,69.95195137902));
#8676 = CARTESIAN_POINT('',(-27.3,-86.82335525374,69.955992579692));
#8677 = CARTESIAN_POINT('',(-27.3,-86.82888769698,69.961190555283));
#8678 = CARTESIAN_POINT('',(-27.3,-86.83564533748,69.967535439101));
#8679 = CARTESIAN_POINT('',(-27.3,-86.84362189472,69.97502625575));
#8680 = CARTESIAN_POINT('',(-27.3,-86.85281374528,69.983657868348));
#8681 = CARTESIAN_POINT('',(-27.3,-86.86321541567,69.993425722366));
#8682 = CARTESIAN_POINT('',(-27.3,-86.87482114098,70.00432421269));
#8683 = CARTESIAN_POINT('',(-27.3,-86.88762435091,70.016347230554));
#8684 = CARTESIAN_POINT('',(-27.3,-86.90161784075,70.029487991132));
#8685 = CARTESIAN_POINT('',(-27.3,-86.91679372252,70.043739093013));
#8686 = CARTESIAN_POINT('',(-27.3,-86.93314344583,70.059092505061));
#8687 = CARTESIAN_POINT('',(-27.3,-86.95065779771,70.075539576249));
#8688 = CARTESIAN_POINT('',(-27.3,-86.96932690927,70.093071038925));
#8689 = CARTESIAN_POINT('',(-27.3,-86.98914026086,70.111677014518));
#8690 = CARTESIAN_POINT('',(-27.3,-87.01008668809,70.131347018959));
#8691 = CARTESIAN_POINT('',(-27.3,-87.02442742406,70.144813866422));
#8692 = CARTESIAN_POINT('',(-27.3,-87.03178470596,70.151722813993));
#8693 = ORIENTED_EDGE('',*,*,#8694,.F.);
#8694 = EDGE_CURVE('',#3563,#8650,#8695,.T.);
#8695 = LINE('',#8696,#8697);
#8696 = CARTESIAN_POINT('',(-32.8,-87.03178470596,70.151722813993));
#8697 = VECTOR('',#8698,1.);
#8698 = DIRECTION('',(1.,0.,0.));
#8699 = SURFACE_OF_LINEAR_EXTRUSION('',#8700,#8741);
#8700 = B_SPLINE_CURVE_WITH_KNOTS('',3,(#8701,#8702,#8703,#8704,#8705,
    #8706,#8707,#8708,#8709,#8710,#8711,#8712,#8713,#8714,#8715,#8716,
    #8717,#8718,#8719,#8720,#8721,#8722,#8723,#8724,#8725,#8726,#8727,
    #8728,#8729,#8730,#8731,#8732,#8733,#8734,#8735,#8736,#8737,#8738,
    #8739,#8740),.UNSPECIFIED.,.F.,.F.,(4,1,1,1,1,1,1,1,1,1,1,1,1,1,1,1,
    1,1,1,1,1,1,1,1,1,1,1,1,1,1,1,1,1,1,1,1,1,4),(0.,2.608437118449E-02,
    5.080451698287E-02,7.415285781629E-02,9.612223472286E-02,
    0.116705911553,0.135897577034,0.153691346707,0.170081764731,
    0.185063805553,0.198632875455,0.210784813958,0.221515895103,
    0.230822828592,0.238702760805,0.245153275681,0.250172395482,
    0.253758581468,0.255910734655,0.256628199332,0.260008592309,
    0.264232297819,0.270142153204,0.27773482839,0.287006045071,
    0.297950579117,0.310562263522,0.324833991877,0.340757722373,
    0.358324482337,0.377524373281,0.398346576485,0.420779359092,
    0.444810080717,0.470425200572,0.497610285097,0.526350016087,
    0.556628199332),.UNSPECIFIED.);
#8701 = CARTESIAN_POINT('',(-32.8,-86.69950845398,69.718478874365));
#8702 = CARTESIAN_POINT('',(-32.8,-86.70194929368,69.726824011786));
#8703 = CARTESIAN_POINT('',(-32.8,-86.70692373169,69.743014542671));
#8704 = CARTESIAN_POINT('',(-32.8,-86.71484396927,69.766432111799));
#8705 = CARTESIAN_POINT('',(-32.8,-86.72294054356,69.788332413711));
#8706 = CARTESIAN_POINT('',(-32.8,-86.7311327019,69.808717926786));
#8707 = CARTESIAN_POINT('',(-32.8,-86.73933956704,69.827595407227));
#8708 = CARTESIAN_POINT('',(-32.8,-86.74748085582,69.84497529009));
#8709 = CARTESIAN_POINT('',(-32.8,-86.75547691944,69.860871803951));
#8710 = CARTESIAN_POINT('',(-32.8,-86.76324894761,69.875302901655));
#8711 = CARTESIAN_POINT('',(-32.8,-86.77071913209,69.888290224561));
#8712 = CARTESIAN_POINT('',(-32.8,-86.77781083305,69.899859053769));
#8713 = CARTESIAN_POINT('',(-32.8,-86.7844487564,69.910038239699));
#8714 = CARTESIAN_POINT('',(-32.8,-86.79055907909,69.918860175469));
#8715 = CARTESIAN_POINT('',(-32.8,-86.79606972668,69.926360600995));
#8716 = CARTESIAN_POINT('',(-32.8,-86.80091017855,69.932578888192));
#8717 = CARTESIAN_POINT('',(-32.8,-86.8050126448,69.937556886481));
#8718 = CARTESIAN_POINT('',(-32.8,-86.8083094153,69.941341743851));
#8719 = CARTESIAN_POINT('',(-32.8,-86.81074019734,69.943978312676));
#8720 = CARTESIAN_POINT('',(-32.8,-86.81223630338,69.945525654479));
#8721 = CARTESIAN_POINT('',(-32.8,-86.81372958151,69.946978511483));
#8722 = CARTESIAN_POINT('',(-32.8,-86.81576907334,69.948859010421));
#8723 = CARTESIAN_POINT('',(-32.8,-86.81904452649,69.95195137902));
#8724 = CARTESIAN_POINT('',(-32.8,-86.82335525374,69.955992579692));
#8725 = CARTESIAN_POINT('',(-32.8,-86.82888769698,69.961190555283));
#8726 = CARTESIAN_POINT('',(-32.8,-86.83564533748,69.967535439101));
#8727 = CARTESIAN_POINT('',(-32.8,-86.84362189472,69.97502625575));
#8728 = CARTESIAN_POINT('',(-32.8,-86.85281374528,69.983657868348));
#8729 = CARTESIAN_POINT('',(-32.8,-86.86321541567,69.993425722366));
#8730 = CARTESIAN_POINT('',(-32.8,-86.87482114098,70.00432421269));
#8731 = CARTESIAN_POINT('',(-32.8,-86.88762435091,70.016347230554));
#8732 = CARTESIAN_POINT('',(-32.8,-86.90161784075,70.029487991132));
#8733 = CARTESIAN_POINT('',(-32.8,-86.91679372252,70.043739093013));
#8734 = CARTESIAN_POINT('',(-32.8,-86.93314344583,70.059092505061));
#8735 = CARTESIAN_POINT('',(-32.8,-86.95065779771,70.075539576249));
#8736 = CARTESIAN_POINT('',(-32.8,-86.96932690927,70.093071038925));
#8737 = CARTESIAN_POINT('',(-32.8,-86.98914026086,70.111677014518));
#8738 = CARTESIAN_POINT('',(-32.8,-87.01008668809,70.131347018959));
#8739 = CARTESIAN_POINT('',(-32.8,-87.02442742406,70.144813866422));
#8740 = CARTESIAN_POINT('',(-32.8,-87.03178470596,70.151722813993));
#8741 = VECTOR('',#8742,1.);
#8742 = DIRECTION('',(-1.,-0.,0.));
#8743 = ADVANCED_FACE('',(#8744),#8761,.T.);
#8744 = FACE_BOUND('',#8745,.T.);
#8745 = EDGE_LOOP('',(#8746,#8747,#8748,#8755));
#8746 = ORIENTED_EDGE('',*,*,#3562,.T.);
#8747 = ORIENTED_EDGE('',*,*,#8694,.T.);
#8748 = ORIENTED_EDGE('',*,*,#8749,.T.);
#8749 = EDGE_CURVE('',#8650,#8750,#8752,.T.);
#8750 = VERTEX_POINT('',#8751);
#8751 = CARTESIAN_POINT('',(-27.3,-86.81565411518,70.41297981881));
#8752 = B_SPLINE_CURVE_WITH_KNOTS('',1,(#8753,#8754),.UNSPECIFIED.,.F.,
  .F.,(2,2),(0.,0.339068805458),.PIECEWISE_BEZIER_KNOTS.);
#8753 = CARTESIAN_POINT('',(-27.3,-87.03178470596,70.151722813993));
#8754 = CARTESIAN_POINT('',(-27.3,-86.81565411518,70.41297981881));
#8755 = ORIENTED_EDGE('',*,*,#8756,.F.);
#8756 = EDGE_CURVE('',#3501,#8750,#8757,.T.);
#8757 = LINE('',#8758,#8759);
#8758 = CARTESIAN_POINT('',(-32.8,-86.81565411518,70.41297981881));
#8759 = VECTOR('',#8760,1.);
#8760 = DIRECTION('',(1.,0.,0.));
#8761 = SURFACE_OF_LINEAR_EXTRUSION('',#8762,#8765);
#8762 = B_SPLINE_CURVE_WITH_KNOTS('',1,(#8763,#8764),.UNSPECIFIED.,.F.,
  .F.,(2,2),(0.,0.339068805458),.PIECEWISE_BEZIER_KNOTS.);
#8763 = CARTESIAN_POINT('',(-32.8,-87.03178470596,70.151722813993));
#8764 = CARTESIAN_POINT('',(-32.8,-86.81565411518,70.41297981881));
#8765 = VECTOR('',#8766,1.);
#8766 = DIRECTION('',(-1.,-0.,0.));
#8767 = ADVANCED_FACE('',(#8768),#8823,.T.);
#8768 = FACE_BOUND('',#8769,.T.);
#8769 = EDGE_LOOP('',(#8770,#8771,#8772,#8817));
#8770 = ORIENTED_EDGE('',*,*,#3500,.T.);
#8771 = ORIENTED_EDGE('',*,*,#8756,.T.);
#8772 = ORIENTED_EDGE('',*,*,#8773,.T.);
#8773 = EDGE_CURVE('',#8750,#8774,#8776,.T.);
#8774 = VERTEX_POINT('',#8775);
#8775 = CARTESIAN_POINT('',(-27.3,-86.32782175593,70.167770911718));
#8776 = B_SPLINE_CURVE_WITH_KNOTS('',3,(#8777,#8778,#8779,#8780,#8781,
    #8782,#8783,#8784,#8785,#8786,#8787,#8788,#8789,#8790,#8791,#8792,
    #8793,#8794,#8795,#8796,#8797,#8798,#8799,#8800,#8801,#8802,#8803,
    #8804,#8805,#8806,#8807,#8808,#8809,#8810,#8811,#8812,#8813,#8814,
    #8815,#8816),.UNSPECIFIED.,.F.,.F.,(4,1,1,1,1,1,1,1,1,1,1,1,1,1,1,1,
    1,1,1,1,1,1,1,1,1,1,1,1,1,1,1,1,1,1,1,1,1,4),(0.,3.027818324443E-02,
    5.901791423488E-02,8.620299875927E-02,0.111818118615,0.13584884024,
    0.158281622847,0.179103826051,0.198303716995,0.215870476958,
    0.231794207455,0.24606593581,0.258677620215,0.269622154261,
    0.278893370941,0.286486046128,0.292395901513,0.296619607022,0.3,
    0.300717464676,0.302869617863,0.306455803849,0.311474923651,
    0.317925438527,0.32580537074,0.335112304229,0.345843385374,
    0.357995323877,0.371564393779,0.386546434601,0.402936852624,
    0.420730622298,0.439922287779,0.460505964609,0.482475341515,
    0.505823682349,0.530543828147,0.556628199332),.UNSPECIFIED.);
#8777 = CARTESIAN_POINT('',(-27.3,-86.81565411518,70.41297981881));
#8778 = CARTESIAN_POINT('',(-27.3,-86.80748892692,70.407047462285));
#8779 = CARTESIAN_POINT('',(-27.3,-86.79157342839,70.395484175749));
#8780 = CARTESIAN_POINT('',(-27.3,-86.76832686473,70.378594558623));
#8781 = CARTESIAN_POINT('',(-27.3,-86.74633780025,70.36261856813));
#8782 = CARTESIAN_POINT('',(-27.3,-86.72561862531,70.347565206383));
#8783 = CARTESIAN_POINT('',(-27.3,-86.70618101469,70.333442955652));
#8784 = CARTESIAN_POINT('',(-27.3,-86.68803592114,70.320259773422));
#8785 = CARTESIAN_POINT('',(-27.3,-86.67119356878,70.308023088448));
#8786 = CARTESIAN_POINT('',(-27.3,-86.65566344867,70.296739794772));
#8787 = CARTESIAN_POINT('',(-27.3,-86.6414543092,70.286416253783));
#8788 = CARTESIAN_POINT('',(-27.3,-86.62857416504,70.277058271223));
#8789 = CARTESIAN_POINT('',(-27.3,-86.6170302479,70.268671156338));
#8790 = CARTESIAN_POINT('',(-27.3,-86.60682914385,70.261259521635));
#8791 = CARTESIAN_POINT('',(-27.3,-86.59797635237,70.254827890226));
#8792 = CARTESIAN_POINT('',(-27.3,-86.59047759833,70.249378858784));
#8793 = CARTESIAN_POINT('',(-27.3,-86.58433501669,70.244918413827));
#8794 = CARTESIAN_POINT('',(-27.3,-86.57955764706,70.241441286908));
#8795 = CARTESIAN_POINT('',(-27.3,-86.57590629409,70.238803303122));
#8796 = CARTESIAN_POINT('',(-27.3,-86.5736769413,70.237152306672));
#8797 = CARTESIAN_POINT('',(-27.3,-86.57197000597,70.235957716853));
#8798 = CARTESIAN_POINT('',(-27.3,-86.57016972952,70.234778053903));
#8799 = CARTESIAN_POINT('',(-27.3,-86.56712437845,70.23288437143));
#8800 = CARTESIAN_POINT('',(-27.3,-86.56278880812,70.230355207355));
#8801 = CARTESIAN_POINT('',(-27.3,-86.55713025834,70.227258190918));
#8802 = CARTESIAN_POINT('',(-27.3,-86.55011510387,70.223668667587));
#8803 = CARTESIAN_POINT('',(-27.3,-86.54171493912,70.219661068311));
#8804 = CARTESIAN_POINT('',(-27.3,-86.53190430378,70.215312042155));
#8805 = CARTESIAN_POINT('',(-27.3,-86.52066159642,70.210699083919));
#8806 = CARTESIAN_POINT('',(-27.3,-86.50796883073,70.205900778911));
#8807 = CARTESIAN_POINT('',(-27.3,-86.49381177603,70.200996493573));
#8808 = CARTESIAN_POINT('',(-27.3,-86.47817995989,70.196066247451));
#8809 = CARTESIAN_POINT('',(-27.3,-86.46106670408,70.19119052576));
#8810 = CARTESIAN_POINT('',(-27.3,-86.44246914133,70.186450106887));
#8811 = CARTESIAN_POINT('',(-27.3,-86.42238821979,70.18192589499));
#8812 = CARTESIAN_POINT('',(-27.3,-86.4008287328,70.177698706535));
#8813 = CARTESIAN_POINT('',(-27.3,-86.37779919871,70.173849252197));
#8814 = CARTESIAN_POINT('',(-27.3,-86.35331231458,70.17045731869));
#8815 = CARTESIAN_POINT('',(-27.3,-86.33647644578,70.16860479461));
#8816 = CARTESIAN_POINT('',(-27.3,-86.32782175593,70.167770911718));
#8817 = ORIENTED_EDGE('',*,*,#8818,.F.);
#8818 = EDGE_CURVE('',#3491,#8774,#8819,.T.);
#8819 = LINE('',#8820,#8821);
#8820 = CARTESIAN_POINT('',(-32.8,-86.32782175593,70.167770911718));
#8821 = VECTOR('',#8822,1.);
#8822 = DIRECTION('',(1.,0.,0.));
#8823 = SURFACE_OF_LINEAR_EXTRUSION('',#8824,#8865);
#8824 = B_SPLINE_CURVE_WITH_KNOTS('',3,(#8825,#8826,#8827,#8828,#8829,
    #8830,#8831,#8832,#8833,#8834,#8835,#8836,#8837,#8838,#8839,#8840,
    #8841,#8842,#8843,#8844,#8845,#8846,#8847,#8848,#8849,#8850,#8851,
    #8852,#8853,#8854,#8855,#8856,#8857,#8858,#8859,#8860,#8861,#8862,
    #8863,#8864),.UNSPECIFIED.,.F.,.F.,(4,1,1,1,1,1,1,1,1,1,1,1,1,1,1,1,
    1,1,1,1,1,1,1,1,1,1,1,1,1,1,1,1,1,1,1,1,1,4),(0.,3.027818324443E-02,
    5.901791423488E-02,8.620299875927E-02,0.111818118615,0.13584884024,
    0.158281622847,0.179103826051,0.198303716995,0.215870476958,
    0.231794207455,0.24606593581,0.258677620215,0.269622154261,
    0.278893370941,0.286486046128,0.292395901513,0.296619607022,0.3,
    0.300717464676,0.302869617863,0.306455803849,0.311474923651,
    0.317925438527,0.32580537074,0.335112304229,0.345843385374,
    0.357995323877,0.371564393779,0.386546434601,0.402936852624,
    0.420730622298,0.439922287779,0.460505964609,0.482475341515,
    0.505823682349,0.530543828147,0.556628199332),.UNSPECIFIED.);
#8825 = CARTESIAN_POINT('',(-32.8,-86.81565411518,70.41297981881));
#8826 = CARTESIAN_POINT('',(-32.8,-86.80748892692,70.407047462285));
#8827 = CARTESIAN_POINT('',(-32.8,-86.79157342839,70.395484175749));
#8828 = CARTESIAN_POINT('',(-32.8,-86.76832686473,70.378594558623));
#8829 = CARTESIAN_POINT('',(-32.8,-86.74633780025,70.36261856813));
#8830 = CARTESIAN_POINT('',(-32.8,-86.72561862531,70.347565206383));
#8831 = CARTESIAN_POINT('',(-32.8,-86.70618101469,70.333442955652));
#8832 = CARTESIAN_POINT('',(-32.8,-86.68803592114,70.320259773422));
#8833 = CARTESIAN_POINT('',(-32.8,-86.67119356878,70.308023088448));
#8834 = CARTESIAN_POINT('',(-32.8,-86.65566344867,70.296739794772));
#8835 = CARTESIAN_POINT('',(-32.8,-86.6414543092,70.286416253783));
#8836 = CARTESIAN_POINT('',(-32.8,-86.62857416504,70.277058271223));
#8837 = CARTESIAN_POINT('',(-32.8,-86.6170302479,70.268671156338));
#8838 = CARTESIAN_POINT('',(-32.8,-86.60682914385,70.261259521635));
#8839 = CARTESIAN_POINT('',(-32.8,-86.59797635237,70.254827890226));
#8840 = CARTESIAN_POINT('',(-32.8,-86.59047759833,70.249378858784));
#8841 = CARTESIAN_POINT('',(-32.8,-86.58433501669,70.244918413827));
#8842 = CARTESIAN_POINT('',(-32.8,-86.57955764706,70.241441286908));
#8843 = CARTESIAN_POINT('',(-32.8,-86.57590629409,70.238803303122));
#8844 = CARTESIAN_POINT('',(-32.8,-86.5736769413,70.237152306672));
#8845 = CARTESIAN_POINT('',(-32.8,-86.57197000597,70.235957716853));
#8846 = CARTESIAN_POINT('',(-32.8,-86.57016972952,70.234778053903));
#8847 = CARTESIAN_POINT('',(-32.8,-86.56712437845,70.23288437143));
#8848 = CARTESIAN_POINT('',(-32.8,-86.56278880812,70.230355207355));
#8849 = CARTESIAN_POINT('',(-32.8,-86.55713025834,70.227258190918));
#8850 = CARTESIAN_POINT('',(-32.8,-86.55011510387,70.223668667587));
#8851 = CARTESIAN_POINT('',(-32.8,-86.54171493912,70.219661068311));
#8852 = CARTESIAN_POINT('',(-32.8,-86.53190430378,70.215312042155));
#8853 = CARTESIAN_POINT('',(-32.8,-86.52066159642,70.210699083919));
#8854 = CARTESIAN_POINT('',(-32.8,-86.50796883073,70.205900778911));
#8855 = CARTESIAN_POINT('',(-32.8,-86.49381177603,70.200996493573));
#8856 = CARTESIAN_POINT('',(-32.8,-86.47817995989,70.196066247451));
#8857 = CARTESIAN_POINT('',(-32.8,-86.46106670408,70.19119052576));
#8858 = CARTESIAN_POINT('',(-32.8,-86.44246914133,70.186450106887));
#8859 = CARTESIAN_POINT('',(-32.8,-86.42238821979,70.18192589499));
#8860 = CARTESIAN_POINT('',(-32.8,-86.4008287328,70.177698706535));
#8861 = CARTESIAN_POINT('',(-32.8,-86.37779919871,70.173849252197));
#8862 = CARTESIAN_POINT('',(-32.8,-86.35331231458,70.17045731869));
#8863 = CARTESIAN_POINT('',(-32.8,-86.33647644578,70.16860479461));
#8864 = CARTESIAN_POINT('',(-32.8,-86.32782175593,70.167770911718));
#8865 = VECTOR('',#8866,1.);
#8866 = DIRECTION('',(-1.,-0.,0.));
#8867 = ADVANCED_FACE('',(#8868),#8885,.T.);
#8868 = FACE_BOUND('',#8869,.T.);
#8869 = EDGE_LOOP('',(#8870,#8871,#8872,#8879));
#8870 = ORIENTED_EDGE('',*,*,#3490,.T.);
#8871 = ORIENTED_EDGE('',*,*,#8818,.T.);
#8872 = ORIENTED_EDGE('',*,*,#8873,.T.);
#8873 = EDGE_CURVE('',#8774,#8874,#8876,.T.);
#8874 = VERTEX_POINT('',#8875);
#8875 = CARTESIAN_POINT('',(-27.3,-86.20439139491,70.362266038953));
#8876 = B_SPLINE_CURVE_WITH_KNOTS('',1,(#8877,#8878),.UNSPECIFIED.,.F.,
  .F.,(2,2),(0.,0.230354962047),.PIECEWISE_BEZIER_KNOTS.);
#8877 = CARTESIAN_POINT('',(-27.3,-86.32782175593,70.167770911718));
#8878 = CARTESIAN_POINT('',(-27.3,-86.20439139491,70.362266038953));
#8879 = ORIENTED_EDGE('',*,*,#8880,.F.);
#8880 = EDGE_CURVE('',#3436,#8874,#8881,.T.);
#8881 = LINE('',#8882,#8883);
#8882 = CARTESIAN_POINT('',(-32.8,-86.20439139491,70.362266038953));
#8883 = VECTOR('',#8884,1.);
#8884 = DIRECTION('',(1.,0.,0.));
#8885 = SURFACE_OF_LINEAR_EXTRUSION('',#8886,#8889);
#8886 = B_SPLINE_CURVE_WITH_KNOTS('',1,(#8887,#8888),.UNSPECIFIED.,.F.,
  .F.,(2,2),(0.,0.230354962047),.PIECEWISE_BEZIER_KNOTS.);
#8887 = CARTESIAN_POINT('',(-32.8,-86.32782175593,70.167770911718));
#8888 = CARTESIAN_POINT('',(-32.8,-86.20439139491,70.362266038953));
#8889 = VECTOR('',#8890,1.);
#8890 = DIRECTION('',(-1.,-0.,0.));
#8891 = ADVANCED_FACE('',(#8892),#8947,.T.);
#8892 = FACE_BOUND('',#8893,.T.);
#8893 = EDGE_LOOP('',(#8894,#8895,#8896,#8941));
#8894 = ORIENTED_EDGE('',*,*,#3435,.T.);
#8895 = ORIENTED_EDGE('',*,*,#8880,.T.);
#8896 = ORIENTED_EDGE('',*,*,#8897,.T.);
#8897 = EDGE_CURVE('',#8874,#8898,#8900,.T.);
#8898 = VERTEX_POINT('',#8899);
#8899 = CARTESIAN_POINT('',(-27.3,-86.63397196388,70.699265079925));
#8900 = B_SPLINE_CURVE_WITH_KNOTS('',3,(#8901,#8902,#8903,#8904,#8905,
    #8906,#8907,#8908,#8909,#8910,#8911,#8912,#8913,#8914,#8915,#8916,
    #8917,#8918,#8919,#8920,#8921,#8922,#8923,#8924,#8925,#8926,#8927,
    #8928,#8929,#8930,#8931,#8932,#8933,#8934,#8935,#8936,#8937,#8938,
    #8939,#8940),.UNSPECIFIED.,.F.,.F.,(4,1,1,1,1,1,1,1,1,1,1,1,1,1,1,1,
    1,1,1,1,1,1,1,1,1,1,1,1,1,1,1,1,1,1,1,1,1,4),(0.,2.608437118449E-02,
    5.080451698287E-02,7.415285781629E-02,9.612223472286E-02,
    0.116705911553,0.135897577034,0.153691346707,0.170081764731,
    0.185063805553,0.198632875455,0.210784813958,0.221515895103,
    0.230822828592,0.238702760805,0.245153275681,0.250172395482,
    0.253758581468,0.255910734655,0.256628199332,0.260008592309,
    0.264232297819,0.270142153204,0.27773482839,0.287006045071,
    0.297950579117,0.310562263522,0.324833991877,0.340757722373,
    0.358324482337,0.377524373281,0.398346576485,0.420779359092,
    0.444810080717,0.470425200572,0.497610285097,0.526350016087,
    0.556628199332),.UNSPECIFIED.);
#8901 = CARTESIAN_POINT('',(-27.3,-86.20439139491,70.362266038953));
#8902 = CARTESIAN_POINT('',(-27.3,-86.20883090242,70.369741986388));
#8903 = CARTESIAN_POINT('',(-27.3,-86.21767548062,70.384186769544));
#8904 = CARTESIAN_POINT('',(-27.3,-86.23117060199,70.404898949687));
#8905 = CARTESIAN_POINT('',(-27.3,-86.24445919112,70.424097677196));
#8906 = CARTESIAN_POINT('',(-27.3,-86.25746364869,70.441805434958));
#8907 = CARTESIAN_POINT('',(-27.3,-86.27010731855,70.458048880271));
#8908 = CARTESIAN_POINT('',(-27.3,-86.28231503488,70.472858085967));
#8909 = CARTESIAN_POINT('',(-27.3,-86.2940131897,70.486266641453));
#8910 = CARTESIAN_POINT('',(-27.3,-86.30512991337,70.498311534878));
#8911 = CARTESIAN_POINT('',(-27.3,-86.31559522414,70.509033077817));
#8912 = CARTESIAN_POINT('',(-27.3,-86.3253411771,70.518474816672));
#8913 = CARTESIAN_POINT('',(-27.3,-86.33430201848,70.526683420348));
#8914 = CARTESIAN_POINT('',(-27.3,-86.34241430036,70.533708623323));
#8915 = CARTESIAN_POINT('',(-27.3,-86.3496171008,70.539602966862));
#8916 = CARTESIAN_POINT('',(-27.3,-86.35585190611,70.544422123702));
#8917 = CARTESIAN_POINT('',(-27.3,-86.36106346368,70.548223487151));
#8918 = CARTESIAN_POINT('',(-27.3,-86.36519791582,70.551069562784));
#8919 = CARTESIAN_POINT('',(-27.3,-86.36820801838,70.55301878804));
#8920 = CARTESIAN_POINT('',(-27.3,-86.37004192975,70.554145450813));
#8921 = CARTESIAN_POINT('',(-27.3,-86.37184960465,70.555181300471));
#8922 = CARTESIAN_POINT('',(-27.3,-86.37429268316,70.556495519086));
#8923 = CARTESIAN_POINT('',(-27.3,-86.37823427273,70.558676163163));
#8924 = CARTESIAN_POINT('',(-27.3,-86.38341457629,70.561518367812));
#8925 = CARTESIAN_POINT('',(-27.3,-86.39006589161,70.565177176757));
#8926 = CARTESIAN_POINT('',(-27.3,-86.39818913686,70.569642167528));
#8927 = CARTESIAN_POINT('',(-27.3,-86.40777798623,70.574913957278));
#8928 = CARTESIAN_POINT('',(-27.3,-86.41882765267,70.580988471614));
#8929 = CARTESIAN_POINT('',(-27.3,-86.43133170197,70.587862660301));
#8930 = CARTESIAN_POINT('',(-27.3,-86.4452831564,70.595532527993));
#8931 = CARTESIAN_POINT('',(-27.3,-86.4606741329,70.60399379181));
#8932 = CARTESIAN_POINT('',(-27.3,-86.4774959658,70.61324167182));
#8933 = CARTESIAN_POINT('',(-27.3,-86.49573917425,70.623270960805));
#8934 = CARTESIAN_POINT('',(-27.3,-86.51539347925,70.634076006334));
#8935 = CARTESIAN_POINT('',(-27.3,-86.53644780583,70.645650720345));
#8936 = CARTESIAN_POINT('',(-27.3,-86.5588902904,70.657988580636));
#8937 = CARTESIAN_POINT('',(-27.3,-86.58270828709,70.671082635121));
#8938 = CARTESIAN_POINT('',(-27.3,-86.60788837497,70.684925505577));
#8939 = CARTESIAN_POINT('',(-27.3,-86.62512763913,70.694402871251));
#8940 = CARTESIAN_POINT('',(-27.3,-86.63397196388,70.699265079925));
#8941 = ORIENTED_EDGE('',*,*,#8942,.F.);
#8942 = EDGE_CURVE('',#3426,#8898,#8943,.T.);
#8943 = LINE('',#8944,#8945);
#8944 = CARTESIAN_POINT('',(-32.8,-86.63397196388,70.699265079925));
#8945 = VECTOR('',#8946,1.);
#8946 = DIRECTION('',(1.,0.,0.));
#8947 = SURFACE_OF_LINEAR_EXTRUSION('',#8948,#8989);
#8948 = B_SPLINE_CURVE_WITH_KNOTS('',3,(#8949,#8950,#8951,#8952,#8953,
    #8954,#8955,#8956,#8957,#8958,#8959,#8960,#8961,#8962,#8963,#8964,
    #8965,#8966,#8967,#8968,#8969,#8970,#8971,#8972,#8973,#8974,#8975,
    #8976,#8977,#8978,#8979,#8980,#8981,#8982,#8983,#8984,#8985,#8986,
    #8987,#8988),.UNSPECIFIED.,.F.,.F.,(4,1,1,1,1,1,1,1,1,1,1,1,1,1,1,1,
    1,1,1,1,1,1,1,1,1,1,1,1,1,1,1,1,1,1,1,1,1,4),(0.,2.608437118449E-02,
    5.080451698287E-02,7.415285781629E-02,9.612223472286E-02,
    0.116705911553,0.135897577034,0.153691346707,0.170081764731,
    0.185063805553,0.198632875455,0.210784813958,0.221515895103,
    0.230822828592,0.238702760805,0.245153275681,0.250172395482,
    0.253758581468,0.255910734655,0.256628199332,0.260008592309,
    0.264232297819,0.270142153204,0.27773482839,0.287006045071,
    0.297950579117,0.310562263522,0.324833991877,0.340757722373,
    0.358324482337,0.377524373281,0.398346576485,0.420779359092,
    0.444810080717,0.470425200572,0.497610285097,0.526350016087,
    0.556628199332),.UNSPECIFIED.);
#8949 = CARTESIAN_POINT('',(-32.8,-86.20439139491,70.362266038953));
#8950 = CARTESIAN_POINT('',(-32.8,-86.20883090242,70.369741986388));
#8951 = CARTESIAN_POINT('',(-32.8,-86.21767548062,70.384186769544));
#8952 = CARTESIAN_POINT('',(-32.8,-86.23117060199,70.404898949687));
#8953 = CARTESIAN_POINT('',(-32.8,-86.24445919112,70.424097677196));
#8954 = CARTESIAN_POINT('',(-32.8,-86.25746364869,70.441805434958));
#8955 = CARTESIAN_POINT('',(-32.8,-86.27010731855,70.458048880271));
#8956 = CARTESIAN_POINT('',(-32.8,-86.28231503488,70.472858085967));
#8957 = CARTESIAN_POINT('',(-32.8,-86.2940131897,70.486266641453));
#8958 = CARTESIAN_POINT('',(-32.8,-86.30512991337,70.498311534878));
#8959 = CARTESIAN_POINT('',(-32.8,-86.31559522414,70.509033077817));
#8960 = CARTESIAN_POINT('',(-32.8,-86.3253411771,70.518474816672));
#8961 = CARTESIAN_POINT('',(-32.8,-86.33430201848,70.526683420348));
#8962 = CARTESIAN_POINT('',(-32.8,-86.34241430036,70.533708623323));
#8963 = CARTESIAN_POINT('',(-32.8,-86.3496171008,70.539602966862));
#8964 = CARTESIAN_POINT('',(-32.8,-86.35585190611,70.544422123702));
#8965 = CARTESIAN_POINT('',(-32.8,-86.36106346368,70.548223487151));
#8966 = CARTESIAN_POINT('',(-32.8,-86.36519791582,70.551069562784));
#8967 = CARTESIAN_POINT('',(-32.8,-86.36820801838,70.55301878804));
#8968 = CARTESIAN_POINT('',(-32.8,-86.37004192975,70.554145450813));
#8969 = CARTESIAN_POINT('',(-32.8,-86.37184960465,70.555181300471));
#8970 = CARTESIAN_POINT('',(-32.8,-86.37429268316,70.556495519086));
#8971 = CARTESIAN_POINT('',(-32.8,-86.37823427273,70.558676163163));
#8972 = CARTESIAN_POINT('',(-32.8,-86.38341457629,70.561518367812));
#8973 = CARTESIAN_POINT('',(-32.8,-86.39006589161,70.565177176757));
#8974 = CARTESIAN_POINT('',(-32.8,-86.39818913686,70.569642167528));
#8975 = CARTESIAN_POINT('',(-32.8,-86.40777798623,70.574913957278));
#8976 = CARTESIAN_POINT('',(-32.8,-86.41882765267,70.580988471614));
#8977 = CARTESIAN_POINT('',(-32.8,-86.43133170197,70.587862660301));
#8978 = CARTESIAN_POINT('',(-32.8,-86.4452831564,70.595532527993));
#8979 = CARTESIAN_POINT('',(-32.8,-86.4606741329,70.60399379181));
#8980 = CARTESIAN_POINT('',(-32.8,-86.4774959658,70.61324167182));
#8981 = CARTESIAN_POINT('',(-32.8,-86.49573917425,70.623270960805));
#8982 = CARTESIAN_POINT('',(-32.8,-86.51539347925,70.634076006334));
#8983 = CARTESIAN_POINT('',(-32.8,-86.53644780583,70.645650720345));
#8984 = CARTESIAN_POINT('',(-32.8,-86.5588902904,70.657988580636));
#8985 = CARTESIAN_POINT('',(-32.8,-86.58270828709,70.671082635121));
#8986 = CARTESIAN_POINT('',(-32.8,-86.60788837497,70.684925505577));
#8987 = CARTESIAN_POINT('',(-32.8,-86.62512763913,70.694402871251));
#8988 = CARTESIAN_POINT('',(-32.8,-86.63397196388,70.699265079925));
#8989 = VECTOR('',#8990,1.);
#8990 = DIRECTION('',(-1.,-0.,0.));
#8991 = ADVANCED_FACE('',(#8992),#9009,.T.);
#8992 = FACE_BOUND('',#8993,.T.);
#8993 = EDGE_LOOP('',(#8994,#8995,#8996,#9003));
#8994 = ORIENTED_EDGE('',*,*,#3425,.T.);
#8995 = ORIENTED_EDGE('',*,*,#8942,.T.);
#8996 = ORIENTED_EDGE('',*,*,#8997,.T.);
#8997 = EDGE_CURVE('',#8898,#8998,#9000,.T.);
#8998 = VERTEX_POINT('',#8999);
#8999 = CARTESIAN_POINT('',(-27.3,-86.4896034881,71.006063707751));
#9000 = B_SPLINE_CURVE_WITH_KNOTS('',1,(#9001,#9002),.UNSPECIFIED.,.F.,
  .F.,(2,2),(0.,0.339068805458),.PIECEWISE_BEZIER_KNOTS.);
#9001 = CARTESIAN_POINT('',(-27.3,-86.63397196388,70.699265079925));
#9002 = CARTESIAN_POINT('',(-27.3,-86.4896034881,71.006063707751));
#9003 = ORIENTED_EDGE('',*,*,#9004,.F.);
#9004 = EDGE_CURVE('',#3364,#8998,#9005,.T.);
#9005 = LINE('',#9006,#9007);
#9006 = CARTESIAN_POINT('',(-32.8,-86.4896034881,71.006063707751));
#9007 = VECTOR('',#9008,1.);
#9008 = DIRECTION('',(1.,0.,0.));
#9009 = SURFACE_OF_LINEAR_EXTRUSION('',#9010,#9013);
#9010 = B_SPLINE_CURVE_WITH_KNOTS('',1,(#9011,#9012),.UNSPECIFIED.,.F.,
  .F.,(2,2),(0.,0.339068805458),.PIECEWISE_BEZIER_KNOTS.);
#9011 = CARTESIAN_POINT('',(-32.8,-86.63397196388,70.699265079925));
#9012 = CARTESIAN_POINT('',(-32.8,-86.4896034881,71.006063707751));
#9013 = VECTOR('',#9014,1.);
#9014 = DIRECTION('',(-1.,-0.,0.));
#9015 = ADVANCED_FACE('',(#9016),#9071,.T.);
#9016 = FACE_BOUND('',#9017,.T.);
#9017 = EDGE_LOOP('',(#9018,#9019,#9020,#9065));
#9018 = ORIENTED_EDGE('',*,*,#3363,.T.);
#9019 = ORIENTED_EDGE('',*,*,#9004,.T.);
#9020 = ORIENTED_EDGE('',*,*,#9021,.T.);
#9021 = EDGE_CURVE('',#8998,#9022,#9024,.T.);
#9022 = VERTEX_POINT('',#9023);
#9023 = CARTESIAN_POINT('',(-27.3,-85.95611630404,70.889877463761));
#9024 = B_SPLINE_CURVE_WITH_KNOTS('',3,(#9025,#9026,#9027,#9028,#9029,
    #9030,#9031,#9032,#9033,#9034,#9035,#9036,#9037,#9038,#9039,#9040,
    #9041,#9042,#9043,#9044,#9045,#9046,#9047,#9048,#9049,#9050,#9051,
    #9052,#9053,#9054,#9055,#9056,#9057,#9058,#9059,#9060,#9061,#9062,
    #9063,#9064),.UNSPECIFIED.,.F.,.F.,(4,1,1,1,1,1,1,1,1,1,1,1,1,1,1,1,
    1,1,1,1,1,1,1,1,1,1,1,1,1,1,1,1,1,1,1,1,1,4),(0.,3.027818324443E-02,
    5.901791423488E-02,8.620299875927E-02,0.111818118615,0.13584884024,
    0.158281622847,0.179103826051,0.198303716995,0.215870476958,
    0.231794207455,0.24606593581,0.258677620215,0.269622154261,
    0.278893370941,0.286486046128,0.292395901513,0.296619607022,0.3,
    0.300717464676,0.302869617863,0.306455803849,0.311474923651,
    0.317925438527,0.32580537074,0.335112304229,0.345843385374,
    0.357995323877,0.371564393779,0.386546434601,0.402936852624,
    0.420730622298,0.439922287779,0.460505964609,0.482475341515,
    0.505823682349,0.530543828147,0.556628199332),.UNSPECIFIED.);
#9025 = CARTESIAN_POINT('',(-27.3,-86.4896034881,71.006063707751));
#9026 = CARTESIAN_POINT('',(-27.3,-86.48021950716,71.002348326864));
#9027 = CARTESIAN_POINT('',(-27.3,-86.46192835086,70.995106345771));
#9028 = CARTESIAN_POINT('',(-27.3,-86.43521184377,70.984528532318));
#9029 = CARTESIAN_POINT('',(-27.3,-86.40994053891,70.974522914908));
#9030 = CARTESIAN_POINT('',(-27.3,-86.38612867612,70.96509513148));
#9031 = CARTESIAN_POINT('',(-27.3,-86.36378967284,70.956250494416));
#9032 = CARTESIAN_POINT('',(-27.3,-86.34293611666,70.947993987366));
#9033 = CARTESIAN_POINT('',(-27.3,-86.32357975797,70.940330263062));
#9034 = CARTESIAN_POINT('',(-27.3,-86.30573150411,70.933263638621));
#9035 = CARTESIAN_POINT('',(-27.3,-86.28940141065,70.926798099948));
#9036 = CARTESIAN_POINT('',(-27.3,-86.27459868427,70.920937277216));
#9037 = CARTESIAN_POINT('',(-27.3,-86.26133164986,70.915684514419));
#9038 = CARTESIAN_POINT('',(-27.3,-86.24960783365,70.911042641265));
#9039 = CARTESIAN_POINT('',(-27.3,-86.23943368721,70.907014671096));
#9040 = CARTESIAN_POINT('',(-27.3,-86.2308154013,70.903601695293));
#9041 = CARTESIAN_POINT('',(-27.3,-86.22375653261,70.900808981352));
#9042 = CARTESIAN_POINT('',(-27.3,-86.21826452652,70.898629178284));
#9043 = CARTESIAN_POINT('',(-27.3,-86.21407184763,70.896982126168));
#9044 = CARTESIAN_POINT('',(-27.3,-86.21150194794,70.895937416301));
#9045 = CARTESIAN_POINT('',(-27.3,-86.20955155671,70.895204854273));
#9046 = CARTESIAN_POINT('',(-27.3,-86.20751446902,70.89450996315));
#9047 = CARTESIAN_POINT('',(-27.3,-86.20409385357,70.893433122209));
#9048 = CARTESIAN_POINT('',(-27.3,-86.19926551562,70.89206162897));
#9049 = CARTESIAN_POINT('',(-27.3,-86.19301454293,70.890469135104));
#9050 = CARTESIAN_POINT('',(-27.3,-86.18532710428,70.888736981222));
#9051 = CARTESIAN_POINT('',(-27.3,-86.17619419674,70.886944324074));
#9052 = CARTESIAN_POINT('',(-27.3,-86.16561022173,70.885171736365));
#9053 = CARTESIAN_POINT('',(-27.3,-86.15357352863,70.883499650321));
#9054 = CARTESIAN_POINT('',(-27.3,-86.14008623959,70.882008655354));
#9055 = CARTESIAN_POINT('',(-27.3,-86.12515430863,70.880779163495));
#9056 = CARTESIAN_POINT('',(-27.3,-86.10878749238,70.879891284713));
#9057 = CARTESIAN_POINT('',(-27.3,-86.09099933829,70.879424636442));
#9058 = CARTESIAN_POINT('',(-27.3,-86.07180715794,70.879458172326));
#9059 = CARTESIAN_POINT('',(-27.3,-86.05123198973,70.880070018977));
#9060 = CARTESIAN_POINT('',(-27.3,-86.02929857465,70.881337261809));
#9061 = CARTESIAN_POINT('',(-27.3,-86.00603523535,70.883335957392));
#9062 = CARTESIAN_POINT('',(-27.3,-85.98147411216,70.886140228163));
#9063 = CARTESIAN_POINT('',(-27.3,-85.96470646913,70.888532814847));
#9064 = CARTESIAN_POINT('',(-27.3,-85.95611630404,70.889877463761));
#9065 = ORIENTED_EDGE('',*,*,#9066,.F.);
#9066 = EDGE_CURVE('',#3354,#9022,#9067,.T.);
#9067 = LINE('',#9068,#9069);
#9068 = CARTESIAN_POINT('',(-32.8,-85.95611630404,70.889877463761));
#9069 = VECTOR('',#9070,1.);
#9070 = DIRECTION('',(1.,0.,0.));
#9071 = SURFACE_OF_LINEAR_EXTRUSION('',#9072,#9113);
#9072 = B_SPLINE_CURVE_WITH_KNOTS('',3,(#9073,#9074,#9075,#9076,#9077,
    #9078,#9079,#9080,#9081,#9082,#9083,#9084,#9085,#9086,#9087,#9088,
    #9089,#9090,#9091,#9092,#9093,#9094,#9095,#9096,#9097,#9098,#9099,
    #9100,#9101,#9102,#9103,#9104,#9105,#9106,#9107,#9108,#9109,#9110,
    #9111,#9112),.UNSPECIFIED.,.F.,.F.,(4,1,1,1,1,1,1,1,1,1,1,1,1,1,1,1,
    1,1,1,1,1,1,1,1,1,1,1,1,1,1,1,1,1,1,1,1,1,4),(0.,3.027818324443E-02,
    5.901791423488E-02,8.620299875927E-02,0.111818118615,0.13584884024,
    0.158281622847,0.179103826051,0.198303716995,0.215870476958,
    0.231794207455,0.24606593581,0.258677620215,0.269622154261,
    0.278893370941,0.286486046128,0.292395901513,0.296619607022,0.3,
    0.300717464676,0.302869617863,0.306455803849,0.311474923651,
    0.317925438527,0.32580537074,0.335112304229,0.345843385374,
    0.357995323877,0.371564393779,0.386546434601,0.402936852624,
    0.420730622298,0.439922287779,0.460505964609,0.482475341515,
    0.505823682349,0.530543828147,0.556628199332),.UNSPECIFIED.);
#9073 = CARTESIAN_POINT('',(-32.8,-86.4896034881,71.006063707751));
#9074 = CARTESIAN_POINT('',(-32.8,-86.48021950716,71.002348326864));
#9075 = CARTESIAN_POINT('',(-32.8,-86.46192835086,70.995106345771));
#9076 = CARTESIAN_POINT('',(-32.8,-86.43521184377,70.984528532318));
#9077 = CARTESIAN_POINT('',(-32.8,-86.40994053891,70.974522914908));
#9078 = CARTESIAN_POINT('',(-32.8,-86.38612867612,70.96509513148));
#9079 = CARTESIAN_POINT('',(-32.8,-86.36378967284,70.956250494416));
#9080 = CARTESIAN_POINT('',(-32.8,-86.34293611666,70.947993987366));
#9081 = CARTESIAN_POINT('',(-32.8,-86.32357975797,70.940330263062));
#9082 = CARTESIAN_POINT('',(-32.8,-86.30573150411,70.933263638621));
#9083 = CARTESIAN_POINT('',(-32.8,-86.28940141065,70.926798099948));
#9084 = CARTESIAN_POINT('',(-32.8,-86.27459868427,70.920937277216));
#9085 = CARTESIAN_POINT('',(-32.8,-86.26133164986,70.915684514419));
#9086 = CARTESIAN_POINT('',(-32.8,-86.24960783365,70.911042641265));
#9087 = CARTESIAN_POINT('',(-32.8,-86.23943368721,70.907014671096));
#9088 = CARTESIAN_POINT('',(-32.8,-86.2308154013,70.903601695293));
#9089 = CARTESIAN_POINT('',(-32.8,-86.22375653261,70.900808981352));
#9090 = CARTESIAN_POINT('',(-32.8,-86.21826452652,70.898629178284));
#9091 = CARTESIAN_POINT('',(-32.8,-86.21407184763,70.896982126168));
#9092 = CARTESIAN_POINT('',(-32.8,-86.21150194794,70.895937416301));
#9093 = CARTESIAN_POINT('',(-32.8,-86.20955155671,70.895204854273));
#9094 = CARTESIAN_POINT('',(-32.8,-86.20751446902,70.89450996315));
#9095 = CARTESIAN_POINT('',(-32.8,-86.20409385357,70.893433122209));
#9096 = CARTESIAN_POINT('',(-32.8,-86.19926551562,70.89206162897));
#9097 = CARTESIAN_POINT('',(-32.8,-86.19301454293,70.890469135104));
#9098 = CARTESIAN_POINT('',(-32.8,-86.18532710428,70.888736981222));
#9099 = CARTESIAN_POINT('',(-32.8,-86.17619419674,70.886944324074));
#9100 = CARTESIAN_POINT('',(-32.8,-86.16561022173,70.885171736365));
#9101 = CARTESIAN_POINT('',(-32.8,-86.15357352863,70.883499650321));
#9102 = CARTESIAN_POINT('',(-32.8,-86.14008623959,70.882008655354));
#9103 = CARTESIAN_POINT('',(-32.8,-86.12515430863,70.880779163495));
#9104 = CARTESIAN_POINT('',(-32.8,-86.10878749238,70.879891284713));
#9105 = CARTESIAN_POINT('',(-32.8,-86.09099933829,70.879424636442));
#9106 = CARTESIAN_POINT('',(-32.8,-86.07180715794,70.879458172326));
#9107 = CARTESIAN_POINT('',(-32.8,-86.05123198973,70.880070018977));
#9108 = CARTESIAN_POINT('',(-32.8,-86.02929857465,70.881337261809));
#9109 = CARTESIAN_POINT('',(-32.8,-86.00603523535,70.883335957392));
#9110 = CARTESIAN_POINT('',(-32.8,-85.98147411216,70.886140228163));
#9111 = CARTESIAN_POINT('',(-32.8,-85.96470646913,70.888532814847));
#9112 = CARTESIAN_POINT('',(-32.8,-85.95611630404,70.889877463761));
#9113 = VECTOR('',#9114,1.);
#9114 = DIRECTION('',(-1.,-0.,0.));
#9115 = ADVANCED_FACE('',(#9116),#9133,.T.);
#9116 = FACE_BOUND('',#9117,.T.);
#9117 = EDGE_LOOP('',(#9118,#9119,#9120,#9127));
#9118 = ORIENTED_EDGE('',*,*,#3353,.T.);
#9119 = ORIENTED_EDGE('',*,*,#9066,.T.);
#9120 = ORIENTED_EDGE('',*,*,#9121,.T.);
#9121 = EDGE_CURVE('',#9022,#9122,#9124,.T.);
#9122 = VERTEX_POINT('',#9123);
#9123 = CARTESIAN_POINT('',(-27.3,-85.88493270602,71.108958051477));
#9124 = B_SPLINE_CURVE_WITH_KNOTS('',1,(#9125,#9126),.UNSPECIFIED.,.F.,
  .F.,(2,2),(0.,0.230354962047),.PIECEWISE_BEZIER_KNOTS.);
#9125 = CARTESIAN_POINT('',(-27.3,-85.95611630404,70.889877463761));
#9126 = CARTESIAN_POINT('',(-27.3,-85.88493270602,71.108958051477));
#9127 = ORIENTED_EDGE('',*,*,#9128,.F.);
#9128 = EDGE_CURVE('',#3291,#9122,#9129,.T.);
#9129 = LINE('',#9130,#9131);
#9130 = CARTESIAN_POINT('',(-32.8,-85.88493270602,71.108958051477));
#9131 = VECTOR('',#9132,1.);
#9132 = DIRECTION('',(1.,0.,0.));
#9133 = SURFACE_OF_LINEAR_EXTRUSION('',#9134,#9137);
#9134 = B_SPLINE_CURVE_WITH_KNOTS('',1,(#9135,#9136),.UNSPECIFIED.,.F.,
  .F.,(2,2),(0.,0.230354962047),.PIECEWISE_BEZIER_KNOTS.);
#9135 = CARTESIAN_POINT('',(-32.8,-85.95611630404,70.889877463761));
#9136 = CARTESIAN_POINT('',(-32.8,-85.88493270602,71.108958051477));
#9137 = VECTOR('',#9138,1.);
#9138 = DIRECTION('',(-1.,-0.,0.));
#9139 = ADVANCED_FACE('',(#9140),#9195,.T.);
#9140 = FACE_BOUND('',#9141,.T.);
#9141 = EDGE_LOOP('',(#9142,#9143,#9144,#9189));
#9142 = ORIENTED_EDGE('',*,*,#3290,.T.);
#9143 = ORIENTED_EDGE('',*,*,#9128,.T.);
#9144 = ORIENTED_EDGE('',*,*,#9145,.T.);
#9145 = EDGE_CURVE('',#9122,#9146,#9148,.T.);
#9146 = VERTEX_POINT('',#9147);
#9147 = CARTESIAN_POINT('',(-27.3,-86.38482546495,71.328537304655));
#9148 = B_SPLINE_CURVE_WITH_KNOTS('',3,(#9149,#9150,#9151,#9152,#9153,
    #9154,#9155,#9156,#9157,#9158,#9159,#9160,#9161,#9162,#9163,#9164,
    #9165,#9166,#9167,#9168,#9169,#9170,#9171,#9172,#9173,#9174,#9175,
    #9176,#9177,#9178,#9179,#9180,#9181,#9182,#9183,#9184,#9185,#9186,
    #9187,#9188),.UNSPECIFIED.,.F.,.F.,(4,1,1,1,1,1,1,1,1,1,1,1,1,1,1,1,
    1,1,1,1,1,1,1,1,1,1,1,1,1,1,1,1,1,1,1,1,1,4),(0.,2.608437118449E-02,
    5.080451698287E-02,7.415285781629E-02,9.612223472286E-02,
    0.116705911553,0.135897577034,0.153691346707,0.170081764731,
    0.185063805553,0.198632875455,0.210784813958,0.221515895103,
    0.230822828592,0.238702760805,0.245153275681,0.250172395482,
    0.253758581468,0.255910734655,0.256628199332,0.260008592309,
    0.264232297819,0.270142153204,0.27773482839,0.287006045071,
    0.297950579117,0.310562263522,0.324833991877,0.340757722373,
    0.358324482337,0.377524373281,0.398346576485,0.420779359092,
    0.444810080717,0.470425200572,0.497610285097,0.526350016087,
    0.556628199332),.UNSPECIFIED.);
#9149 = CARTESIAN_POINT('',(-27.3,-85.88493270602,71.108958051477));
#9150 = CARTESIAN_POINT('',(-27.3,-85.89109193077,71.115095067655));
#9151 = CARTESIAN_POINT('',(-27.3,-85.90325091177,71.126886484233));
#9152 = CARTESIAN_POINT('',(-27.3,-85.92147296883,71.143591852937));
#9153 = CARTESIAN_POINT('',(-27.3,-85.93911860188,71.158882679385));
#9154 = CARTESIAN_POINT('',(-27.3,-85.95611824077,71.17280003829));
#9155 = CARTESIAN_POINT('',(-27.3,-85.97240426708,71.185388813067));
#9156 = CARTESIAN_POINT('',(-27.3,-85.98791135525,71.196696824738));
#9157 = CARTESIAN_POINT('',(-27.3,-86.00257656317,71.206774912994));
#9158 = CARTESIAN_POINT('',(-27.3,-86.01633947772,71.215676777188));
#9159 = CARTESIAN_POINT('',(-27.3,-86.0291423408,71.223458866186));
#9160 = CARTESIAN_POINT('',(-27.3,-86.0409301717,71.230180255511));
#9161 = CARTESIAN_POINT('',(-27.3,-86.05165088849,71.235902500177));
#9162 = CARTESIAN_POINT('',(-27.3,-86.06125540505,71.240689551016));
#9163 = CARTESIAN_POINT('',(-27.3,-86.0696977799,71.244607449285));
#9164 = CARTESIAN_POINT('',(-27.3,-86.07693518292,71.247724670421));
#9165 = CARTESIAN_POINT('',(-27.3,-86.08292837047,71.250110545383));
#9166 = CARTESIAN_POINT('',(-27.3,-86.08764072142,71.251839009881));
#9167 = CARTESIAN_POINT('',(-27.3,-86.09104100867,71.252978414577));
#9168 = CARTESIAN_POINT('',(-27.3,-86.09309749399,71.253613605953));
#9169 = CARTESIAN_POINT('',(-27.3,-86.0951059828,71.254167362022));
#9170 = CARTESIAN_POINT('',(-27.3,-86.09779914037,71.254832723125));
#9171 = CARTESIAN_POINT('',(-27.3,-86.10215920179,71.255964624792));
#9172 = CARTESIAN_POINT('',(-27.3,-86.10788358414,71.257429247248));
#9173 = CARTESIAN_POINT('',(-27.3,-86.11523584495,71.259318993125));
#9174 = CARTESIAN_POINT('',(-27.3,-86.12421428155,71.261623539057));
#9175 = CARTESIAN_POINT('',(-27.3,-86.13481292039,71.26434505597));
#9176 = CARTESIAN_POINT('',(-27.3,-86.14702611152,71.267480787969));
#9177 = CARTESIAN_POINT('',(-27.3,-86.16084686433,71.271029380767));
#9178 = CARTESIAN_POINT('',(-27.3,-86.1762674267,71.274988699833));
#9179 = CARTESIAN_POINT('',(-27.3,-86.19327909812,71.279356557278));
#9180 = CARTESIAN_POINT('',(-27.3,-86.21187229643,71.284130478407));
#9181 = CARTESIAN_POINT('',(-27.3,-86.23203654369,71.289307777384));
#9182 = CARTESIAN_POINT('',(-27.3,-86.25376047811,71.294885535647));
#9183 = CARTESIAN_POINT('',(-27.3,-86.27703185863,71.300860610631));
#9184 = CARTESIAN_POINT('',(-27.3,-86.30183757236,71.307229635398));
#9185 = CARTESIAN_POINT('',(-27.3,-86.32816364181,71.313989021175));
#9186 = CARTESIAN_POINT('',(-27.3,-86.35599523282,71.321134959186));
#9187 = CARTESIAN_POINT('',(-27.3,-86.3750498188,71.32602734533));
#9188 = CARTESIAN_POINT('',(-27.3,-86.38482546495,71.328537304655));
#9189 = ORIENTED_EDGE('',*,*,#9190,.F.);
#9190 = EDGE_CURVE('',#3281,#9146,#9191,.T.);
#9191 = LINE('',#9192,#9193);
#9192 = CARTESIAN_POINT('',(-32.8,-86.38482546495,71.328537304655));
#9193 = VECTOR('',#9194,1.);
#9194 = DIRECTION('',(1.,0.,0.));
#9195 = SURFACE_OF_LINEAR_EXTRUSION('',#9196,#9237);
#9196 = B_SPLINE_CURVE_WITH_KNOTS('',3,(#9197,#9198,#9199,#9200,#9201,
    #9202,#9203,#9204,#9205,#9206,#9207,#9208,#9209,#9210,#9211,#9212,
    #9213,#9214,#9215,#9216,#9217,#9218,#9219,#9220,#9221,#9222,#9223,
    #9224,#9225,#9226,#9227,#9228,#9229,#9230,#9231,#9232,#9233,#9234,
    #9235,#9236),.UNSPECIFIED.,.F.,.F.,(4,1,1,1,1,1,1,1,1,1,1,1,1,1,1,1,
    1,1,1,1,1,1,1,1,1,1,1,1,1,1,1,1,1,1,1,1,1,4),(0.,2.608437118449E-02,
    5.080451698287E-02,7.415285781629E-02,9.612223472286E-02,
    0.116705911553,0.135897577034,0.153691346707,0.170081764731,
    0.185063805553,0.198632875455,0.210784813958,0.221515895103,
    0.230822828592,0.238702760805,0.245153275681,0.250172395482,
    0.253758581468,0.255910734655,0.256628199332,0.260008592309,
    0.264232297819,0.270142153204,0.27773482839,0.287006045071,
    0.297950579117,0.310562263522,0.324833991877,0.340757722373,
    0.358324482337,0.377524373281,0.398346576485,0.420779359092,
    0.444810080717,0.470425200572,0.497610285097,0.526350016087,
    0.556628199332),.UNSPECIFIED.);
#9197 = CARTESIAN_POINT('',(-32.8,-85.88493270602,71.108958051477));
#9198 = CARTESIAN_POINT('',(-32.8,-85.89109193077,71.115095067655));
#9199 = CARTESIAN_POINT('',(-32.8,-85.90325091177,71.126886484233));
#9200 = CARTESIAN_POINT('',(-32.8,-85.92147296883,71.143591852937));
#9201 = CARTESIAN_POINT('',(-32.8,-85.93911860188,71.158882679385));
#9202 = CARTESIAN_POINT('',(-32.8,-85.95611824077,71.17280003829));
#9203 = CARTESIAN_POINT('',(-32.8,-85.97240426708,71.185388813067));
#9204 = CARTESIAN_POINT('',(-32.8,-85.98791135525,71.196696824738));
#9205 = CARTESIAN_POINT('',(-32.8,-86.00257656317,71.206774912994));
#9206 = CARTESIAN_POINT('',(-32.8,-86.01633947772,71.215676777188));
#9207 = CARTESIAN_POINT('',(-32.8,-86.0291423408,71.223458866186));
#9208 = CARTESIAN_POINT('',(-32.8,-86.0409301717,71.230180255511));
#9209 = CARTESIAN_POINT('',(-32.8,-86.05165088849,71.235902500177));
#9210 = CARTESIAN_POINT('',(-32.8,-86.06125540505,71.240689551016));
#9211 = CARTESIAN_POINT('',(-32.8,-86.0696977799,71.244607449285));
#9212 = CARTESIAN_POINT('',(-32.8,-86.07693518292,71.247724670421));
#9213 = CARTESIAN_POINT('',(-32.8,-86.08292837047,71.250110545383));
#9214 = CARTESIAN_POINT('',(-32.8,-86.08764072142,71.251839009881));
#9215 = CARTESIAN_POINT('',(-32.8,-86.09104100867,71.252978414577));
#9216 = CARTESIAN_POINT('',(-32.8,-86.09309749399,71.253613605953));
#9217 = CARTESIAN_POINT('',(-32.8,-86.0951059828,71.254167362022));
#9218 = CARTESIAN_POINT('',(-32.8,-86.09779914037,71.254832723125));
#9219 = CARTESIAN_POINT('',(-32.8,-86.10215920179,71.255964624792));
#9220 = CARTESIAN_POINT('',(-32.8,-86.10788358414,71.257429247248));
#9221 = CARTESIAN_POINT('',(-32.8,-86.11523584495,71.259318993125));
#9222 = CARTESIAN_POINT('',(-32.8,-86.12421428155,71.261623539057));
#9223 = CARTESIAN_POINT('',(-32.8,-86.13481292039,71.26434505597));
#9224 = CARTESIAN_POINT('',(-32.8,-86.14702611152,71.267480787969));
#9225 = CARTESIAN_POINT('',(-32.8,-86.16084686433,71.271029380767));
#9226 = CARTESIAN_POINT('',(-32.8,-86.1762674267,71.274988699833));
#9227 = CARTESIAN_POINT('',(-32.8,-86.19327909812,71.279356557278));
#9228 = CARTESIAN_POINT('',(-32.8,-86.21187229643,71.284130478407));
#9229 = CARTESIAN_POINT('',(-32.8,-86.23203654369,71.289307777384));
#9230 = CARTESIAN_POINT('',(-32.8,-86.25376047811,71.294885535647));
#9231 = CARTESIAN_POINT('',(-32.8,-86.27703185863,71.300860610631));
#9232 = CARTESIAN_POINT('',(-32.8,-86.30183757236,71.307229635398));
#9233 = CARTESIAN_POINT('',(-32.8,-86.32816364181,71.313989021175));
#9234 = CARTESIAN_POINT('',(-32.8,-86.35599523282,71.321134959186));
#9235 = CARTESIAN_POINT('',(-32.8,-86.3750498188,71.32602734533));
#9236 = CARTESIAN_POINT('',(-32.8,-86.38482546495,71.328537304655));
#9237 = VECTOR('',#9238,1.);
#9238 = DIRECTION('',(-1.,-0.,0.));
#9239 = ADVANCED_FACE('',(#9240),#9257,.T.);
#9240 = FACE_BOUND('',#9241,.T.);
#9241 = EDGE_LOOP('',(#9242,#9243,#9244,#9251));
#9242 = ORIENTED_EDGE('',*,*,#3280,.T.);
#9243 = ORIENTED_EDGE('',*,*,#9190,.T.);
#9244 = ORIENTED_EDGE('',*,*,#9245,.T.);
#9245 = EDGE_CURVE('',#9146,#9246,#9248,.T.);
#9246 = VERTEX_POINT('',#9247);
#9247 = CARTESIAN_POINT('',(-27.3,-86.32129030645,71.661600269376));
#9248 = B_SPLINE_CURVE_WITH_KNOTS('',1,(#9249,#9250),.UNSPECIFIED.,.F.,
  .F.,(2,2),(0.,0.339068805458),.PIECEWISE_BEZIER_KNOTS.);
#9249 = CARTESIAN_POINT('',(-27.3,-86.38482546495,71.328537304655));
#9250 = CARTESIAN_POINT('',(-27.3,-86.32129030645,71.661600269376));
#9251 = ORIENTED_EDGE('',*,*,#9252,.F.);
#9252 = EDGE_CURVE('',#3219,#9246,#9253,.T.);
#9253 = LINE('',#9254,#9255);
#9254 = CARTESIAN_POINT('',(-32.8,-86.32129030645,71.661600269376));
#9255 = VECTOR('',#9256,1.);
#9256 = DIRECTION('',(1.,0.,0.));
#9257 = SURFACE_OF_LINEAR_EXTRUSION('',#9258,#9261);
#9258 = B_SPLINE_CURVE_WITH_KNOTS('',1,(#9259,#9260),.UNSPECIFIED.,.F.,
  .F.,(2,2),(0.,0.339068805458),.PIECEWISE_BEZIER_KNOTS.);
#9259 = CARTESIAN_POINT('',(-32.8,-86.38482546495,71.328537304655));
#9260 = CARTESIAN_POINT('',(-32.8,-86.32129030645,71.661600269376));
#9261 = VECTOR('',#9262,1.);
#9262 = DIRECTION('',(-1.,-0.,0.));
#9263 = ADVANCED_FACE('',(#9264),#9319,.T.);
#9264 = FACE_BOUND('',#9265,.T.);
#9265 = EDGE_LOOP('',(#9266,#9267,#9268,#9313));
#9266 = ORIENTED_EDGE('',*,*,#3218,.T.);
#9267 = ORIENTED_EDGE('',*,*,#9252,.T.);
#9268 = ORIENTED_EDGE('',*,*,#9269,.T.);
#9269 = EDGE_CURVE('',#9246,#9270,#9272,.T.);
#9270 = VERTEX_POINT('',#9271);
#9271 = CARTESIAN_POINT('',(-27.3,-85.77566925938,71.681737097501));
#9272 = B_SPLINE_CURVE_WITH_KNOTS('',3,(#9273,#9274,#9275,#9276,#9277,
    #9278,#9279,#9280,#9281,#9282,#9283,#9284,#9285,#9286,#9287,#9288,
    #9289,#9290,#9291,#9292,#9293,#9294,#9295,#9296,#9297,#9298,#9299,
    #9300,#9301,#9302,#9303,#9304,#9305,#9306,#9307,#9308,#9309,#9310,
    #9311,#9312),.UNSPECIFIED.,.F.,.F.,(4,1,1,1,1,1,1,1,1,1,1,1,1,1,1,1,
    1,1,1,1,1,1,1,1,1,1,1,1,1,1,1,1,1,1,1,1,1,4),(0.,3.027818324443E-02,
    5.901791423488E-02,8.620299875927E-02,0.111818118615,0.13584884024,
    0.158281622847,0.179103826051,0.198303716995,0.215870476958,
    0.231794207455,0.24606593581,0.258677620215,0.269622154261,
    0.278893370941,0.286486046128,0.292395901513,0.296619607022,0.3,
    0.300717464676,0.302869617863,0.306455803849,0.311474923651,
    0.317925438527,0.32580537074,0.335112304229,0.345843385374,
    0.357995323877,0.371564393779,0.386546434601,0.402936852624,
    0.420730622298,0.439922287779,0.460505964609,0.482475341515,
    0.505823682349,0.530543828147,0.556628199332),.UNSPECIFIED.);
#9273 = CARTESIAN_POINT('',(-27.3,-86.32129030645,71.661600269376));
#9274 = CARTESIAN_POINT('',(-27.3,-86.31127716287,71.660335315172));
#9275 = CARTESIAN_POINT('',(-27.3,-86.29175964942,71.657869679829));
#9276 = CARTESIAN_POINT('',(-27.3,-86.2632518953,71.65426831297));
#9277 = CARTESIAN_POINT('',(-27.3,-86.23628623909,71.650861758383));
#9278 = CARTESIAN_POINT('',(-27.3,-86.21087787535,71.647651935579));
#9279 = CARTESIAN_POINT('',(-27.3,-86.18704112115,71.644640653257));
#9280 = CARTESIAN_POINT('',(-27.3,-86.16478940798,71.641829608092));
#9281 = CARTESIAN_POINT('',(-27.3,-86.14413527415,71.63922038444));
#9282 = CARTESIAN_POINT('',(-27.3,-86.12509035798,71.636814451237));
#9283 = CARTESIAN_POINT('',(-27.3,-86.10766539034,71.634613168453));
#9284 = CARTESIAN_POINT('',(-27.3,-86.09187019149,71.632617762597));
#9285 = CARTESIAN_POINT('',(-27.3,-86.07771365638,71.630829402292));
#9286 = CARTESIAN_POINT('',(-27.3,-86.06520377851,71.629248956649));
#9287 = CARTESIAN_POINT('',(-27.3,-86.05434755614,71.6278777399));
#9288 = CARTESIAN_POINT('',(-27.3,-86.04515125696,71.626715269558));
#9289 = CARTESIAN_POINT('',(-27.3,-86.03761963589,71.62576576312));
#9290 = CARTESIAN_POINT('',(-27.3,-86.0317580763,71.625020248947));
#9291 = CARTESIAN_POINT('',(-27.3,-86.02728751292,71.624467618842));
#9292 = CARTESIAN_POINT('',(-27.3,-86.02453854257,71.624094838522));
#9293 = CARTESIAN_POINT('',(-27.3,-86.0224672457,71.623870333851));
#9294 = CARTESIAN_POINT('',(-27.3,-86.02032134447,71.623703877119));
#9295 = CARTESIAN_POINT('',(-27.3,-86.01674039449,71.623511539588));
#9296 = CARTESIAN_POINT('',(-27.3,-86.01172267116,71.623383893149));
#9297 = CARTESIAN_POINT('',(-27.3,-86.00527204715,71.6233959841));
#9298 = CARTESIAN_POINT('',(-27.3,-85.99739535437,71.623630037267));
#9299 = CARTESIAN_POINT('',(-27.3,-85.98810355821,71.624164961487));
#9300 = CARTESIAN_POINT('',(-27.3,-85.9774112736,71.625080190431));
#9301 = CARTESIAN_POINT('',(-27.3,-85.96533690446,71.626454039894));
#9302 = CARTESIAN_POINT('',(-27.3,-85.95190254803,71.628364039666));
#9303 = CARTESIAN_POINT('',(-27.3,-85.93713396895,71.63088659478));
#9304 = CARTESIAN_POINT('',(-27.3,-85.92106053986,71.634096872028));
#9305 = CARTESIAN_POINT('',(-27.3,-85.90371518263,71.638068618403));
#9306 = CARTESIAN_POINT('',(-27.3,-85.88513429996,71.642874001863));
#9307 = CARTESIAN_POINT('',(-27.3,-85.86535769856,71.648583462487));
#9308 = CARTESIAN_POINT('',(-27.3,-85.84442851252,71.655265511077));
#9309 = CARTESIAN_POINT('',(-27.3,-85.82239308919,71.662986771186));
#9310 = CARTESIAN_POINT('',(-27.3,-85.79930099263,71.671811043591));
#9311 = CARTESIAN_POINT('',(-27.3,-85.78365514805,71.678298406018));
#9312 = CARTESIAN_POINT('',(-27.3,-85.77566925938,71.681737097501));
#9313 = ORIENTED_EDGE('',*,*,#9314,.F.);
#9314 = EDGE_CURVE('',#3209,#9270,#9315,.T.);
#9315 = LINE('',#9316,#9317);
#9316 = CARTESIAN_POINT('',(-32.8,-85.77566925938,71.681737097501));
#9317 = VECTOR('',#9318,1.);
#9318 = DIRECTION('',(1.,0.,0.));
#9319 = SURFACE_OF_LINEAR_EXTRUSION('',#9320,#9361);
#9320 = B_SPLINE_CURVE_WITH_KNOTS('',3,(#9321,#9322,#9323,#9324,#9325,
    #9326,#9327,#9328,#9329,#9330,#9331,#9332,#9333,#9334,#9335,#9336,
    #9337,#9338,#9339,#9340,#9341,#9342,#9343,#9344,#9345,#9346,#9347,
    #9348,#9349,#9350,#9351,#9352,#9353,#9354,#9355,#9356,#9357,#9358,
    #9359,#9360),.UNSPECIFIED.,.F.,.F.,(4,1,1,1,1,1,1,1,1,1,1,1,1,1,1,1,
    1,1,1,1,1,1,1,1,1,1,1,1,1,1,1,1,1,1,1,1,1,4),(0.,3.027818324443E-02,
    5.901791423488E-02,8.620299875927E-02,0.111818118615,0.13584884024,
    0.158281622847,0.179103826051,0.198303716995,0.215870476958,
    0.231794207455,0.24606593581,0.258677620215,0.269622154261,
    0.278893370941,0.286486046128,0.292395901513,0.296619607022,0.3,
    0.300717464676,0.302869617863,0.306455803849,0.311474923651,
    0.317925438527,0.32580537074,0.335112304229,0.345843385374,
    0.357995323877,0.371564393779,0.386546434601,0.402936852624,
    0.420730622298,0.439922287779,0.460505964609,0.482475341515,
    0.505823682349,0.530543828147,0.556628199332),.UNSPECIFIED.);
#9321 = CARTESIAN_POINT('',(-32.8,-86.32129030645,71.661600269376));
#9322 = CARTESIAN_POINT('',(-32.8,-86.31127716287,71.660335315172));
#9323 = CARTESIAN_POINT('',(-32.8,-86.29175964942,71.657869679829));
#9324 = CARTESIAN_POINT('',(-32.8,-86.2632518953,71.65426831297));
#9325 = CARTESIAN_POINT('',(-32.8,-86.23628623909,71.650861758383));
#9326 = CARTESIAN_POINT('',(-32.8,-86.21087787535,71.647651935579));
#9327 = CARTESIAN_POINT('',(-32.8,-86.18704112115,71.644640653257));
#9328 = CARTESIAN_POINT('',(-32.8,-86.16478940798,71.641829608092));
#9329 = CARTESIAN_POINT('',(-32.8,-86.14413527415,71.63922038444));
#9330 = CARTESIAN_POINT('',(-32.8,-86.12509035798,71.636814451237));
#9331 = CARTESIAN_POINT('',(-32.8,-86.10766539034,71.634613168453));
#9332 = CARTESIAN_POINT('',(-32.8,-86.09187019149,71.632617762597));
#9333 = CARTESIAN_POINT('',(-32.8,-86.07771365638,71.630829402292));
#9334 = CARTESIAN_POINT('',(-32.8,-86.06520377851,71.629248956649));
#9335 = CARTESIAN_POINT('',(-32.8,-86.05434755614,71.6278777399));
#9336 = CARTESIAN_POINT('',(-32.8,-86.04515125696,71.626715269558));
#9337 = CARTESIAN_POINT('',(-32.8,-86.03761963589,71.62576576312));
#9338 = CARTESIAN_POINT('',(-32.8,-86.0317580763,71.625020248947));
#9339 = CARTESIAN_POINT('',(-32.8,-86.02728751292,71.624467618842));
#9340 = CARTESIAN_POINT('',(-32.8,-86.02453854257,71.624094838522));
#9341 = CARTESIAN_POINT('',(-32.8,-86.0224672457,71.623870333851));
#9342 = CARTESIAN_POINT('',(-32.8,-86.02032134447,71.623703877119));
#9343 = CARTESIAN_POINT('',(-32.8,-86.01674039449,71.623511539588));
#9344 = CARTESIAN_POINT('',(-32.8,-86.01172267116,71.623383893149));
#9345 = CARTESIAN_POINT('',(-32.8,-86.00527204715,71.6233959841));
#9346 = CARTESIAN_POINT('',(-32.8,-85.99739535437,71.623630037267));
#9347 = CARTESIAN_POINT('',(-32.8,-85.98810355821,71.624164961487));
#9348 = CARTESIAN_POINT('',(-32.8,-85.9774112736,71.625080190431));
#9349 = CARTESIAN_POINT('',(-32.8,-85.96533690446,71.626454039894));
#9350 = CARTESIAN_POINT('',(-32.8,-85.95190254803,71.628364039666));
#9351 = CARTESIAN_POINT('',(-32.8,-85.93713396895,71.63088659478));
#9352 = CARTESIAN_POINT('',(-32.8,-85.92106053986,71.634096872028));
#9353 = CARTESIAN_POINT('',(-32.8,-85.90371518263,71.638068618403));
#9354 = CARTESIAN_POINT('',(-32.8,-85.88513429996,71.642874001863));
#9355 = CARTESIAN_POINT('',(-32.8,-85.86535769856,71.648583462487));
#9356 = CARTESIAN_POINT('',(-32.8,-85.84442851252,71.655265511077));
#9357 = CARTESIAN_POINT('',(-32.8,-85.82239308919,71.662986771186));
#9358 = CARTESIAN_POINT('',(-32.8,-85.79930099263,71.671811043591));
#9359 = CARTESIAN_POINT('',(-32.8,-85.78365514805,71.678298406018));
#9360 = CARTESIAN_POINT('',(-32.8,-85.77566925938,71.681737097501));
#9361 = VECTOR('',#9362,1.);
#9362 = DIRECTION('',(-1.,-0.,0.));
#9363 = ADVANCED_FACE('',(#9364),#9381,.T.);
#9364 = FACE_BOUND('',#9365,.T.);
#9365 = EDGE_LOOP('',(#9366,#9367,#9368,#9375));
#9366 = ORIENTED_EDGE('',*,*,#3208,.T.);
#9367 = ORIENTED_EDGE('',*,*,#9314,.T.);
#9368 = ORIENTED_EDGE('',*,*,#9369,.T.);
#9369 = EDGE_CURVE('',#9270,#9370,#9372,.T.);
#9370 = VERTEX_POINT('',#9371);
#9371 = CARTESIAN_POINT('',(-27.3,-85.76120515163,71.91163750665));
#9372 = B_SPLINE_CURVE_WITH_KNOTS('',1,(#9373,#9374),.UNSPECIFIED.,.F.,
  .F.,(2,2),(0.,0.230354962047),.PIECEWISE_BEZIER_KNOTS.);
#9373 = CARTESIAN_POINT('',(-27.3,-85.77566925938,71.681737097501));
#9374 = CARTESIAN_POINT('',(-27.3,-85.76120515163,71.91163750665));
#9375 = ORIENTED_EDGE('',*,*,#9376,.F.);
#9376 = EDGE_CURVE('',#3154,#9370,#9377,.T.);
#9377 = LINE('',#9378,#9379);
#9378 = CARTESIAN_POINT('',(-32.8,-85.76120515163,71.91163750665));
#9379 = VECTOR('',#9380,1.);
#9380 = DIRECTION('',(1.,0.,0.));
#9381 = SURFACE_OF_LINEAR_EXTRUSION('',#9382,#9385);
#9382 = B_SPLINE_CURVE_WITH_KNOTS('',1,(#9383,#9384),.UNSPECIFIED.,.F.,
  .F.,(2,2),(0.,0.230354962047),.PIECEWISE_BEZIER_KNOTS.);
#9383 = CARTESIAN_POINT('',(-32.8,-85.77566925938,71.681737097501));
#9384 = CARTESIAN_POINT('',(-32.8,-85.76120515163,71.91163750665));
#9385 = VECTOR('',#9386,1.);
#9386 = DIRECTION('',(-1.,-0.,0.));
#9387 = ADVANCED_FACE('',(#9388),#9443,.T.);
#9388 = FACE_BOUND('',#9389,.T.);
#9389 = EDGE_LOOP('',(#9390,#9391,#9392,#9437));
#9390 = ORIENTED_EDGE('',*,*,#3153,.T.);
#9391 = ORIENTED_EDGE('',*,*,#9376,.T.);
#9392 = ORIENTED_EDGE('',*,*,#9393,.T.);
#9393 = EDGE_CURVE('',#9370,#9394,#9396,.T.);
#9394 = VERTEX_POINT('',#9395);
#9395 = CARTESIAN_POINT('',(-27.3,-86.3,72.));
#9396 = B_SPLINE_CURVE_WITH_KNOTS('',3,(#9397,#9398,#9399,#9400,#9401,
    #9402,#9403,#9404,#9405,#9406,#9407,#9408,#9409,#9410,#9411,#9412,
    #9413,#9414,#9415,#9416,#9417,#9418,#9419,#9420,#9421,#9422,#9423,
    #9424,#9425,#9426,#9427,#9428,#9429,#9430,#9431,#9432,#9433,#9434,
    #9435,#9436),.UNSPECIFIED.,.F.,.F.,(4,1,1,1,1,1,1,1,1,1,1,1,1,1,1,1,
    1,1,1,1,1,1,1,1,1,1,1,1,1,1,1,1,1,1,1,1,1,4),(0.,2.608437118449E-02,
    5.080451698287E-02,7.415285781629E-02,9.612223472286E-02,
    0.116705911553,0.135897577034,0.153691346707,0.170081764731,
    0.185063805553,0.198632875455,0.210784813958,0.221515895103,
    0.230822828592,0.238702760805,0.245153275681,0.250172395482,
    0.253758581468,0.255910734655,0.256628199332,0.260008592309,
    0.264232297819,0.270142153204,0.27773482839,0.287006045071,
    0.297950579117,0.310562263522,0.324833991877,0.340757722373,
    0.358324482337,0.377524373281,0.398346576485,0.420779359092,
    0.444810080717,0.470425200572,0.497610285097,0.526350016087,
    0.556628199332),.UNSPECIFIED.);
#9397 = CARTESIAN_POINT('',(-27.3,-85.76120515163,71.91163750665));
#9398 = CARTESIAN_POINT('',(-27.3,-85.76869708687,71.916049980273));
#9399 = CARTESIAN_POINT('',(-27.3,-85.78340647718,71.924447132203));
#9400 = CARTESIAN_POINT('',(-27.3,-85.80521051107,71.936096029716));
#9401 = CARTESIAN_POINT('',(-27.3,-85.82610444801,71.946518176243));
#9402 = CARTESIAN_POINT('',(-27.3,-85.84603111841,71.955770657446));
#9403 = CARTESIAN_POINT('',(-27.3,-85.86493619023,71.963913762669));
#9404 = CARTESIAN_POINT('',(-27.3,-85.88276828285,71.971010056353));
#9405 = CARTESIAN_POINT('',(-27.3,-85.89947907493,71.97712443403));
#9406 = CARTESIAN_POINT('',(-27.3,-85.91502340581,71.982323932126));
#9407 = CARTESIAN_POINT('',(-27.3,-85.92935937025,71.986677589911));
#9408 = CARTESIAN_POINT('',(-27.3,-85.94244840631,71.990256300096));
#9409 = CARTESIAN_POINT('',(-27.3,-85.95425537645,71.993132636073));
#9410 = CARTESIAN_POINT('',(-27.3,-85.9647486406,71.995380746767));
#9411 = CARTESIAN_POINT('',(-27.3,-85.97390012439,71.997076023809));
#9412 = CARTESIAN_POINT('',(-27.3,-85.98168537245,71.998295442773));
#9413 = CARTESIAN_POINT('',(-27.3,-85.98808361597,71.999115915949));
#9414 = CARTESIAN_POINT('',(-27.3,-85.99307777139,71.999618163531));
#9415 = CARTESIAN_POINT('',(-27.3,-85.9966545908,71.999876154678));
#9416 = CARTESIAN_POINT('',(-27.3,-85.99880443352,71.999979963248));
#9417 = CARTESIAN_POINT('',(-27.3,-86.00088753549,72.000016831197));
#9418 = CARTESIAN_POINT('',(-27.3,-86.00366155115,71.999991527704));
#9419 = CARTESIAN_POINT('',(-27.3,-86.00816612572,72.000003565416));
#9420 = CARTESIAN_POINT('',(-27.3,-86.01407490286,71.999998578063));
#9421 = CARTESIAN_POINT('',(-27.3,-86.02166613956,72.000000521189));
#9422 = CARTESIAN_POINT('',(-27.3,-86.03093561934,71.999999819187));
#9423 = CARTESIAN_POINT('',(-27.3,-86.04187809618,72.000000060345));
#9424 = CARTESIAN_POINT('',(-27.3,-86.05448741229,71.999999980432));
#9425 = CARTESIAN_POINT('',(-27.3,-86.06875645988,72.000000006205));
#9426 = CARTESIAN_POINT('',(-27.3,-86.08467719954,71.999999998067));
#9427 = CARTESIAN_POINT('',(-27.3,-86.10224065999,72.000000000594));
#9428 = CARTESIAN_POINT('',(-27.3,-86.1214369447,71.99999999982));
#9429 = CARTESIAN_POINT('',(-27.3,-86.14225523695,72.000000000054));
#9430 = CARTESIAN_POINT('',(-27.3,-86.1646838061,71.999999999984));
#9431 = CARTESIAN_POINT('',(-27.3,-86.18871001412,72.000000000005));
#9432 = CARTESIAN_POINT('',(-27.3,-86.21432032279,71.999999999999));
#9433 = CARTESIAN_POINT('',(-27.3,-86.24150030125,72.));
#9434 = CARTESIAN_POINT('',(-27.3,-86.27023463417,72.));
#9435 = CARTESIAN_POINT('',(-27.3,-86.28990727225,72.));
#9436 = CARTESIAN_POINT('',(-27.3,-86.3,72.));
#9437 = ORIENTED_EDGE('',*,*,#9438,.F.);
#9438 = EDGE_CURVE('',#3144,#9394,#9439,.T.);
#9439 = LINE('',#9440,#9441);
#9440 = CARTESIAN_POINT('',(-32.8,-86.3,72.));
#9441 = VECTOR('',#9442,1.);
#9442 = DIRECTION('',(1.,0.,0.));
#9443 = SURFACE_OF_LINEAR_EXTRUSION('',#9444,#9485);
#9444 = B_SPLINE_CURVE_WITH_KNOTS('',3,(#9445,#9446,#9447,#9448,#9449,
    #9450,#9451,#9452,#9453,#9454,#9455,#9456,#9457,#9458,#9459,#9460,
    #9461,#9462,#9463,#9464,#9465,#9466,#9467,#9468,#9469,#9470,#9471,
    #9472,#9473,#9474,#9475,#9476,#9477,#9478,#9479,#9480,#9481,#9482,
    #9483,#9484),.UNSPECIFIED.,.F.,.F.,(4,1,1,1,1,1,1,1,1,1,1,1,1,1,1,1,
    1,1,1,1,1,1,1,1,1,1,1,1,1,1,1,1,1,1,1,1,1,4),(0.,2.608437118449E-02,
    5.080451698287E-02,7.415285781629E-02,9.612223472286E-02,
    0.116705911553,0.135897577034,0.153691346707,0.170081764731,
    0.185063805553,0.198632875455,0.210784813958,0.221515895103,
    0.230822828592,0.238702760805,0.245153275681,0.250172395482,
    0.253758581468,0.255910734655,0.256628199332,0.260008592309,
    0.264232297819,0.270142153204,0.27773482839,0.287006045071,
    0.297950579117,0.310562263522,0.324833991877,0.340757722373,
    0.358324482337,0.377524373281,0.398346576485,0.420779359092,
    0.444810080717,0.470425200572,0.497610285097,0.526350016087,
    0.556628199332),.UNSPECIFIED.);
#9445 = CARTESIAN_POINT('',(-32.8,-85.76120515163,71.91163750665));
#9446 = CARTESIAN_POINT('',(-32.8,-85.76869708687,71.916049980273));
#9447 = CARTESIAN_POINT('',(-32.8,-85.78340647718,71.924447132203));
#9448 = CARTESIAN_POINT('',(-32.8,-85.80521051107,71.936096029716));
#9449 = CARTESIAN_POINT('',(-32.8,-85.82610444801,71.946518176243));
#9450 = CARTESIAN_POINT('',(-32.8,-85.84603111841,71.955770657446));
#9451 = CARTESIAN_POINT('',(-32.8,-85.86493619023,71.963913762669));
#9452 = CARTESIAN_POINT('',(-32.8,-85.88276828285,71.971010056353));
#9453 = CARTESIAN_POINT('',(-32.8,-85.89947907493,71.97712443403));
#9454 = CARTESIAN_POINT('',(-32.8,-85.91502340581,71.982323932126));
#9455 = CARTESIAN_POINT('',(-32.8,-85.92935937025,71.986677589911));
#9456 = CARTESIAN_POINT('',(-32.8,-85.94244840631,71.990256300096));
#9457 = CARTESIAN_POINT('',(-32.8,-85.95425537645,71.993132636073));
#9458 = CARTESIAN_POINT('',(-32.8,-85.9647486406,71.995380746767));
#9459 = CARTESIAN_POINT('',(-32.8,-85.97390012439,71.997076023809));
#9460 = CARTESIAN_POINT('',(-32.8,-85.98168537245,71.998295442773));
#9461 = CARTESIAN_POINT('',(-32.8,-85.98808361597,71.999115915949));
#9462 = CARTESIAN_POINT('',(-32.8,-85.99307777139,71.999618163531));
#9463 = CARTESIAN_POINT('',(-32.8,-85.9966545908,71.999876154678));
#9464 = CARTESIAN_POINT('',(-32.8,-85.99880443352,71.999979963248));
#9465 = CARTESIAN_POINT('',(-32.8,-86.00088753549,72.000016831197));
#9466 = CARTESIAN_POINT('',(-32.8,-86.00366155115,71.999991527704));
#9467 = CARTESIAN_POINT('',(-32.8,-86.00816612572,72.000003565416));
#9468 = CARTESIAN_POINT('',(-32.8,-86.01407490286,71.999998578063));
#9469 = CARTESIAN_POINT('',(-32.8,-86.02166613956,72.000000521189));
#9470 = CARTESIAN_POINT('',(-32.8,-86.03093561934,71.999999819187));
#9471 = CARTESIAN_POINT('',(-32.8,-86.04187809618,72.000000060345));
#9472 = CARTESIAN_POINT('',(-32.8,-86.05448741229,71.999999980432));
#9473 = CARTESIAN_POINT('',(-32.8,-86.06875645988,72.000000006205));
#9474 = CARTESIAN_POINT('',(-32.8,-86.08467719954,71.999999998067));
#9475 = CARTESIAN_POINT('',(-32.8,-86.10224065999,72.000000000594));
#9476 = CARTESIAN_POINT('',(-32.8,-86.1214369447,71.99999999982));
#9477 = CARTESIAN_POINT('',(-32.8,-86.14225523695,72.000000000054));
#9478 = CARTESIAN_POINT('',(-32.8,-86.1646838061,71.999999999984));
#9479 = CARTESIAN_POINT('',(-32.8,-86.18871001412,72.000000000005));
#9480 = CARTESIAN_POINT('',(-32.8,-86.21432032279,71.999999999999));
#9481 = CARTESIAN_POINT('',(-32.8,-86.24150030125,72.));
#9482 = CARTESIAN_POINT('',(-32.8,-86.27023463417,72.));
#9483 = CARTESIAN_POINT('',(-32.8,-86.28990727225,72.));
#9484 = CARTESIAN_POINT('',(-32.8,-86.3,72.));
#9485 = VECTOR('',#9486,1.);
#9486 = DIRECTION('',(-1.,-0.,0.));
#9487 = ADVANCED_FACE('',(#9488),#9505,.T.);
#9488 = FACE_BOUND('',#9489,.T.);
#9489 = EDGE_LOOP('',(#9490,#9491,#9492,#9499));
#9490 = ORIENTED_EDGE('',*,*,#3143,.T.);
#9491 = ORIENTED_EDGE('',*,*,#9438,.T.);
#9492 = ORIENTED_EDGE('',*,*,#9493,.T.);
#9493 = EDGE_CURVE('',#9394,#9494,#9496,.T.);
#9494 = VERTEX_POINT('',#9495);
#9495 = CARTESIAN_POINT('',(-27.3,-86.32129030645,72.338399730624));
#9496 = B_SPLINE_CURVE_WITH_KNOTS('',1,(#9497,#9498),.UNSPECIFIED.,.F.,
  .F.,(2,2),(0.,0.339068805458),.PIECEWISE_BEZIER_KNOTS.);
#9497 = CARTESIAN_POINT('',(-27.3,-86.3,72.));
#9498 = CARTESIAN_POINT('',(-27.3,-86.32129030645,72.338399730624));
#9499 = ORIENTED_EDGE('',*,*,#9500,.F.);
#9500 = EDGE_CURVE('',#3082,#9494,#9501,.T.);
#9501 = LINE('',#9502,#9503);
#9502 = CARTESIAN_POINT('',(-32.8,-86.32129030645,72.338399730624));
#9503 = VECTOR('',#9504,1.);
#9504 = DIRECTION('',(1.,0.,0.));
#9505 = SURFACE_OF_LINEAR_EXTRUSION('',#9506,#9509);
#9506 = B_SPLINE_CURVE_WITH_KNOTS('',1,(#9507,#9508),.UNSPECIFIED.,.F.,
  .F.,(2,2),(0.,0.339068805458),.PIECEWISE_BEZIER_KNOTS.);
#9507 = CARTESIAN_POINT('',(-32.8,-86.3,72.));
#9508 = CARTESIAN_POINT('',(-32.8,-86.32129030645,72.338399730624));
#9509 = VECTOR('',#9510,1.);
#9510 = DIRECTION('',(-1.,-0.,0.));
#9511 = ADVANCED_FACE('',(#9512),#9567,.T.);
#9512 = FACE_BOUND('',#9513,.T.);
#9513 = EDGE_LOOP('',(#9514,#9515,#9516,#9561));
#9514 = ORIENTED_EDGE('',*,*,#3081,.T.);
#9515 = ORIENTED_EDGE('',*,*,#9500,.T.);
#9516 = ORIENTED_EDGE('',*,*,#9517,.T.);
#9517 = EDGE_CURVE('',#9494,#9518,#9520,.T.);
#9518 = VERTEX_POINT('',#9519);
#9519 = CARTESIAN_POINT('',(-27.3,-85.79781877341,72.493594359894));
#9520 = B_SPLINE_CURVE_WITH_KNOTS('',3,(#9521,#9522,#9523,#9524,#9525,
    #9526,#9527,#9528,#9529,#9530,#9531,#9532,#9533,#9534,#9535,#9536,
    #9537,#9538,#9539,#9540,#9541,#9542,#9543,#9544,#9545,#9546,#9547,
    #9548,#9549,#9550,#9551,#9552,#9553,#9554,#9555,#9556,#9557,#9558,
    #9559,#9560),.UNSPECIFIED.,.F.,.F.,(4,1,1,1,1,1,1,1,1,1,1,1,1,1,1,1,
    1,1,1,1,1,1,1,1,1,1,1,1,1,1,1,1,1,1,1,1,1,4),(0.,3.027818324443E-02,
    5.901791423488E-02,8.620299875927E-02,0.111818118615,0.13584884024,
    0.158281622847,0.179103826051,0.198303716995,0.215870476958,
    0.231794207455,0.24606593581,0.258677620215,0.269622154261,
    0.278893370941,0.286486046128,0.292395901513,0.296619607022,0.3,
    0.300717464676,0.302869617863,0.306455803849,0.311474923651,
    0.317925438527,0.32580537074,0.335112304229,0.345843385374,
    0.357995323877,0.371564393779,0.386546434601,0.402936852624,
    0.420730622298,0.439922287779,0.460505964609,0.482475341515,
    0.505823682349,0.530543828147,0.556628199332),.UNSPECIFIED.);
#9521 = CARTESIAN_POINT('',(-27.3,-86.32129030645,72.338399730624));
#9522 = CARTESIAN_POINT('',(-27.3,-86.31127716287,72.339664684828));
#9523 = CARTESIAN_POINT('',(-27.3,-86.29175964942,72.342130320171));
#9524 = CARTESIAN_POINT('',(-27.3,-86.2632518953,72.34573168703));
#9525 = CARTESIAN_POINT('',(-27.3,-86.23628623909,72.34913824162));
#9526 = CARTESIAN_POINT('',(-27.3,-86.21087787535,72.352348064412));
#9527 = CARTESIAN_POINT('',(-27.3,-86.18704112115,72.355359346775));
#9528 = CARTESIAN_POINT('',(-27.3,-86.16478940797,72.3581703918));
#9529 = CARTESIAN_POINT('',(-27.3,-86.1441352742,72.360779615918));
#9530 = CARTESIAN_POINT('',(-27.3,-86.12509035783,72.363185547585));
#9531 = CARTESIAN_POINT('',(-27.3,-86.10766539083,72.365386835383));
#9532 = CARTESIAN_POINT('',(-27.3,-86.09187018994,72.367382225091));
#9533 = CARTESIAN_POINT('',(-27.3,-86.07771366128,72.369170636534));
#9534 = CARTESIAN_POINT('',(-27.3,-86.06520376338,72.370750923613));
#9535 = CARTESIAN_POINT('',(-27.3,-86.05434760146,72.372122618875));
#9536 = CARTESIAN_POINT('',(-27.3,-86.04515112632,72.373283696282));
#9537 = CARTESIAN_POINT('',(-27.3,-86.03761999232,72.374237058328));
#9538 = CARTESIAN_POINT('',(-27.3,-86.03175718257,72.374972676448));
#9539 = CARTESIAN_POINT('',(-27.3,-86.02728963664,72.375549192137));
#9540 = CARTESIAN_POINT('',(-27.3,-86.02453432356,72.375871764521));
#9541 = CARTESIAN_POINT('',(-27.3,-86.02247226825,72.376169423662));
#9542 = CARTESIAN_POINT('',(-27.3,-86.02035238834,72.376541860409));
#9543 = CARTESIAN_POINT('',(-27.3,-86.01683610809,72.377246111562));
#9544 = CARTESIAN_POINT('',(-27.3,-86.01194428139,72.378370332419));
#9545 = CARTESIAN_POINT('',(-27.3,-86.00569932249,72.379986248469));
#9546 = CARTESIAN_POINT('',(-27.3,-85.99812829716,72.382171802263));
#9547 = CARTESIAN_POINT('',(-27.3,-85.9892614501,72.385000696595));
#9548 = CARTESIAN_POINT('',(-27.3,-85.97913269145,72.388546234991));
#9549 = CARTESIAN_POINT('',(-27.3,-85.96777932329,72.392879695947));
#9550 = CARTESIAN_POINT('',(-27.3,-85.9552420295,72.398070678147));
#9551 = CARTESIAN_POINT('',(-27.3,-85.94156476644,72.404186778819));
#9552 = CARTESIAN_POINT('',(-27.3,-85.92679467716,72.411293498572));
#9553 = CARTESIAN_POINT('',(-27.3,-85.91098198939,72.419454080161));
#9554 = CARTESIAN_POINT('',(-27.3,-85.89417990958,72.42872937128));
#9555 = CARTESIAN_POINT('',(-27.3,-85.8764445116,72.439177699468));
#9556 = CARTESIAN_POINT('',(-27.3,-85.85783461234,72.450854696129));
#9557 = CARTESIAN_POINT('',(-27.3,-85.83841167166,72.463813365595));
#9558 = CARTESIAN_POINT('',(-27.3,-85.81823956308,72.478103178144));
#9559 = CARTESIAN_POINT('',(-27.3,-85.80469860291,72.488277691475));
#9560 = CARTESIAN_POINT('',(-27.3,-85.79781877341,72.493594359894));
#9561 = ORIENTED_EDGE('',*,*,#9562,.F.);
#9562 = EDGE_CURVE('',#3072,#9518,#9563,.T.);
#9563 = LINE('',#9564,#9565);
#9564 = CARTESIAN_POINT('',(-32.8,-85.79781877341,72.493594359894));
#9565 = VECTOR('',#9566,1.);
#9566 = DIRECTION('',(1.,0.,0.));
#9567 = SURFACE_OF_LINEAR_EXTRUSION('',#9568,#9609);
#9568 = B_SPLINE_CURVE_WITH_KNOTS('',3,(#9569,#9570,#9571,#9572,#9573,
    #9574,#9575,#9576,#9577,#9578,#9579,#9580,#9581,#9582,#9583,#9584,
    #9585,#9586,#9587,#9588,#9589,#9590,#9591,#9592,#9593,#9594,#9595,
    #9596,#9597,#9598,#9599,#9600,#9601,#9602,#9603,#9604,#9605,#9606,
    #9607,#9608),.UNSPECIFIED.,.F.,.F.,(4,1,1,1,1,1,1,1,1,1,1,1,1,1,1,1,
    1,1,1,1,1,1,1,1,1,1,1,1,1,1,1,1,1,1,1,1,1,4),(0.,3.027818324443E-02,
    5.901791423488E-02,8.620299875927E-02,0.111818118615,0.13584884024,
    0.158281622847,0.179103826051,0.198303716995,0.215870476958,
    0.231794207455,0.24606593581,0.258677620215,0.269622154261,
    0.278893370941,0.286486046128,0.292395901513,0.296619607022,0.3,
    0.300717464676,0.302869617863,0.306455803849,0.311474923651,
    0.317925438527,0.32580537074,0.335112304229,0.345843385374,
    0.357995323877,0.371564393779,0.386546434601,0.402936852624,
    0.420730622298,0.439922287779,0.460505964609,0.482475341515,
    0.505823682349,0.530543828147,0.556628199332),.UNSPECIFIED.);
#9569 = CARTESIAN_POINT('',(-32.8,-86.32129030645,72.338399730624));
#9570 = CARTESIAN_POINT('',(-32.8,-86.31127716287,72.339664684828));
#9571 = CARTESIAN_POINT('',(-32.8,-86.29175964942,72.342130320171));
#9572 = CARTESIAN_POINT('',(-32.8,-86.2632518953,72.34573168703));
#9573 = CARTESIAN_POINT('',(-32.8,-86.23628623909,72.34913824162));
#9574 = CARTESIAN_POINT('',(-32.8,-86.21087787535,72.352348064412));
#9575 = CARTESIAN_POINT('',(-32.8,-86.18704112115,72.355359346775));
#9576 = CARTESIAN_POINT('',(-32.8,-86.16478940797,72.3581703918));
#9577 = CARTESIAN_POINT('',(-32.8,-86.1441352742,72.360779615918));
#9578 = CARTESIAN_POINT('',(-32.8,-86.12509035783,72.363185547585));
#9579 = CARTESIAN_POINT('',(-32.8,-86.10766539083,72.365386835383));
#9580 = CARTESIAN_POINT('',(-32.8,-86.09187018994,72.367382225091));
#9581 = CARTESIAN_POINT('',(-32.8,-86.07771366128,72.369170636534));
#9582 = CARTESIAN_POINT('',(-32.8,-86.06520376338,72.370750923613));
#9583 = CARTESIAN_POINT('',(-32.8,-86.05434760146,72.372122618875));
#9584 = CARTESIAN_POINT('',(-32.8,-86.04515112632,72.373283696282));
#9585 = CARTESIAN_POINT('',(-32.8,-86.03761999232,72.374237058328));
#9586 = CARTESIAN_POINT('',(-32.8,-86.03175718257,72.374972676448));
#9587 = CARTESIAN_POINT('',(-32.8,-86.02728963664,72.375549192137));
#9588 = CARTESIAN_POINT('',(-32.8,-86.02453432356,72.375871764521));
#9589 = CARTESIAN_POINT('',(-32.8,-86.02247226825,72.376169423662));
#9590 = CARTESIAN_POINT('',(-32.8,-86.02035238834,72.376541860409));
#9591 = CARTESIAN_POINT('',(-32.8,-86.01683610809,72.377246111562));
#9592 = CARTESIAN_POINT('',(-32.8,-86.01194428139,72.378370332419));
#9593 = CARTESIAN_POINT('',(-32.8,-86.00569932249,72.379986248469));
#9594 = CARTESIAN_POINT('',(-32.8,-85.99812829716,72.382171802263));
#9595 = CARTESIAN_POINT('',(-32.8,-85.9892614501,72.385000696595));
#9596 = CARTESIAN_POINT('',(-32.8,-85.97913269145,72.388546234991));
#9597 = CARTESIAN_POINT('',(-32.8,-85.96777932329,72.392879695947));
#9598 = CARTESIAN_POINT('',(-32.8,-85.9552420295,72.398070678147));
#9599 = CARTESIAN_POINT('',(-32.8,-85.94156476644,72.404186778819));
#9600 = CARTESIAN_POINT('',(-32.8,-85.92679467716,72.411293498572));
#9601 = CARTESIAN_POINT('',(-32.8,-85.91098198939,72.419454080161));
#9602 = CARTESIAN_POINT('',(-32.8,-85.89417990958,72.42872937128));
#9603 = CARTESIAN_POINT('',(-32.8,-85.8764445116,72.439177699468));
#9604 = CARTESIAN_POINT('',(-32.8,-85.85783461234,72.450854696129));
#9605 = CARTESIAN_POINT('',(-32.8,-85.83841167166,72.463813365595));
#9606 = CARTESIAN_POINT('',(-32.8,-85.81823956308,72.478103178144));
#9607 = CARTESIAN_POINT('',(-32.8,-85.80469860291,72.488277691475));
#9608 = CARTESIAN_POINT('',(-32.8,-85.79781877341,72.493594359894));
#9609 = VECTOR('',#9610,1.);
#9610 = DIRECTION('',(-1.,-0.,0.));
#9611 = ADVANCED_FACE('',(#9612),#9629,.T.);
#9612 = FACE_BOUND('',#9613,.T.);
#9613 = EDGE_LOOP('',(#9614,#9615,#9616,#9623));
#9614 = ORIENTED_EDGE('',*,*,#3071,.T.);
#9615 = ORIENTED_EDGE('',*,*,#9562,.T.);
#9616 = ORIENTED_EDGE('',*,*,#9617,.T.);
#9617 = EDGE_CURVE('',#9518,#9618,#9620,.T.);
#9618 = VERTEX_POINT('',#9619);
#9619 = CARTESIAN_POINT('',(-27.3,-85.84098298902,72.719869102255));
#9620 = B_SPLINE_CURVE_WITH_KNOTS('',1,(#9621,#9622),.UNSPECIFIED.,.F.,
  .F.,(2,2),(0.,0.230354962047),.PIECEWISE_BEZIER_KNOTS.);
#9621 = CARTESIAN_POINT('',(-27.3,-85.79781877341,72.493594359894));
#9622 = CARTESIAN_POINT('',(-27.3,-85.84098298902,72.719869102255));
#9623 = ORIENTED_EDGE('',*,*,#9624,.F.);
#9624 = EDGE_CURVE('',#3017,#9618,#9625,.T.);
#9625 = LINE('',#9626,#9627);
#9626 = CARTESIAN_POINT('',(-32.8,-85.84098298902,72.719869102255));
#9627 = VECTOR('',#9628,1.);
#9628 = DIRECTION('',(1.,0.,0.));
#9629 = SURFACE_OF_LINEAR_EXTRUSION('',#9630,#9633);
#9630 = B_SPLINE_CURVE_WITH_KNOTS('',1,(#9631,#9632),.UNSPECIFIED.,.F.,
  .F.,(2,2),(0.,0.230354962047),.PIECEWISE_BEZIER_KNOTS.);
#9631 = CARTESIAN_POINT('',(-32.8,-85.79781877341,72.493594359894));
#9632 = CARTESIAN_POINT('',(-32.8,-85.84098298902,72.719869102255));
#9633 = VECTOR('',#9634,1.);
#9634 = DIRECTION('',(-1.,-0.,0.));
#9635 = ADVANCED_FACE('',(#9636),#9691,.T.);
#9636 = FACE_BOUND('',#9637,.T.);
#9637 = EDGE_LOOP('',(#9638,#9639,#9640,#9685));
#9638 = ORIENTED_EDGE('',*,*,#3016,.T.);
#9639 = ORIENTED_EDGE('',*,*,#9624,.T.);
#9640 = ORIENTED_EDGE('',*,*,#9641,.T.);
#9641 = EDGE_CURVE('',#9618,#9642,#9644,.T.);
#9642 = VERTEX_POINT('',#9643);
#9643 = CARTESIAN_POINT('',(-27.3,-86.38482546495,72.671462695345));
#9644 = B_SPLINE_CURVE_WITH_KNOTS('',3,(#9645,#9646,#9647,#9648,#9649,
    #9650,#9651,#9652,#9653,#9654,#9655,#9656,#9657,#9658,#9659,#9660,
    #9661,#9662,#9663,#9664,#9665,#9666,#9667,#9668,#9669,#9670,#9671,
    #9672,#9673,#9674,#9675,#9676,#9677,#9678,#9679,#9680,#9681,#9682,
    #9683,#9684),.UNSPECIFIED.,.F.,.F.,(4,1,1,1,1,1,1,1,1,1,1,1,1,1,1,1,
    1,1,1,1,1,1,1,1,1,1,1,1,1,1,1,1,1,1,1,1,1,4),(0.,2.608437118449E-02,
    5.080451698287E-02,7.415285781629E-02,9.612223472286E-02,
    0.116705911553,0.135897577034,0.153691346707,0.170081764731,
    0.185063805553,0.198632875455,0.210784813958,0.221515895103,
    0.230822828592,0.238702760805,0.245153275681,0.250172395482,
    0.253758581468,0.255910734655,0.256628199332,0.260008592309,
    0.264232297819,0.270142153204,0.27773482839,0.287006045071,
    0.297950579117,0.310562263522,0.324833991877,0.340757722373,
    0.358324482337,0.377524373281,0.398346576485,0.420779359092,
    0.444810080717,0.470425200572,0.497610285097,0.526350016087,
    0.556628199332),.UNSPECIFIED.);
#9645 = CARTESIAN_POINT('',(-27.3,-85.84098298902,72.719869102255));
#9646 = CARTESIAN_POINT('',(-27.3,-85.8493368889,72.722279781378));
#9647 = CARTESIAN_POINT('',(-27.3,-85.86567244343,72.726755044722));
#9648 = CARTESIAN_POINT('',(-27.3,-85.88968842651,72.732615527971));
#9649 = CARTESIAN_POINT('',(-27.3,-85.91251782444,72.737514132779));
#9650 = CARTESIAN_POINT('',(-27.3,-85.93411946036,72.741520368858));
#9651 = CARTESIAN_POINT('',(-27.3,-85.9544557025,72.744706143278));
#9652 = CARTESIAN_POINT('',(-27.3,-85.97349234362,72.747144832745));
#9653 = CARTESIAN_POINT('',(-27.3,-85.99119871933,72.748911311006));
#9654 = CARTESIAN_POINT('',(-27.3,-86.00754775907,72.750081739417));
#9655 = CARTESIAN_POINT('',(-27.3,-86.02251604348,72.750733409659));
#9656 = CARTESIAN_POINT('',(-27.3,-86.03608385244,72.75094457718));
#9657 = CARTESIAN_POINT('',(-27.3,-86.04823520057,72.750794273701));
#9658 = CARTESIAN_POINT('',(-27.3,-86.05895788192,72.750362187188));
#9659 = CARTESIAN_POINT('',(-27.3,-86.06824345329,72.749728322511));
#9660 = CARTESIAN_POINT('',(-27.3,-86.07608737063,72.748973318724));
#9661 = CARTESIAN_POINT('',(-27.3,-86.08248864494,72.748176836768));
#9662 = CARTESIAN_POINT('',(-27.3,-86.08745080368,72.74742130937));
#9663 = CARTESIAN_POINT('',(-27.3,-86.09097941052,72.746781676437));
#9664 = CARTESIAN_POINT('',(-27.3,-86.09308752811,72.746347579526));
#9665 = CARTESIAN_POINT('',(-27.3,-86.09511435429,72.745865242807));
#9666 = CARTESIAN_POINT('',(-27.3,-86.09779492643,72.745150864628));
#9667 = CARTESIAN_POINT('',(-27.3,-86.10216097516,72.744042282013));
#9668 = CARTESIAN_POINT('',(-27.3,-86.1078828769,72.742567998224));
#9669 = CARTESIAN_POINT('',(-27.3,-86.11523610418,72.740682016505));
#9670 = CARTESIAN_POINT('',(-27.3,-86.12421419162,72.738376110677));
#9671 = CARTESIAN_POINT('',(-27.3,-86.1348129504,72.735655060928));
#9672 = CARTESIAN_POINT('',(-27.3,-86.14702610179,72.732519174125));
#9673 = CARTESIAN_POINT('',(-27.3,-86.16084686742,72.728970631254));
#9674 = CARTESIAN_POINT('',(-27.3,-86.17626742574,72.725011296422));
#9675 = CARTESIAN_POINT('',(-27.3,-86.19327909841,72.720643443872));
#9676 = CARTESIAN_POINT('',(-27.3,-86.21187229634,72.715869521244));
#9677 = CARTESIAN_POINT('',(-27.3,-86.23203654372,72.71069222272));
#9678 = CARTESIAN_POINT('',(-27.3,-86.2537604781,72.705114464322));
#9679 = CARTESIAN_POINT('',(-27.3,-86.27703185863,72.699139389379));
#9680 = CARTESIAN_POINT('',(-27.3,-86.30183757236,72.6927703646));
#9681 = CARTESIAN_POINT('',(-27.3,-86.32816364181,72.686010978826));
#9682 = CARTESIAN_POINT('',(-27.3,-86.35599523282,72.678865040814));
#9683 = CARTESIAN_POINT('',(-27.3,-86.3750498188,72.67397265467));
#9684 = CARTESIAN_POINT('',(-27.3,-86.38482546495,72.671462695345));
#9685 = ORIENTED_EDGE('',*,*,#9686,.F.);
#9686 = EDGE_CURVE('',#3007,#9642,#9687,.T.);
#9687 = LINE('',#9688,#9689);
#9688 = CARTESIAN_POINT('',(-32.8,-86.38482546495,72.671462695345));
#9689 = VECTOR('',#9690,1.);
#9690 = DIRECTION('',(1.,0.,0.));
#9691 = SURFACE_OF_LINEAR_EXTRUSION('',#9692,#9733);
#9692 = B_SPLINE_CURVE_WITH_KNOTS('',3,(#9693,#9694,#9695,#9696,#9697,
    #9698,#9699,#9700,#9701,#9702,#9703,#9704,#9705,#9706,#9707,#9708,
    #9709,#9710,#9711,#9712,#9713,#9714,#9715,#9716,#9717,#9718,#9719,
    #9720,#9721,#9722,#9723,#9724,#9725,#9726,#9727,#9728,#9729,#9730,
    #9731,#9732),.UNSPECIFIED.,.F.,.F.,(4,1,1,1,1,1,1,1,1,1,1,1,1,1,1,1,
    1,1,1,1,1,1,1,1,1,1,1,1,1,1,1,1,1,1,1,1,1,4),(0.,2.608437118449E-02,
    5.080451698287E-02,7.415285781629E-02,9.612223472286E-02,
    0.116705911553,0.135897577034,0.153691346707,0.170081764731,
    0.185063805553,0.198632875455,0.210784813958,0.221515895103,
    0.230822828592,0.238702760805,0.245153275681,0.250172395482,
    0.253758581468,0.255910734655,0.256628199332,0.260008592309,
    0.264232297819,0.270142153204,0.27773482839,0.287006045071,
    0.297950579117,0.310562263522,0.324833991877,0.340757722373,
    0.358324482337,0.377524373281,0.398346576485,0.420779359092,
    0.444810080717,0.470425200572,0.497610285097,0.526350016087,
    0.556628199332),.UNSPECIFIED.);
#9693 = CARTESIAN_POINT('',(-32.8,-85.84098298902,72.719869102255));
#9694 = CARTESIAN_POINT('',(-32.8,-85.8493368889,72.722279781378));
#9695 = CARTESIAN_POINT('',(-32.8,-85.86567244343,72.726755044722));
#9696 = CARTESIAN_POINT('',(-32.8,-85.88968842651,72.732615527971));
#9697 = CARTESIAN_POINT('',(-32.8,-85.91251782444,72.737514132779));
#9698 = CARTESIAN_POINT('',(-32.8,-85.93411946036,72.741520368858));
#9699 = CARTESIAN_POINT('',(-32.8,-85.9544557025,72.744706143278));
#9700 = CARTESIAN_POINT('',(-32.8,-85.97349234362,72.747144832745));
#9701 = CARTESIAN_POINT('',(-32.8,-85.99119871933,72.748911311006));
#9702 = CARTESIAN_POINT('',(-32.8,-86.00754775907,72.750081739417));
#9703 = CARTESIAN_POINT('',(-32.8,-86.02251604348,72.750733409659));
#9704 = CARTESIAN_POINT('',(-32.8,-86.03608385244,72.75094457718));
#9705 = CARTESIAN_POINT('',(-32.8,-86.04823520057,72.750794273701));
#9706 = CARTESIAN_POINT('',(-32.8,-86.05895788192,72.750362187188));
#9707 = CARTESIAN_POINT('',(-32.8,-86.06824345329,72.749728322511));
#9708 = CARTESIAN_POINT('',(-32.8,-86.07608737063,72.748973318724));
#9709 = CARTESIAN_POINT('',(-32.8,-86.08248864494,72.748176836768));
#9710 = CARTESIAN_POINT('',(-32.8,-86.08745080368,72.74742130937));
#9711 = CARTESIAN_POINT('',(-32.8,-86.09097941052,72.746781676437));
#9712 = CARTESIAN_POINT('',(-32.8,-86.09308752811,72.746347579526));
#9713 = CARTESIAN_POINT('',(-32.8,-86.09511435429,72.745865242807));
#9714 = CARTESIAN_POINT('',(-32.8,-86.09779492643,72.745150864628));
#9715 = CARTESIAN_POINT('',(-32.8,-86.10216097516,72.744042282013));
#9716 = CARTESIAN_POINT('',(-32.8,-86.1078828769,72.742567998224));
#9717 = CARTESIAN_POINT('',(-32.8,-86.11523610418,72.740682016505));
#9718 = CARTESIAN_POINT('',(-32.8,-86.12421419162,72.738376110677));
#9719 = CARTESIAN_POINT('',(-32.8,-86.1348129504,72.735655060928));
#9720 = CARTESIAN_POINT('',(-32.8,-86.14702610179,72.732519174125));
#9721 = CARTESIAN_POINT('',(-32.8,-86.16084686742,72.728970631254));
#9722 = CARTESIAN_POINT('',(-32.8,-86.17626742574,72.725011296422));
#9723 = CARTESIAN_POINT('',(-32.8,-86.19327909841,72.720643443872));
#9724 = CARTESIAN_POINT('',(-32.8,-86.21187229634,72.715869521244));
#9725 = CARTESIAN_POINT('',(-32.8,-86.23203654372,72.71069222272));
#9726 = CARTESIAN_POINT('',(-32.8,-86.2537604781,72.705114464322));
#9727 = CARTESIAN_POINT('',(-32.8,-86.27703185863,72.699139389379));
#9728 = CARTESIAN_POINT('',(-32.8,-86.30183757236,72.6927703646));
#9729 = CARTESIAN_POINT('',(-32.8,-86.32816364181,72.686010978826));
#9730 = CARTESIAN_POINT('',(-32.8,-86.35599523282,72.678865040814));
#9731 = CARTESIAN_POINT('',(-32.8,-86.3750498188,72.67397265467));
#9732 = CARTESIAN_POINT('',(-32.8,-86.38482546495,72.671462695345));
#9733 = VECTOR('',#9734,1.);
#9734 = DIRECTION('',(-1.,-0.,0.));
#9735 = ADVANCED_FACE('',(#9736),#9753,.T.);
#9736 = FACE_BOUND('',#9737,.T.);
#9737 = EDGE_LOOP('',(#9738,#9739,#9740,#9747));
#9738 = ORIENTED_EDGE('',*,*,#3006,.T.);
#9739 = ORIENTED_EDGE('',*,*,#9686,.T.);
#9740 = ORIENTED_EDGE('',*,*,#9741,.T.);
#9741 = EDGE_CURVE('',#9642,#9742,#9744,.T.);
#9742 = VERTEX_POINT('',#9743);
#9743 = CARTESIAN_POINT('',(-27.3,-86.4896034881,72.993936292249));
#9744 = B_SPLINE_CURVE_WITH_KNOTS('',1,(#9745,#9746),.UNSPECIFIED.,.F.,
  .F.,(2,2),(0.,0.339068805458),.PIECEWISE_BEZIER_KNOTS.);
#9745 = CARTESIAN_POINT('',(-27.3,-86.38482546495,72.671462695345));
#9746 = CARTESIAN_POINT('',(-27.3,-86.4896034881,72.993936292249));
#9747 = ORIENTED_EDGE('',*,*,#9748,.F.);
#9748 = EDGE_CURVE('',#2945,#9742,#9749,.T.);
#9749 = LINE('',#9750,#9751);
#9750 = CARTESIAN_POINT('',(-32.8,-86.4896034881,72.993936292249));
#9751 = VECTOR('',#9752,1.);
#9752 = DIRECTION('',(1.,0.,0.));
#9753 = SURFACE_OF_LINEAR_EXTRUSION('',#9754,#9757);
#9754 = B_SPLINE_CURVE_WITH_KNOTS('',1,(#9755,#9756),.UNSPECIFIED.,.F.,
  .F.,(2,2),(0.,0.339068805458),.PIECEWISE_BEZIER_KNOTS.);
#9755 = CARTESIAN_POINT('',(-32.8,-86.38482546495,72.671462695345));
#9756 = CARTESIAN_POINT('',(-32.8,-86.4896034881,72.993936292249));
#9757 = VECTOR('',#9758,1.);
#9758 = DIRECTION('',(-1.,-0.,0.));
#9759 = ADVANCED_FACE('',(#9760),#9815,.T.);
#9760 = FACE_BOUND('',#9761,.T.);
#9761 = EDGE_LOOP('',(#9762,#9763,#9764,#9809));
#9762 = ORIENTED_EDGE('',*,*,#2944,.T.);
#9763 = ORIENTED_EDGE('',*,*,#9748,.T.);
#9764 = ORIENTED_EDGE('',*,*,#9765,.T.);
#9765 = EDGE_CURVE('',#9742,#9766,#9768,.T.);
#9766 = VERTEX_POINT('',#9767);
#9767 = CARTESIAN_POINT('',(-27.3,-86.02117311071,73.274437273341));
#9768 = B_SPLINE_CURVE_WITH_KNOTS('',3,(#9769,#9770,#9771,#9772,#9773,
    #9774,#9775,#9776,#9777,#9778,#9779,#9780,#9781,#9782,#9783,#9784,
    #9785,#9786,#9787,#9788,#9789,#9790,#9791,#9792,#9793,#9794,#9795,
    #9796,#9797,#9798,#9799,#9800,#9801,#9802,#9803,#9804,#9805,#9806,
    #9807,#9808),.UNSPECIFIED.,.F.,.F.,(4,1,1,1,1,1,1,1,1,1,1,1,1,1,1,1,
    1,1,1,1,1,1,1,1,1,1,1,1,1,1,1,1,1,1,1,1,1,4),(0.,3.027818324443E-02,
    5.901791423488E-02,8.620299875927E-02,0.111818118615,0.13584884024,
    0.158281622847,0.179103826051,0.198303716995,0.215870476958,
    0.231794207455,0.24606593581,0.258677620215,0.269622154261,
    0.278893370941,0.286486046128,0.292395901513,0.296619607022,0.3,
    0.300717464676,0.302869617863,0.306455803849,0.311474923651,
    0.317925438527,0.32580537074,0.335112304229,0.345843385374,
    0.357995323877,0.371564393779,0.386546434601,0.402936852624,
    0.420730622298,0.439922287779,0.460505964609,0.482475341515,
    0.505823682349,0.530543828147,0.556628199332),.UNSPECIFIED.);
#9769 = CARTESIAN_POINT('',(-27.3,-86.4896034881,72.993936292249));
#9770 = CARTESIAN_POINT('',(-27.3,-86.48021950716,72.997651673136));
#9771 = CARTESIAN_POINT('',(-27.3,-86.46192835086,73.004893654229));
#9772 = CARTESIAN_POINT('',(-27.3,-86.43521184377,73.015471467681));
#9773 = CARTESIAN_POINT('',(-27.3,-86.40994053892,73.025477085094));
#9774 = CARTESIAN_POINT('',(-27.3,-86.38612867612,73.034904868511));
#9775 = CARTESIAN_POINT('',(-27.3,-86.36378967285,73.043749505614));
#9776 = CARTESIAN_POINT('',(-27.3,-86.34293611662,73.052006012533));
#9777 = CARTESIAN_POINT('',(-27.3,-86.3235797581,73.059669737273));
#9778 = CARTESIAN_POINT('',(-27.3,-86.30573150368,73.066736360275));
#9779 = CARTESIAN_POINT('',(-27.3,-86.28940141207,73.073201903647));
#9780 = CARTESIAN_POINT('',(-27.3,-86.2745986797,73.079062711245));
#9781 = CARTESIAN_POINT('',(-27.3,-86.26133166427,73.084315521968));
#9782 = CARTESIAN_POINT('',(-27.3,-86.24960778922,73.088957246521));
#9783 = CARTESIAN_POINT('',(-27.3,-86.23943382034,73.092985665136));
#9784 = CARTESIAN_POINT('',(-27.3,-86.23081501758,73.096397335527));
#9785 = CARTESIAN_POINT('',(-27.3,-86.22375757951,73.099193662815));
#9786 = CARTESIAN_POINT('',(-27.3,-86.21826190149,73.101364191635));
#9787 = CARTESIAN_POINT('',(-27.3,-86.21407808535,73.103033628515));
#9788 = CARTESIAN_POINT('',(-27.3,-86.21148955599,73.104031285196));
#9789 = CARTESIAN_POINT('',(-27.3,-86.20956630875,73.104832405129));
#9790 = CARTESIAN_POINT('',(-27.3,-86.20760565003,73.105720333786));
#9791 = CARTESIAN_POINT('',(-27.3,-86.20437498033,73.107276922932));
#9792 = CARTESIAN_POINT('',(-27.3,-86.19991642172,73.109582372154));
#9793 = CARTESIAN_POINT('',(-27.3,-86.19426952166,73.112700579354));
#9794 = CARTESIAN_POINT('',(-27.3,-86.18747987914,73.116700307392));
#9795 = CARTESIAN_POINT('',(-27.3,-86.1795951178,73.121645422002));
#9796 = CARTESIAN_POINT('',(-27.3,-86.17066631228,73.127598490633));
#9797 = CARTESIAN_POINT('',(-27.3,-86.16074731897,73.134619275793));
#9798 = CARTESIAN_POINT('',(-27.3,-86.1498948521,73.142765071918));
#9799 = CARTESIAN_POINT('',(-27.3,-86.13816829778,73.15209042105));
#9800 = CARTESIAN_POINT('',(-27.3,-86.12562960736,73.162647041968));
#9801 = CARTESIAN_POINT('',(-27.3,-86.11234315837,73.174483699418));
#9802 = CARTESIAN_POINT('',(-27.3,-86.09837561789,73.187646097543));
#9803 = CARTESIAN_POINT('',(-27.3,-86.08379580361,73.20217678641));
#9804 = CARTESIAN_POINT('',(-27.3,-86.06867451954,73.218115022495));
#9805 = CARTESIAN_POINT('',(-27.3,-86.0530844763,73.235496860458));
#9806 = CARTESIAN_POINT('',(-27.3,-86.03709984348,73.254354331674));
#9807 = CARTESIAN_POINT('',(-27.3,-86.02651459605,73.267576693816));
#9808 = CARTESIAN_POINT('',(-27.3,-86.02117311071,73.274437273341));
#9809 = ORIENTED_EDGE('',*,*,#9810,.F.);
#9810 = EDGE_CURVE('',#2935,#9766,#9811,.T.);
#9811 = LINE('',#9812,#9813);
#9812 = CARTESIAN_POINT('',(-32.8,-86.02117311071,73.274437273341));
#9813 = VECTOR('',#9814,1.);
#9814 = DIRECTION('',(1.,0.,0.));
#9815 = SURFACE_OF_LINEAR_EXTRUSION('',#9816,#9857);
#9816 = B_SPLINE_CURVE_WITH_KNOTS('',3,(#9817,#9818,#9819,#9820,#9821,
    #9822,#9823,#9824,#9825,#9826,#9827,#9828,#9829,#9830,#9831,#9832,
    #9833,#9834,#9835,#9836,#9837,#9838,#9839,#9840,#9841,#9842,#9843,
    #9844,#9845,#9846,#9847,#9848,#9849,#9850,#9851,#9852,#9853,#9854,
    #9855,#9856),.UNSPECIFIED.,.F.,.F.,(4,1,1,1,1,1,1,1,1,1,1,1,1,1,1,1,
    1,1,1,1,1,1,1,1,1,1,1,1,1,1,1,1,1,1,1,1,1,4),(0.,3.027818324443E-02,
    5.901791423488E-02,8.620299875927E-02,0.111818118615,0.13584884024,
    0.158281622847,0.179103826051,0.198303716995,0.215870476958,
    0.231794207455,0.24606593581,0.258677620215,0.269622154261,
    0.278893370941,0.286486046128,0.292395901513,0.296619607022,0.3,
    0.300717464676,0.302869617863,0.306455803849,0.311474923651,
    0.317925438527,0.32580537074,0.335112304229,0.345843385374,
    0.357995323877,0.371564393779,0.386546434601,0.402936852624,
    0.420730622298,0.439922287779,0.460505964609,0.482475341515,
    0.505823682349,0.530543828147,0.556628199332),.UNSPECIFIED.);
#9817 = CARTESIAN_POINT('',(-32.8,-86.4896034881,72.993936292249));
#9818 = CARTESIAN_POINT('',(-32.8,-86.48021950716,72.997651673136));
#9819 = CARTESIAN_POINT('',(-32.8,-86.46192835086,73.004893654229));
#9820 = CARTESIAN_POINT('',(-32.8,-86.43521184377,73.015471467681));
#9821 = CARTESIAN_POINT('',(-32.8,-86.40994053892,73.025477085094));
#9822 = CARTESIAN_POINT('',(-32.8,-86.38612867612,73.034904868511));
#9823 = CARTESIAN_POINT('',(-32.8,-86.36378967285,73.043749505614));
#9824 = CARTESIAN_POINT('',(-32.8,-86.34293611662,73.052006012533));
#9825 = CARTESIAN_POINT('',(-32.8,-86.3235797581,73.059669737273));
#9826 = CARTESIAN_POINT('',(-32.8,-86.30573150368,73.066736360275));
#9827 = CARTESIAN_POINT('',(-32.8,-86.28940141207,73.073201903647));
#9828 = CARTESIAN_POINT('',(-32.8,-86.2745986797,73.079062711245));
#9829 = CARTESIAN_POINT('',(-32.8,-86.26133166427,73.084315521968));
#9830 = CARTESIAN_POINT('',(-32.8,-86.24960778922,73.088957246521));
#9831 = CARTESIAN_POINT('',(-32.8,-86.23943382034,73.092985665136));
#9832 = CARTESIAN_POINT('',(-32.8,-86.23081501758,73.096397335527));
#9833 = CARTESIAN_POINT('',(-32.8,-86.22375757951,73.099193662815));
#9834 = CARTESIAN_POINT('',(-32.8,-86.21826190149,73.101364191635));
#9835 = CARTESIAN_POINT('',(-32.8,-86.21407808535,73.103033628515));
#9836 = CARTESIAN_POINT('',(-32.8,-86.21148955599,73.104031285196));
#9837 = CARTESIAN_POINT('',(-32.8,-86.20956630875,73.104832405129));
#9838 = CARTESIAN_POINT('',(-32.8,-86.20760565003,73.105720333786));
#9839 = CARTESIAN_POINT('',(-32.8,-86.20437498033,73.107276922932));
#9840 = CARTESIAN_POINT('',(-32.8,-86.19991642172,73.109582372154));
#9841 = CARTESIAN_POINT('',(-32.8,-86.19426952166,73.112700579354));
#9842 = CARTESIAN_POINT('',(-32.8,-86.18747987914,73.116700307392));
#9843 = CARTESIAN_POINT('',(-32.8,-86.1795951178,73.121645422002));
#9844 = CARTESIAN_POINT('',(-32.8,-86.17066631228,73.127598490633));
#9845 = CARTESIAN_POINT('',(-32.8,-86.16074731897,73.134619275793));
#9846 = CARTESIAN_POINT('',(-32.8,-86.1498948521,73.142765071918));
#9847 = CARTESIAN_POINT('',(-32.8,-86.13816829778,73.15209042105));
#9848 = CARTESIAN_POINT('',(-32.8,-86.12562960736,73.162647041968));
#9849 = CARTESIAN_POINT('',(-32.8,-86.11234315837,73.174483699418));
#9850 = CARTESIAN_POINT('',(-32.8,-86.09837561789,73.187646097543));
#9851 = CARTESIAN_POINT('',(-32.8,-86.08379580361,73.20217678641));
#9852 = CARTESIAN_POINT('',(-32.8,-86.06867451954,73.218115022495));
#9853 = CARTESIAN_POINT('',(-32.8,-86.0530844763,73.235496860458));
#9854 = CARTESIAN_POINT('',(-32.8,-86.03709984348,73.254354331674));
#9855 = CARTESIAN_POINT('',(-32.8,-86.02651459605,73.267576693816));
#9856 = CARTESIAN_POINT('',(-32.8,-86.02117311071,73.274437273341));
#9857 = VECTOR('',#9858,1.);
#9858 = DIRECTION('',(-1.,-0.,0.));
#9859 = ADVANCED_FACE('',(#9860),#9877,.T.);
#9860 = FACE_BOUND('',#9861,.T.);
#9861 = EDGE_LOOP('',(#9862,#9863,#9864,#9871));
#9862 = ORIENTED_EDGE('',*,*,#2934,.T.);
#9863 = ORIENTED_EDGE('',*,*,#9810,.T.);
#9864 = ORIENTED_EDGE('',*,*,#9865,.T.);
#9865 = EDGE_CURVE('',#9766,#9866,#9868,.T.);
#9866 = VERTEX_POINT('',#9867);
#9867 = CARTESIAN_POINT('',(-27.3,-86.11925348326,73.482868674672));
#9868 = B_SPLINE_CURVE_WITH_KNOTS('',1,(#9869,#9870),.UNSPECIFIED.,.F.,
  .F.,(2,2),(0.,0.230354962047),.PIECEWISE_BEZIER_KNOTS.);
#9869 = CARTESIAN_POINT('',(-27.3,-86.02117311071,73.274437273341));
#9870 = CARTESIAN_POINT('',(-27.3,-86.11925348326,73.482868674672));
#9871 = ORIENTED_EDGE('',*,*,#9872,.F.);
#9872 = EDGE_CURVE('',#2872,#9866,#9873,.T.);
#9873 = LINE('',#9874,#9875);
#9874 = CARTESIAN_POINT('',(-32.8,-86.11925348326,73.482868674672));
#9875 = VECTOR('',#9876,1.);
#9876 = DIRECTION('',(1.,0.,0.));
#9877 = SURFACE_OF_LINEAR_EXTRUSION('',#9878,#9881);
#9878 = B_SPLINE_CURVE_WITH_KNOTS('',1,(#9879,#9880),.UNSPECIFIED.,.F.,
  .F.,(2,2),(0.,0.230354962047),.PIECEWISE_BEZIER_KNOTS.);
#9879 = CARTESIAN_POINT('',(-32.8,-86.02117311071,73.274437273341));
#9880 = CARTESIAN_POINT('',(-32.8,-86.11925348326,73.482868674672));
#9881 = VECTOR('',#9882,1.);
#9882 = DIRECTION('',(-1.,-0.,0.));
#9883 = ADVANCED_FACE('',(#9884),#9939,.T.);
#9884 = FACE_BOUND('',#9885,.T.);
#9885 = EDGE_LOOP('',(#9886,#9887,#9888,#9933));
#9886 = ORIENTED_EDGE('',*,*,#2871,.T.);
#9887 = ORIENTED_EDGE('',*,*,#9872,.T.);
#9888 = ORIENTED_EDGE('',*,*,#9889,.T.);
#9889 = EDGE_CURVE('',#9866,#9890,#9892,.T.);
#9890 = VERTEX_POINT('',#9891);
#9891 = CARTESIAN_POINT('',(-27.3,-86.63397196388,73.300734920075));
#9892 = B_SPLINE_CURVE_WITH_KNOTS('',3,(#9893,#9894,#9895,#9896,#9897,
    #9898,#9899,#9900,#9901,#9902,#9903,#9904,#9905,#9906,#9907,#9908,
    #9909,#9910,#9911,#9912,#9913,#9914,#9915,#9916,#9917,#9918,#9919,
    #9920,#9921,#9922,#9923,#9924,#9925,#9926,#9927,#9928,#9929,#9930,
    #9931,#9932),.UNSPECIFIED.,.F.,.F.,(4,1,1,1,1,1,1,1,1,1,1,1,1,1,1,1,
    1,1,1,1,1,1,1,1,1,1,1,1,1,1,1,1,1,1,1,1,1,4),(0.,2.608437118449E-02,
    5.080451698287E-02,7.415285781629E-02,9.612223472286E-02,
    0.116705911553,0.135897577034,0.153691346707,0.170081764731,
    0.185063805553,0.198632875455,0.210784813958,0.221515895103,
    0.230822828592,0.238702760805,0.245153275681,0.250172395482,
    0.253758581468,0.255910734655,0.256628199332,0.260008592309,
    0.264232297819,0.270142153204,0.27773482839,0.287006045071,
    0.297950579117,0.310562263522,0.324833991877,0.340757722373,
    0.358324482337,0.377524373281,0.398346576485,0.420779359092,
    0.444810080717,0.470425200572,0.497610285097,0.526350016087,
    0.556628199332),.UNSPECIFIED.);
#9893 = CARTESIAN_POINT('',(-27.3,-86.11925348326,73.482868674672));
#9894 = CARTESIAN_POINT('',(-27.3,-86.12794444153,73.483126087459));
#9895 = CARTESIAN_POINT('',(-27.3,-86.14487973732,73.483398264962));
#9896 = CARTESIAN_POINT('',(-27.3,-86.16959865704,73.483102098231));
#9897 = CARTESIAN_POINT('',(-27.3,-86.19292906093,73.482169363965));
#9898 = CARTESIAN_POINT('',(-27.3,-86.21484835213,73.480677628373));
#9899 = CARTESIAN_POINT('',(-27.3,-86.23533796371,73.478705898067));
#9900 = CARTESIAN_POINT('',(-27.3,-86.25438301115,73.476333751489));
#9901 = CARTESIAN_POINT('',(-27.3,-86.2719724138,73.473641336008));
#9902 = CARTESIAN_POINT('',(-27.3,-86.28809889209,73.470709152412));
#9903 = CARTESIAN_POINT('',(-27.3,-86.30275898412,73.467617888273));
#9904 = CARTESIAN_POINT('',(-27.3,-86.31595305064,73.464448244699));
#9905 = CARTESIAN_POINT('',(-27.3,-86.32768526287,73.461280745885));
#9906 = CARTESIAN_POINT('',(-27.3,-86.33796361593,73.458195611748));
#9907 = CARTESIAN_POINT('',(-27.3,-86.34679982825,73.455272433402));
#9908 = CARTESIAN_POINT('',(-27.3,-86.3542095527,73.452590446528));
#9909 = CARTESIAN_POINT('',(-27.3,-86.3602116422,73.450227055331));
#9910 = CARTESIAN_POINT('',(-27.3,-86.36483001358,73.448261225519));
#9911 = CARTESIAN_POINT('',(-27.3,-86.3680886925,73.446764158995));
#9912 = CARTESIAN_POINT('',(-27.3,-86.3700226242,73.445819432508));
#9913 = CARTESIAN_POINT('',(-27.3,-86.37186582164,73.444848198111));
#9914 = CARTESIAN_POINT('',(-27.3,-86.37428452004,73.443489632255));
#9915 = CARTESIAN_POINT('',(-27.3,-86.37823770804,73.441330085634));
#9916 = CARTESIAN_POINT('',(-27.3,-86.38341320625,73.438479140083));
#9917 = CARTESIAN_POINT('',(-27.3,-86.39006639378,73.434823736686));
#9918 = CARTESIAN_POINT('',(-27.3,-86.39818896264,73.430357515576));
#9919 = CARTESIAN_POINT('',(-27.3,-86.40777804437,73.425086148483));
#9920 = CARTESIAN_POINT('',(-27.3,-86.41882763381,73.419011494091));
#9921 = CARTESIAN_POINT('',(-27.3,-86.43133170795,73.412137350574));
#9922 = CARTESIAN_POINT('',(-27.3,-86.44528315454,73.404467468619));
#9923 = CARTESIAN_POINT('',(-27.3,-86.46067413348,73.39600620923));
#9924 = CARTESIAN_POINT('',(-27.3,-86.47749596563,73.386758327865));
#9925 = CARTESIAN_POINT('',(-27.3,-86.4957391743,73.37672903929));
#9926 = CARTESIAN_POINT('',(-27.3,-86.51539347924,73.365923993638));
#9927 = CARTESIAN_POINT('',(-27.3,-86.53644780584,73.354349279663));
#9928 = CARTESIAN_POINT('',(-27.3,-86.5588902904,73.342011419362));
#9929 = CARTESIAN_POINT('',(-27.3,-86.58270828709,73.32891736488));
#9930 = CARTESIAN_POINT('',(-27.3,-86.60788837497,73.315074494422));
#9931 = CARTESIAN_POINT('',(-27.3,-86.62512763913,73.305597128749));
#9932 = CARTESIAN_POINT('',(-27.3,-86.63397196388,73.300734920075));
#9933 = ORIENTED_EDGE('',*,*,#9934,.F.);
#9934 = EDGE_CURVE('',#2862,#9890,#9935,.T.);
#9935 = LINE('',#9936,#9937);
#9936 = CARTESIAN_POINT('',(-32.8,-86.63397196388,73.300734920075));
#9937 = VECTOR('',#9938,1.);
#9938 = DIRECTION('',(1.,0.,0.));
#9939 = SURFACE_OF_LINEAR_EXTRUSION('',#9940,#9981);
#9940 = B_SPLINE_CURVE_WITH_KNOTS('',3,(#9941,#9942,#9943,#9944,#9945,
    #9946,#9947,#9948,#9949,#9950,#9951,#9952,#9953,#9954,#9955,#9956,
    #9957,#9958,#9959,#9960,#9961,#9962,#9963,#9964,#9965,#9966,#9967,
    #9968,#9969,#9970,#9971,#9972,#9973,#9974,#9975,#9976,#9977,#9978,
    #9979,#9980),.UNSPECIFIED.,.F.,.F.,(4,1,1,1,1,1,1,1,1,1,1,1,1,1,1,1,
    1,1,1,1,1,1,1,1,1,1,1,1,1,1,1,1,1,1,1,1,1,4),(0.,2.608437118449E-02,
    5.080451698287E-02,7.415285781629E-02,9.612223472286E-02,
    0.116705911553,0.135897577034,0.153691346707,0.170081764731,
    0.185063805553,0.198632875455,0.210784813958,0.221515895103,
    0.230822828592,0.238702760805,0.245153275681,0.250172395482,
    0.253758581468,0.255910734655,0.256628199332,0.260008592309,
    0.264232297819,0.270142153204,0.27773482839,0.287006045071,
    0.297950579117,0.310562263522,0.324833991877,0.340757722373,
    0.358324482337,0.377524373281,0.398346576485,0.420779359092,
    0.444810080717,0.470425200572,0.497610285097,0.526350016087,
    0.556628199332),.UNSPECIFIED.);
#9941 = CARTESIAN_POINT('',(-32.8,-86.11925348326,73.482868674672));
#9942 = CARTESIAN_POINT('',(-32.8,-86.12794444153,73.483126087459));
#9943 = CARTESIAN_POINT('',(-32.8,-86.14487973732,73.483398264962));
#9944 = CARTESIAN_POINT('',(-32.8,-86.16959865704,73.483102098231));
#9945 = CARTESIAN_POINT('',(-32.8,-86.19292906093,73.482169363965));
#9946 = CARTESIAN_POINT('',(-32.8,-86.21484835213,73.480677628373));
#9947 = CARTESIAN_POINT('',(-32.8,-86.23533796371,73.478705898067));
#9948 = CARTESIAN_POINT('',(-32.8,-86.25438301115,73.476333751489));
#9949 = CARTESIAN_POINT('',(-32.8,-86.2719724138,73.473641336008));
#9950 = CARTESIAN_POINT('',(-32.8,-86.28809889209,73.470709152412));
#9951 = CARTESIAN_POINT('',(-32.8,-86.30275898412,73.467617888273));
#9952 = CARTESIAN_POINT('',(-32.8,-86.31595305064,73.464448244699));
#9953 = CARTESIAN_POINT('',(-32.8,-86.32768526287,73.461280745885));
#9954 = CARTESIAN_POINT('',(-32.8,-86.33796361593,73.458195611748));
#9955 = CARTESIAN_POINT('',(-32.8,-86.34679982825,73.455272433402));
#9956 = CARTESIAN_POINT('',(-32.8,-86.3542095527,73.452590446528));
#9957 = CARTESIAN_POINT('',(-32.8,-86.3602116422,73.450227055331));
#9958 = CARTESIAN_POINT('',(-32.8,-86.36483001358,73.448261225519));
#9959 = CARTESIAN_POINT('',(-32.8,-86.3680886925,73.446764158995));
#9960 = CARTESIAN_POINT('',(-32.8,-86.3700226242,73.445819432508));
#9961 = CARTESIAN_POINT('',(-32.8,-86.37186582164,73.444848198111));
#9962 = CARTESIAN_POINT('',(-32.8,-86.37428452004,73.443489632255));
#9963 = CARTESIAN_POINT('',(-32.8,-86.37823770804,73.441330085634));
#9964 = CARTESIAN_POINT('',(-32.8,-86.38341320625,73.438479140083));
#9965 = CARTESIAN_POINT('',(-32.8,-86.39006639378,73.434823736686));
#9966 = CARTESIAN_POINT('',(-32.8,-86.39818896264,73.430357515576));
#9967 = CARTESIAN_POINT('',(-32.8,-86.40777804437,73.425086148483));
#9968 = CARTESIAN_POINT('',(-32.8,-86.41882763381,73.419011494091));
#9969 = CARTESIAN_POINT('',(-32.8,-86.43133170795,73.412137350574));
#9970 = CARTESIAN_POINT('',(-32.8,-86.44528315454,73.404467468619));
#9971 = CARTESIAN_POINT('',(-32.8,-86.46067413348,73.39600620923));
#9972 = CARTESIAN_POINT('',(-32.8,-86.47749596563,73.386758327865));
#9973 = CARTESIAN_POINT('',(-32.8,-86.4957391743,73.37672903929));
#9974 = CARTESIAN_POINT('',(-32.8,-86.51539347924,73.365923993638));
#9975 = CARTESIAN_POINT('',(-32.8,-86.53644780584,73.354349279663));
#9976 = CARTESIAN_POINT('',(-32.8,-86.5588902904,73.342011419362));
#9977 = CARTESIAN_POINT('',(-32.8,-86.58270828709,73.32891736488));
#9978 = CARTESIAN_POINT('',(-32.8,-86.60788837497,73.315074494422));
#9979 = CARTESIAN_POINT('',(-32.8,-86.62512763913,73.305597128749));
#9980 = CARTESIAN_POINT('',(-32.8,-86.63397196388,73.300734920075));
#9981 = VECTOR('',#9982,1.);
#9982 = DIRECTION('',(-1.,-0.,0.));
#9983 = ADVANCED_FACE('',(#9984),#10001,.T.);
#9984 = FACE_BOUND('',#9985,.T.);
#9985 = EDGE_LOOP('',(#9986,#9987,#9988,#9995));
#9986 = ORIENTED_EDGE('',*,*,#2861,.T.);
#9987 = ORIENTED_EDGE('',*,*,#9934,.T.);
#9988 = ORIENTED_EDGE('',*,*,#9989,.T.);
#9989 = EDGE_CURVE('',#9890,#9990,#9992,.T.);
#9990 = VERTEX_POINT('',#9991);
#9991 = CARTESIAN_POINT('',(-27.3,-86.81565411518,73.58702018119));
#9992 = B_SPLINE_CURVE_WITH_KNOTS('',1,(#9993,#9994),.UNSPECIFIED.,.F.,
  .F.,(2,2),(0.,0.339068805458),.PIECEWISE_BEZIER_KNOTS.);
#9993 = CARTESIAN_POINT('',(-27.3,-86.63397196388,73.300734920075));
#9994 = CARTESIAN_POINT('',(-27.3,-86.81565411518,73.58702018119));
#9995 = ORIENTED_EDGE('',*,*,#9996,.F.);
#9996 = EDGE_CURVE('',#2800,#9990,#9997,.T.);
#9997 = LINE('',#9998,#9999);
#9998 = CARTESIAN_POINT('',(-32.8,-86.81565411518,73.58702018119));
#9999 = VECTOR('',#10000,1.);
#10000 = DIRECTION('',(1.,0.,0.));
#10001 = SURFACE_OF_LINEAR_EXTRUSION('',#10002,#10005);
#10002 = B_SPLINE_CURVE_WITH_KNOTS('',1,(#10003,#10004),.UNSPECIFIED.,
  .F.,.F.,(2,2),(0.,0.339068805458),.PIECEWISE_BEZIER_KNOTS.);
#10003 = CARTESIAN_POINT('',(-32.8,-86.63397196388,73.300734920075));
#10004 = CARTESIAN_POINT('',(-32.8,-86.81565411518,73.58702018119));
#10005 = VECTOR('',#10006,1.);
#10006 = DIRECTION('',(-1.,-0.,0.));
#10007 = ADVANCED_FACE('',(#10008),#10063,.T.);
#10008 = FACE_BOUND('',#10009,.T.);
#10009 = EDGE_LOOP('',(#10010,#10011,#10012,#10057));
#10010 = ORIENTED_EDGE('',*,*,#2799,.T.);
#10011 = ORIENTED_EDGE('',*,*,#9996,.T.);
#10012 = ORIENTED_EDGE('',*,*,#10013,.T.);
#10013 = EDGE_CURVE('',#9990,#10014,#10016,.T.);
#10014 = VERTEX_POINT('',#10015);
#10015 = CARTESIAN_POINT('',(-27.3,-86.43169809682,73.975202605853));
#10016 = B_SPLINE_CURVE_WITH_KNOTS('',3,(#10017,#10018,#10019,#10020,
    #10021,#10022,#10023,#10024,#10025,#10026,#10027,#10028,#10029,
    #10030,#10031,#10032,#10033,#10034,#10035,#10036,#10037,#10038,
    #10039,#10040,#10041,#10042,#10043,#10044,#10045,#10046,#10047,
    #10048,#10049,#10050,#10051,#10052,#10053,#10054,#10055,#10056),
  .UNSPECIFIED.,.F.,.F.,(4,1,1,1,1,1,1,1,1,1,1,1,1,1,1,1,1,1,1,1,1,1,1,1
    ,1,1,1,1,1,1,1,1,1,1,1,1,1,4),(0.,3.027818324443E-02,
    5.901791423488E-02,8.620299875927E-02,0.111818118615,0.13584884024,
    0.158281622847,0.179103826051,0.198303716995,0.215870476958,
    0.231794207455,0.24606593581,0.258677620215,0.269622154261,
    0.278893370941,0.286486046128,0.292395901513,0.296619607022,0.3,
    0.300717464676,0.302869617863,0.306455803849,0.311474923651,
    0.317925438527,0.32580537074,0.335112304229,0.345843385374,
    0.357995323877,0.371564393779,0.386546434601,0.402936852624,
    0.420730622298,0.439922287779,0.460505964609,0.482475341515,
    0.505823682349,0.530543828147,0.556628199332),.UNSPECIFIED.);
#10017 = CARTESIAN_POINT('',(-27.3,-86.81565411518,73.58702018119));
#10018 = CARTESIAN_POINT('',(-27.3,-86.80748892692,73.592952537715));
#10019 = CARTESIAN_POINT('',(-27.3,-86.79157342839,73.604515824252));
#10020 = CARTESIAN_POINT('',(-27.3,-86.76832686473,73.621405441376));
#10021 = CARTESIAN_POINT('',(-27.3,-86.74633780025,73.637381431872));
#10022 = CARTESIAN_POINT('',(-27.3,-86.72561862531,73.652434793609));
#10023 = CARTESIAN_POINT('',(-27.3,-86.70618101471,73.666557044374));
#10024 = CARTESIAN_POINT('',(-27.3,-86.68803592107,73.679740226491));
#10025 = CARTESIAN_POINT('',(-27.3,-86.67119356899,73.691976911843));
#10026 = CARTESIAN_POINT('',(-27.3,-86.65566344797,73.703260204268));
#10027 = CARTESIAN_POINT('',(-27.3,-86.64145431147,73.713583749345));
#10028 = CARTESIAN_POINT('',(-27.3,-86.62857415774,73.722941718736));
#10029 = CARTESIAN_POINT('',(-27.3,-86.6170302709,73.731328875324));
#10030 = CARTESIAN_POINT('',(-27.3,-86.60682907291,73.738740380725));
#10031 = CARTESIAN_POINT('',(-27.3,-86.59797656493,73.745172402336));
#10032 = CARTESIAN_POINT('',(-27.3,-86.59047698564,73.750620297914));
#10033 = CARTESIAN_POINT('',(-27.3,-86.58433668828,73.755083886915));
#10034 = CARTESIAN_POINT('',(-27.3,-86.57955345566,73.758552944127));
#10035 = CARTESIAN_POINT('',(-27.3,-86.57591625387,73.761210405341));
#10036 = CARTESIAN_POINT('',(-27.3,-86.57365715504,73.762820459878));
#10037 = CARTESIAN_POINT('',(-27.3,-86.57199356058,73.764074703293));
#10038 = CARTESIAN_POINT('',(-27.3,-86.57031531843,73.765422332036));
#10039 = CARTESIAN_POINT('',(-27.3,-86.56757325414,73.767733452956));
#10040 = CARTESIAN_POINT('',(-27.3,-86.56382811125,73.771075270688));
#10041 = CARTESIAN_POINT('',(-27.3,-86.55913408554,73.775499840612));
#10042 = CARTESIAN_POINT('',(-27.3,-86.55355244404,73.781062425272));
#10043 = CARTESIAN_POINT('',(-27.3,-86.54714519697,73.787813040422));
#10044 = CARTESIAN_POINT('',(-27.3,-86.53997737426,73.795799586092));
#10045 = CARTESIAN_POINT('',(-27.3,-86.53211600263,73.805066553703));
#10046 = CARTESIAN_POINT('',(-27.3,-86.52363026308,73.815655333425));
#10047 = CARTESIAN_POINT('',(-27.3,-86.51459124006,73.827603985034));
#10048 = CARTESIAN_POINT('',(-27.3,-86.50507180052,73.840947195801));
#10049 = CARTESIAN_POINT('',(-27.3,-86.49514642676,73.855716188392));
#10050 = CARTESIAN_POINT('',(-27.3,-86.48489105756,73.87193865164));
#10051 = CARTESIAN_POINT('',(-27.3,-86.47438293033,73.889638684564));
#10052 = CARTESIAN_POINT('',(-27.3,-86.46370038734,73.908836702085));
#10053 = CARTESIAN_POINT('',(-27.3,-86.4529228213,73.929549543738));
#10054 = CARTESIAN_POINT('',(-27.3,-86.4421300375,73.951789789353));
#10055 = CARTESIAN_POINT('',(-27.3,-86.43516561283,73.967229190664));
#10056 = CARTESIAN_POINT('',(-27.3,-86.43169809682,73.975202605853));
#10057 = ORIENTED_EDGE('',*,*,#10058,.F.);
#10058 = EDGE_CURVE('',#2790,#10014,#10059,.T.);
#10059 = LINE('',#10060,#10061);
#10060 = CARTESIAN_POINT('',(-32.8,-86.43169809682,73.975202605853));
#10061 = VECTOR('',#10062,1.);
#10062 = DIRECTION('',(1.,0.,0.));
#10063 = SURFACE_OF_LINEAR_EXTRUSION('',#10064,#10105);
#10064 = B_SPLINE_CURVE_WITH_KNOTS('',3,(#10065,#10066,#10067,#10068,
    #10069,#10070,#10071,#10072,#10073,#10074,#10075,#10076,#10077,
    #10078,#10079,#10080,#10081,#10082,#10083,#10084,#10085,#10086,
    #10087,#10088,#10089,#10090,#10091,#10092,#10093,#10094,#10095,
    #10096,#10097,#10098,#10099,#10100,#10101,#10102,#10103,#10104),
  .UNSPECIFIED.,.F.,.F.,(4,1,1,1,1,1,1,1,1,1,1,1,1,1,1,1,1,1,1,1,1,1,1,1
    ,1,1,1,1,1,1,1,1,1,1,1,1,1,4),(0.,3.027818324443E-02,
    5.901791423488E-02,8.620299875927E-02,0.111818118615,0.13584884024,
    0.158281622847,0.179103826051,0.198303716995,0.215870476958,
    0.231794207455,0.24606593581,0.258677620215,0.269622154261,
    0.278893370941,0.286486046128,0.292395901513,0.296619607022,0.3,
    0.300717464676,0.302869617863,0.306455803849,0.311474923651,
    0.317925438527,0.32580537074,0.335112304229,0.345843385374,
    0.357995323877,0.371564393779,0.386546434601,0.402936852624,
    0.420730622298,0.439922287779,0.460505964609,0.482475341515,
    0.505823682349,0.530543828147,0.556628199332),.UNSPECIFIED.);
#10065 = CARTESIAN_POINT('',(-32.8,-86.81565411518,73.58702018119));
#10066 = CARTESIAN_POINT('',(-32.8,-86.80748892692,73.592952537715));
#10067 = CARTESIAN_POINT('',(-32.8,-86.79157342839,73.604515824252));
#10068 = CARTESIAN_POINT('',(-32.8,-86.76832686473,73.621405441376));
#10069 = CARTESIAN_POINT('',(-32.8,-86.74633780025,73.637381431872));
#10070 = CARTESIAN_POINT('',(-32.8,-86.72561862531,73.652434793609));
#10071 = CARTESIAN_POINT('',(-32.8,-86.70618101471,73.666557044374));
#10072 = CARTESIAN_POINT('',(-32.8,-86.68803592107,73.679740226491));
#10073 = CARTESIAN_POINT('',(-32.8,-86.67119356899,73.691976911843));
#10074 = CARTESIAN_POINT('',(-32.8,-86.65566344797,73.703260204268));
#10075 = CARTESIAN_POINT('',(-32.8,-86.64145431147,73.713583749345));
#10076 = CARTESIAN_POINT('',(-32.8,-86.62857415774,73.722941718736));
#10077 = CARTESIAN_POINT('',(-32.8,-86.6170302709,73.731328875324));
#10078 = CARTESIAN_POINT('',(-32.8,-86.60682907291,73.738740380725));
#10079 = CARTESIAN_POINT('',(-32.8,-86.59797656493,73.745172402336));
#10080 = CARTESIAN_POINT('',(-32.8,-86.59047698564,73.750620297914));
#10081 = CARTESIAN_POINT('',(-32.8,-86.58433668828,73.755083886915));
#10082 = CARTESIAN_POINT('',(-32.8,-86.57955345566,73.758552944127));
#10083 = CARTESIAN_POINT('',(-32.8,-86.57591625387,73.761210405341));
#10084 = CARTESIAN_POINT('',(-32.8,-86.57365715504,73.762820459878));
#10085 = CARTESIAN_POINT('',(-32.8,-86.57199356058,73.764074703293));
#10086 = CARTESIAN_POINT('',(-32.8,-86.57031531843,73.765422332036));
#10087 = CARTESIAN_POINT('',(-32.8,-86.56757325414,73.767733452956));
#10088 = CARTESIAN_POINT('',(-32.8,-86.56382811125,73.771075270688));
#10089 = CARTESIAN_POINT('',(-32.8,-86.55913408554,73.775499840612));
#10090 = CARTESIAN_POINT('',(-32.8,-86.55355244404,73.781062425272));
#10091 = CARTESIAN_POINT('',(-32.8,-86.54714519697,73.787813040422));
#10092 = CARTESIAN_POINT('',(-32.8,-86.53997737426,73.795799586092));
#10093 = CARTESIAN_POINT('',(-32.8,-86.53211600263,73.805066553703));
#10094 = CARTESIAN_POINT('',(-32.8,-86.52363026308,73.815655333425));
#10095 = CARTESIAN_POINT('',(-32.8,-86.51459124006,73.827603985034));
#10096 = CARTESIAN_POINT('',(-32.8,-86.50507180052,73.840947195801));
#10097 = CARTESIAN_POINT('',(-32.8,-86.49514642676,73.855716188392));
#10098 = CARTESIAN_POINT('',(-32.8,-86.48489105756,73.87193865164));
#10099 = CARTESIAN_POINT('',(-32.8,-86.47438293033,73.889638684564));
#10100 = CARTESIAN_POINT('',(-32.8,-86.46370038734,73.908836702085));
#10101 = CARTESIAN_POINT('',(-32.8,-86.4529228213,73.929549543738));
#10102 = CARTESIAN_POINT('',(-32.8,-86.4421300375,73.951789789353));
#10103 = CARTESIAN_POINT('',(-32.8,-86.43516561283,73.967229190664));
#10104 = CARTESIAN_POINT('',(-32.8,-86.43169809682,73.975202605853));
#10105 = VECTOR('',#10106,1.);
#10106 = DIRECTION('',(-1.,-0.,0.));
#10107 = ADVANCED_FACE('',(#10108),#10125,.T.);
#10108 = FACE_BOUND('',#10109,.T.);
#10109 = EDGE_LOOP('',(#10110,#10111,#10112,#10119));
#10110 = ORIENTED_EDGE('',*,*,#2789,.T.);
#10111 = ORIENTED_EDGE('',*,*,#10058,.T.);
#10112 = ORIENTED_EDGE('',*,*,#10113,.T.);
#10113 = EDGE_CURVE('',#10014,#10114,#10116,.T.);
#10114 = VERTEX_POINT('',#10115);
#10115 = CARTESIAN_POINT('',(-27.3,-86.57853187579,74.152694154649));
#10116 = B_SPLINE_CURVE_WITH_KNOTS('',1,(#10117,#10118),.UNSPECIFIED.,
  .F.,.F.,(2,2),(0.,0.230354962047),.PIECEWISE_BEZIER_KNOTS.);
#10117 = CARTESIAN_POINT('',(-27.3,-86.43169809682,73.975202605853));
#10118 = CARTESIAN_POINT('',(-27.3,-86.57853187579,74.152694154649));
#10119 = ORIENTED_EDGE('',*,*,#10120,.F.);
#10120 = EDGE_CURVE('',#2735,#10114,#10121,.T.);
#10121 = LINE('',#10122,#10123);
#10122 = CARTESIAN_POINT('',(-32.8,-86.57853187579,74.152694154649));
#10123 = VECTOR('',#10124,1.);
#10124 = DIRECTION('',(1.,0.,0.));
#10125 = SURFACE_OF_LINEAR_EXTRUSION('',#10126,#10129);
#10126 = B_SPLINE_CURVE_WITH_KNOTS('',1,(#10127,#10128),.UNSPECIFIED.,
  .F.,.F.,(2,2),(0.,0.230354962047),.PIECEWISE_BEZIER_KNOTS.);
#10127 = CARTESIAN_POINT('',(-32.8,-86.43169809682,73.975202605853));
#10128 = CARTESIAN_POINT('',(-32.8,-86.57853187579,74.152694154649));
#10129 = VECTOR('',#10130,1.);
#10130 = DIRECTION('',(-1.,-0.,0.));
#10131 = ADVANCED_FACE('',(#10132),#10187,.T.);
#10132 = FACE_BOUND('',#10133,.T.);
#10133 = EDGE_LOOP('',(#10134,#10135,#10136,#10181));
#10134 = ORIENTED_EDGE('',*,*,#2734,.T.);
#10135 = ORIENTED_EDGE('',*,*,#10120,.T.);
#10136 = ORIENTED_EDGE('',*,*,#10137,.T.);
#10137 = EDGE_CURVE('',#10114,#10138,#10140,.T.);
#10138 = VERTEX_POINT('',#10139);
#10139 = CARTESIAN_POINT('',(-27.3,-87.03178470596,73.848277186007));
#10140 = B_SPLINE_CURVE_WITH_KNOTS('',3,(#10141,#10142,#10143,#10144,
    #10145,#10146,#10147,#10148,#10149,#10150,#10151,#10152,#10153,
    #10154,#10155,#10156,#10157,#10158,#10159,#10160,#10161,#10162,
    #10163,#10164,#10165,#10166,#10167,#10168,#10169,#10170,#10171,
    #10172,#10173,#10174,#10175,#10176,#10177,#10178,#10179,#10180),
  .UNSPECIFIED.,.F.,.F.,(4,1,1,1,1,1,1,1,1,1,1,1,1,1,1,1,1,1,1,1,1,1,1,1
    ,1,1,1,1,1,1,1,1,1,1,1,1,1,4),(0.,2.608437118449E-02,
    5.080451698287E-02,7.415285781629E-02,9.612223472286E-02,
    0.116705911553,0.135897577034,0.153691346707,0.170081764731,
    0.185063805553,0.198632875455,0.210784813958,0.221515895103,
    0.230822828592,0.238702760805,0.245153275681,0.250172395482,
    0.253758581468,0.255910734655,0.256628199332,0.260008592309,
    0.264232297819,0.270142153204,0.27773482839,0.287006045071,
    0.297950579117,0.310562263522,0.324833991877,0.340757722373,
    0.358324482337,0.377524373281,0.398346576485,0.420779359092,
    0.444810080717,0.470425200572,0.497610285097,0.526350016087,
    0.556628199332),.UNSPECIFIED.);
#10141 = CARTESIAN_POINT('',(-27.3,-86.57853187579,74.152694154649));
#10142 = CARTESIAN_POINT('',(-27.3,-86.58701380758,74.150782126909));
#10143 = CARTESIAN_POINT('',(-27.3,-86.6034847377,74.146834116658));
#10144 = CARTESIAN_POINT('',(-27.3,-86.62735341344,74.140399909192));
#10145 = CARTESIAN_POINT('',(-27.3,-86.64971888821,74.133694442976));
#10146 = CARTESIAN_POINT('',(-27.3,-86.67057856501,74.126798466947));
#10147 = CARTESIAN_POINT('',(-27.3,-86.68993410838,74.119793122981));
#10148 = CARTESIAN_POINT('',(-27.3,-86.70779089177,74.112759191051));
#10149 = CARTESIAN_POINT('',(-27.3,-86.72415811448,74.105777056195));
#10150 = CARTESIAN_POINT('',(-27.3,-86.7390487454,74.098926500472));
#10151 = CARTESIAN_POINT('',(-27.3,-86.75247949755,74.092286537446));
#10152 = CARTESIAN_POINT('',(-27.3,-86.76447078991,74.08593524314));
#10153 = CARTESIAN_POINT('',(-27.3,-86.77504668819,74.079949574589));
#10154 = CARTESIAN_POINT('',(-27.3,-86.78423488622,74.074405243154));
#10155 = CARTESIAN_POINT('',(-27.3,-86.7920665278,74.069376425184));
#10156 = CARTESIAN_POINT('',(-27.3,-86.79857647911,74.064935974323));
#10157 = CARTESIAN_POINT('',(-27.3,-86.80380225045,74.061154174445));
#10158 = CARTESIAN_POINT('',(-27.3,-86.8077866452,74.058101562535));
#10159 = CARTESIAN_POINT('',(-27.3,-86.81057064142,74.055841128616));
#10160 = CARTESIAN_POINT('',(-27.3,-86.81220887118,74.054445133194));
#10161 = CARTESIAN_POINT('',(-27.3,-86.81375262501,74.053046027347));
#10162 = CARTESIAN_POINT('',(-27.3,-86.81575747396,74.051128637503));
#10163 = CARTESIAN_POINT('',(-27.3,-86.81904940789,74.048053819133));
#10164 = CARTESIAN_POINT('',(-27.3,-86.82335330697,74.044005347214));
#10165 = CARTESIAN_POINT('',(-27.3,-86.82888841053,74.038810204579));
#10166 = CARTESIAN_POINT('',(-27.3,-86.83564508993,74.032464297285));
#10167 = CARTESIAN_POINT('',(-27.3,-86.84362197734,74.024973832229));
#10168 = CARTESIAN_POINT('',(-27.3,-86.85281371849,74.016342103124));
#10169 = CARTESIAN_POINT('',(-27.3,-86.86321542417,74.006574286681));
#10170 = CARTESIAN_POINT('',(-27.3,-86.87482113833,73.995675784492));
#10171 = CARTESIAN_POINT('',(-27.3,-86.88762435172,73.983652770311));
#10172 = CARTESIAN_POINT('',(-27.3,-86.90161784051,73.970512008605));
#10173 = CARTESIAN_POINT('',(-27.3,-86.91679372259,73.956260907066));
#10174 = CARTESIAN_POINT('',(-27.3,-86.93314344581,73.940907494916));
#10175 = CARTESIAN_POINT('',(-27.3,-86.95065779771,73.924460423758));
#10176 = CARTESIAN_POINT('',(-27.3,-86.96932690927,73.906928961073));
#10177 = CARTESIAN_POINT('',(-27.3,-86.98914026086,73.888322985482));
#10178 = CARTESIAN_POINT('',(-27.3,-87.01008668809,73.868652981041));
#10179 = CARTESIAN_POINT('',(-27.3,-87.02442742406,73.855186133578));
#10180 = CARTESIAN_POINT('',(-27.3,-87.03178470596,73.848277186007));
#10181 = ORIENTED_EDGE('',*,*,#10182,.F.);
#10182 = EDGE_CURVE('',#2725,#10138,#10183,.T.);
#10183 = LINE('',#10184,#10185);
#10184 = CARTESIAN_POINT('',(-32.8,-87.03178470596,73.848277186007));
#10185 = VECTOR('',#10186,1.);
#10186 = DIRECTION('',(1.,0.,0.));
#10187 = SURFACE_OF_LINEAR_EXTRUSION('',#10188,#10229);
#10188 = B_SPLINE_CURVE_WITH_KNOTS('',3,(#10189,#10190,#10191,#10192,
    #10193,#10194,#10195,#10196,#10197,#10198,#10199,#10200,#10201,
    #10202,#10203,#10204,#10205,#10206,#10207,#10208,#10209,#10210,
    #10211,#10212,#10213,#10214,#10215,#10216,#10217,#10218,#10219,
    #10220,#10221,#10222,#10223,#10224,#10225,#10226,#10227,#10228),
  .UNSPECIFIED.,.F.,.F.,(4,1,1,1,1,1,1,1,1,1,1,1,1,1,1,1,1,1,1,1,1,1,1,1
    ,1,1,1,1,1,1,1,1,1,1,1,1,1,4),(0.,2.608437118449E-02,
    5.080451698287E-02,7.415285781629E-02,9.612223472286E-02,
    0.116705911553,0.135897577034,0.153691346707,0.170081764731,
    0.185063805553,0.198632875455,0.210784813958,0.221515895103,
    0.230822828592,0.238702760805,0.245153275681,0.250172395482,
    0.253758581468,0.255910734655,0.256628199332,0.260008592309,
    0.264232297819,0.270142153204,0.27773482839,0.287006045071,
    0.297950579117,0.310562263522,0.324833991877,0.340757722373,
    0.358324482337,0.377524373281,0.398346576485,0.420779359092,
    0.444810080717,0.470425200572,0.497610285097,0.526350016087,
    0.556628199332),.UNSPECIFIED.);
#10189 = CARTESIAN_POINT('',(-32.8,-86.57853187579,74.152694154649));
#10190 = CARTESIAN_POINT('',(-32.8,-86.58701380758,74.150782126909));
#10191 = CARTESIAN_POINT('',(-32.8,-86.6034847377,74.146834116658));
#10192 = CARTESIAN_POINT('',(-32.8,-86.62735341344,74.140399909192));
#10193 = CARTESIAN_POINT('',(-32.8,-86.64971888821,74.133694442976));
#10194 = CARTESIAN_POINT('',(-32.8,-86.67057856501,74.126798466947));
#10195 = CARTESIAN_POINT('',(-32.8,-86.68993410838,74.119793122981));
#10196 = CARTESIAN_POINT('',(-32.8,-86.70779089177,74.112759191051));
#10197 = CARTESIAN_POINT('',(-32.8,-86.72415811448,74.105777056195));
#10198 = CARTESIAN_POINT('',(-32.8,-86.7390487454,74.098926500472));
#10199 = CARTESIAN_POINT('',(-32.8,-86.75247949755,74.092286537446));
#10200 = CARTESIAN_POINT('',(-32.8,-86.76447078991,74.08593524314));
#10201 = CARTESIAN_POINT('',(-32.8,-86.77504668819,74.079949574589));
#10202 = CARTESIAN_POINT('',(-32.8,-86.78423488622,74.074405243154));
#10203 = CARTESIAN_POINT('',(-32.8,-86.7920665278,74.069376425184));
#10204 = CARTESIAN_POINT('',(-32.8,-86.79857647911,74.064935974323));
#10205 = CARTESIAN_POINT('',(-32.8,-86.80380225045,74.061154174445));
#10206 = CARTESIAN_POINT('',(-32.8,-86.8077866452,74.058101562535));
#10207 = CARTESIAN_POINT('',(-32.8,-86.81057064142,74.055841128616));
#10208 = CARTESIAN_POINT('',(-32.8,-86.81220887118,74.054445133194));
#10209 = CARTESIAN_POINT('',(-32.8,-86.81375262501,74.053046027347));
#10210 = CARTESIAN_POINT('',(-32.8,-86.81575747396,74.051128637503));
#10211 = CARTESIAN_POINT('',(-32.8,-86.81904940789,74.048053819133));
#10212 = CARTESIAN_POINT('',(-32.8,-86.82335330697,74.044005347214));
#10213 = CARTESIAN_POINT('',(-32.8,-86.82888841053,74.038810204579));
#10214 = CARTESIAN_POINT('',(-32.8,-86.83564508993,74.032464297285));
#10215 = CARTESIAN_POINT('',(-32.8,-86.84362197734,74.024973832229));
#10216 = CARTESIAN_POINT('',(-32.8,-86.85281371849,74.016342103124));
#10217 = CARTESIAN_POINT('',(-32.8,-86.86321542417,74.006574286681));
#10218 = CARTESIAN_POINT('',(-32.8,-86.87482113833,73.995675784492));
#10219 = CARTESIAN_POINT('',(-32.8,-86.88762435172,73.983652770311));
#10220 = CARTESIAN_POINT('',(-32.8,-86.90161784051,73.970512008605));
#10221 = CARTESIAN_POINT('',(-32.8,-86.91679372259,73.956260907066));
#10222 = CARTESIAN_POINT('',(-32.8,-86.93314344581,73.940907494916));
#10223 = CARTESIAN_POINT('',(-32.8,-86.95065779771,73.924460423758));
#10224 = CARTESIAN_POINT('',(-32.8,-86.96932690927,73.906928961073));
#10225 = CARTESIAN_POINT('',(-32.8,-86.98914026086,73.888322985482));
#10226 = CARTESIAN_POINT('',(-32.8,-87.01008668809,73.868652981041));
#10227 = CARTESIAN_POINT('',(-32.8,-87.02442742406,73.855186133578));
#10228 = CARTESIAN_POINT('',(-32.8,-87.03178470596,73.848277186007));
#10229 = VECTOR('',#10230,1.);
#10230 = DIRECTION('',(-1.,-0.,0.));
#10231 = ADVANCED_FACE('',(#10232),#10249,.T.);
#10232 = FACE_BOUND('',#10233,.T.);
#10233 = EDGE_LOOP('',(#10234,#10235,#10236,#10243));
#10234 = ORIENTED_EDGE('',*,*,#2724,.T.);
#10235 = ORIENTED_EDGE('',*,*,#10182,.T.);
#10236 = ORIENTED_EDGE('',*,*,#10237,.T.);
#10237 = EDGE_CURVE('',#10138,#10238,#10240,.T.);
#10238 = VERTEX_POINT('',#10239);
#10239 = CARTESIAN_POINT('',(-27.3,-87.27895522767,74.080385755495));
#10240 = B_SPLINE_CURVE_WITH_KNOTS('',1,(#10241,#10242),.UNSPECIFIED.,
  .F.,.F.,(2,2),(0.,0.339068805458),.PIECEWISE_BEZIER_KNOTS.);
#10241 = CARTESIAN_POINT('',(-27.3,-87.03178470596,73.848277186007));
#10242 = CARTESIAN_POINT('',(-27.3,-87.27895522767,74.080385755495));
#10243 = ORIENTED_EDGE('',*,*,#10244,.F.);
#10244 = EDGE_CURVE('',#2663,#10238,#10245,.T.);
#10245 = LINE('',#10246,#10247);
#10246 = CARTESIAN_POINT('',(-32.8,-87.27895522767,74.080385755495));
#10247 = VECTOR('',#10248,1.);
#10248 = DIRECTION('',(1.,0.,0.));
#10249 = SURFACE_OF_LINEAR_EXTRUSION('',#10250,#10253);
#10250 = B_SPLINE_CURVE_WITH_KNOTS('',1,(#10251,#10252),.UNSPECIFIED.,
  .F.,.F.,(2,2),(0.,0.339068805458),.PIECEWISE_BEZIER_KNOTS.);
#10251 = CARTESIAN_POINT('',(-32.8,-87.03178470596,73.848277186007));
#10252 = CARTESIAN_POINT('',(-32.8,-87.27895522767,74.080385755495));
#10253 = VECTOR('',#10254,1.);
#10254 = DIRECTION('',(-1.,-0.,0.));
#10255 = ADVANCED_FACE('',(#10256),#10311,.T.);
#10256 = FACE_BOUND('',#10257,.T.);
#10257 = EDGE_LOOP('',(#10258,#10259,#10260,#10305));
#10258 = ORIENTED_EDGE('',*,*,#2662,.T.);
#10259 = ORIENTED_EDGE('',*,*,#10244,.T.);
#10260 = ORIENTED_EDGE('',*,*,#10261,.T.);
#10261 = EDGE_CURVE('',#10238,#10262,#10264,.T.);
#10262 = VERTEX_POINT('',#10263);
#10263 = CARTESIAN_POINT('',(-27.3,-87.00359893707,74.551858694351));
#10264 = B_SPLINE_CURVE_WITH_KNOTS('',3,(#10265,#10266,#10267,#10268,
    #10269,#10270,#10271,#10272,#10273,#10274,#10275,#10276,#10277,
    #10278,#10279,#10280,#10281,#10282,#10283,#10284,#10285,#10286,
    #10287,#10288,#10289,#10290,#10291,#10292,#10293,#10294,#10295,
    #10296,#10297,#10298,#10299,#10300,#10301,#10302,#10303,#10304),
  .UNSPECIFIED.,.F.,.F.,(4,1,1,1,1,1,1,1,1,1,1,1,1,1,1,1,1,1,1,1,1,1,1,1
    ,1,1,1,1,1,1,1,1,1,1,1,1,1,4),(0.,3.027818324443E-02,
    5.901791423488E-02,8.620299875927E-02,0.111818118615,0.13584884024,
    0.158281622847,0.179103826051,0.198303716995,0.215870476958,
    0.231794207455,0.24606593581,0.258677620215,0.269622154261,
    0.278893370941,0.286486046128,0.292395901513,0.296619607022,0.3,
    0.300717464676,0.302869617863,0.306455803849,0.311474923651,
    0.317925438527,0.32580537074,0.335112304229,0.345843385374,
    0.357995323877,0.371564393779,0.386546434601,0.402936852624,
    0.420730622298,0.439922287779,0.460505964609,0.482475341515,
    0.505823682349,0.530543828147,0.556628199332),.UNSPECIFIED.);
#10265 = CARTESIAN_POINT('',(-27.3,-87.27895522767,74.080385755495));
#10266 = CARTESIAN_POINT('',(-27.3,-87.27252188089,74.08816233588));
#10267 = CARTESIAN_POINT('',(-27.3,-87.25998206943,74.10332036404));
#10268 = CARTESIAN_POINT('',(-27.3,-87.2416661163,74.125460548077));
#10269 = CARTESIAN_POINT('',(-27.3,-87.22434094599,74.146403081417));
#10270 = CARTESIAN_POINT('',(-27.3,-87.20801632086,74.166136163394));
#10271 = CARTESIAN_POINT('',(-27.3,-87.19270143949,74.184648674867));
#10272 = CARTESIAN_POINT('',(-27.3,-87.17840493141,74.201930184366));
#10273 = CARTESIAN_POINT('',(-27.3,-87.16513485268,74.217970954386));
#10274 = CARTESIAN_POINT('',(-27.3,-87.1528986797,74.232761945473));
#10275 = CARTESIAN_POINT('',(-27.3,-87.14170331061,74.246294825951));
#10276 = CARTESIAN_POINT('',(-27.3,-87.13155504295,74.258561961503));
#10277 = CARTESIAN_POINT('',(-27.3,-87.12245962956,74.26955646806));
#10278 = CARTESIAN_POINT('',(-27.3,-87.11442208741,74.279272062168));
#10279 = CARTESIAN_POINT('',(-27.3,-87.10744727598,74.287703539202));
#10280 = CARTESIAN_POINT('',(-27.3,-87.10153814629,74.294845348651));
#10281 = CARTESIAN_POINT('',(-27.3,-87.09670080711,74.300695735653));
#10282 = CARTESIAN_POINT('',(-27.3,-87.09293056799,74.305245347635));
#10283 = CARTESIAN_POINT('',(-27.3,-87.09006851931,74.30872385512));
#10284 = CARTESIAN_POINT('',(-27.3,-87.0882807985,74.310845141867));
#10285 = CARTESIAN_POINT('',(-27.3,-87.08698138658,74.312473700036));
#10286 = CARTESIAN_POINT('',(-27.3,-87.08569101113,74.314196352395));
#10287 = CARTESIAN_POINT('',(-27.3,-87.08360984623,74.317116788861));
#10288 = CARTESIAN_POINT('',(-27.3,-87.08081344017,74.321284996406));
#10289 = CARTESIAN_POINT('',(-27.3,-87.07736723171,74.326737917053));
#10290 = CARTESIAN_POINT('',(-27.3,-87.07334430629,74.333513840683));
#10291 = CARTESIAN_POINT('',(-27.3,-87.06881716439,74.341645790395));
#10292 = CARTESIAN_POINT('',(-27.3,-87.06386070515,74.351163989068));
#10293 = CARTESIAN_POINT('',(-27.3,-87.0585509141,74.362094861473));
#10294 = CARTESIAN_POINT('',(-27.3,-87.05296509209,74.37446129282));
#10295 = CARTESIAN_POINT('',(-27.3,-87.04718155542,74.388282469182));
#10296 = CARTESIAN_POINT('',(-27.3,-87.04127950816,74.403573866792));
#10297 = CARTESIAN_POINT('',(-27.3,-87.03533885737,74.420347204403));
#10298 = CARTESIAN_POINT('',(-27.3,-87.029440042,74.438610415747));
#10299 = CARTESIAN_POINT('',(-27.3,-87.02366386611,74.458367634562));
#10300 = CARTESIAN_POINT('',(-27.3,-87.01809128766,74.479619151472));
#10301 = CARTESIAN_POINT('',(-27.3,-87.01280339293,74.502361532798));
#10302 = CARTESIAN_POINT('',(-27.3,-87.00788060845,74.526587116385));
#10303 = CARTESIAN_POINT('',(-27.3,-87.00497460695,74.5432734425));
#10304 = CARTESIAN_POINT('',(-27.3,-87.00359893707,74.551858694351));
#10305 = ORIENTED_EDGE('',*,*,#10306,.F.);
#10306 = EDGE_CURVE('',#2653,#10262,#10307,.T.);
#10307 = LINE('',#10308,#10309);
#10308 = CARTESIAN_POINT('',(-32.8,-87.00359893707,74.551858694351));
#10309 = VECTOR('',#10310,1.);
#10310 = DIRECTION('',(1.,0.,0.));
#10311 = SURFACE_OF_LINEAR_EXTRUSION('',#10312,#10353);
#10312 = B_SPLINE_CURVE_WITH_KNOTS('',3,(#10313,#10314,#10315,#10316,
    #10317,#10318,#10319,#10320,#10321,#10322,#10323,#10324,#10325,
    #10326,#10327,#10328,#10329,#10330,#10331,#10332,#10333,#10334,
    #10335,#10336,#10337,#10338,#10339,#10340,#10341,#10342,#10343,
    #10344,#10345,#10346,#10347,#10348,#10349,#10350,#10351,#10352),
  .UNSPECIFIED.,.F.,.F.,(4,1,1,1,1,1,1,1,1,1,1,1,1,1,1,1,1,1,1,1,1,1,1,1
    ,1,1,1,1,1,1,1,1,1,1,1,1,1,4),(0.,3.027818324443E-02,
    5.901791423488E-02,8.620299875927E-02,0.111818118615,0.13584884024,
    0.158281622847,0.179103826051,0.198303716995,0.215870476958,
    0.231794207455,0.24606593581,0.258677620215,0.269622154261,
    0.278893370941,0.286486046128,0.292395901513,0.296619607022,0.3,
    0.300717464676,0.302869617863,0.306455803849,0.311474923651,
    0.317925438527,0.32580537074,0.335112304229,0.345843385374,
    0.357995323877,0.371564393779,0.386546434601,0.402936852624,
    0.420730622298,0.439922287779,0.460505964609,0.482475341515,
    0.505823682349,0.530543828147,0.556628199332),.UNSPECIFIED.);
#10313 = CARTESIAN_POINT('',(-32.8,-87.27895522767,74.080385755495));
#10314 = CARTESIAN_POINT('',(-32.8,-87.27252188089,74.08816233588));
#10315 = CARTESIAN_POINT('',(-32.8,-87.25998206943,74.10332036404));
#10316 = CARTESIAN_POINT('',(-32.8,-87.2416661163,74.125460548077));
#10317 = CARTESIAN_POINT('',(-32.8,-87.22434094599,74.146403081417));
#10318 = CARTESIAN_POINT('',(-32.8,-87.20801632086,74.166136163394));
#10319 = CARTESIAN_POINT('',(-32.8,-87.19270143949,74.184648674867));
#10320 = CARTESIAN_POINT('',(-32.8,-87.17840493141,74.201930184366));
#10321 = CARTESIAN_POINT('',(-32.8,-87.16513485268,74.217970954386));
#10322 = CARTESIAN_POINT('',(-32.8,-87.1528986797,74.232761945473));
#10323 = CARTESIAN_POINT('',(-32.8,-87.14170331061,74.246294825951));
#10324 = CARTESIAN_POINT('',(-32.8,-87.13155504295,74.258561961503));
#10325 = CARTESIAN_POINT('',(-32.8,-87.12245962956,74.26955646806));
#10326 = CARTESIAN_POINT('',(-32.8,-87.11442208741,74.279272062168));
#10327 = CARTESIAN_POINT('',(-32.8,-87.10744727598,74.287703539202));
#10328 = CARTESIAN_POINT('',(-32.8,-87.10153814629,74.294845348651));
#10329 = CARTESIAN_POINT('',(-32.8,-87.09670080711,74.300695735653));
#10330 = CARTESIAN_POINT('',(-32.8,-87.09293056799,74.305245347635));
#10331 = CARTESIAN_POINT('',(-32.8,-87.09006851931,74.30872385512));
#10332 = CARTESIAN_POINT('',(-32.8,-87.0882807985,74.310845141867));
#10333 = CARTESIAN_POINT('',(-32.8,-87.08698138658,74.312473700036));
#10334 = CARTESIAN_POINT('',(-32.8,-87.08569101113,74.314196352395));
#10335 = CARTESIAN_POINT('',(-32.8,-87.08360984623,74.317116788861));
#10336 = CARTESIAN_POINT('',(-32.8,-87.08081344017,74.321284996406));
#10337 = CARTESIAN_POINT('',(-32.8,-87.07736723171,74.326737917053));
#10338 = CARTESIAN_POINT('',(-32.8,-87.07334430629,74.333513840683));
#10339 = CARTESIAN_POINT('',(-32.8,-87.06881716439,74.341645790395));
#10340 = CARTESIAN_POINT('',(-32.8,-87.06386070515,74.351163989068));
#10341 = CARTESIAN_POINT('',(-32.8,-87.0585509141,74.362094861473));
#10342 = CARTESIAN_POINT('',(-32.8,-87.05296509209,74.37446129282));
#10343 = CARTESIAN_POINT('',(-32.8,-87.04718155542,74.388282469182));
#10344 = CARTESIAN_POINT('',(-32.8,-87.04127950816,74.403573866792));
#10345 = CARTESIAN_POINT('',(-32.8,-87.03533885737,74.420347204403));
#10346 = CARTESIAN_POINT('',(-32.8,-87.029440042,74.438610415747));
#10347 = CARTESIAN_POINT('',(-32.8,-87.02366386611,74.458367634562));
#10348 = CARTESIAN_POINT('',(-32.8,-87.01809128766,74.479619151472));
#10349 = CARTESIAN_POINT('',(-32.8,-87.01280339293,74.502361532798));
#10350 = CARTESIAN_POINT('',(-32.8,-87.00788060845,74.526587116385));
#10351 = CARTESIAN_POINT('',(-32.8,-87.00497460695,74.5432734425));
#10352 = CARTESIAN_POINT('',(-32.8,-87.00359893707,74.551858694351));
#10353 = VECTOR('',#10354,1.);
#10354 = DIRECTION('',(-1.,-0.,0.));
#10355 = ADVANCED_FACE('',(#10356),#10373,.T.);
#10356 = FACE_BOUND('',#10357,.T.);
#10357 = EDGE_LOOP('',(#10358,#10359,#10360,#10367));
#10358 = ORIENTED_EDGE('',*,*,#2652,.T.);
#10359 = ORIENTED_EDGE('',*,*,#10306,.T.);
#10360 = ORIENTED_EDGE('',*,*,#10361,.T.);
#10361 = EDGE_CURVE('',#10262,#10362,#10364,.T.);
#10362 = VERTEX_POINT('',#10363);
#10363 = CARTESIAN_POINT('',(-27.3,-87.1899600161,74.687257943835));
#10364 = B_SPLINE_CURVE_WITH_KNOTS('',1,(#10365,#10366),.UNSPECIFIED.,
  .F.,.F.,(2,2),(0.,0.230354962047),.PIECEWISE_BEZIER_KNOTS.);
#10365 = CARTESIAN_POINT('',(-27.3,-87.00359893707,74.551858694351));
#10366 = CARTESIAN_POINT('',(-27.3,-87.1899600161,74.687257943835));
#10367 = ORIENTED_EDGE('',*,*,#10368,.F.);
#10368 = EDGE_CURVE('',#2598,#10362,#10369,.T.);
#10369 = LINE('',#10370,#10371);
#10370 = CARTESIAN_POINT('',(-32.8,-87.1899600161,74.687257943835));
#10371 = VECTOR('',#10372,1.);
#10372 = DIRECTION('',(1.,0.,0.));
#10373 = SURFACE_OF_LINEAR_EXTRUSION('',#10374,#10377);
#10374 = B_SPLINE_CURVE_WITH_KNOTS('',1,(#10375,#10376),.UNSPECIFIED.,
  .F.,.F.,(2,2),(0.,0.230354962047),.PIECEWISE_BEZIER_KNOTS.);
#10375 = CARTESIAN_POINT('',(-32.8,-87.00359893707,74.551858694351));
#10376 = CARTESIAN_POINT('',(-32.8,-87.1899600161,74.687257943835));
#10377 = VECTOR('',#10378,1.);
#10378 = DIRECTION('',(-1.,-0.,0.));
#10379 = ADVANCED_FACE('',(#10380),#10435,.T.);
#10380 = FACE_BOUND('',#10381,.T.);
#10381 = EDGE_LOOP('',(#10382,#10383,#10384,#10429));
#10382 = ORIENTED_EDGE('',*,*,#2597,.T.);
#10383 = ORIENTED_EDGE('',*,*,#10368,.T.);
#10384 = ORIENTED_EDGE('',*,*,#10385,.T.);
#10385 = EDGE_CURVE('',#10362,#10386,#10388,.T.);
#10386 = VERTEX_POINT('',#10387);
#10387 = CARTESIAN_POINT('',(-27.3,-87.55326765355,74.279685398855));
#10388 = B_SPLINE_CURVE_WITH_KNOTS('',3,(#10389,#10390,#10391,#10392,
    #10393,#10394,#10395,#10396,#10397,#10398,#10399,#10400,#10401,
    #10402,#10403,#10404,#10405,#10406,#10407,#10408,#10409,#10410,
    #10411,#10412,#10413,#10414,#10415,#10416,#10417,#10418,#10419,
    #10420,#10421,#10422,#10423,#10424,#10425,#10426,#10427,#10428),
  .UNSPECIFIED.,.F.,.F.,(4,1,1,1,1,1,1,1,1,1,1,1,1,1,1,1,1,1,1,1,1,1,1,1
    ,1,1,1,1,1,1,1,1,1,1,1,1,1,4),(0.,2.608437118449E-02,
    5.080451698287E-02,7.415285781629E-02,9.612223472286E-02,
    0.116705911553,0.135897577034,0.153691346707,0.170081764731,
    0.185063805553,0.198632875455,0.210784813958,0.221515895103,
    0.230822828592,0.238702760805,0.245153275681,0.250172395482,
    0.253758581468,0.255910734655,0.256628199332,0.260008592309,
    0.264232297819,0.270142153204,0.27773482839,0.287006045071,
    0.297950579117,0.310562263522,0.324833991877,0.340757722373,
    0.358324482337,0.377524373281,0.398346576485,0.420779359092,
    0.444810080717,0.470425200572,0.497610285097,0.526350016087,
    0.556628199332),.UNSPECIFIED.);
#10389 = CARTESIAN_POINT('',(-27.3,-87.1899600161,74.687257943835));
#10390 = CARTESIAN_POINT('',(-27.3,-87.19769997045,74.683296615302));
#10391 = CARTESIAN_POINT('',(-27.3,-87.21267160578,74.6753764853));
#10392 = CARTESIAN_POINT('',(-27.3,-87.23419028085,74.663208522018));
#10393 = CARTESIAN_POINT('',(-27.3,-87.25418552147,74.651151652956));
#10394 = CARTESIAN_POINT('',(-27.3,-87.27267489367,74.639284736024));
#10395 = CARTESIAN_POINT('',(-27.3,-87.28968018885,74.627685949925));
#10396 = CARTESIAN_POINT('',(-27.3,-87.30522670081,74.616432200455));
#10397 = CARTESIAN_POINT('',(-27.3,-87.31934333079,74.605599059435));
#10398 = CARTESIAN_POINT('',(-27.3,-87.33206248123,74.595260577195));
#10399 = CARTESIAN_POINT('',(-27.3,-87.34341998995,74.58548912858));
#10400 = CARTESIAN_POINT('',(-27.3,-87.35345505114,74.576355258721));
#10401 = CARTESIAN_POINT('',(-27.3,-87.3622101129,74.567927522003));
#10402 = CARTESIAN_POINT('',(-27.3,-87.36973082763,74.560272364003));
#10403 = CARTESIAN_POINT('',(-27.3,-87.37606580761,74.553453885538));
#10404 = CARTESIAN_POINT('',(-27.3,-87.38126694161,74.547533980548));
#10405 = CARTESIAN_POINT('',(-27.3,-87.38538804035,74.542571396384));
#10406 = CARTESIAN_POINT('',(-27.3,-87.3884881043,74.53862380921));
#10407 = CARTESIAN_POINT('',(-27.3,-87.39062248911,74.535742039272));
#10408 = CARTESIAN_POINT('',(-27.3,-87.39186208092,74.53398249044));
#10409 = CARTESIAN_POINT('',(-27.3,-87.39300939141,74.53224342411));
#10410 = CARTESIAN_POINT('',(-27.3,-87.39447441888,74.529887686934));
#10411 = CARTESIAN_POINT('',(-27.3,-87.39689825441,74.526090798962));
#10412 = CARTESIAN_POINT('',(-27.3,-87.40006012457,74.521099181054));
#10413 = CARTESIAN_POINT('',(-27.3,-87.40412935324,74.514690729098));
#10414 = CARTESIAN_POINT('',(-27.3,-87.40909559616,74.506863872314));
#10415 = CARTESIAN_POINT('',(-27.3,-87.41495907207,74.497624962763));
#10416 = CARTESIAN_POINT('',(-27.3,-87.42171541404,74.486978522229));
#10417 = CARTESIAN_POINT('',(-27.3,-87.42936117383,74.47493078069));
#10418 = CARTESIAN_POINT('',(-27.3,-87.43789192587,74.461488451243));
#10419 = CARTESIAN_POINT('',(-27.3,-87.44730290072,74.446659132469));
#10420 = CARTESIAN_POINT('',(-27.3,-87.45758878378,74.430451172809));
#10421 = CARTESIAN_POINT('',(-27.3,-87.46874378279,74.412873707426));
#10422 = CARTESIAN_POINT('',(-27.3,-87.48076161105,74.39393664013));
#10423 = CARTESIAN_POINT('',(-27.3,-87.49363549711,74.373650641758));
#10424 = CARTESIAN_POINT('',(-27.3,-87.50735818672,74.352027142965));
#10425 = CARTESIAN_POINT('',(-27.3,-87.52192194747,74.329078328141));
#10426 = CARTESIAN_POINT('',(-27.3,-87.53731857298,74.304817128435));
#10427 = CARTESIAN_POINT('',(-27.3,-87.54785969959,74.288206970738));
#10428 = CARTESIAN_POINT('',(-27.3,-87.55326765355,74.279685398855));
#10429 = ORIENTED_EDGE('',*,*,#10430,.F.);
#10430 = EDGE_CURVE('',#2588,#10386,#10431,.T.);
#10431 = LINE('',#10432,#10433);
#10432 = CARTESIAN_POINT('',(-32.8,-87.55326765355,74.279685398855));
#10433 = VECTOR('',#10434,1.);
#10434 = DIRECTION('',(1.,0.,0.));
#10435 = SURFACE_OF_LINEAR_EXTRUSION('',#10436,#10477);
#10436 = B_SPLINE_CURVE_WITH_KNOTS('',3,(#10437,#10438,#10439,#10440,
    #10441,#10442,#10443,#10444,#10445,#10446,#10447,#10448,#10449,
    #10450,#10451,#10452,#10453,#10454,#10455,#10456,#10457,#10458,
    #10459,#10460,#10461,#10462,#10463,#10464,#10465,#10466,#10467,
    #10468,#10469,#10470,#10471,#10472,#10473,#10474,#10475,#10476),
  .UNSPECIFIED.,.F.,.F.,(4,1,1,1,1,1,1,1,1,1,1,1,1,1,1,1,1,1,1,1,1,1,1,1
    ,1,1,1,1,1,1,1,1,1,1,1,1,1,4),(0.,2.608437118449E-02,
    5.080451698287E-02,7.415285781629E-02,9.612223472286E-02,
    0.116705911553,0.135897577034,0.153691346707,0.170081764731,
    0.185063805553,0.198632875455,0.210784813958,0.221515895103,
    0.230822828592,0.238702760805,0.245153275681,0.250172395482,
    0.253758581468,0.255910734655,0.256628199332,0.260008592309,
    0.264232297819,0.270142153204,0.27773482839,0.287006045071,
    0.297950579117,0.310562263522,0.324833991877,0.340757722373,
    0.358324482337,0.377524373281,0.398346576485,0.420779359092,
    0.444810080717,0.470425200572,0.497610285097,0.526350016087,
    0.556628199332),.UNSPECIFIED.);
#10437 = CARTESIAN_POINT('',(-32.8,-87.1899600161,74.687257943835));
#10438 = CARTESIAN_POINT('',(-32.8,-87.19769997045,74.683296615302));
#10439 = CARTESIAN_POINT('',(-32.8,-87.21267160578,74.6753764853));
#10440 = CARTESIAN_POINT('',(-32.8,-87.23419028085,74.663208522018));
#10441 = CARTESIAN_POINT('',(-32.8,-87.25418552147,74.651151652956));
#10442 = CARTESIAN_POINT('',(-32.8,-87.27267489367,74.639284736024));
#10443 = CARTESIAN_POINT('',(-32.8,-87.28968018885,74.627685949925));
#10444 = CARTESIAN_POINT('',(-32.8,-87.30522670081,74.616432200455));
#10445 = CARTESIAN_POINT('',(-32.8,-87.31934333079,74.605599059435));
#10446 = CARTESIAN_POINT('',(-32.8,-87.33206248123,74.595260577195));
#10447 = CARTESIAN_POINT('',(-32.8,-87.34341998995,74.58548912858));
#10448 = CARTESIAN_POINT('',(-32.8,-87.35345505114,74.576355258721));
#10449 = CARTESIAN_POINT('',(-32.8,-87.3622101129,74.567927522003));
#10450 = CARTESIAN_POINT('',(-32.8,-87.36973082763,74.560272364003));
#10451 = CARTESIAN_POINT('',(-32.8,-87.37606580761,74.553453885538));
#10452 = CARTESIAN_POINT('',(-32.8,-87.38126694161,74.547533980548));
#10453 = CARTESIAN_POINT('',(-32.8,-87.38538804035,74.542571396384));
#10454 = CARTESIAN_POINT('',(-32.8,-87.3884881043,74.53862380921));
#10455 = CARTESIAN_POINT('',(-32.8,-87.39062248911,74.535742039272));
#10456 = CARTESIAN_POINT('',(-32.8,-87.39186208092,74.53398249044));
#10457 = CARTESIAN_POINT('',(-32.8,-87.39300939141,74.53224342411));
#10458 = CARTESIAN_POINT('',(-32.8,-87.39447441888,74.529887686934));
#10459 = CARTESIAN_POINT('',(-32.8,-87.39689825441,74.526090798962));
#10460 = CARTESIAN_POINT('',(-32.8,-87.40006012457,74.521099181054));
#10461 = CARTESIAN_POINT('',(-32.8,-87.40412935324,74.514690729098));
#10462 = CARTESIAN_POINT('',(-32.8,-87.40909559616,74.506863872314));
#10463 = CARTESIAN_POINT('',(-32.8,-87.41495907207,74.497624962763));
#10464 = CARTESIAN_POINT('',(-32.8,-87.42171541404,74.486978522229));
#10465 = CARTESIAN_POINT('',(-32.8,-87.42936117383,74.47493078069));
#10466 = CARTESIAN_POINT('',(-32.8,-87.43789192587,74.461488451243));
#10467 = CARTESIAN_POINT('',(-32.8,-87.44730290072,74.446659132469));
#10468 = CARTESIAN_POINT('',(-32.8,-87.45758878378,74.430451172809));
#10469 = CARTESIAN_POINT('',(-32.8,-87.46874378279,74.412873707426));
#10470 = CARTESIAN_POINT('',(-32.8,-87.48076161105,74.39393664013));
#10471 = CARTESIAN_POINT('',(-32.8,-87.49363549711,74.373650641758));
#10472 = CARTESIAN_POINT('',(-32.8,-87.50735818672,74.352027142965));
#10473 = CARTESIAN_POINT('',(-32.8,-87.52192194747,74.329078328141));
#10474 = CARTESIAN_POINT('',(-32.8,-87.53731857298,74.304817128435));
#10475 = CARTESIAN_POINT('',(-32.8,-87.54785969959,74.288206970738));
#10476 = CARTESIAN_POINT('',(-32.8,-87.55326765355,74.279685398855));
#10477 = VECTOR('',#10478,1.);
#10478 = DIRECTION('',(-1.,-0.,0.));
#10479 = ADVANCED_FACE('',(#10480),#10497,.T.);
#10480 = FACE_BOUND('',#10481,.T.);
#10481 = EDGE_LOOP('',(#10482,#10483,#10484,#10491));
#10482 = ORIENTED_EDGE('',*,*,#2587,.T.);
#10483 = ORIENTED_EDGE('',*,*,#10430,.T.);
#10484 = ORIENTED_EDGE('',*,*,#10485,.T.);
#10485 = EDGE_CURVE('',#10386,#10486,#10488,.T.);
#10486 = VERTEX_POINT('',#10487);
#10487 = CARTESIAN_POINT('',(-27.3,-87.85039591277,74.443033041658));
#10488 = B_SPLINE_CURVE_WITH_KNOTS('',1,(#10489,#10490),.UNSPECIFIED.,
  .F.,.F.,(2,2),(0.,0.339068805458),.PIECEWISE_BEZIER_KNOTS.);
#10489 = CARTESIAN_POINT('',(-27.3,-87.55326765355,74.279685398855));
#10490 = CARTESIAN_POINT('',(-27.3,-87.85039591277,74.443033041658));
#10491 = ORIENTED_EDGE('',*,*,#10492,.F.);
#10492 = EDGE_CURVE('',#2526,#10486,#10493,.T.);
#10493 = LINE('',#10494,#10495);
#10494 = CARTESIAN_POINT('',(-32.8,-87.85039591277,74.443033041658));
#10495 = VECTOR('',#10496,1.);
#10496 = DIRECTION('',(1.,0.,0.));
#10497 = SURFACE_OF_LINEAR_EXTRUSION('',#10498,#10501);
#10498 = B_SPLINE_CURVE_WITH_KNOTS('',1,(#10499,#10500),.UNSPECIFIED.,
  .F.,.F.,(2,2),(0.,0.339068805458),.PIECEWISE_BEZIER_KNOTS.);
#10499 = CARTESIAN_POINT('',(-32.8,-87.55326765355,74.279685398855));
#10500 = CARTESIAN_POINT('',(-32.8,-87.85039591277,74.443033041658));
#10501 = VECTOR('',#10502,1.);
#10502 = DIRECTION('',(-1.,-0.,0.));
#10503 = ADVANCED_FACE('',(#10504),#10559,.T.);
#10504 = FACE_BOUND('',#10505,.T.);
#10505 = EDGE_LOOP('',(#10506,#10507,#10508,#10553));
#10506 = ORIENTED_EDGE('',*,*,#2525,.T.);
#10507 = ORIENTED_EDGE('',*,*,#10492,.T.);
#10508 = ORIENTED_EDGE('',*,*,#10509,.T.);
#10509 = EDGE_CURVE('',#10486,#10510,#10512,.T.);
#10510 = VERTEX_POINT('',#10511);
#10511 = CARTESIAN_POINT('',(-27.3,-87.70094099834,74.968172116004));
#10512 = B_SPLINE_CURVE_WITH_KNOTS('',3,(#10513,#10514,#10515,#10516,
    #10517,#10518,#10519,#10520,#10521,#10522,#10523,#10524,#10525,
    #10526,#10527,#10528,#10529,#10530,#10531,#10532,#10533,#10534,
    #10535,#10536,#10537,#10538,#10539,#10540,#10541,#10542,#10543,
    #10544,#10545,#10546,#10547,#10548,#10549,#10550,#10551,#10552),
  .UNSPECIFIED.,.F.,.F.,(4,1,1,1,1,1,1,1,1,1,1,1,1,1,1,1,1,1,1,1,1,1,1,1
    ,1,1,1,1,1,1,1,1,1,1,1,1,1,4),(0.,3.027818324443E-02,
    5.901791423488E-02,8.620299875927E-02,0.111818118615,0.13584884024,
    0.158281622847,0.179103826051,0.198303716995,0.215870476958,
    0.231794207455,0.24606593581,0.258677620215,0.269622154261,
    0.278893370941,0.286486046128,0.292395901513,0.296619607022,0.3,
    0.300717464676,0.302869617863,0.306455803849,0.311474923651,
    0.317925438527,0.32580537074,0.335112304229,0.345843385374,
    0.357995323877,0.371564393779,0.386546434601,0.402936852624,
    0.420730622298,0.439922287779,0.460505964609,0.482475341515,
    0.505823682349,0.530543828147,0.556628199332),.UNSPECIFIED.);
#10513 = CARTESIAN_POINT('',(-27.3,-87.85039591277,74.443033041658));
#10514 = CARTESIAN_POINT('',(-27.3,-87.8460986383,74.452165214758));
#10515 = CARTESIAN_POINT('',(-27.3,-87.8377224364,74.469965549885));
#10516 = CARTESIAN_POINT('',(-27.3,-87.82548795248,74.495965151645));
#10517 = CARTESIAN_POINT('',(-27.3,-87.81391528051,74.520558331439));
#10518 = CARTESIAN_POINT('',(-27.3,-87.80301094142,74.543731231541));
#10519 = CARTESIAN_POINT('',(-27.3,-87.79278107961,74.565470794543));
#10520 = CARTESIAN_POINT('',(-27.3,-87.78323145926,74.585764770624));
#10521 = CARTESIAN_POINT('',(-27.3,-87.77436746175,74.604601724738));
#10522 = CARTESIAN_POINT('',(-27.3,-87.76619408054,74.62197104212));
#10523 = CARTESIAN_POINT('',(-27.3,-87.75871592508,74.637862937348));
#10524 = CARTESIAN_POINT('',(-27.3,-87.75193719647,74.652268449819));
#10525 = CARTESIAN_POINT('',(-27.3,-87.74586175481,74.665179481063));
#10526 = CARTESIAN_POINT('',(-27.3,-87.74049289683,74.676588697369));
#10527 = CARTESIAN_POINT('',(-27.3,-87.73583403499,74.686489849115));
#10528 = CARTESIAN_POINT('',(-27.3,-87.73188664727,74.694876826282));
#10529 = CARTESIAN_POINT('',(-27.3,-87.72865621408,74.701746409953));
#10530 = CARTESIAN_POINT('',(-27.3,-87.72613586644,74.707090707851));
#10531 = CARTESIAN_POINT('',(-27.3,-87.72422880392,74.711171694189));
#10532 = CARTESIAN_POINT('',(-27.3,-87.72302479021,74.713670924898));
#10533 = CARTESIAN_POINT('',(-27.3,-87.72217120765,74.715571469523));
#10534 = CARTESIAN_POINT('',(-27.3,-87.72134977794,74.717560904915));
#10535 = CARTESIAN_POINT('',(-27.3,-87.72006027968,74.720907155162));
#10536 = CARTESIAN_POINT('',(-27.3,-87.71838831892,74.72563984871));
#10537 = CARTESIAN_POINT('',(-27.3,-87.71640646565,74.731778493021));
#10538 = CARTESIAN_POINT('',(-27.3,-87.71419503151,74.739341999419));
#10539 = CARTESIAN_POINT('',(-27.3,-87.71183245176,74.748344323387));
#10540 = CARTESIAN_POINT('',(-27.3,-87.70939878855,74.758796111634));
#10541 = CARTESIAN_POINT('',(-27.3,-87.70697421178,74.77070406192));
#10542 = CARTESIAN_POINT('',(-27.3,-87.70463928506,74.784071116529));
#10543 = CARTESIAN_POINT('',(-27.3,-87.70247463562,74.798896382302));
#10544 = CARTESIAN_POINT('',(-27.3,-87.70056082797,74.815175152005));
#10545 = CARTESIAN_POINT('',(-27.3,-87.69897817309,74.832898904146));
#10546 = CARTESIAN_POINT('',(-27.3,-87.69780655582,74.85205531885));
#10547 = CARTESIAN_POINT('',(-27.3,-87.69712526963,74.872628304836));
#10548 = CARTESIAN_POINT('',(-27.3,-87.69701280132,74.89459801017));
#10549 = CARTESIAN_POINT('',(-27.3,-87.69754683577,74.917940943711));
#10550 = CARTESIAN_POINT('',(-27.3,-87.69880336727,74.942629682758));
#10551 = CARTESIAN_POINT('',(-27.3,-87.70013838371,74.959514470438));
#10552 = CARTESIAN_POINT('',(-27.3,-87.70094099834,74.968172116004));
#10553 = ORIENTED_EDGE('',*,*,#10554,.F.);
#10554 = EDGE_CURVE('',#2516,#10510,#10555,.T.);
#10555 = LINE('',#10556,#10557);
#10556 = CARTESIAN_POINT('',(-32.8,-87.70094099834,74.968172116004));
#10557 = VECTOR('',#10558,1.);
#10558 = DIRECTION('',(1.,0.,0.));
#10559 = SURFACE_OF_LINEAR_EXTRUSION('',#10560,#10601);
#10560 = B_SPLINE_CURVE_WITH_KNOTS('',3,(#10561,#10562,#10563,#10564,
    #10565,#10566,#10567,#10568,#10569,#10570,#10571,#10572,#10573,
    #10574,#10575,#10576,#10577,#10578,#10579,#10580,#10581,#10582,
    #10583,#10584,#10585,#10586,#10587,#10588,#10589,#10590,#10591,
    #10592,#10593,#10594,#10595,#10596,#10597,#10598,#10599,#10600),
  .UNSPECIFIED.,.F.,.F.,(4,1,1,1,1,1,1,1,1,1,1,1,1,1,1,1,1,1,1,1,1,1,1,1
    ,1,1,1,1,1,1,1,1,1,1,1,1,1,4),(0.,3.027818324443E-02,
    5.901791423488E-02,8.620299875927E-02,0.111818118615,0.13584884024,
    0.158281622847,0.179103826051,0.198303716995,0.215870476958,
    0.231794207455,0.24606593581,0.258677620215,0.269622154261,
    0.278893370941,0.286486046128,0.292395901513,0.296619607022,0.3,
    0.300717464676,0.302869617863,0.306455803849,0.311474923651,
    0.317925438527,0.32580537074,0.335112304229,0.345843385374,
    0.357995323877,0.371564393779,0.386546434601,0.402936852624,
    0.420730622298,0.439922287779,0.460505964609,0.482475341515,
    0.505823682349,0.530543828147,0.556628199332),.UNSPECIFIED.);
#10561 = CARTESIAN_POINT('',(-32.8,-87.85039591277,74.443033041658));
#10562 = CARTESIAN_POINT('',(-32.8,-87.8460986383,74.452165214758));
#10563 = CARTESIAN_POINT('',(-32.8,-87.8377224364,74.469965549885));
#10564 = CARTESIAN_POINT('',(-32.8,-87.82548795248,74.495965151645));
#10565 = CARTESIAN_POINT('',(-32.8,-87.81391528051,74.520558331439));
#10566 = CARTESIAN_POINT('',(-32.8,-87.80301094142,74.543731231541));
#10567 = CARTESIAN_POINT('',(-32.8,-87.79278107961,74.565470794543));
#10568 = CARTESIAN_POINT('',(-32.8,-87.78323145926,74.585764770624));
#10569 = CARTESIAN_POINT('',(-32.8,-87.77436746175,74.604601724738));
#10570 = CARTESIAN_POINT('',(-32.8,-87.76619408054,74.62197104212));
#10571 = CARTESIAN_POINT('',(-32.8,-87.75871592508,74.637862937348));
#10572 = CARTESIAN_POINT('',(-32.8,-87.75193719647,74.652268449819));
#10573 = CARTESIAN_POINT('',(-32.8,-87.74586175481,74.665179481063));
#10574 = CARTESIAN_POINT('',(-32.8,-87.74049289683,74.676588697369));
#10575 = CARTESIAN_POINT('',(-32.8,-87.73583403499,74.686489849115));
#10576 = CARTESIAN_POINT('',(-32.8,-87.73188664727,74.694876826282));
#10577 = CARTESIAN_POINT('',(-32.8,-87.72865621408,74.701746409953));
#10578 = CARTESIAN_POINT('',(-32.8,-87.72613586644,74.707090707851));
#10579 = CARTESIAN_POINT('',(-32.8,-87.72422880392,74.711171694189));
#10580 = CARTESIAN_POINT('',(-32.8,-87.72302479021,74.713670924898));
#10581 = CARTESIAN_POINT('',(-32.8,-87.72217120765,74.715571469523));
#10582 = CARTESIAN_POINT('',(-32.8,-87.72134977794,74.717560904915));
#10583 = CARTESIAN_POINT('',(-32.8,-87.72006027968,74.720907155162));
#10584 = CARTESIAN_POINT('',(-32.8,-87.71838831892,74.72563984871));
#10585 = CARTESIAN_POINT('',(-32.8,-87.71640646565,74.731778493021));
#10586 = CARTESIAN_POINT('',(-32.8,-87.71419503151,74.739341999419));
#10587 = CARTESIAN_POINT('',(-32.8,-87.71183245176,74.748344323387));
#10588 = CARTESIAN_POINT('',(-32.8,-87.70939878855,74.758796111634));
#10589 = CARTESIAN_POINT('',(-32.8,-87.70697421178,74.77070406192));
#10590 = CARTESIAN_POINT('',(-32.8,-87.70463928506,74.784071116529));
#10591 = CARTESIAN_POINT('',(-32.8,-87.70247463562,74.798896382302));
#10592 = CARTESIAN_POINT('',(-32.8,-87.70056082797,74.815175152005));
#10593 = CARTESIAN_POINT('',(-32.8,-87.69897817309,74.832898904146));
#10594 = CARTESIAN_POINT('',(-32.8,-87.69780655582,74.85205531885));
#10595 = CARTESIAN_POINT('',(-32.8,-87.69712526963,74.872628304836));
#10596 = CARTESIAN_POINT('',(-32.8,-87.69701280132,74.89459801017));
#10597 = CARTESIAN_POINT('',(-32.8,-87.69754683577,74.917940943711));
#10598 = CARTESIAN_POINT('',(-32.8,-87.69880336727,74.942629682758));
#10599 = CARTESIAN_POINT('',(-32.8,-87.70013838371,74.959514470438));
#10600 = CARTESIAN_POINT('',(-32.8,-87.70094099834,74.968172116004));
#10601 = VECTOR('',#10602,1.);
#10602 = DIRECTION('',(-1.,-0.,0.));
#10603 = ADVANCED_FACE('',(#10604),#10621,.T.);
#10604 = FACE_BOUND('',#10605,.T.);
#10605 = EDGE_LOOP('',(#10606,#10607,#10608,#10615));
#10606 = ORIENTED_EDGE('',*,*,#2515,.T.);
#10607 = ORIENTED_EDGE('',*,*,#10554,.T.);
#10608 = ORIENTED_EDGE('',*,*,#10609,.T.);
#10609 = EDGE_CURVE('',#10510,#10610,#10612,.T.);
#10610 = VERTEX_POINT('',#10611);
#10611 = CARTESIAN_POINT('',(-27.3,-87.91511962546,75.052971433366));
#10612 = B_SPLINE_CURVE_WITH_KNOTS('',1,(#10613,#10614),.UNSPECIFIED.,
  .F.,.F.,(2,2),(0.,0.230354962047),.PIECEWISE_BEZIER_KNOTS.);
#10613 = CARTESIAN_POINT('',(-27.3,-87.70094099834,74.968172116004));
#10614 = CARTESIAN_POINT('',(-27.3,-87.91511962546,75.052971433366));
#10615 = ORIENTED_EDGE('',*,*,#10616,.F.);
#10616 = EDGE_CURVE('',#2461,#10610,#10617,.T.);
#10617 = LINE('',#10618,#10619);
#10618 = CARTESIAN_POINT('',(-32.8,-87.91511962546,75.052971433366));
#10619 = VECTOR('',#10620,1.);
#10620 = DIRECTION('',(1.,0.,0.));
#10621 = SURFACE_OF_LINEAR_EXTRUSION('',#10622,#10625);
#10622 = B_SPLINE_CURVE_WITH_KNOTS('',1,(#10623,#10624),.UNSPECIFIED.,
  .F.,.F.,(2,2),(0.,0.230354962047),.PIECEWISE_BEZIER_KNOTS.);
#10623 = CARTESIAN_POINT('',(-32.8,-87.70094099834,74.968172116004));
#10624 = CARTESIAN_POINT('',(-32.8,-87.91511962546,75.052971433366));
#10625 = VECTOR('',#10626,1.);
#10626 = DIRECTION('',(-1.,-0.,0.));
#10627 = ADVANCED_FACE('',(#10628),#10683,.T.);
#10628 = FACE_BOUND('',#10629,.T.);
#10629 = EDGE_LOOP('',(#10630,#10631,#10632,#10677));
#10630 = ORIENTED_EDGE('',*,*,#2460,.T.);
#10631 = ORIENTED_EDGE('',*,*,#10616,.T.);
#10632 = ORIENTED_EDGE('',*,*,#10633,.T.);
#10633 = EDGE_CURVE('',#10610,#10634,#10636,.T.);
#10634 = VERTEX_POINT('',#10635);
#10635 = CARTESIAN_POINT('',(-27.3,-88.16565411518,74.567852593997));
#10636 = B_SPLINE_CURVE_WITH_KNOTS('',3,(#10637,#10638,#10639,#10640,
    #10641,#10642,#10643,#10644,#10645,#10646,#10647,#10648,#10649,
    #10650,#10651,#10652,#10653,#10654,#10655,#10656,#10657,#10658,
    #10659,#10660,#10661,#10662,#10663,#10664,#10665,#10666,#10667,
    #10668,#10669,#10670,#10671,#10672,#10673,#10674,#10675,#10676),
  .UNSPECIFIED.,.F.,.F.,(4,1,1,1,1,1,1,1,1,1,1,1,1,1,1,1,1,1,1,1,1,1,1,1
    ,1,1,1,1,1,1,1,1,1,1,1,1,1,4),(0.,2.608437118449E-02,
    5.080451698287E-02,7.415285781629E-02,9.612223472286E-02,
    0.116705911553,0.135897577034,0.153691346707,0.170081764731,
    0.185063805553,0.198632875455,0.210784813958,0.221515895103,
    0.230822828592,0.238702760805,0.245153275681,0.250172395482,
    0.253758581468,0.255910734655,0.256628199332,0.260008592309,
    0.264232297819,0.270142153204,0.27773482839,0.287006045071,
    0.297950579117,0.310562263522,0.324833991877,0.340757722373,
    0.358324482337,0.377524373281,0.398346576485,0.420779359092,
    0.444810080717,0.470425200572,0.497610285097,0.526350016087,
    0.556628199332),.UNSPECIFIED.);
#10637 = CARTESIAN_POINT('',(-27.3,-87.91511962546,75.052971433366));
#10638 = CARTESIAN_POINT('',(-27.3,-87.92163127256,75.047209708881));
#10639 = CARTESIAN_POINT('',(-27.3,-87.93416289021,75.035815110025));
#10640 = CARTESIAN_POINT('',(-27.3,-87.95197946711,75.01867794881));
#10641 = CARTESIAN_POINT('',(-27.3,-87.96834809907,75.002027254326));
#10642 = CARTESIAN_POINT('',(-27.3,-87.98330541141,74.985935038527));
#10643 = CARTESIAN_POINT('',(-27.3,-87.99689195317,74.970471604681));
#10644 = CARTESIAN_POINT('',(-27.3,-88.00915134918,74.95570515214));
#10645 = CARTESIAN_POINT('',(-27.3,-88.02013038666,74.941701691048));
#10646 = CARTESIAN_POINT('',(-27.3,-88.02987886561,74.928524887152));
#10647 = CARTESIAN_POINT('',(-27.3,-88.03844949686,74.916235929001));
#10648 = CARTESIAN_POINT('',(-27.3,-88.04589778708,74.904893398225));
#10649 = CARTESIAN_POINT('',(-27.3,-88.05228189958,74.894553139033));
#10650 = CARTESIAN_POINT('',(-27.3,-88.05766257685,74.885268156199));
#10651 = CARTESIAN_POINT('',(-27.3,-88.06210284515,74.877088447317));
#10652 = CARTESIAN_POINT('',(-27.3,-88.06566835546,74.8700610576));
#10653 = CARTESIAN_POINT('',(-27.3,-88.0684258378,74.864229506565));
#10654 = CARTESIAN_POINT('',(-27.3,-88.07044678253,74.859634985547));
#10655 = CARTESIAN_POINT('',(-27.3,-88.07179744468,74.856312951793));
#10656 = CARTESIAN_POINT('',(-27.3,-88.07256051043,74.854300408477));
#10657 = CARTESIAN_POINT('',(-27.3,-88.07323928784,74.852330653596));
#10658 = CARTESIAN_POINT('',(-27.3,-88.07407244077,74.849684588718));
#10659 = CARTESIAN_POINT('',(-27.3,-88.07547587941,74.845404203579));
#10660 = CARTESIAN_POINT('',(-27.3,-88.07729704871,74.839783081393));
#10661 = CARTESIAN_POINT('',(-27.3,-88.07964471788,74.832563986722));
#10662 = CARTESIAN_POINT('',(-27.3,-88.08250847702,74.823747970646));
#10663 = CARTESIAN_POINT('',(-27.3,-88.08589011768,74.813341131264));
#10664 = CARTESIAN_POINT('',(-27.3,-88.08978653464,74.801348934316));
#10665 = CARTESIAN_POINT('',(-27.3,-88.09419593735,74.787778271591));
#10666 = CARTESIAN_POINT('',(-27.3,-88.09911570873,74.772636745881));
#10667 = CARTESIAN_POINT('',(-27.3,-88.10454311889,74.75593290315));
#10668 = CARTESIAN_POINT('',(-27.3,-88.11047509636,74.73767615125));
#10669 = CARTESIAN_POINT('',(-27.3,-88.11690830268,74.71787677882));
#10670 = CARTESIAN_POINT('',(-27.3,-88.12383911164,74.696545941961));
#10671 = CARTESIAN_POINT('',(-27.3,-88.13126361825,74.67369566026));
#10672 = CARTESIAN_POINT('',(-27.3,-88.13917763885,74.649338809314));
#10673 = CARTESIAN_POINT('',(-27.3,-88.14757671411,74.623489113691));
#10674 = CARTESIAN_POINT('',(-27.3,-88.1564561113,74.596161139126));
#10675 = CARTESIAN_POINT('',(-27.3,-88.16253529079,74.577451348489));
#10676 = CARTESIAN_POINT('',(-27.3,-88.16565411518,74.567852593997));
#10677 = ORIENTED_EDGE('',*,*,#10678,.F.);
#10678 = EDGE_CURVE('',#2451,#10634,#10679,.T.);
#10679 = LINE('',#10680,#10681);
#10680 = CARTESIAN_POINT('',(-32.8,-88.16565411518,74.567852593997));
#10681 = VECTOR('',#10682,1.);
#10682 = DIRECTION('',(1.,0.,0.));
#10683 = SURFACE_OF_LINEAR_EXTRUSION('',#10684,#10725);
#10684 = B_SPLINE_CURVE_WITH_KNOTS('',3,(#10685,#10686,#10687,#10688,
    #10689,#10690,#10691,#10692,#10693,#10694,#10695,#10696,#10697,
    #10698,#10699,#10700,#10701,#10702,#10703,#10704,#10705,#10706,
    #10707,#10708,#10709,#10710,#10711,#10712,#10713,#10714,#10715,
    #10716,#10717,#10718,#10719,#10720,#10721,#10722,#10723,#10724),
  .UNSPECIFIED.,.F.,.F.,(4,1,1,1,1,1,1,1,1,1,1,1,1,1,1,1,1,1,1,1,1,1,1,1
    ,1,1,1,1,1,1,1,1,1,1,1,1,1,4),(0.,2.608437118449E-02,
    5.080451698287E-02,7.415285781629E-02,9.612223472286E-02,
    0.116705911553,0.135897577034,0.153691346707,0.170081764731,
    0.185063805553,0.198632875455,0.210784813958,0.221515895103,
    0.230822828592,0.238702760805,0.245153275681,0.250172395482,
    0.253758581468,0.255910734655,0.256628199332,0.260008592309,
    0.264232297819,0.270142153204,0.27773482839,0.287006045071,
    0.297950579117,0.310562263522,0.324833991877,0.340757722373,
    0.358324482337,0.377524373281,0.398346576485,0.420779359092,
    0.444810080717,0.470425200572,0.497610285097,0.526350016087,
    0.556628199332),.UNSPECIFIED.);
#10685 = CARTESIAN_POINT('',(-32.8,-87.91511962546,75.052971433366));
#10686 = CARTESIAN_POINT('',(-32.8,-87.92163127256,75.047209708881));
#10687 = CARTESIAN_POINT('',(-32.8,-87.93416289021,75.035815110025));
#10688 = CARTESIAN_POINT('',(-32.8,-87.95197946711,75.01867794881));
#10689 = CARTESIAN_POINT('',(-32.8,-87.96834809907,75.002027254326));
#10690 = CARTESIAN_POINT('',(-32.8,-87.98330541141,74.985935038527));
#10691 = CARTESIAN_POINT('',(-32.8,-87.99689195317,74.970471604681));
#10692 = CARTESIAN_POINT('',(-32.8,-88.00915134918,74.95570515214));
#10693 = CARTESIAN_POINT('',(-32.8,-88.02013038666,74.941701691048));
#10694 = CARTESIAN_POINT('',(-32.8,-88.02987886561,74.928524887152));
#10695 = CARTESIAN_POINT('',(-32.8,-88.03844949686,74.916235929001));
#10696 = CARTESIAN_POINT('',(-32.8,-88.04589778708,74.904893398225));
#10697 = CARTESIAN_POINT('',(-32.8,-88.05228189958,74.894553139033));
#10698 = CARTESIAN_POINT('',(-32.8,-88.05766257685,74.885268156199));
#10699 = CARTESIAN_POINT('',(-32.8,-88.06210284515,74.877088447317));
#10700 = CARTESIAN_POINT('',(-32.8,-88.06566835546,74.8700610576));
#10701 = CARTESIAN_POINT('',(-32.8,-88.0684258378,74.864229506565));
#10702 = CARTESIAN_POINT('',(-32.8,-88.07044678253,74.859634985547));
#10703 = CARTESIAN_POINT('',(-32.8,-88.07179744468,74.856312951793));
#10704 = CARTESIAN_POINT('',(-32.8,-88.07256051043,74.854300408477));
#10705 = CARTESIAN_POINT('',(-32.8,-88.07323928784,74.852330653596));
#10706 = CARTESIAN_POINT('',(-32.8,-88.07407244077,74.849684588718));
#10707 = CARTESIAN_POINT('',(-32.8,-88.07547587941,74.845404203579));
#10708 = CARTESIAN_POINT('',(-32.8,-88.07729704871,74.839783081393));
#10709 = CARTESIAN_POINT('',(-32.8,-88.07964471788,74.832563986722));
#10710 = CARTESIAN_POINT('',(-32.8,-88.08250847702,74.823747970646));
#10711 = CARTESIAN_POINT('',(-32.8,-88.08589011768,74.813341131264));
#10712 = CARTESIAN_POINT('',(-32.8,-88.08978653464,74.801348934316));
#10713 = CARTESIAN_POINT('',(-32.8,-88.09419593735,74.787778271591));
#10714 = CARTESIAN_POINT('',(-32.8,-88.09911570873,74.772636745881));
#10715 = CARTESIAN_POINT('',(-32.8,-88.10454311889,74.75593290315));
#10716 = CARTESIAN_POINT('',(-32.8,-88.11047509636,74.73767615125));
#10717 = CARTESIAN_POINT('',(-32.8,-88.11690830268,74.71787677882));
#10718 = CARTESIAN_POINT('',(-32.8,-88.12383911164,74.696545941961));
#10719 = CARTESIAN_POINT('',(-32.8,-88.13126361825,74.67369566026));
#10720 = CARTESIAN_POINT('',(-32.8,-88.13917763885,74.649338809314));
#10721 = CARTESIAN_POINT('',(-32.8,-88.14757671411,74.623489113691));
#10722 = CARTESIAN_POINT('',(-32.8,-88.1564561113,74.596161139126));
#10723 = CARTESIAN_POINT('',(-32.8,-88.16253529079,74.577451348489));
#10724 = CARTESIAN_POINT('',(-32.8,-88.16565411518,74.567852593997));
#10725 = VECTOR('',#10726,1.);
#10726 = DIRECTION('',(-1.,-0.,0.));
#10727 = ADVANCED_FACE('',(#10728),#10745,.T.);
#10728 = FACE_BOUND('',#10729,.T.);
#10729 = EDGE_LOOP('',(#10730,#10731,#10732,#10739));
#10730 = ORIENTED_EDGE('',*,*,#2450,.T.);
#10731 = ORIENTED_EDGE('',*,*,#10678,.T.);
#10732 = ORIENTED_EDGE('',*,*,#10733,.T.);
#10733 = EDGE_CURVE('',#10634,#10734,#10736,.T.);
#10734 = VERTEX_POINT('',#10735);
#10735 = CARTESIAN_POINT('',(-27.3,-88.49407045061,74.652175576967));
#10736 = B_SPLINE_CURVE_WITH_KNOTS('',1,(#10737,#10738),.UNSPECIFIED.,
  .F.,.F.,(2,2),(0.,0.339068805458),.PIECEWISE_BEZIER_KNOTS.);
#10737 = CARTESIAN_POINT('',(-27.3,-88.16565411518,74.567852593997));
#10738 = CARTESIAN_POINT('',(-27.3,-88.49407045061,74.652175576967));
#10739 = ORIENTED_EDGE('',*,*,#10740,.F.);
#10740 = EDGE_CURVE('',#2389,#10734,#10741,.T.);
#10741 = LINE('',#10742,#10743);
#10742 = CARTESIAN_POINT('',(-32.8,-88.49407045061,74.652175576967));
#10743 = VECTOR('',#10744,1.);
#10744 = DIRECTION('',(1.,0.,0.));
#10745 = SURFACE_OF_LINEAR_EXTRUSION('',#10746,#10749);
#10746 = B_SPLINE_CURVE_WITH_KNOTS('',1,(#10747,#10748),.UNSPECIFIED.,
  .F.,.F.,(2,2),(0.,0.339068805458),.PIECEWISE_BEZIER_KNOTS.);
#10747 = CARTESIAN_POINT('',(-32.8,-88.16565411518,74.567852593997));
#10748 = CARTESIAN_POINT('',(-32.8,-88.49407045061,74.652175576967));
#10749 = VECTOR('',#10750,1.);
#10750 = DIRECTION('',(-1.,-0.,0.));
#10751 = ADVANCED_FACE('',(#10752),#10807,.T.);
#10752 = FACE_BOUND('',#10753,.T.);
#10753 = EDGE_LOOP('',(#10754,#10755,#10756,#10801));
#10754 = ORIENTED_EDGE('',*,*,#2388,.T.);
#10755 = ORIENTED_EDGE('',*,*,#10740,.T.);
#10756 = ORIENTED_EDGE('',*,*,#10757,.T.);
#10757 = EDGE_CURVE('',#10734,#10758,#10760,.T.);
#10758 = VERTEX_POINT('',#10759);
#10759 = CARTESIAN_POINT('',(-27.3,-88.4799077143,75.197984367435));
#10760 = B_SPLINE_CURVE_WITH_KNOTS('',3,(#10761,#10762,#10763,#10764,
    #10765,#10766,#10767,#10768,#10769,#10770,#10771,#10772,#10773,
    #10774,#10775,#10776,#10777,#10778,#10779,#10780,#10781,#10782,
    #10783,#10784,#10785,#10786,#10787,#10788,#10789,#10790,#10791,
    #10792,#10793,#10794,#10795,#10796,#10797,#10798,#10799,#10800),
  .UNSPECIFIED.,.F.,.F.,(4,1,1,1,1,1,1,1,1,1,1,1,1,1,1,1,1,1,1,1,1,1,1,1
    ,1,1,1,1,1,1,1,1,1,1,1,1,1,4),(0.,3.027818324443E-02,
    5.901791423488E-02,8.620299875927E-02,0.111818118615,0.13584884024,
    0.158281622847,0.179103826051,0.198303716995,0.215870476958,
    0.231794207455,0.24606593581,0.258677620215,0.269622154261,
    0.278893370941,0.286486046128,0.292395901513,0.296619607022,0.3,
    0.300717464676,0.302869617863,0.306455803849,0.311474923651,
    0.317925438527,0.32580537074,0.335112304229,0.345843385374,
    0.357995323877,0.371564393779,0.386546434601,0.402936852624,
    0.420730622298,0.439922287779,0.460505964609,0.482475341515,
    0.505823682349,0.530543828147,0.556628199332),.UNSPECIFIED.);
#10761 = CARTESIAN_POINT('',(-27.3,-88.49407045061,74.652175576967));
#10762 = CARTESIAN_POINT('',(-27.3,-88.49217926202,74.66208953476));
#10763 = CARTESIAN_POINT('',(-27.3,-88.48849297724,74.681413716332));
#10764 = CARTESIAN_POINT('',(-27.3,-88.48310870016,74.709639085217));
#10765 = CARTESIAN_POINT('',(-27.3,-88.47801568007,74.736337631531));
#10766 = CARTESIAN_POINT('',(-27.3,-88.47321678676,74.761494311222));
#10767 = CARTESIAN_POINT('',(-27.3,-88.46871472433,74.785094949056));
#10768 = CARTESIAN_POINT('',(-27.3,-88.46451202949,74.807126246567));
#10769 = CARTESIAN_POINT('',(-27.3,-88.46061107075,74.82757578967));
#10770 = CARTESIAN_POINT('',(-27.3,-88.45701404493,74.846432055256));
#10771 = CARTESIAN_POINT('',(-27.3,-88.4537229831,74.86368441901));
#10772 = CARTESIAN_POINT('',(-27.3,-88.45073972598,74.879323157072));
#10773 = CARTESIAN_POINT('',(-27.3,-88.4480659984,74.893339465427));
#10774 = CARTESIAN_POINT('',(-27.3,-88.44570316968,74.905725420909));
#10775 = CARTESIAN_POINT('',(-27.3,-88.44365299087,74.916474121589));
#10776 = CARTESIAN_POINT('',(-27.3,-88.44191537399,74.925579281854));
#10777 = CARTESIAN_POINT('',(-27.3,-88.44049482679,74.933036420987));
#10778 = CARTESIAN_POINT('',(-27.3,-88.43938273335,74.938839602909));
#10779 = CARTESIAN_POINT('',(-27.3,-88.43855048474,74.943266644721));
#10780 = CARTESIAN_POINT('',(-27.3,-88.43800583074,74.945986783534));
#10781 = CARTESIAN_POINT('',(-27.3,-88.43765171127,74.948039896406));
#10782 = CARTESIAN_POINT('',(-27.3,-88.43735084075,74.950171111288));
#10783 = CARTESIAN_POINT('',(-27.3,-88.43693403304,74.953732918108));
#10784 = CARTESIAN_POINT('',(-27.3,-88.43649157303,74.958732725118));
#10785 = CARTESIAN_POINT('',(-27.3,-88.43609860209,74.965171379495));
#10786 = CARTESIAN_POINT('',(-27.3,-88.43583761177,74.973047225738));
#10787 = CARTESIAN_POINT('',(-27.3,-88.43578804373,74.982354274837));
#10788 = CARTESIAN_POINT('',(-27.3,-88.43603009258,74.993082928364));
#10789 = CARTESIAN_POINT('',(-27.3,-88.43664307515,75.00521973622));
#10790 = CARTESIAN_POINT('',(-27.3,-88.43770575575,75.018747512889));
#10791 = CARTESIAN_POINT('',(-27.3,-88.43929600643,75.033645342101));
#10792 = CARTESIAN_POINT('',(-27.3,-88.44149068996,75.049888628929));
#10793 = CARTESIAN_POINT('',(-27.3,-88.44436547501,75.067449147069));
#10794 = CARTESIAN_POINT('',(-27.3,-88.44799467287,75.086295097144));
#10795 = CARTESIAN_POINT('',(-27.3,-88.4524510841,75.10639117393));
#10796 = CARTESIAN_POINT('',(-27.3,-88.45780579273,75.127698630303));
#10797 = CARTESIAN_POINT('',(-27.3,-88.46412820102,75.150175393694));
#10798 = CARTESIAN_POINT('',(-27.3,-88.47148509599,75.173776003928));
#10799 = CARTESIAN_POINT('',(-27.3,-88.47697724638,75.189798319865));
#10800 = CARTESIAN_POINT('',(-27.3,-88.4799077143,75.197984367435));
#10801 = ORIENTED_EDGE('',*,*,#10802,.F.);
#10802 = EDGE_CURVE('',#2379,#10758,#10803,.T.);
#10803 = LINE('',#10804,#10805);
#10804 = CARTESIAN_POINT('',(-32.8,-88.4799077143,75.197984367435));
#10805 = VECTOR('',#10806,1.);
#10806 = DIRECTION('',(1.,0.,0.));
#10807 = SURFACE_OF_LINEAR_EXTRUSION('',#10808,#10849);
#10808 = B_SPLINE_CURVE_WITH_KNOTS('',3,(#10809,#10810,#10811,#10812,
    #10813,#10814,#10815,#10816,#10817,#10818,#10819,#10820,#10821,
    #10822,#10823,#10824,#10825,#10826,#10827,#10828,#10829,#10830,
    #10831,#10832,#10833,#10834,#10835,#10836,#10837,#10838,#10839,
    #10840,#10841,#10842,#10843,#10844,#10845,#10846,#10847,#10848),
  .UNSPECIFIED.,.F.,.F.,(4,1,1,1,1,1,1,1,1,1,1,1,1,1,1,1,1,1,1,1,1,1,1,1
    ,1,1,1,1,1,1,1,1,1,1,1,1,1,4),(0.,3.027818324443E-02,
    5.901791423488E-02,8.620299875927E-02,0.111818118615,0.13584884024,
    0.158281622847,0.179103826051,0.198303716995,0.215870476958,
    0.231794207455,0.24606593581,0.258677620215,0.269622154261,
    0.278893370941,0.286486046128,0.292395901513,0.296619607022,0.3,
    0.300717464676,0.302869617863,0.306455803849,0.311474923651,
    0.317925438527,0.32580537074,0.335112304229,0.345843385374,
    0.357995323877,0.371564393779,0.386546434601,0.402936852624,
    0.420730622298,0.439922287779,0.460505964609,0.482475341515,
    0.505823682349,0.530543828147,0.556628199332),.UNSPECIFIED.);
#10809 = CARTESIAN_POINT('',(-32.8,-88.49407045061,74.652175576967));
#10810 = CARTESIAN_POINT('',(-32.8,-88.49217926202,74.66208953476));
#10811 = CARTESIAN_POINT('',(-32.8,-88.48849297724,74.681413716332));
#10812 = CARTESIAN_POINT('',(-32.8,-88.48310870016,74.709639085217));
#10813 = CARTESIAN_POINT('',(-32.8,-88.47801568007,74.736337631531));
#10814 = CARTESIAN_POINT('',(-32.8,-88.47321678676,74.761494311222));
#10815 = CARTESIAN_POINT('',(-32.8,-88.46871472433,74.785094949056));
#10816 = CARTESIAN_POINT('',(-32.8,-88.46451202949,74.807126246567));
#10817 = CARTESIAN_POINT('',(-32.8,-88.46061107075,74.82757578967));
#10818 = CARTESIAN_POINT('',(-32.8,-88.45701404493,74.846432055256));
#10819 = CARTESIAN_POINT('',(-32.8,-88.4537229831,74.86368441901));
#10820 = CARTESIAN_POINT('',(-32.8,-88.45073972598,74.879323157072));
#10821 = CARTESIAN_POINT('',(-32.8,-88.4480659984,74.893339465427));
#10822 = CARTESIAN_POINT('',(-32.8,-88.44570316968,74.905725420909));
#10823 = CARTESIAN_POINT('',(-32.8,-88.44365299087,74.916474121589));
#10824 = CARTESIAN_POINT('',(-32.8,-88.44191537399,74.925579281854));
#10825 = CARTESIAN_POINT('',(-32.8,-88.44049482679,74.933036420987));
#10826 = CARTESIAN_POINT('',(-32.8,-88.43938273335,74.938839602909));
#10827 = CARTESIAN_POINT('',(-32.8,-88.43855048474,74.943266644721));
#10828 = CARTESIAN_POINT('',(-32.8,-88.43800583074,74.945986783534));
#10829 = CARTESIAN_POINT('',(-32.8,-88.43765171127,74.948039896406));
#10830 = CARTESIAN_POINT('',(-32.8,-88.43735084075,74.950171111288));
#10831 = CARTESIAN_POINT('',(-32.8,-88.43693403304,74.953732918108));
#10832 = CARTESIAN_POINT('',(-32.8,-88.43649157303,74.958732725118));
#10833 = CARTESIAN_POINT('',(-32.8,-88.43609860209,74.965171379495));
#10834 = CARTESIAN_POINT('',(-32.8,-88.43583761177,74.973047225738));
#10835 = CARTESIAN_POINT('',(-32.8,-88.43578804373,74.982354274837));
#10836 = CARTESIAN_POINT('',(-32.8,-88.43603009258,74.993082928364));
#10837 = CARTESIAN_POINT('',(-32.8,-88.43664307515,75.00521973622));
#10838 = CARTESIAN_POINT('',(-32.8,-88.43770575575,75.018747512889));
#10839 = CARTESIAN_POINT('',(-32.8,-88.43929600643,75.033645342101));
#10840 = CARTESIAN_POINT('',(-32.8,-88.44149068996,75.049888628929));
#10841 = CARTESIAN_POINT('',(-32.8,-88.44436547501,75.067449147069));
#10842 = CARTESIAN_POINT('',(-32.8,-88.44799467287,75.086295097144));
#10843 = CARTESIAN_POINT('',(-32.8,-88.4524510841,75.10639117393));
#10844 = CARTESIAN_POINT('',(-32.8,-88.45780579273,75.127698630303));
#10845 = CARTESIAN_POINT('',(-32.8,-88.46412820102,75.150175393694));
#10846 = CARTESIAN_POINT('',(-32.8,-88.47148509599,75.173776003928));
#10847 = CARTESIAN_POINT('',(-32.8,-88.47697724638,75.189798319865));
#10848 = CARTESIAN_POINT('',(-32.8,-88.4799077143,75.197984367435));
#10849 = VECTOR('',#10850,1.);
#10850 = DIRECTION('',(-1.,-0.,0.));
#10851 = ADVANCED_FACE('',(#10852),#10869,.T.);
#10852 = FACE_BOUND('',#10853,.T.);
#10853 = EDGE_LOOP('',(#10854,#10855,#10856,#10863));
#10854 = ORIENTED_EDGE('',*,*,#2378,.T.);
#10855 = ORIENTED_EDGE('',*,*,#10802,.T.);
#10856 = ORIENTED_EDGE('',*,*,#10857,.T.);
#10857 = EDGE_CURVE('',#10758,#10858,#10860,.T.);
#10858 = VERTEX_POINT('',#10859);
#10859 = CARTESIAN_POINT('',(-27.3,-88.70844625866,75.226855499696));
#10860 = B_SPLINE_CURVE_WITH_KNOTS('',1,(#10861,#10862),.UNSPECIFIED.,
  .F.,.F.,(2,2),(0.,0.230354962047),.PIECEWISE_BEZIER_KNOTS.);
#10861 = CARTESIAN_POINT('',(-27.3,-88.4799077143,75.197984367435));
#10862 = CARTESIAN_POINT('',(-27.3,-88.70844625866,75.226855499696));
#10863 = ORIENTED_EDGE('',*,*,#10864,.F.);
#10864 = EDGE_CURVE('',#2324,#10858,#10865,.T.);
#10865 = LINE('',#10866,#10867);
#10866 = CARTESIAN_POINT('',(-32.8,-88.70844625866,75.226855499696));
#10867 = VECTOR('',#10868,1.);
#10868 = DIRECTION('',(1.,0.,0.));
#10869 = SURFACE_OF_LINEAR_EXTRUSION('',#10870,#10873);
#10870 = B_SPLINE_CURVE_WITH_KNOTS('',1,(#10871,#10872),.UNSPECIFIED.,
  .F.,.F.,(2,2),(0.,0.230354962047),.PIECEWISE_BEZIER_KNOTS.);
#10871 = CARTESIAN_POINT('',(-32.8,-88.4799077143,75.197984367435));
#10872 = CARTESIAN_POINT('',(-32.8,-88.70844625866,75.226855499696));
#10873 = VECTOR('',#10874,1.);
#10874 = DIRECTION('',(-1.,-0.,0.));
#10875 = ADVANCED_FACE('',(#10876),#10924,.T.);
#10876 = FACE_BOUND('',#10877,.T.);
#10877 = EDGE_LOOP('',(#10878,#10879,#10880,#10923));
#10878 = ORIENTED_EDGE('',*,*,#2323,.T.);
#10879 = ORIENTED_EDGE('',*,*,#10864,.T.);
#10880 = ORIENTED_EDGE('',*,*,#10881,.T.);
#10881 = EDGE_CURVE('',#10858,#4052,#10882,.T.);
#10882 = B_SPLINE_CURVE_WITH_KNOTS('',3,(#10883,#10884,#10885,#10886,
    #10887,#10888,#10889,#10890,#10891,#10892,#10893,#10894,#10895,
    #10896,#10897,#10898,#10899,#10900,#10901,#10902,#10903,#10904,
    #10905,#10906,#10907,#10908,#10909,#10910,#10911,#10912,#10913,
    #10914,#10915,#10916,#10917,#10918,#10919,#10920,#10921,#10922),
  .UNSPECIFIED.,.F.,.F.,(4,1,1,1,1,1,1,1,1,1,1,1,1,1,1,1,1,1,1,1,1,1,1,1
    ,1,1,1,1,1,1,1,1,1,1,1,1,1,4),(0.,2.608437118449E-02,
    5.080451698287E-02,7.415285781629E-02,9.612223472286E-02,
    0.116705911553,0.135897577034,0.153691346707,0.170081764731,
    0.185063805553,0.198632875455,0.210784813958,0.221515895103,
    0.230822828592,0.238702760805,0.245153275681,0.250172395482,
    0.253758581468,0.255910734655,0.256628199332,0.260008592309,
    0.264232297819,0.270142153204,0.27773482839,0.287006045071,
    0.297950579117,0.310562263522,0.324833991877,0.340757722373,
    0.358324482337,0.377524373281,0.398346576485,0.420779359092,
    0.444810080717,0.470425200572,0.497610285097,0.526350016087,
    0.556628199332),.UNSPECIFIED.);
#10883 = CARTESIAN_POINT('',(-27.3,-88.70844625866,75.226855499696));
#10884 = CARTESIAN_POINT('',(-27.3,-88.71332044778,75.219655409598));
#10885 = CARTESIAN_POINT('',(-27.3,-88.72262464011,75.20550230644));
#10886 = CARTESIAN_POINT('',(-27.3,-88.7356196378,75.184472738157));
#10887 = CARTESIAN_POINT('',(-27.3,-88.74733315976,75.164274442624));
#10888 = CARTESIAN_POINT('',(-27.3,-88.75781858929,75.144968061059));
#10889 = CARTESIAN_POINT('',(-27.3,-88.76713268524,75.126611603885));
#10890 = CARTESIAN_POINT('',(-27.3,-88.77533466237,75.109260278792));
#10891 = CARTESIAN_POINT('',(-27.3,-88.78248625403,75.092966386591));
#10892 = CARTESIAN_POINT('',(-27.3,-88.78865152872,75.077779208089));
#10893 = CARTESIAN_POINT('',(-27.3,-88.79389675821,75.063744900838));
#10894 = CARTESIAN_POINT('',(-27.3,-88.798290274,75.050906402068));
#10895 = CARTESIAN_POINT('',(-27.3,-88.80190229998,75.039303336915));
#10896 = CARTESIAN_POINT('',(-27.3,-88.80480485205,75.028971938868));
#10897 = CARTESIAN_POINT('',(-27.3,-88.80707141027,75.01994496076));
#10898 = CARTESIAN_POINT('',(-27.3,-88.80877726276,75.012251643058));
#10899 = CARTESIAN_POINT('',(-27.3,-88.80999786595,75.005917542949));
#10900 = CARTESIAN_POINT('',(-27.3,-88.81081270808,75.00096477874));
#10901 = CARTESIAN_POINT('',(-27.3,-88.81129478048,74.997411216769));
#10902 = CARTESIAN_POINT('',(-27.3,-88.81153337395,74.995272134466));
#10903 = CARTESIAN_POINT('',(-27.3,-88.81170096821,74.993195457979));
#10904 = CARTESIAN_POINT('',(-27.3,-88.81184989653,74.990425327387));
#10905 = CARTESIAN_POINT('',(-27.3,-88.81214475507,74.985930397421));
#10906 = CARTESIAN_POINT('',(-27.3,-88.81251079274,74.980032966738));
#10907 = CARTESIAN_POINT('',(-27.3,-88.81298938973,74.972456831619));
#10908 = CARTESIAN_POINT('',(-27.3,-88.81357072456,74.963205598963));
#10909 = CARTESIAN_POINT('',(-27.3,-88.81425804905,74.952284729744));
#10910 = CARTESIAN_POINT('',(-27.3,-88.8150497148,74.93970029022));
#10911 = CARTESIAN_POINT('',(-27.3,-88.81594570144,74.925459400956));
#10912 = CARTESIAN_POINT('',(-27.3,-88.81694536483,74.909570076731));
#10913 = CARTESIAN_POINT('',(-27.3,-88.81804818616,74.892041273915));
#10914 = CARTESIAN_POINT('',(-27.3,-88.81925353008,74.872882868641));
#10915 = CARTESIAN_POINT('',(-27.3,-88.8205607217,74.852105656549));
#10916 = CARTESIAN_POINT('',(-27.3,-88.82196902313,74.829721345057));
#10917 = CARTESIAN_POINT('',(-27.3,-88.82347764124,74.805742547263));
#10918 = CARTESIAN_POINT('',(-27.3,-88.82508572582,74.780182774688));
#10919 = CARTESIAN_POINT('',(-27.3,-88.82679237079,74.75305642971));
#10920 = CARTESIAN_POINT('',(-27.3,-88.82859661448,74.724378797433));
#10921 = CARTESIAN_POINT('',(-27.3,-88.82983186965,74.704744978812));
#10922 = CARTESIAN_POINT('',(-27.3,-88.83046559727,74.694672166756));
#10923 = ORIENTED_EDGE('',*,*,#4051,.F.);
#10924 = SURFACE_OF_LINEAR_EXTRUSION('',#10925,#10966);
#10925 = B_SPLINE_CURVE_WITH_KNOTS('',3,(#10926,#10927,#10928,#10929,
    #10930,#10931,#10932,#10933,#10934,#10935,#10936,#10937,#10938,
    #10939,#10940,#10941,#10942,#10943,#10944,#10945,#10946,#10947,
    #10948,#10949,#10950,#10951,#10952,#10953,#10954,#10955,#10956,
    #10957,#10958,#10959,#10960,#10961,#10962,#10963,#10964,#10965),
  .UNSPECIFIED.,.F.,.F.,(4,1,1,1,1,1,1,1,1,1,1,1,1,1,1,1,1,1,1,1,1,1,1,1
    ,1,1,1,1,1,1,1,1,1,1,1,1,1,4),(0.,2.608437118449E-02,
    5.080451698287E-02,7.415285781629E-02,9.612223472286E-02,
    0.116705911553,0.135897577034,0.153691346707,0.170081764731,
    0.185063805553,0.198632875455,0.210784813958,0.221515895103,
    0.230822828592,0.238702760805,0.245153275681,0.250172395482,
    0.253758581468,0.255910734655,0.256628199332,0.260008592309,
    0.264232297819,0.270142153204,0.27773482839,0.287006045071,
    0.297950579117,0.310562263522,0.324833991877,0.340757722373,
    0.358324482337,0.377524373281,0.398346576485,0.420779359092,
    0.444810080717,0.470425200572,0.497610285097,0.526350016087,
    0.556628199332),.UNSPECIFIED.);
#10926 = CARTESIAN_POINT('',(-32.8,-88.70844625866,75.226855499696));
#10927 = CARTESIAN_POINT('',(-32.8,-88.71332044778,75.219655409598));
#10928 = CARTESIAN_POINT('',(-32.8,-88.72262464011,75.20550230644));
#10929 = CARTESIAN_POINT('',(-32.8,-88.7356196378,75.184472738157));
#10930 = CARTESIAN_POINT('',(-32.8,-88.74733315976,75.164274442624));
#10931 = CARTESIAN_POINT('',(-32.8,-88.75781858929,75.144968061059));
#10932 = CARTESIAN_POINT('',(-32.8,-88.76713268524,75.126611603885));
#10933 = CARTESIAN_POINT('',(-32.8,-88.77533466237,75.109260278792));
#10934 = CARTESIAN_POINT('',(-32.8,-88.78248625403,75.092966386591));
#10935 = CARTESIAN_POINT('',(-32.8,-88.78865152872,75.077779208089));
#10936 = CARTESIAN_POINT('',(-32.8,-88.79389675821,75.063744900838));
#10937 = CARTESIAN_POINT('',(-32.8,-88.798290274,75.050906402068));
#10938 = CARTESIAN_POINT('',(-32.8,-88.80190229998,75.039303336915));
#10939 = CARTESIAN_POINT('',(-32.8,-88.80480485205,75.028971938868));
#10940 = CARTESIAN_POINT('',(-32.8,-88.80707141027,75.01994496076));
#10941 = CARTESIAN_POINT('',(-32.8,-88.80877726276,75.012251643058));
#10942 = CARTESIAN_POINT('',(-32.8,-88.80999786595,75.005917542949));
#10943 = CARTESIAN_POINT('',(-32.8,-88.81081270808,75.00096477874));
#10944 = CARTESIAN_POINT('',(-32.8,-88.81129478048,74.997411216769));
#10945 = CARTESIAN_POINT('',(-32.8,-88.81153337395,74.995272134466));
#10946 = CARTESIAN_POINT('',(-32.8,-88.81170096821,74.993195457979));
#10947 = CARTESIAN_POINT('',(-32.8,-88.81184989653,74.990425327387));
#10948 = CARTESIAN_POINT('',(-32.8,-88.81214475507,74.985930397421));
#10949 = CARTESIAN_POINT('',(-32.8,-88.81251079274,74.980032966738));
#10950 = CARTESIAN_POINT('',(-32.8,-88.81298938973,74.972456831619));
#10951 = CARTESIAN_POINT('',(-32.8,-88.81357072456,74.963205598963));
#10952 = CARTESIAN_POINT('',(-32.8,-88.81425804905,74.952284729744));
#10953 = CARTESIAN_POINT('',(-32.8,-88.8150497148,74.93970029022));
#10954 = CARTESIAN_POINT('',(-32.8,-88.81594570144,74.925459400956));
#10955 = CARTESIAN_POINT('',(-32.8,-88.81694536483,74.909570076731));
#10956 = CARTESIAN_POINT('',(-32.8,-88.81804818616,74.892041273915));
#10957 = CARTESIAN_POINT('',(-32.8,-88.81925353008,74.872882868641));
#10958 = CARTESIAN_POINT('',(-32.8,-88.8205607217,74.852105656549));
#10959 = CARTESIAN_POINT('',(-32.8,-88.82196902313,74.829721345057));
#10960 = CARTESIAN_POINT('',(-32.8,-88.82347764124,74.805742547263));
#10961 = CARTESIAN_POINT('',(-32.8,-88.82508572582,74.780182774688));
#10962 = CARTESIAN_POINT('',(-32.8,-88.82679237079,74.75305642971));
#10963 = CARTESIAN_POINT('',(-32.8,-88.82859661448,74.724378797433));
#10964 = CARTESIAN_POINT('',(-32.8,-88.82983186965,74.704744978812));
#10965 = CARTESIAN_POINT('',(-32.8,-88.83046559727,74.694672166756));
#10966 = VECTOR('',#10967,1.);
#10967 = DIRECTION('',(-1.,-0.,0.));
#10968 = ADVANCED_FACE('',(#10969,#11071),#11082,.F.);
#10969 = FACE_BOUND('',#10970,.F.);
#10970 = EDGE_LOOP('',(#10971,#10972,#10973,#10974,#10975,#10976,#10977,
    #10978,#10979,#10980,#10981,#10982,#10983,#10984,#10985,#10986,
    #10987,#10988,#10989,#10990,#10991,#10992,#10993,#10994,#10995,
    #10996,#10997,#10998,#10999,#11000,#11001,#11002,#11003,#11004,
    #11005,#11006,#11007,#11008,#11009,#11010,#11011,#11012,#11013,
    #11014,#11015,#11016,#11017,#11018,#11019,#11020,#11021,#11022,
    #11023,#11024,#11025,#11026,#11027,#11028,#11029,#11030,#11031,
    #11032,#11033,#11034,#11035,#11036,#11037,#11038,#11039,#11040,
    #11041,#11042,#11043,#11044,#11045,#11046,#11047,#11048,#11049,
    #11050,#11051,#11052,#11053,#11054,#11055,#11056,#11057,#11058,
    #11059,#11060,#11061,#11062,#11063,#11064,#11065,#11066,#11067,
    #11068,#11069,#11070));
#10971 = ORIENTED_EDGE('',*,*,#7160,.T.);
#10972 = ORIENTED_EDGE('',*,*,#7905,.T.);
#10973 = ORIENTED_EDGE('',*,*,#8005,.T.);
#10974 = ORIENTED_EDGE('',*,*,#8029,.T.);
#10975 = ORIENTED_EDGE('',*,*,#8129,.T.);
#10976 = ORIENTED_EDGE('',*,*,#8153,.T.);
#10977 = ORIENTED_EDGE('',*,*,#8253,.T.);
#10978 = ORIENTED_EDGE('',*,*,#8277,.T.);
#10979 = ORIENTED_EDGE('',*,*,#8377,.T.);
#10980 = ORIENTED_EDGE('',*,*,#8401,.T.);
#10981 = ORIENTED_EDGE('',*,*,#8501,.T.);
#10982 = ORIENTED_EDGE('',*,*,#8525,.T.);
#10983 = ORIENTED_EDGE('',*,*,#8625,.T.);
#10984 = ORIENTED_EDGE('',*,*,#8649,.T.);
#10985 = ORIENTED_EDGE('',*,*,#8749,.T.);
#10986 = ORIENTED_EDGE('',*,*,#8773,.T.);
#10987 = ORIENTED_EDGE('',*,*,#8873,.T.);
#10988 = ORIENTED_EDGE('',*,*,#8897,.T.);
#10989 = ORIENTED_EDGE('',*,*,#8997,.T.);
#10990 = ORIENTED_EDGE('',*,*,#9021,.T.);
#10991 = ORIENTED_EDGE('',*,*,#9121,.T.);
#10992 = ORIENTED_EDGE('',*,*,#9145,.T.);
#10993 = ORIENTED_EDGE('',*,*,#9245,.T.);
#10994 = ORIENTED_EDGE('',*,*,#9269,.T.);
#10995 = ORIENTED_EDGE('',*,*,#9369,.T.);
#10996 = ORIENTED_EDGE('',*,*,#9393,.T.);
#10997 = ORIENTED_EDGE('',*,*,#9493,.T.);
#10998 = ORIENTED_EDGE('',*,*,#9517,.T.);
#10999 = ORIENTED_EDGE('',*,*,#9617,.T.);
#11000 = ORIENTED_EDGE('',*,*,#9641,.T.);
#11001 = ORIENTED_EDGE('',*,*,#9741,.T.);
#11002 = ORIENTED_EDGE('',*,*,#9765,.T.);
#11003 = ORIENTED_EDGE('',*,*,#9865,.T.);
#11004 = ORIENTED_EDGE('',*,*,#9889,.T.);
#11005 = ORIENTED_EDGE('',*,*,#9989,.T.);
#11006 = ORIENTED_EDGE('',*,*,#10013,.T.);
#11007 = ORIENTED_EDGE('',*,*,#10113,.T.);
#11008 = ORIENTED_EDGE('',*,*,#10137,.T.);
#11009 = ORIENTED_EDGE('',*,*,#10237,.T.);
#11010 = ORIENTED_EDGE('',*,*,#10261,.T.);
#11011 = ORIENTED_EDGE('',*,*,#10361,.T.);
#11012 = ORIENTED_EDGE('',*,*,#10385,.T.);
#11013 = ORIENTED_EDGE('',*,*,#10485,.T.);
#11014 = ORIENTED_EDGE('',*,*,#10509,.T.);
#11015 = ORIENTED_EDGE('',*,*,#10609,.T.);
#11016 = ORIENTED_EDGE('',*,*,#10633,.T.);
#11017 = ORIENTED_EDGE('',*,*,#10733,.T.);
#11018 = ORIENTED_EDGE('',*,*,#10757,.T.);
#11019 = ORIENTED_EDGE('',*,*,#10857,.T.);
#11020 = ORIENTED_EDGE('',*,*,#10881,.T.);
#11021 = ORIENTED_EDGE('',*,*,#4059,.T.);
#11022 = ORIENTED_EDGE('',*,*,#4084,.T.);
#11023 = ORIENTED_EDGE('',*,*,#4184,.T.);
#11024 = ORIENTED_EDGE('',*,*,#4208,.T.);
#11025 = ORIENTED_EDGE('',*,*,#4308,.T.);
#11026 = ORIENTED_EDGE('',*,*,#4332,.T.);
#11027 = ORIENTED_EDGE('',*,*,#4432,.T.);
#11028 = ORIENTED_EDGE('',*,*,#4456,.T.);
#11029 = ORIENTED_EDGE('',*,*,#4556,.T.);
#11030 = ORIENTED_EDGE('',*,*,#4580,.T.);
#11031 = ORIENTED_EDGE('',*,*,#4680,.T.);
#11032 = ORIENTED_EDGE('',*,*,#4704,.T.);
#11033 = ORIENTED_EDGE('',*,*,#4804,.T.);
#11034 = ORIENTED_EDGE('',*,*,#4828,.T.);
#11035 = ORIENTED_EDGE('',*,*,#4928,.T.);
#11036 = ORIENTED_EDGE('',*,*,#4952,.T.);
#11037 = ORIENTED_EDGE('',*,*,#5052,.T.);
#11038 = ORIENTED_EDGE('',*,*,#5076,.T.);
#11039 = ORIENTED_EDGE('',*,*,#5176,.T.);
#11040 = ORIENTED_EDGE('',*,*,#5200,.T.);
#11041 = ORIENTED_EDGE('',*,*,#5300,.T.);
#11042 = ORIENTED_EDGE('',*,*,#5324,.T.);
#11043 = ORIENTED_EDGE('',*,*,#5424,.T.);
#11044 = ORIENTED_EDGE('',*,*,#5448,.T.);
#11045 = ORIENTED_EDGE('',*,*,#5548,.T.);
#11046 = ORIENTED_EDGE('',*,*,#5572,.T.);
#11047 = ORIENTED_EDGE('',*,*,#5672,.T.);
#11048 = ORIENTED_EDGE('',*,*,#5696,.T.);
#11049 = ORIENTED_EDGE('',*,*,#5796,.T.);
#11050 = ORIENTED_EDGE('',*,*,#5820,.T.);
#11051 = ORIENTED_EDGE('',*,*,#5920,.T.);
#11052 = ORIENTED_EDGE('',*,*,#5944,.T.);
#11053 = ORIENTED_EDGE('',*,*,#6044,.T.);
#11054 = ORIENTED_EDGE('',*,*,#6068,.T.);
#11055 = ORIENTED_EDGE('',*,*,#6168,.T.);
#11056 = ORIENTED_EDGE('',*,*,#6192,.T.);
#11057 = ORIENTED_EDGE('',*,*,#6292,.T.);
#11058 = ORIENTED_EDGE('',*,*,#6316,.T.);
#11059 = ORIENTED_EDGE('',*,*,#6416,.T.);
#11060 = ORIENTED_EDGE('',*,*,#6440,.T.);
#11061 = ORIENTED_EDGE('',*,*,#6540,.T.);
#11062 = ORIENTED_EDGE('',*,*,#6564,.T.);
#11063 = ORIENTED_EDGE('',*,*,#6664,.T.);
#11064 = ORIENTED_EDGE('',*,*,#6688,.T.);
#11065 = ORIENTED_EDGE('',*,*,#6788,.T.);
#11066 = ORIENTED_EDGE('',*,*,#6812,.T.);
#11067 = ORIENTED_EDGE('',*,*,#6912,.T.);
#11068 = ORIENTED_EDGE('',*,*,#6936,.T.);
#11069 = ORIENTED_EDGE('',*,*,#7036,.T.);
#11070 = ORIENTED_EDGE('',*,*,#7060,.T.);
#11071 = FACE_BOUND('',#11072,.F.);
#11072 = EDGE_LOOP('',(#11073));
#11073 = ORIENTED_EDGE('',*,*,#11074,.T.);
#11074 = EDGE_CURVE('',#11075,#11075,#11077,.T.);
#11075 = VERTEX_POINT('',#11076);
#11076 = CARTESIAN_POINT('',(-27.3,-87.5,72.));
#11077 = CIRCLE('',#11078,1.5);
#11078 = AXIS2_PLACEMENT_3D('',#11079,#11080,#11081);
#11079 = CARTESIAN_POINT('',(-27.3,-89.,72.));
#11080 = DIRECTION('',(-1.,-4.4E-16,2.2E-16));
#11081 = DIRECTION('',(-4.4E-16,1.,2.2E-16));
#11082 = PLANE('',#11083);
#11083 = AXIS2_PLACEMENT_3D('',#11084,#11085,#11086);
#11084 = CARTESIAN_POINT('',(-27.3,-89.,72.));
#11085 = DIRECTION('',(1.,0.,0.));
#11086 = DIRECTION('',(0.,0.,-1.));
#11087 = ADVANCED_FACE('',(#11088),#11107,.T.);
#11088 = FACE_BOUND('',#11089,.T.);
#11089 = EDGE_LOOP('',(#11090,#11091,#11092,#11093,#11101));
#11090 = ORIENTED_EDGE('',*,*,#7276,.F.);
#11091 = ORIENTED_EDGE('',*,*,#7220,.F.);
#11092 = ORIENTED_EDGE('',*,*,#7826,.T.);
#11093 = ORIENTED_EDGE('',*,*,#11094,.T.);
#11094 = EDGE_CURVE('',#7819,#11095,#11097,.T.);
#11095 = VERTEX_POINT('',#11096);
#11096 = CARTESIAN_POINT('',(11.1,-131.,15.));
#11097 = LINE('',#11098,#11099);
#11098 = CARTESIAN_POINT('',(-34.,-131.,15.));
#11099 = VECTOR('',#11100,1.);
#11100 = DIRECTION('',(1.,0.,0.));
#11101 = ORIENTED_EDGE('',*,*,#11102,.T.);
#11102 = EDGE_CURVE('',#11095,#7277,#11103,.T.);
#11103 = LINE('',#11104,#11105);
#11104 = CARTESIAN_POINT('',(11.1,-131.,15.));
#11105 = VECTOR('',#11106,1.);
#11106 = DIRECTION('',(0.,1.,0.));
#11107 = PLANE('',#11108);
#11108 = AXIS2_PLACEMENT_3D('',#11109,#11110,#11111);
#11109 = CARTESIAN_POINT('',(-34.,-131.,15.));
#11110 = DIRECTION('',(0.,0.,1.));
#11111 = DIRECTION('',(1.,0.,0.));
#11112 = ADVANCED_FACE('',(#11113),#11170,.T.);
#11113 = FACE_BOUND('',#11114,.T.);
#11114 = EDGE_LOOP('',(#11115,#11125,#11131,#11132,#11140,#11148,#11156,
    #11164));
#11115 = ORIENTED_EDGE('',*,*,#11116,.F.);
#11116 = EDGE_CURVE('',#11117,#11119,#11121,.T.);
#11117 = VERTEX_POINT('',#11118);
#11118 = CARTESIAN_POINT('',(11.1,-131.,-20.));
#11119 = VERTEX_POINT('',#11120);
#11120 = CARTESIAN_POINT('',(11.1,-131.,-15.));
#11121 = LINE('',#11122,#11123);
#11122 = CARTESIAN_POINT('',(11.1,-131.,-20.));
#11123 = VECTOR('',#11124,1.);
#11124 = DIRECTION('',(0.,0.,1.));
#11125 = ORIENTED_EDGE('',*,*,#11126,.T.);
#11126 = EDGE_CURVE('',#11117,#7258,#11127,.T.);
#11127 = LINE('',#11128,#11129);
#11128 = CARTESIAN_POINT('',(11.1,-131.,-20.));
#11129 = VECTOR('',#11130,1.);
#11130 = DIRECTION('',(0.,1.,0.));
#11131 = ORIENTED_EDGE('',*,*,#7257,.T.);
#11132 = ORIENTED_EDGE('',*,*,#11133,.F.);
#11133 = EDGE_CURVE('',#11134,#7260,#11136,.T.);
#11134 = VERTEX_POINT('',#11135);
#11135 = CARTESIAN_POINT('',(11.1,-125.,-15.));
#11136 = LINE('',#11137,#11138);
#11137 = CARTESIAN_POINT('',(11.1,-136.,-15.));
#11138 = VECTOR('',#11139,1.);
#11139 = DIRECTION('',(0.,1.,0.));
#11140 = ORIENTED_EDGE('',*,*,#11141,.F.);
#11141 = EDGE_CURVE('',#11142,#11134,#11144,.T.);
#11142 = VERTEX_POINT('',#11143);
#11143 = CARTESIAN_POINT('',(11.1,-125.,-19.9));
#11144 = LINE('',#11145,#11146);
#11145 = CARTESIAN_POINT('',(11.1,-125.,-19.9));
#11146 = VECTOR('',#11147,1.);
#11147 = DIRECTION('',(0.,0.,1.));
#11148 = ORIENTED_EDGE('',*,*,#11149,.F.);
#11149 = EDGE_CURVE('',#11150,#11142,#11152,.T.);
#11150 = VERTEX_POINT('',#11151);
#11151 = CARTESIAN_POINT('',(11.1,-127.5,-19.9));
#11152 = LINE('',#11153,#11154);
#11153 = CARTESIAN_POINT('',(11.1,-127.5,-19.9));
#11154 = VECTOR('',#11155,1.);
#11155 = DIRECTION('',(0.,1.,0.));
#11156 = ORIENTED_EDGE('',*,*,#11157,.T.);
#11157 = EDGE_CURVE('',#11150,#11158,#11160,.T.);
#11158 = VERTEX_POINT('',#11159);
#11159 = CARTESIAN_POINT('',(11.1,-127.5,-15.));
#11160 = LINE('',#11161,#11162);
#11161 = CARTESIAN_POINT('',(11.1,-127.5,-19.9));
#11162 = VECTOR('',#11163,1.);
#11163 = DIRECTION('',(0.,0.,1.));
#11164 = ORIENTED_EDGE('',*,*,#11165,.F.);
#11165 = EDGE_CURVE('',#11119,#11158,#11166,.T.);
#11166 = LINE('',#11167,#11168);
#11167 = CARTESIAN_POINT('',(11.1,-136.,-15.));
#11168 = VECTOR('',#11169,1.);
#11169 = DIRECTION('',(0.,1.,0.));
#11170 = PLANE('',#11171);
#11171 = AXIS2_PLACEMENT_3D('',#11172,#11173,#11174);
#11172 = CARTESIAN_POINT('',(11.1,-131.,-20.));
#11173 = DIRECTION('',(1.,0.,0.));
#11174 = DIRECTION('',(0.,0.,1.));
#11175 = ADVANCED_FACE('',(#11176),#11194,.T.);
#11176 = FACE_BOUND('',#11177,.T.);
#11177 = EDGE_LOOP('',(#11178,#11186,#11192,#11193));
#11178 = ORIENTED_EDGE('',*,*,#11179,.F.);
#11179 = EDGE_CURVE('',#11180,#7301,#11182,.T.);
#11180 = VERTEX_POINT('',#11181);
#11181 = CARTESIAN_POINT('',(-1.,-125.,-15.));
#11182 = LINE('',#11183,#11184);
#11183 = CARTESIAN_POINT('',(-1.,-136.,-15.));
#11184 = VECTOR('',#11185,1.);
#11185 = DIRECTION('',(0.,1.,0.));
#11186 = ORIENTED_EDGE('',*,*,#11187,.T.);
#11187 = EDGE_CURVE('',#11180,#11134,#11188,.T.);
#11188 = LINE('',#11189,#11190);
#11189 = CARTESIAN_POINT('',(-1.,-125.,-15.));
#11190 = VECTOR('',#11191,1.);
#11191 = DIRECTION('',(1.,0.,0.));
#11192 = ORIENTED_EDGE('',*,*,#11133,.T.);
#11193 = ORIENTED_EDGE('',*,*,#7308,.F.);
#11194 = PLANE('',#11195);
#11195 = AXIS2_PLACEMENT_3D('',#11196,#11197,#11198);
#11196 = CARTESIAN_POINT('',(-1.,-136.,-15.));
#11197 = DIRECTION('',(0.,0.,1.));
#11198 = DIRECTION('',(1.,0.,0.));
#11199 = ADVANCED_FACE('',(#11200),#11218,.T.);
#11200 = FACE_BOUND('',#11201,.T.);
#11201 = EDGE_LOOP('',(#11202,#11210,#11216,#11217));
#11202 = ORIENTED_EDGE('',*,*,#11203,.F.);
#11203 = EDGE_CURVE('',#11204,#7293,#11206,.T.);
#11204 = VERTEX_POINT('',#11205);
#11205 = CARTESIAN_POINT('',(-1.,-125.,7.5));
#11206 = LINE('',#11207,#11208);
#11207 = CARTESIAN_POINT('',(-1.,-136.,7.5));
#11208 = VECTOR('',#11209,1.);
#11209 = DIRECTION('',(0.,1.,0.));
#11210 = ORIENTED_EDGE('',*,*,#11211,.F.);
#11211 = EDGE_CURVE('',#11180,#11204,#11212,.T.);
#11212 = LINE('',#11213,#11214);
#11213 = CARTESIAN_POINT('',(-1.,-125.,-19.9));
#11214 = VECTOR('',#11215,1.);
#11215 = DIRECTION('',(0.,0.,1.));
#11216 = ORIENTED_EDGE('',*,*,#11179,.T.);
#11217 = ORIENTED_EDGE('',*,*,#7300,.F.);
#11218 = PLANE('',#11219);
#11219 = AXIS2_PLACEMENT_3D('',#11220,#11221,#11222);
#11220 = CARTESIAN_POINT('',(-1.,-136.,-15.));
#11221 = DIRECTION('',(1.,0.,0.));
#11222 = DIRECTION('',(0.,0.,1.));
#11223 = ADVANCED_FACE('',(#11224),#11242,.F.);
#11224 = FACE_BOUND('',#11225,.F.);
#11225 = EDGE_LOOP('',(#11226,#11227,#11235,#11241));
#11226 = ORIENTED_EDGE('',*,*,#11203,.F.);
#11227 = ORIENTED_EDGE('',*,*,#11228,.T.);
#11228 = EDGE_CURVE('',#11204,#11229,#11231,.T.);
#11229 = VERTEX_POINT('',#11230);
#11230 = CARTESIAN_POINT('',(11.1,-125.,7.5));
#11231 = LINE('',#11232,#11233);
#11232 = CARTESIAN_POINT('',(-1.,-125.,7.5));
#11233 = VECTOR('',#11234,1.);
#11234 = DIRECTION('',(1.,0.,0.));
#11235 = ORIENTED_EDGE('',*,*,#11236,.T.);
#11236 = EDGE_CURVE('',#11229,#7285,#11237,.T.);
#11237 = LINE('',#11238,#11239);
#11238 = CARTESIAN_POINT('',(11.1,-136.,7.5));
#11239 = VECTOR('',#11240,1.);
#11240 = DIRECTION('',(0.,1.,0.));
#11241 = ORIENTED_EDGE('',*,*,#7292,.F.);
#11242 = PLANE('',#11243);
#11243 = AXIS2_PLACEMENT_3D('',#11244,#11245,#11246);
#11244 = CARTESIAN_POINT('',(-1.,-136.,7.5));
#11245 = DIRECTION('',(0.,0.,1.));
#11246 = DIRECTION('',(1.,0.,0.));
#11247 = ADVANCED_FACE('',(#11248),#11291,.T.);
#11248 = FACE_BOUND('',#11249,.T.);
#11249 = EDGE_LOOP('',(#11250,#11258,#11266,#11274,#11282,#11288,#11289,
    #11290));
#11250 = ORIENTED_EDGE('',*,*,#11251,.F.);
#11251 = EDGE_CURVE('',#11252,#11095,#11254,.T.);
#11252 = VERTEX_POINT('',#11253);
#11253 = CARTESIAN_POINT('',(11.1,-131.,7.5));
#11254 = LINE('',#11255,#11256);
#11255 = CARTESIAN_POINT('',(11.1,-131.,-20.));
#11256 = VECTOR('',#11257,1.);
#11257 = DIRECTION('',(0.,0.,1.));
#11258 = ORIENTED_EDGE('',*,*,#11259,.T.);
#11259 = EDGE_CURVE('',#11252,#11260,#11262,.T.);
#11260 = VERTEX_POINT('',#11261);
#11261 = CARTESIAN_POINT('',(11.1,-127.5,7.5));
#11262 = LINE('',#11263,#11264);
#11263 = CARTESIAN_POINT('',(11.1,-136.,7.5));
#11264 = VECTOR('',#11265,1.);
#11265 = DIRECTION('',(0.,1.,0.));
#11266 = ORIENTED_EDGE('',*,*,#11267,.T.);
#11267 = EDGE_CURVE('',#11260,#11268,#11270,.T.);
#11268 = VERTEX_POINT('',#11269);
#11269 = CARTESIAN_POINT('',(11.1,-127.5,12.4));
#11270 = LINE('',#11271,#11272);
#11271 = CARTESIAN_POINT('',(11.1,-127.5,-19.9));
#11272 = VECTOR('',#11273,1.);
#11273 = DIRECTION('',(0.,0.,1.));
#11274 = ORIENTED_EDGE('',*,*,#11275,.T.);
#11275 = EDGE_CURVE('',#11268,#11276,#11278,.T.);
#11276 = VERTEX_POINT('',#11277);
#11277 = CARTESIAN_POINT('',(11.1,-125.,12.4));
#11278 = LINE('',#11279,#11280);
#11279 = CARTESIAN_POINT('',(11.1,-127.5,12.4));
#11280 = VECTOR('',#11281,1.);
#11281 = DIRECTION('',(0.,1.,0.));
#11282 = ORIENTED_EDGE('',*,*,#11283,.F.);
#11283 = EDGE_CURVE('',#11229,#11276,#11284,.T.);
#11284 = LINE('',#11285,#11286);
#11285 = CARTESIAN_POINT('',(11.1,-125.,-19.9));
#11286 = VECTOR('',#11287,1.);
#11287 = DIRECTION('',(0.,0.,1.));
#11288 = ORIENTED_EDGE('',*,*,#11236,.T.);
#11289 = ORIENTED_EDGE('',*,*,#7284,.T.);
#11290 = ORIENTED_EDGE('',*,*,#11102,.F.);
#11291 = PLANE('',#11292);
#11292 = AXIS2_PLACEMENT_3D('',#11293,#11294,#11295);
#11293 = CARTESIAN_POINT('',(11.1,-131.,-20.));
#11294 = DIRECTION('',(1.,0.,0.));
#11295 = DIRECTION('',(0.,0.,1.));
#11296 = ADVANCED_FACE('',(#11297),#11308,.F.);
#11297 = FACE_BOUND('',#11298,.F.);
#11298 = EDGE_LOOP('',(#11299,#11300,#11301,#11307));
#11299 = ORIENTED_EDGE('',*,*,#7267,.F.);
#11300 = ORIENTED_EDGE('',*,*,#7654,.F.);
#11301 = ORIENTED_EDGE('',*,*,#11302,.T.);
#11302 = EDGE_CURVE('',#7655,#11117,#11303,.T.);
#11303 = LINE('',#11304,#11305);
#11304 = CARTESIAN_POINT('',(-34.,-131.,-20.));
#11305 = VECTOR('',#11306,1.);
#11306 = DIRECTION('',(1.,0.,0.));
#11307 = ORIENTED_EDGE('',*,*,#11126,.T.);
#11308 = PLANE('',#11309);
#11309 = AXIS2_PLACEMENT_3D('',#11310,#11311,#11312);
#11310 = CARTESIAN_POINT('',(-34.,-131.,-20.));
#11311 = DIRECTION('',(0.,0.,1.));
#11312 = DIRECTION('',(1.,0.,0.));
#11313 = ADVANCED_FACE('',(#11314,#11350),#11353,.F.);
#11314 = FACE_BOUND('',#11315,.F.);
#11315 = EDGE_LOOP('',(#11316,#11325,#11331,#11332,#11340,#11347,#11348,
    #11349));
#11316 = ORIENTED_EDGE('',*,*,#11317,.T.);
#11317 = EDGE_CURVE('',#11318,#11318,#11320,.T.);
#11318 = VERTEX_POINT('',#11319);
#11319 = CARTESIAN_POINT('',(-1.,-145.,-25.));
#11320 = CIRCLE('',#11321,33.);
#11321 = AXIS2_PLACEMENT_3D('',#11322,#11323,#11324);
#11322 = CARTESIAN_POINT('',(-34.,-145.,-25.));
#11323 = DIRECTION('',(0.,0.,1.));
#11324 = DIRECTION('',(1.,0.,0.));
#11325 = ORIENTED_EDGE('',*,*,#11326,.T.);
#11326 = EDGE_CURVE('',#11318,#7323,#11327,.T.);
#11327 = LINE('',#11328,#11329);
#11328 = CARTESIAN_POINT('',(-1.,-145.,-25.));
#11329 = VECTOR('',#11330,1.);
#11330 = DIRECTION('',(-0.514495755428,1.3E-16,0.857492925713));
#11331 = ORIENTED_EDGE('',*,*,#7488,.F.);
#11332 = ORIENTED_EDGE('',*,*,#11333,.T.);
#11333 = EDGE_CURVE('',#7325,#11334,#11336,.T.);
#11334 = VERTEX_POINT('',#11335);
#11335 = CARTESIAN_POINT('',(-4.,-145.,-20.));
#11336 = LINE('',#11337,#11338);
#11337 = CARTESIAN_POINT('',(-1.,-145.,-25.));
#11338 = VECTOR('',#11339,1.);
#11339 = DIRECTION('',(-0.514495755428,1.3E-16,0.857492925713));
#11340 = ORIENTED_EDGE('',*,*,#11341,.F.);
#11341 = EDGE_CURVE('',#11334,#11334,#11342,.T.);
#11342 = CIRCLE('',#11343,30.);
#11343 = AXIS2_PLACEMENT_3D('',#11344,#11345,#11346);
#11344 = CARTESIAN_POINT('',(-34.,-145.,-20.));
#11345 = DIRECTION('',(0.,0.,1.));
#11346 = DIRECTION('',(1.,0.,0.));
#11347 = ORIENTED_EDGE('',*,*,#11333,.F.);
#11348 = ORIENTED_EDGE('',*,*,#7322,.F.);
#11349 = ORIENTED_EDGE('',*,*,#11326,.F.);
#11350 = FACE_BOUND('',#11351,.F.);
#11351 = EDGE_LOOP('',(#11352));
#11352 = ORIENTED_EDGE('',*,*,#7680,.F.);
#11353 = CONICAL_SURFACE('',#11354,33.,0.540419500271);
#11354 = AXIS2_PLACEMENT_3D('',#11355,#11356,#11357);
#11355 = CARTESIAN_POINT('',(-34.,-145.,-25.));
#11356 = DIRECTION('',(-0.,-0.,-1.));
#11357 = DIRECTION('',(1.,0.,0.));
#11358 = ADVANCED_FACE('',(#11359),#11378,.T.);
#11359 = FACE_BOUND('',#11360,.F.);
#11360 = EDGE_LOOP('',(#11361,#11369,#11370,#11371));
#11361 = ORIENTED_EDGE('',*,*,#11362,.F.);
#11362 = EDGE_CURVE('',#7552,#11363,#11365,.T.);
#11363 = VERTEX_POINT('',#11364);
#11364 = CARTESIAN_POINT('',(2.,-145.,-25.));
#11365 = LINE('',#11366,#11367);
#11366 = CARTESIAN_POINT('',(2.,-145.,-25.));
#11367 = VECTOR('',#11368,1.);
#11368 = DIRECTION('',(-0.382683432365,-0.,-0.923879532511));
#11369 = ORIENTED_EDGE('',*,*,#7551,.T.);
#11370 = ORIENTED_EDGE('',*,*,#11362,.T.);
#11371 = ORIENTED_EDGE('',*,*,#11372,.F.);
#11372 = EDGE_CURVE('',#11363,#11363,#11373,.T.);
#11373 = CIRCLE('',#11374,36.);
#11374 = AXIS2_PLACEMENT_3D('',#11375,#11376,#11377);
#11375 = CARTESIAN_POINT('',(-34.,-145.,-25.));
#11376 = DIRECTION('',(0.,0.,1.));
#11377 = DIRECTION('',(1.,0.,0.));
#11378 = CONICAL_SURFACE('',#11379,36.,0.392699081699);
#11379 = AXIS2_PLACEMENT_3D('',#11380,#11381,#11382);
#11380 = CARTESIAN_POINT('',(-34.,-145.,-25.));
#11381 = DIRECTION('',(0.,0.,1.));
#11382 = DIRECTION('',(1.,0.,0.));
#11383 = ADVANCED_FACE('',(#11384),#11413,.F.);
#11384 = FACE_BOUND('',#11385,.F.);
#11385 = EDGE_LOOP('',(#11386,#11387,#11388,#11389,#11390,#11391,#11399,
    #11407));
#11386 = ORIENTED_EDGE('',*,*,#11116,.F.);
#11387 = ORIENTED_EDGE('',*,*,#11302,.F.);
#11388 = ORIENTED_EDGE('',*,*,#7818,.F.);
#11389 = ORIENTED_EDGE('',*,*,#11094,.T.);
#11390 = ORIENTED_EDGE('',*,*,#11251,.F.);
#11391 = ORIENTED_EDGE('',*,*,#11392,.F.);
#11392 = EDGE_CURVE('',#11393,#11252,#11395,.T.);
#11393 = VERTEX_POINT('',#11394);
#11394 = CARTESIAN_POINT('',(-1.,-131.,7.5));
#11395 = LINE('',#11396,#11397);
#11396 = CARTESIAN_POINT('',(-17.5,-131.,7.5));
#11397 = VECTOR('',#11398,1.);
#11398 = DIRECTION('',(1.,0.,0.));
#11399 = ORIENTED_EDGE('',*,*,#11400,.T.);
#11400 = EDGE_CURVE('',#11393,#11401,#11403,.T.);
#11401 = VERTEX_POINT('',#11402);
#11402 = CARTESIAN_POINT('',(-1.,-131.,-15.));
#11403 = LINE('',#11404,#11405);
#11404 = CARTESIAN_POINT('',(-1.,-131.,-17.5));
#11405 = VECTOR('',#11406,1.);
#11406 = DIRECTION('',(0.,0.,-1.));
#11407 = ORIENTED_EDGE('',*,*,#11408,.T.);
#11408 = EDGE_CURVE('',#11401,#11119,#11409,.T.);
#11409 = LINE('',#11410,#11411);
#11410 = CARTESIAN_POINT('',(-17.5,-131.,-15.));
#11411 = VECTOR('',#11412,1.);
#11412 = DIRECTION('',(1.,0.,0.));
#11413 = PLANE('',#11414);
#11414 = AXIS2_PLACEMENT_3D('',#11415,#11416,#11417);
#11415 = CARTESIAN_POINT('',(-34.,-131.,-20.));
#11416 = DIRECTION('',(0.,1.,0.));
#11417 = DIRECTION('',(0.,0.,1.));
#11418 = ADVANCED_FACE('',(#11419),#11432,.F.);
#11419 = FACE_BOUND('',#11420,.T.);
#11420 = EDGE_LOOP('',(#11421,#11422,#11428,#11429,#11430,#11431));
#11421 = ORIENTED_EDGE('',*,*,#11074,.T.);
#11422 = ORIENTED_EDGE('',*,*,#11423,.T.);
#11423 = EDGE_CURVE('',#11075,#7862,#11424,.T.);
#11424 = LINE('',#11425,#11426);
#11425 = CARTESIAN_POINT('',(-31.3,-87.5,72.));
#11426 = VECTOR('',#11427,1.);
#11427 = DIRECTION('',(1.,0.,0.));
#11428 = ORIENTED_EDGE('',*,*,#7861,.T.);
#11429 = ORIENTED_EDGE('',*,*,#7888,.T.);
#11430 = ORIENTED_EDGE('',*,*,#7870,.T.);
#11431 = ORIENTED_EDGE('',*,*,#11423,.F.);
#11432 = CYLINDRICAL_SURFACE('',#11433,1.5);
#11433 = AXIS2_PLACEMENT_3D('',#11434,#11435,#11436);
#11434 = CARTESIAN_POINT('',(-31.3,-89.,72.));
#11435 = DIRECTION('',(-1.,-0.,-0.));
#11436 = DIRECTION('',(0.,1.,0.));
#11437 = ADVANCED_FACE('',(#11438),#11456,.T.);
#11438 = FACE_BOUND('',#11439,.T.);
#11439 = EDGE_LOOP('',(#11440,#11448,#11449,#11450));
#11440 = ORIENTED_EDGE('',*,*,#11441,.F.);
#11441 = EDGE_CURVE('',#11401,#11442,#11444,.T.);
#11442 = VERTEX_POINT('',#11443);
#11443 = CARTESIAN_POINT('',(-1.,-127.5,-15.));
#11444 = LINE('',#11445,#11446);
#11445 = CARTESIAN_POINT('',(-1.,-136.,-15.));
#11446 = VECTOR('',#11447,1.);
#11447 = DIRECTION('',(0.,1.,0.));
#11448 = ORIENTED_EDGE('',*,*,#11408,.T.);
#11449 = ORIENTED_EDGE('',*,*,#11165,.T.);
#11450 = ORIENTED_EDGE('',*,*,#11451,.F.);
#11451 = EDGE_CURVE('',#11442,#11158,#11452,.T.);
#11452 = LINE('',#11453,#11454);
#11453 = CARTESIAN_POINT('',(-1.,-127.5,-15.));
#11454 = VECTOR('',#11455,1.);
#11455 = DIRECTION('',(1.,0.,0.));
#11456 = PLANE('',#11457);
#11457 = AXIS2_PLACEMENT_3D('',#11458,#11459,#11460);
#11458 = CARTESIAN_POINT('',(-1.,-136.,-15.));
#11459 = DIRECTION('',(0.,0.,1.));
#11460 = DIRECTION('',(1.,0.,0.));
#11461 = ADVANCED_FACE('',(#11462),#11480,.T.);
#11462 = FACE_BOUND('',#11463,.T.);
#11463 = EDGE_LOOP('',(#11464,#11465,#11473,#11479));
#11464 = ORIENTED_EDGE('',*,*,#11157,.F.);
#11465 = ORIENTED_EDGE('',*,*,#11466,.F.);
#11466 = EDGE_CURVE('',#11467,#11150,#11469,.T.);
#11467 = VERTEX_POINT('',#11468);
#11468 = CARTESIAN_POINT('',(-1.,-127.5,-19.9));
#11469 = LINE('',#11470,#11471);
#11470 = CARTESIAN_POINT('',(-1.,-127.5,-19.9));
#11471 = VECTOR('',#11472,1.);
#11472 = DIRECTION('',(1.,0.,0.));
#11473 = ORIENTED_EDGE('',*,*,#11474,.T.);
#11474 = EDGE_CURVE('',#11467,#11442,#11475,.T.);
#11475 = LINE('',#11476,#11477);
#11476 = CARTESIAN_POINT('',(-1.,-127.5,-19.9));
#11477 = VECTOR('',#11478,1.);
#11478 = DIRECTION('',(0.,0.,1.));
#11479 = ORIENTED_EDGE('',*,*,#11451,.T.);
#11480 = PLANE('',#11481);
#11481 = AXIS2_PLACEMENT_3D('',#11482,#11483,#11484);
#11482 = CARTESIAN_POINT('',(-1.,-127.5,-19.9));
#11483 = DIRECTION('',(0.,1.,0.));
#11484 = DIRECTION('',(0.,0.,1.));
#11485 = ADVANCED_FACE('',(#11486),#11504,.T.);
#11486 = FACE_BOUND('',#11487,.T.);
#11487 = EDGE_LOOP('',(#11488,#11496,#11497,#11498));
#11488 = ORIENTED_EDGE('',*,*,#11489,.F.);
#11489 = EDGE_CURVE('',#11467,#11490,#11492,.T.);
#11490 = VERTEX_POINT('',#11491);
#11491 = CARTESIAN_POINT('',(-1.,-125.,-19.9));
#11492 = LINE('',#11493,#11494);
#11493 = CARTESIAN_POINT('',(-1.,-127.5,-19.9));
#11494 = VECTOR('',#11495,1.);
#11495 = DIRECTION('',(0.,1.,0.));
#11496 = ORIENTED_EDGE('',*,*,#11466,.T.);
#11497 = ORIENTED_EDGE('',*,*,#11149,.T.);
#11498 = ORIENTED_EDGE('',*,*,#11499,.F.);
#11499 = EDGE_CURVE('',#11490,#11142,#11500,.T.);
#11500 = LINE('',#11501,#11502);
#11501 = CARTESIAN_POINT('',(-1.,-125.,-19.9));
#11502 = VECTOR('',#11503,1.);
#11503 = DIRECTION('',(1.,0.,0.));
#11504 = PLANE('',#11505);
#11505 = AXIS2_PLACEMENT_3D('',#11506,#11507,#11508);
#11506 = CARTESIAN_POINT('',(-1.,-127.5,-19.9));
#11507 = DIRECTION('',(0.,0.,1.));
#11508 = DIRECTION('',(1.,0.,0.));
#11509 = ADVANCED_FACE('',(#11510),#11521,.F.);
#11510 = FACE_BOUND('',#11511,.F.);
#11511 = EDGE_LOOP('',(#11512,#11513,#11514,#11520));
#11512 = ORIENTED_EDGE('',*,*,#11141,.F.);
#11513 = ORIENTED_EDGE('',*,*,#11499,.F.);
#11514 = ORIENTED_EDGE('',*,*,#11515,.T.);
#11515 = EDGE_CURVE('',#11490,#11180,#11516,.T.);
#11516 = LINE('',#11517,#11518);
#11517 = CARTESIAN_POINT('',(-1.,-125.,-19.9));
#11518 = VECTOR('',#11519,1.);
#11519 = DIRECTION('',(0.,0.,1.));
#11520 = ORIENTED_EDGE('',*,*,#11187,.T.);
#11521 = PLANE('',#11522);
#11522 = AXIS2_PLACEMENT_3D('',#11523,#11524,#11525);
#11523 = CARTESIAN_POINT('',(-1.,-125.,-19.9));
#11524 = DIRECTION('',(0.,1.,0.));
#11525 = DIRECTION('',(0.,0.,1.));
#11526 = ADVANCED_FACE('',(#11527),#11550,.T.);
#11527 = FACE_BOUND('',#11528,.T.);
#11528 = EDGE_LOOP('',(#11529,#11537,#11543,#11544));
#11529 = ORIENTED_EDGE('',*,*,#11530,.F.);
#11530 = EDGE_CURVE('',#11442,#11531,#11533,.T.);
#11531 = VERTEX_POINT('',#11532);
#11532 = CARTESIAN_POINT('',(-1.,-127.5,7.5));
#11533 = LINE('',#11534,#11535);
#11534 = CARTESIAN_POINT('',(-1.,-127.5,-19.9));
#11535 = VECTOR('',#11536,1.);
#11536 = DIRECTION('',(0.,0.,1.));
#11537 = ORIENTED_EDGE('',*,*,#11538,.T.);
#11538 = EDGE_CURVE('',#11442,#11180,#11539,.T.);
#11539 = LINE('',#11540,#11541);
#11540 = CARTESIAN_POINT('',(-1.,-136.,-15.));
#11541 = VECTOR('',#11542,1.);
#11542 = DIRECTION('',(0.,1.,0.));
#11543 = ORIENTED_EDGE('',*,*,#11211,.T.);
#11544 = ORIENTED_EDGE('',*,*,#11545,.F.);
#11545 = EDGE_CURVE('',#11531,#11204,#11546,.T.);
#11546 = LINE('',#11547,#11548);
#11547 = CARTESIAN_POINT('',(-1.,-136.,7.5));
#11548 = VECTOR('',#11549,1.);
#11549 = DIRECTION('',(0.,1.,0.));
#11550 = PLANE('',#11551);
#11551 = AXIS2_PLACEMENT_3D('',#11552,#11553,#11554);
#11552 = CARTESIAN_POINT('',(-1.,-127.5,-19.9));
#11553 = DIRECTION('',(1.,0.,0.));
#11554 = DIRECTION('',(0.,0.,1.));
#11555 = ADVANCED_FACE('',(#11556),#11574,.F.);
#11556 = FACE_BOUND('',#11557,.F.);
#11557 = EDGE_LOOP('',(#11558,#11559,#11560,#11568));
#11558 = ORIENTED_EDGE('',*,*,#11283,.F.);
#11559 = ORIENTED_EDGE('',*,*,#11228,.F.);
#11560 = ORIENTED_EDGE('',*,*,#11561,.T.);
#11561 = EDGE_CURVE('',#11204,#11562,#11564,.T.);
#11562 = VERTEX_POINT('',#11563);
#11563 = CARTESIAN_POINT('',(-1.,-125.,12.4));
#11564 = LINE('',#11565,#11566);
#11565 = CARTESIAN_POINT('',(-1.,-125.,-19.9));
#11566 = VECTOR('',#11567,1.);
#11567 = DIRECTION('',(0.,0.,1.));
#11568 = ORIENTED_EDGE('',*,*,#11569,.T.);
#11569 = EDGE_CURVE('',#11562,#11276,#11570,.T.);
#11570 = LINE('',#11571,#11572);
#11571 = CARTESIAN_POINT('',(-1.,-125.,12.4));
#11572 = VECTOR('',#11573,1.);
#11573 = DIRECTION('',(1.,0.,0.));
#11574 = PLANE('',#11575);
#11575 = AXIS2_PLACEMENT_3D('',#11576,#11577,#11578);
#11576 = CARTESIAN_POINT('',(-1.,-125.,-19.9));
#11577 = DIRECTION('',(0.,1.,0.));
#11578 = DIRECTION('',(0.,0.,1.));
#11579 = ADVANCED_FACE('',(#11580),#11598,.F.);
#11580 = FACE_BOUND('',#11581,.F.);
#11581 = EDGE_LOOP('',(#11582,#11590,#11596,#11597));
#11582 = ORIENTED_EDGE('',*,*,#11583,.F.);
#11583 = EDGE_CURVE('',#11584,#11562,#11586,.T.);
#11584 = VERTEX_POINT('',#11585);
#11585 = CARTESIAN_POINT('',(-1.,-127.5,12.4));
#11586 = LINE('',#11587,#11588);
#11587 = CARTESIAN_POINT('',(-1.,-127.5,12.4));
#11588 = VECTOR('',#11589,1.);
#11589 = DIRECTION('',(0.,1.,0.));
#11590 = ORIENTED_EDGE('',*,*,#11591,.T.);
#11591 = EDGE_CURVE('',#11584,#11268,#11592,.T.);
#11592 = LINE('',#11593,#11594);
#11593 = CARTESIAN_POINT('',(-1.,-127.5,12.4));
#11594 = VECTOR('',#11595,1.);
#11595 = DIRECTION('',(1.,0.,0.));
#11596 = ORIENTED_EDGE('',*,*,#11275,.T.);
#11597 = ORIENTED_EDGE('',*,*,#11569,.F.);
#11598 = PLANE('',#11599);
#11599 = AXIS2_PLACEMENT_3D('',#11600,#11601,#11602);
#11600 = CARTESIAN_POINT('',(-1.,-127.5,12.4));
#11601 = DIRECTION('',(0.,0.,1.));
#11602 = DIRECTION('',(1.,0.,0.));
#11603 = ADVANCED_FACE('',(#11604),#11620,.T.);
#11604 = FACE_BOUND('',#11605,.T.);
#11605 = EDGE_LOOP('',(#11606,#11607,#11613,#11619));
#11606 = ORIENTED_EDGE('',*,*,#11267,.F.);
#11607 = ORIENTED_EDGE('',*,*,#11608,.F.);
#11608 = EDGE_CURVE('',#11531,#11260,#11609,.T.);
#11609 = LINE('',#11610,#11611);
#11610 = CARTESIAN_POINT('',(-1.,-127.5,7.5));
#11611 = VECTOR('',#11612,1.);
#11612 = DIRECTION('',(1.,0.,0.));
#11613 = ORIENTED_EDGE('',*,*,#11614,.T.);
#11614 = EDGE_CURVE('',#11531,#11584,#11615,.T.);
#11615 = LINE('',#11616,#11617);
#11616 = CARTESIAN_POINT('',(-1.,-127.5,-19.9));
#11617 = VECTOR('',#11618,1.);
#11618 = DIRECTION('',(0.,0.,1.));
#11619 = ORIENTED_EDGE('',*,*,#11591,.T.);
#11620 = PLANE('',#11621);
#11621 = AXIS2_PLACEMENT_3D('',#11622,#11623,#11624);
#11622 = CARTESIAN_POINT('',(-1.,-127.5,-19.9));
#11623 = DIRECTION('',(0.,1.,0.));
#11624 = DIRECTION('',(0.,0.,1.));
#11625 = ADVANCED_FACE('',(#11626),#11637,.F.);
#11626 = FACE_BOUND('',#11627,.F.);
#11627 = EDGE_LOOP('',(#11628,#11634,#11635,#11636));
#11628 = ORIENTED_EDGE('',*,*,#11629,.F.);
#11629 = EDGE_CURVE('',#11393,#11531,#11630,.T.);
#11630 = LINE('',#11631,#11632);
#11631 = CARTESIAN_POINT('',(-1.,-136.,7.5));
#11632 = VECTOR('',#11633,1.);
#11633 = DIRECTION('',(0.,1.,0.));
#11634 = ORIENTED_EDGE('',*,*,#11392,.T.);
#11635 = ORIENTED_EDGE('',*,*,#11259,.T.);
#11636 = ORIENTED_EDGE('',*,*,#11608,.F.);
#11637 = PLANE('',#11638);
#11638 = AXIS2_PLACEMENT_3D('',#11639,#11640,#11641);
#11639 = CARTESIAN_POINT('',(-1.,-136.,7.5));
#11640 = DIRECTION('',(0.,0.,1.));
#11641 = DIRECTION('',(1.,0.,0.));
#11642 = ADVANCED_FACE('',(#11643,#11646),#11649,.F.);
#11643 = FACE_BOUND('',#11644,.F.);
#11644 = EDGE_LOOP('',(#11645));
#11645 = ORIENTED_EDGE('',*,*,#11372,.T.);
#11646 = FACE_BOUND('',#11647,.F.);
#11647 = EDGE_LOOP('',(#11648));
#11648 = ORIENTED_EDGE('',*,*,#11317,.F.);
#11649 = PLANE('',#11650);
#11650 = AXIS2_PLACEMENT_3D('',#11651,#11652,#11653);
#11651 = CARTESIAN_POINT('',(-34.,-145.,-25.));
#11652 = DIRECTION('',(0.,0.,1.));
#11653 = DIRECTION('',(1.,0.,0.));
#11654 = ADVANCED_FACE('',(#11655),#11674,.F.);
#11655 = FACE_BOUND('',#11656,.F.);
#11656 = EDGE_LOOP('',(#11657,#11666,#11672,#11673));
#11657 = ORIENTED_EDGE('',*,*,#11658,.F.);
#11658 = EDGE_CURVE('',#11659,#11659,#11661,.T.);
#11659 = VERTEX_POINT('',#11660);
#11660 = CARTESIAN_POINT('',(-4.,-145.,20.));
#11661 = CIRCLE('',#11662,30.);
#11662 = AXIS2_PLACEMENT_3D('',#11663,#11664,#11665);
#11663 = CARTESIAN_POINT('',(-34.,-145.,20.));
#11664 = DIRECTION('',(0.,0.,1.));
#11665 = DIRECTION('',(1.,0.,0.));
#11666 = ORIENTED_EDGE('',*,*,#11667,.F.);
#11667 = EDGE_CURVE('',#11334,#11659,#11668,.T.);
#11668 = LINE('',#11669,#11670);
#11669 = CARTESIAN_POINT('',(-4.,-145.,-20.));
#11670 = VECTOR('',#11671,1.);
#11671 = DIRECTION('',(0.,0.,1.));
#11672 = ORIENTED_EDGE('',*,*,#11341,.T.);
#11673 = ORIENTED_EDGE('',*,*,#11667,.T.);
#11674 = CYLINDRICAL_SURFACE('',#11675,30.);
#11675 = AXIS2_PLACEMENT_3D('',#11676,#11677,#11678);
#11676 = CARTESIAN_POINT('',(-34.,-145.,-20.));
#11677 = DIRECTION('',(0.,0.,1.));
#11678 = DIRECTION('',(1.,0.,0.));
#11679 = ADVANCED_FACE('',(#11680),#11686,.T.);
#11680 = FACE_BOUND('',#11681,.T.);
#11681 = EDGE_LOOP('',(#11682,#11683,#11684,#11685));
#11682 = ORIENTED_EDGE('',*,*,#11629,.F.);
#11683 = ORIENTED_EDGE('',*,*,#11400,.T.);
#11684 = ORIENTED_EDGE('',*,*,#11441,.T.);
#11685 = ORIENTED_EDGE('',*,*,#11530,.T.);
#11686 = PLANE('',#11687);
#11687 = AXIS2_PLACEMENT_3D('',#11688,#11689,#11690);
#11688 = CARTESIAN_POINT('',(-1.,-136.,-15.));
#11689 = DIRECTION('',(1.,0.,0.));
#11690 = DIRECTION('',(0.,0.,1.));
#11691 = ADVANCED_FACE('',(#11692),#11698,.T.);
#11692 = FACE_BOUND('',#11693,.T.);
#11693 = EDGE_LOOP('',(#11694,#11695,#11696,#11697));
#11694 = ORIENTED_EDGE('',*,*,#11474,.F.);
#11695 = ORIENTED_EDGE('',*,*,#11489,.T.);
#11696 = ORIENTED_EDGE('',*,*,#11515,.T.);
#11697 = ORIENTED_EDGE('',*,*,#11538,.F.);
#11698 = PLANE('',#11699);
#11699 = AXIS2_PLACEMENT_3D('',#11700,#11701,#11702);
#11700 = CARTESIAN_POINT('',(-1.,-127.5,-19.9));
#11701 = DIRECTION('',(1.,0.,0.));
#11702 = DIRECTION('',(0.,0.,1.));
#11703 = ADVANCED_FACE('',(#11704),#11710,.T.);
#11704 = FACE_BOUND('',#11705,.T.);
#11705 = EDGE_LOOP('',(#11706,#11707,#11708,#11709));
#11706 = ORIENTED_EDGE('',*,*,#11614,.F.);
#11707 = ORIENTED_EDGE('',*,*,#11545,.T.);
#11708 = ORIENTED_EDGE('',*,*,#11561,.T.);
#11709 = ORIENTED_EDGE('',*,*,#11583,.F.);
#11710 = PLANE('',#11711);
#11711 = AXIS2_PLACEMENT_3D('',#11712,#11713,#11714);
#11712 = CARTESIAN_POINT('',(-1.,-127.5,-19.9));
#11713 = DIRECTION('',(1.,0.,0.));
#11714 = DIRECTION('',(0.,0.,1.));
#11715 = ADVANCED_FACE('',(#11716),#11736,.F.);
#11716 = FACE_BOUND('',#11717,.F.);
#11717 = EDGE_LOOP('',(#11718,#11727,#11734,#11735));
#11718 = ORIENTED_EDGE('',*,*,#11719,.F.);
#11719 = EDGE_CURVE('',#11720,#11720,#11722,.T.);
#11720 = VERTEX_POINT('',#11721);
#11721 = CARTESIAN_POINT('',(-19.,-145.,45.980762113533));
#11722 = CIRCLE('',#11723,15.);
#11723 = AXIS2_PLACEMENT_3D('',#11724,#11725,#11726);
#11724 = CARTESIAN_POINT('',(-34.,-145.,45.980762113533));
#11725 = DIRECTION('',(0.,0.,1.));
#11726 = DIRECTION('',(1.,0.,0.));
#11727 = ORIENTED_EDGE('',*,*,#11728,.F.);
#11728 = EDGE_CURVE('',#11659,#11720,#11729,.T.);
#11729 = CIRCLE('',#11730,30.);
#11730 = AXIS2_PLACEMENT_3D('',#11731,#11732,#11733);
#11731 = CARTESIAN_POINT('',(-34.,-145.,20.));
#11732 = DIRECTION('',(-2.4E-16,-1.,0.));
#11733 = DIRECTION('',(1.,-2.4E-16,0.));
#11734 = ORIENTED_EDGE('',*,*,#11658,.T.);
#11735 = ORIENTED_EDGE('',*,*,#11728,.T.);
#11736 = SPHERICAL_SURFACE('',#11737,30.);
#11737 = AXIS2_PLACEMENT_3D('',#11738,#11739,#11740);
#11738 = CARTESIAN_POINT('',(-34.,-145.,20.));
#11739 = DIRECTION('',(0.,0.,1.));
#11740 = DIRECTION('',(1.,0.,0.));
#11741 = ADVANCED_FACE('',(#11742),#11745,.F.);
#11742 = FACE_BOUND('',#11743,.F.);
#11743 = EDGE_LOOP('',(#11744));
#11744 = ORIENTED_EDGE('',*,*,#11719,.T.);
#11745 = PLANE('',#11746);
#11746 = AXIS2_PLACEMENT_3D('',#11747,#11748,#11749);
#11747 = CARTESIAN_POINT('',(-34.,-145.,45.980762113533));
#11748 = DIRECTION('',(0.,0.,1.));
#11749 = DIRECTION('',(1.,0.,0.));
#11750 = ( GEOMETRIC_REPRESENTATION_CONTEXT(3) 
GLOBAL_UNCERTAINTY_ASSIGNED_CONTEXT((#11754)) 
GLOBAL_UNIT_ASSIGNED_CONTEXT((#11751,#11752,#11753)) 
REPRESENTATION_CONTEXT('Context #1',
  '3D Context with UNIT and UNCERTAINTY') );
#11751 = ( LENGTH_UNIT() NAMED_UNIT(*) SI_UNIT(.MILLI.,.METRE.) );
#11752 = ( NAMED_UNIT(*) PLANE_ANGLE_UNIT() SI_UNIT($,.RADIAN.) );
#11753 = ( NAMED_UNIT(*) SI_UNIT($,.STERADIAN.) SOLID_ANGLE_UNIT() );
#11754 = UNCERTAINTY_MEASURE_WITH_UNIT(LENGTH_MEASURE(5.E-06),#11751,
  'distance_accuracy_value','confusion accuracy');
#11755 = PRODUCT_RELATED_PRODUCT_CATEGORY('part',$,(#7));
#11756 = MECHANICAL_DESIGN_GEOMETRIC_PRESENTATION_REPRESENTATION('',(
    #11757),#11750);
#11757 = STYLED_ITEM('color',(#11758),#15);
#11758 = PRESENTATION_STYLE_ASSIGNMENT((#11759,#11765));
#11759 = SURFACE_STYLE_USAGE(.BOTH.,#11760);
#11760 = SURFACE_SIDE_STYLE('',(#11761));
#11761 = SURFACE_STYLE_FILL_AREA(#11762);
#11762 = FILL_AREA_STYLE('',(#11763));
#11763 = FILL_AREA_STYLE_COLOUR('',#11764);
#11764 = COLOUR_RGB('',0.678431390124,0.709803936702,0.741176476869);
#11765 = CURVE_STYLE('',#11766,POSITIVE_LENGTH_MEASURE(0.1),#11767);
#11766 = DRAUGHTING_PRE_DEFINED_CURVE_FONT('continuous');
#11767 = COLOUR_RGB('',9.803921802644E-02,9.803921802644E-02,
  9.803921802644E-02);
ENDSEC;
END-ISO-10303-21;
