ISO-10303-21;
HEADER;
FILE_DESCRIPTION(('FreeCAD Model'),'2;1');
FILE_NAME('Open CASCADE Shape Model','2025-06-30T19:26:03',('Author'),(
    ''),'Open CASCADE STEP processor 7.7','FreeCAD','Unknown');
FILE_SCHEMA(('AUTOMOTIVE_DESIGN { 1 0 10303 214 1 1 1 1 }'));
ENDSEC;
DATA;
#1 = APPLICATION_PROTOCOL_DEFINITION('international standard',
  'automotive_design',2000,#2);
#2 = APPLICATION_CONTEXT(
  'core data for automotive mechanical design processes');
#3 = SHAPE_DEFINITION_REPRESENTATION(#4,#10);
#4 = PRODUCT_DEFINITION_SHAPE('','',#5);
#5 = PRODUCT_DEFINITION('design','',#6,#9);
#6 = PRODUCT_DEFINITION_FORMATION('','',#7);
#7 = PRODUCT('二段目','二段目','',(#8));
#8 = PRODUCT_CONTEXT('',#2,'mechanical');
#9 = PRODUCT_DEFINITION_CONTEXT('part definition',#2,'design');
#10 = ADVANCED_BREP_SHAPE_REPRESENTATION('',(#11,#15),#10983);
#11 = AXIS2_PLACEMENT_3D('',#12,#13,#14);
#12 = CARTESIAN_POINT('',(0.,0.,0.));
#13 = DIRECTION('',(0.,0.,1.));
#14 = DIRECTION('',(1.,0.,-0.));
#15 = MANIFOLD_SOLID_BREP('',#16);
#16 = CLOSED_SHELL('',(#17,#57,#88,#119,#158,#712,#731,#779,#884,#908,
    #932,#971,#995,#1035,#1059,#1099,#1121,#1139,#1163,#1188,#1229,#1269
    ,#1293,#1333,#1357,#1389,#1428,#1452,#1491,#1539,#1602,#1641,#1665,
    #1697,#1729,#1801,#1840,#1879,#1903,#1936,#1968,#1999,#2031,#2056,
    #2081,#2106,#2124,#2158,#2190,#2208,#2233,#2258,#2293,#2318,#2336,
    #2361,#2395,#2420,#2438,#2463,#2488,#2513,#2547,#2571,#2602,#2641,
    #2658,#2680,#2705,#2730,#2761,#2785,#2809,#2826,#2859,#2910,#2950,
    #2995,#3021,#3052,#3079,#3103,#3127,#3644,#3656,#3681,#3694,#3721,
    #3892,#3923,#3947,#3982,#4006,#4057,#4088,#4105,#4130,#4154,#4185,
    #4231,#4262,#4287,#4311,#4342,#4367,#4384,#4402,#4429,#4453,#4477,
    #4508,#4532,#4563,#4616,#4633,#4651,#4678,#4702,#4733,#4765,#4782,
    #4799,#4820,#4841,#4862,#4883,#4904,#4925,#4946,#4967,#5063,#5094,
    #5163,#5187,#5218,#5249,#5280,#5297,#5351,#5382,#5419,#5466,#5491,
    #5588,#5600,#5633,#5645,#5670,#5694,#5719,#5743,#5767,#5791,#5815,
    #5840,#5857,#5881,#5906,#5930,#5954,#5978,#6003,#6020,#6037,#6061,
    #6085,#6102,#6135,#6167,#6191,#6215,#6247,#6271,#6295,#6319,#6343,
    #6383,#6423,#6447,#6471,#6495,#6519,#6543,#6567,#6591,#6615,#6639,
    #6663,#6687,#6704,#6728,#6752,#6777,#6794,#6825,#6849,#6874,#6898,
    #6923,#6947,#6971,#6988,#7005,#7030,#7061,#7092,#7116,#7140,#7164,
    #7188,#7219,#7244,#7268,#7291,#7303,#7329,#7346,#7443,#7460,#7484,
    #7508,#7526,#7538,#7555,#7580,#7611,#7636,#7668,#7775,#7810,#7835,
    #7860,#7877,#7908,#7932,#7949,#7980,#8007,#8024,#8048,#8065,#8082,
    #8117,#8142,#8167,#8194,#8219,#8244,#8269,#8294,#8319,#8344,#8369,
    #8394,#8419,#8437,#8455,#8467,#8479,#8491,#8522,#8539,#8586,#8621,
    #8643,#8655,#8679,#8711,#8728,#8752,#8776,#8793,#8817,#8834,#8846,
    #8870,#8887,#8911,#8935,#8959,#8983,#9007,#9031,#9048,#9079,#9103,
    #9120,#9151,#9182,#9199,#9230,#9247,#9286,#9303,#9334,#9356,#9369,
    #9386,#9408,#9420,#9444,#9482,#9499,#9523,#9540,#9571,#9602,#9619,
    #9650,#9681,#9698,#9722,#9760,#9777,#9789,#9813,#9830,#9847,#9871,
    #9895,#9919,#9943,#9967,#9991,#10008,#10039,#10056,#10068,#10099,
    #10123,#10147,#10171,#10195,#10219,#10243,#10260,#10277,#10318,
    #10335,#10355,#10373,#10385,#10402,#10422,#10434,#10443,#10467,
    #10492,#10509,#10526,#10567,#10576,#10592,#10617,#10644,#10671,
    #10691,#10709,#10721,#10743,#10765,#10782,#10799,#10817,#10829,
    #10841,#10853,#10870,#10882,#10894,#10906,#10923,#10935,#10947,
    #10959,#10971));
#17 = ADVANCED_FACE('',(#18),#52,.F.);
#18 = FACE_BOUND('',#19,.F.);
#19 = EDGE_LOOP('',(#20,#30,#38,#46));
#20 = ORIENTED_EDGE('',*,*,#21,.F.);
#21 = EDGE_CURVE('',#22,#24,#26,.T.);
#22 = VERTEX_POINT('',#23);
#23 = CARTESIAN_POINT('',(-60.9,-45.,32.));
#24 = VERTEX_POINT('',#25);
#25 = CARTESIAN_POINT('',(-52.,-45.,32.));
#26 = LINE('',#27,#28);
#27 = CARTESIAN_POINT('',(-60.9,-45.,32.));
#28 = VECTOR('',#29,1.);
#29 = DIRECTION('',(1.,0.,0.));
#30 = ORIENTED_EDGE('',*,*,#31,.T.);
#31 = EDGE_CURVE('',#22,#32,#34,.T.);
#32 = VERTEX_POINT('',#33);
#33 = CARTESIAN_POINT('',(-60.9,-45.,37.));
#34 = LINE('',#35,#36);
#35 = CARTESIAN_POINT('',(-60.9,-45.,32.));
#36 = VECTOR('',#37,1.);
#37 = DIRECTION('',(0.,0.,1.));
#38 = ORIENTED_EDGE('',*,*,#39,.T.);
#39 = EDGE_CURVE('',#32,#40,#42,.T.);
#40 = VERTEX_POINT('',#41);
#41 = CARTESIAN_POINT('',(-52.,-45.,37.));
#42 = LINE('',#43,#44);
#43 = CARTESIAN_POINT('',(-60.9,-45.,37.));
#44 = VECTOR('',#45,1.);
#45 = DIRECTION('',(1.,0.,0.));
#46 = ORIENTED_EDGE('',*,*,#47,.F.);
#47 = EDGE_CURVE('',#24,#40,#48,.T.);
#48 = LINE('',#49,#50);
#49 = CARTESIAN_POINT('',(-52.,-45.,32.));
#50 = VECTOR('',#51,1.);
#51 = DIRECTION('',(0.,0.,1.));
#52 = PLANE('',#53);
#53 = AXIS2_PLACEMENT_3D('',#54,#55,#56);
#54 = CARTESIAN_POINT('',(-60.9,-45.,32.));
#55 = DIRECTION('',(0.,1.,0.));
#56 = DIRECTION('',(0.,0.,1.));
#57 = ADVANCED_FACE('',(#58),#83,.F.);
#58 = FACE_BOUND('',#59,.F.);
#59 = EDGE_LOOP('',(#60,#68,#69,#77));
#60 = ORIENTED_EDGE('',*,*,#61,.F.);
#61 = EDGE_CURVE('',#22,#62,#64,.T.);
#62 = VERTEX_POINT('',#63);
#63 = CARTESIAN_POINT('',(-60.9,-37.,32.));
#64 = LINE('',#65,#66);
#65 = CARTESIAN_POINT('',(-60.9,-45.,32.));
#66 = VECTOR('',#67,1.);
#67 = DIRECTION('',(0.,1.,0.));
#68 = ORIENTED_EDGE('',*,*,#21,.T.);
#69 = ORIENTED_EDGE('',*,*,#70,.T.);
#70 = EDGE_CURVE('',#24,#71,#73,.T.);
#71 = VERTEX_POINT('',#72);
#72 = CARTESIAN_POINT('',(-52.,-37.,32.));
#73 = LINE('',#74,#75);
#74 = CARTESIAN_POINT('',(-52.,-45.,32.));
#75 = VECTOR('',#76,1.);
#76 = DIRECTION('',(0.,1.,0.));
#77 = ORIENTED_EDGE('',*,*,#78,.F.);
#78 = EDGE_CURVE('',#62,#71,#79,.T.);
#79 = LINE('',#80,#81);
#80 = CARTESIAN_POINT('',(-60.9,-37.,32.));
#81 = VECTOR('',#82,1.);
#82 = DIRECTION('',(1.,0.,0.));
#83 = PLANE('',#84);
#84 = AXIS2_PLACEMENT_3D('',#85,#86,#87);
#85 = CARTESIAN_POINT('',(-60.9,-45.,32.));
#86 = DIRECTION('',(0.,0.,1.));
#87 = DIRECTION('',(1.,0.,0.));
#88 = ADVANCED_FACE('',(#89),#114,.F.);
#89 = FACE_BOUND('',#90,.F.);
#90 = EDGE_LOOP('',(#91,#99,#100,#108));
#91 = ORIENTED_EDGE('',*,*,#92,.F.);
#92 = EDGE_CURVE('',#24,#93,#95,.T.);
#93 = VERTEX_POINT('',#94);
#94 = CARTESIAN_POINT('',(-49.,-45.,32.));
#95 = LINE('',#96,#97);
#96 = CARTESIAN_POINT('',(-52.,-45.,32.));
#97 = VECTOR('',#98,1.);
#98 = DIRECTION('',(1.,0.,0.));
#99 = ORIENTED_EDGE('',*,*,#47,.T.);
#100 = ORIENTED_EDGE('',*,*,#101,.T.);
#101 = EDGE_CURVE('',#40,#102,#104,.T.);
#102 = VERTEX_POINT('',#103);
#103 = CARTESIAN_POINT('',(-49.,-45.,37.));
#104 = LINE('',#105,#106);
#105 = CARTESIAN_POINT('',(-71.,-45.,37.));
#106 = VECTOR('',#107,1.);
#107 = DIRECTION('',(1.,0.,0.));
#108 = ORIENTED_EDGE('',*,*,#109,.F.);
#109 = EDGE_CURVE('',#93,#102,#110,.T.);
#110 = LINE('',#111,#112);
#111 = CARTESIAN_POINT('',(-49.,-45.,32.));
#112 = VECTOR('',#113,1.);
#113 = DIRECTION('',(0.,0.,1.));
#114 = PLANE('',#115);
#115 = AXIS2_PLACEMENT_3D('',#116,#117,#118);
#116 = CARTESIAN_POINT('',(-52.,-45.,32.));
#117 = DIRECTION('',(0.,1.,0.));
#118 = DIRECTION('',(0.,0.,1.));
#119 = ADVANCED_FACE('',(#120),#153,.T.);
#120 = FACE_BOUND('',#121,.T.);
#121 = EDGE_LOOP('',(#122,#132,#138,#139,#147));
#122 = ORIENTED_EDGE('',*,*,#123,.F.);
#123 = EDGE_CURVE('',#124,#126,#128,.T.);
#124 = VERTEX_POINT('',#125);
#125 = CARTESIAN_POINT('',(-60.9,-76.,32.));
#126 = VERTEX_POINT('',#127);
#127 = CARTESIAN_POINT('',(-60.9,-76.,36.003672576928));
#128 = LINE('',#129,#130);
#129 = CARTESIAN_POINT('',(-60.9,-76.,29.5));
#130 = VECTOR('',#131,1.);
#131 = DIRECTION('',(0.,0.,1.));
#132 = ORIENTED_EDGE('',*,*,#133,.T.);
#133 = EDGE_CURVE('',#124,#22,#134,.T.);
#134 = LINE('',#135,#136);
#135 = CARTESIAN_POINT('',(-60.9,-108.,32.));
#136 = VECTOR('',#137,1.);
#137 = DIRECTION('',(0.,1.,0.));
#138 = ORIENTED_EDGE('',*,*,#31,.T.);
#139 = ORIENTED_EDGE('',*,*,#140,.F.);
#140 = EDGE_CURVE('',#141,#32,#143,.T.);
#141 = VERTEX_POINT('',#142);
#142 = CARTESIAN_POINT('',(-60.9,-76.,37.));
#143 = LINE('',#144,#145);
#144 = CARTESIAN_POINT('',(-60.9,-108.,37.));
#145 = VECTOR('',#146,1.);
#146 = DIRECTION('',(0.,1.,0.));
#147 = ORIENTED_EDGE('',*,*,#148,.F.);
#148 = EDGE_CURVE('',#126,#141,#149,.T.);
#149 = LINE('',#150,#151);
#150 = CARTESIAN_POINT('',(-60.9,-76.,29.5));
#151 = VECTOR('',#152,1.);
#152 = DIRECTION('',(0.,0.,1.));
#153 = PLANE('',#154);
#154 = AXIS2_PLACEMENT_3D('',#155,#156,#157);
#155 = CARTESIAN_POINT('',(-60.9,-108.,32.));
#156 = DIRECTION('',(1.,0.,0.));
#157 = DIRECTION('',(0.,0.,1.));
#158 = ADVANCED_FACE('',(#159,#498,#509,#520,#538,#547,#565,#576,#587,
    #605,#623,#634,#645,#663,#674,#685,#696),#707,.F.);
#159 = FACE_BOUND('',#160,.F.);
#160 = EDGE_LOOP('',(#161,#171,#179,#187,#195,#203,#211,#219,#227,#235,
    #243,#251,#259,#267,#275,#283,#291,#299,#307,#315,#323,#331,#339,
    #347,#355,#363,#371,#377,#378,#379,#380,#388,#396,#404,#412,#420,
    #428,#436,#444,#452,#460,#468,#476,#484,#492));
#161 = ORIENTED_EDGE('',*,*,#162,.F.);
#162 = EDGE_CURVE('',#163,#165,#167,.T.);
#163 = VERTEX_POINT('',#164);
#164 = CARTESIAN_POINT('',(-6.9,-98.,32.));
#165 = VERTEX_POINT('',#166);
#166 = CARTESIAN_POINT('',(-6.9,-86.,32.));
#167 = LINE('',#168,#169);
#168 = CARTESIAN_POINT('',(-6.9,-108.,32.));
#169 = VECTOR('',#170,1.);
#170 = DIRECTION('',(0.,1.,0.));
#171 = ORIENTED_EDGE('',*,*,#172,.F.);
#172 = EDGE_CURVE('',#173,#163,#175,.T.);
#173 = VERTEX_POINT('',#174);
#174 = CARTESIAN_POINT('',(3.1,-98.,32.));
#175 = LINE('',#176,#177);
#176 = CARTESIAN_POINT('',(-56.45,-98.,32.));
#177 = VECTOR('',#178,1.);
#178 = DIRECTION('',(-1.,0.,0.));
#179 = ORIENTED_EDGE('',*,*,#180,.F.);
#180 = EDGE_CURVE('',#181,#173,#183,.T.);
#181 = VERTEX_POINT('',#182);
#182 = CARTESIAN_POINT('',(3.1,-108.,32.));
#183 = LINE('',#184,#185);
#184 = CARTESIAN_POINT('',(3.1,-108.,32.));
#185 = VECTOR('',#186,1.);
#186 = DIRECTION('',(0.,1.,0.));
#187 = ORIENTED_EDGE('',*,*,#188,.T.);
#188 = EDGE_CURVE('',#181,#189,#191,.T.);
#189 = VERTEX_POINT('',#190);
#190 = CARTESIAN_POINT('',(38.2,-108.,32.));
#191 = LINE('',#192,#193);
#192 = CARTESIAN_POINT('',(-106.,-108.,32.));
#193 = VECTOR('',#194,1.);
#194 = DIRECTION('',(1.,0.,0.));
#195 = ORIENTED_EDGE('',*,*,#196,.T.);
#196 = EDGE_CURVE('',#189,#197,#199,.T.);
#197 = VERTEX_POINT('',#198);
#198 = CARTESIAN_POINT('',(38.2,-14.,32.));
#199 = LINE('',#200,#201);
#200 = CARTESIAN_POINT('',(38.2,-108.,32.));
#201 = VECTOR('',#202,1.);
#202 = DIRECTION('',(0.,1.,0.));
#203 = ORIENTED_EDGE('',*,*,#204,.F.);
#204 = EDGE_CURVE('',#205,#197,#207,.T.);
#205 = VERTEX_POINT('',#206);
#206 = CARTESIAN_POINT('',(33.,-14.,32.));
#207 = LINE('',#208,#209);
#208 = CARTESIAN_POINT('',(22.2,-14.,32.));
#209 = VECTOR('',#210,1.);
#210 = DIRECTION('',(1.,0.,0.));
#211 = ORIENTED_EDGE('',*,*,#212,.F.);
#212 = EDGE_CURVE('',#213,#205,#215,.T.);
#213 = VERTEX_POINT('',#214);
#214 = CARTESIAN_POINT('',(22.2,-14.,32.));
#215 = LINE('',#216,#217);
#216 = CARTESIAN_POINT('',(22.2,-14.,32.));
#217 = VECTOR('',#218,1.);
#218 = DIRECTION('',(1.,0.,0.));
#219 = ORIENTED_EDGE('',*,*,#220,.T.);
#220 = EDGE_CURVE('',#213,#221,#223,.T.);
#221 = VERTEX_POINT('',#222);
#222 = CARTESIAN_POINT('',(22.2,-6.,32.));
#223 = LINE('',#224,#225);
#224 = CARTESIAN_POINT('',(22.2,-14.,32.));
#225 = VECTOR('',#226,1.);
#226 = DIRECTION('',(0.,1.,0.));
#227 = ORIENTED_EDGE('',*,*,#228,.T.);
#228 = EDGE_CURVE('',#221,#229,#231,.T.);
#229 = VERTEX_POINT('',#230);
#230 = CARTESIAN_POINT('',(38.2,-6.,32.));
#231 = LINE('',#232,#233);
#232 = CARTESIAN_POINT('',(22.2,-6.,32.));
#233 = VECTOR('',#234,1.);
#234 = DIRECTION('',(1.,0.,0.));
#235 = ORIENTED_EDGE('',*,*,#236,.T.);
#236 = EDGE_CURVE('',#229,#237,#239,.T.);
#237 = VERTEX_POINT('',#238);
#238 = CARTESIAN_POINT('',(38.2,81.,32.));
#239 = LINE('',#240,#241);
#240 = CARTESIAN_POINT('',(38.2,-108.,32.));
#241 = VECTOR('',#242,1.);
#242 = DIRECTION('',(0.,1.,0.));
#243 = ORIENTED_EDGE('',*,*,#244,.F.);
#244 = EDGE_CURVE('',#245,#237,#247,.T.);
#245 = VERTEX_POINT('',#246);
#246 = CARTESIAN_POINT('',(-106.,81.,32.));
#247 = LINE('',#248,#249);
#248 = CARTESIAN_POINT('',(-106.,81.,32.));
#249 = VECTOR('',#250,1.);
#250 = DIRECTION('',(1.,0.,0.));
#251 = ORIENTED_EDGE('',*,*,#252,.F.);
#252 = EDGE_CURVE('',#253,#245,#255,.T.);
#253 = VERTEX_POINT('',#254);
#254 = CARTESIAN_POINT('',(-106.,71.,32.));
#255 = LINE('',#256,#257);
#256 = CARTESIAN_POINT('',(-106.,-108.,32.));
#257 = VECTOR('',#258,1.);
#258 = DIRECTION('',(0.,1.,0.));
#259 = ORIENTED_EDGE('',*,*,#260,.F.);
#260 = EDGE_CURVE('',#261,#253,#263,.T.);
#261 = VERTEX_POINT('',#262);
#262 = CARTESIAN_POINT('',(-106.,-6.,32.));
#263 = LINE('',#264,#265);
#264 = CARTESIAN_POINT('',(-106.,-108.,32.));
#265 = VECTOR('',#266,1.);
#266 = DIRECTION('',(0.,1.,0.));
#267 = ORIENTED_EDGE('',*,*,#268,.T.);
#268 = EDGE_CURVE('',#261,#269,#271,.T.);
#269 = VERTEX_POINT('',#270);
#270 = CARTESIAN_POINT('',(-90.,-6.,32.));
#271 = LINE('',#272,#273);
#272 = CARTESIAN_POINT('',(-106.,-6.,32.));
#273 = VECTOR('',#274,1.);
#274 = DIRECTION('',(1.,0.,0.));
#275 = ORIENTED_EDGE('',*,*,#276,.F.);
#276 = EDGE_CURVE('',#277,#269,#279,.T.);
#277 = VERTEX_POINT('',#278);
#278 = CARTESIAN_POINT('',(-90.,-14.,32.));
#279 = LINE('',#280,#281);
#280 = CARTESIAN_POINT('',(-90.,-14.,32.));
#281 = VECTOR('',#282,1.);
#282 = DIRECTION('',(0.,1.,0.));
#283 = ORIENTED_EDGE('',*,*,#284,.F.);
#284 = EDGE_CURVE('',#285,#277,#287,.T.);
#285 = VERTEX_POINT('',#286);
#286 = CARTESIAN_POINT('',(-106.,-14.,32.));
#287 = LINE('',#288,#289);
#288 = CARTESIAN_POINT('',(-106.,-14.,32.));
#289 = VECTOR('',#290,1.);
#290 = DIRECTION('',(1.,0.,0.));
#291 = ORIENTED_EDGE('',*,*,#292,.F.);
#292 = EDGE_CURVE('',#293,#285,#295,.T.);
#293 = VERTEX_POINT('',#294);
#294 = CARTESIAN_POINT('',(-106.,-27.00000004772,32.));
#295 = LINE('',#296,#297);
#296 = CARTESIAN_POINT('',(-106.,-108.,32.));
#297 = VECTOR('',#298,1.);
#298 = DIRECTION('',(0.,1.,0.));
#299 = ORIENTED_EDGE('',*,*,#300,.F.);
#300 = EDGE_CURVE('',#301,#293,#303,.T.);
#301 = VERTEX_POINT('',#302);
#302 = CARTESIAN_POINT('',(-106.,-108.,32.));
#303 = LINE('',#304,#305);
#304 = CARTESIAN_POINT('',(-106.,-108.,32.));
#305 = VECTOR('',#306,1.);
#306 = DIRECTION('',(0.,1.,0.));
#307 = ORIENTED_EDGE('',*,*,#308,.T.);
#308 = EDGE_CURVE('',#301,#309,#311,.T.);
#309 = VERTEX_POINT('',#310);
#310 = CARTESIAN_POINT('',(-70.9,-108.,32.));
#311 = LINE('',#312,#313);
#312 = CARTESIAN_POINT('',(-106.,-108.,32.));
#313 = VECTOR('',#314,1.);
#314 = DIRECTION('',(1.,0.,0.));
#315 = ORIENTED_EDGE('',*,*,#316,.T.);
#316 = EDGE_CURVE('',#309,#317,#319,.T.);
#317 = VERTEX_POINT('',#318);
#318 = CARTESIAN_POINT('',(-70.9,-98.,32.));
#319 = LINE('',#320,#321);
#320 = CARTESIAN_POINT('',(-70.9,-108.,32.));
#321 = VECTOR('',#322,1.);
#322 = DIRECTION('',(0.,1.,0.));
#323 = ORIENTED_EDGE('',*,*,#324,.F.);
#324 = EDGE_CURVE('',#325,#317,#327,.T.);
#325 = VERTEX_POINT('',#326);
#326 = CARTESIAN_POINT('',(-60.9,-98.,32.));
#327 = LINE('',#328,#329);
#328 = CARTESIAN_POINT('',(-88.45,-98.,32.));
#329 = VECTOR('',#330,1.);
#330 = DIRECTION('',(-1.,0.,0.));
#331 = ORIENTED_EDGE('',*,*,#332,.T.);
#332 = EDGE_CURVE('',#325,#333,#335,.T.);
#333 = VERTEX_POINT('',#334);
#334 = CARTESIAN_POINT('',(-60.9,-86.,32.));
#335 = LINE('',#336,#337);
#336 = CARTESIAN_POINT('',(-60.9,-108.,32.));
#337 = VECTOR('',#338,1.);
#338 = DIRECTION('',(0.,1.,0.));
#339 = ORIENTED_EDGE('',*,*,#340,.T.);
#340 = EDGE_CURVE('',#333,#341,#343,.T.);
#341 = VERTEX_POINT('',#342);
#342 = CARTESIAN_POINT('',(-75.9,-86.,32.));
#343 = LINE('',#344,#345);
#344 = CARTESIAN_POINT('',(-100.95,-86.,32.));
#345 = VECTOR('',#346,1.);
#346 = DIRECTION('',(-1.,0.,0.));
#347 = ORIENTED_EDGE('',*,*,#348,.F.);
#348 = EDGE_CURVE('',#349,#341,#351,.T.);
#349 = VERTEX_POINT('',#350);
#350 = CARTESIAN_POINT('',(-95.9,-86.,32.));
#351 = LINE('',#352,#353);
#352 = CARTESIAN_POINT('',(-95.9,-86.,32.));
#353 = VECTOR('',#354,1.);
#354 = DIRECTION('',(1.,0.,0.));
#355 = ORIENTED_EDGE('',*,*,#356,.T.);
#356 = EDGE_CURVE('',#349,#357,#359,.T.);
#357 = VERTEX_POINT('',#358);
#358 = CARTESIAN_POINT('',(-95.9,-76.,32.));
#359 = LINE('',#360,#361);
#360 = CARTESIAN_POINT('',(-95.9,-86.,32.));
#361 = VECTOR('',#362,1.);
#362 = DIRECTION('',(0.,1.,0.));
#363 = ORIENTED_EDGE('',*,*,#364,.T.);
#364 = EDGE_CURVE('',#357,#365,#367,.T.);
#365 = VERTEX_POINT('',#366);
#366 = CARTESIAN_POINT('',(-75.9,-76.,32.));
#367 = LINE('',#368,#369);
#368 = CARTESIAN_POINT('',(-95.9,-76.,32.));
#369 = VECTOR('',#370,1.);
#370 = DIRECTION('',(1.,0.,0.));
#371 = ORIENTED_EDGE('',*,*,#372,.F.);
#372 = EDGE_CURVE('',#124,#365,#373,.T.);
#373 = LINE('',#374,#375);
#374 = CARTESIAN_POINT('',(-100.95,-76.,32.));
#375 = VECTOR('',#376,1.);
#376 = DIRECTION('',(-1.,0.,0.));
#377 = ORIENTED_EDGE('',*,*,#133,.T.);
#378 = ORIENTED_EDGE('',*,*,#61,.T.);
#379 = ORIENTED_EDGE('',*,*,#78,.T.);
#380 = ORIENTED_EDGE('',*,*,#381,.T.);
#381 = EDGE_CURVE('',#71,#382,#384,.T.);
#382 = VERTEX_POINT('',#383);
#383 = CARTESIAN_POINT('',(-52.,-27.,32.));
#384 = LINE('',#385,#386);
#385 = CARTESIAN_POINT('',(-52.,-45.,32.));
#386 = VECTOR('',#387,1.);
#387 = DIRECTION('',(0.,1.,0.));
#388 = ORIENTED_EDGE('',*,*,#389,.T.);
#389 = EDGE_CURVE('',#382,#390,#392,.T.);
#390 = VERTEX_POINT('',#391);
#391 = CARTESIAN_POINT('',(-52.,-24.,32.));
#392 = LINE('',#393,#394);
#393 = CARTESIAN_POINT('',(-52.,-45.,32.));
#394 = VECTOR('',#395,1.);
#395 = DIRECTION('',(0.,1.,0.));
#396 = ORIENTED_EDGE('',*,*,#397,.T.);
#397 = EDGE_CURVE('',#390,#398,#400,.T.);
#398 = VERTEX_POINT('',#399);
#399 = CARTESIAN_POINT('',(-49.,-24.,32.));
#400 = LINE('',#401,#402);
#401 = CARTESIAN_POINT('',(-52.,-24.,32.));
#402 = VECTOR('',#403,1.);
#403 = DIRECTION('',(1.,0.,0.));
#404 = ORIENTED_EDGE('',*,*,#405,.T.);
#405 = EDGE_CURVE('',#398,#406,#408,.T.);
#406 = VERTEX_POINT('',#407);
#407 = CARTESIAN_POINT('',(-47.,-24.,32.));
#408 = LINE('',#409,#410);
#409 = CARTESIAN_POINT('',(-52.,-24.,32.));
#410 = VECTOR('',#411,1.);
#411 = DIRECTION('',(1.,0.,0.));
#412 = ORIENTED_EDGE('',*,*,#413,.T.);
#413 = EDGE_CURVE('',#406,#414,#416,.T.);
#414 = VERTEX_POINT('',#415);
#415 = CARTESIAN_POINT('',(-19.,-24.,32.));
#416 = LINE('',#417,#418);
#417 = CARTESIAN_POINT('',(-52.,-24.,32.));
#418 = VECTOR('',#419,1.);
#419 = DIRECTION('',(1.,0.,0.));
#420 = ORIENTED_EDGE('',*,*,#421,.T.);
#421 = EDGE_CURVE('',#414,#422,#424,.T.);
#422 = VERTEX_POINT('',#423);
#423 = CARTESIAN_POINT('',(-16.,-24.,32.));
#424 = LINE('',#425,#426);
#425 = CARTESIAN_POINT('',(-19.,-24.,32.));
#426 = VECTOR('',#427,1.);
#427 = DIRECTION('',(1.,0.,0.));
#428 = ORIENTED_EDGE('',*,*,#429,.F.);
#429 = EDGE_CURVE('',#430,#422,#432,.T.);
#430 = VERTEX_POINT('',#431);
#431 = CARTESIAN_POINT('',(-16.,-37.,32.));
#432 = LINE('',#433,#434);
#433 = CARTESIAN_POINT('',(-16.,-45.,32.));
#434 = VECTOR('',#435,1.);
#435 = DIRECTION('',(0.,1.,0.));
#436 = ORIENTED_EDGE('',*,*,#437,.T.);
#437 = EDGE_CURVE('',#430,#438,#440,.T.);
#438 = VERTEX_POINT('',#439);
#439 = CARTESIAN_POINT('',(-6.9,-37.,32.));
#440 = LINE('',#441,#442);
#441 = CARTESIAN_POINT('',(-16.,-37.,32.));
#442 = VECTOR('',#443,1.);
#443 = DIRECTION('',(1.,0.,0.));
#444 = ORIENTED_EDGE('',*,*,#445,.F.);
#445 = EDGE_CURVE('',#446,#438,#448,.T.);
#446 = VERTEX_POINT('',#447);
#447 = CARTESIAN_POINT('',(-6.9,-45.,32.));
#448 = LINE('',#449,#450);
#449 = CARTESIAN_POINT('',(-6.9,-45.,32.));
#450 = VECTOR('',#451,1.);
#451 = DIRECTION('',(0.,1.,0.));
#452 = ORIENTED_EDGE('',*,*,#453,.F.);
#453 = EDGE_CURVE('',#454,#446,#456,.T.);
#454 = VERTEX_POINT('',#455);
#455 = CARTESIAN_POINT('',(-6.9,-76.,32.));
#456 = LINE('',#457,#458);
#457 = CARTESIAN_POINT('',(-6.9,-108.,32.));
#458 = VECTOR('',#459,1.);
#459 = DIRECTION('',(0.,1.,0.));
#460 = ORIENTED_EDGE('',*,*,#461,.F.);
#461 = EDGE_CURVE('',#462,#454,#464,.T.);
#462 = VERTEX_POINT('',#463);
#463 = CARTESIAN_POINT('',(8.1,-76.,32.));
#464 = LINE('',#465,#466);
#465 = CARTESIAN_POINT('',(-100.95,-76.,32.));
#466 = VECTOR('',#467,1.);
#467 = DIRECTION('',(-1.,0.,0.));
#468 = ORIENTED_EDGE('',*,*,#469,.T.);
#469 = EDGE_CURVE('',#462,#470,#472,.T.);
#470 = VERTEX_POINT('',#471);
#471 = CARTESIAN_POINT('',(28.1,-76.,32.));
#472 = LINE('',#473,#474);
#473 = CARTESIAN_POINT('',(8.1,-76.,32.));
#474 = VECTOR('',#475,1.);
#475 = DIRECTION('',(1.,0.,0.));
#476 = ORIENTED_EDGE('',*,*,#477,.F.);
#477 = EDGE_CURVE('',#478,#470,#480,.T.);
#478 = VERTEX_POINT('',#479);
#479 = CARTESIAN_POINT('',(28.1,-86.,32.));
#480 = LINE('',#481,#482);
#481 = CARTESIAN_POINT('',(28.1,-86.,32.));
#482 = VECTOR('',#483,1.);
#483 = DIRECTION('',(0.,1.,0.));
#484 = ORIENTED_EDGE('',*,*,#485,.F.);
#485 = EDGE_CURVE('',#486,#478,#488,.T.);
#486 = VERTEX_POINT('',#487);
#487 = CARTESIAN_POINT('',(8.1,-86.,32.));
#488 = LINE('',#489,#490);
#489 = CARTESIAN_POINT('',(8.1,-86.,32.));
#490 = VECTOR('',#491,1.);
#491 = DIRECTION('',(1.,0.,0.));
#492 = ORIENTED_EDGE('',*,*,#493,.T.);
#493 = EDGE_CURVE('',#486,#165,#494,.T.);
#494 = LINE('',#495,#496);
#495 = CARTESIAN_POINT('',(-100.95,-86.,32.));
#496 = VECTOR('',#497,1.);
#497 = DIRECTION('',(-1.,0.,0.));
#498 = FACE_BOUND('',#499,.F.);
#499 = EDGE_LOOP('',(#500));
#500 = ORIENTED_EDGE('',*,*,#501,.T.);
#501 = EDGE_CURVE('',#502,#502,#504,.T.);
#502 = VERTEX_POINT('',#503);
#503 = CARTESIAN_POINT('',(-81.,-98.,32.));
#504 = CIRCLE('',#505,2.);
#505 = AXIS2_PLACEMENT_3D('',#506,#507,#508);
#506 = CARTESIAN_POINT('',(-83.,-98.,32.));
#507 = DIRECTION('',(0.,0.,-1.));
#508 = DIRECTION('',(1.,0.,0.));
#509 = FACE_BOUND('',#510,.F.);
#510 = EDGE_LOOP('',(#511));
#511 = ORIENTED_EDGE('',*,*,#512,.T.);
#512 = EDGE_CURVE('',#513,#513,#515,.T.);
#513 = VERTEX_POINT('',#514);
#514 = CARTESIAN_POINT('',(-81.,-57.4,32.));
#515 = CIRCLE('',#516,2.);
#516 = AXIS2_PLACEMENT_3D('',#517,#518,#519);
#517 = CARTESIAN_POINT('',(-83.,-57.4,32.));
#518 = DIRECTION('',(0.,0.,-1.));
#519 = DIRECTION('',(1.,0.,0.));
#520 = FACE_BOUND('',#521,.F.);
#521 = EDGE_LOOP('',(#522,#531));
#522 = ORIENTED_EDGE('',*,*,#523,.F.);
#523 = EDGE_CURVE('',#293,#524,#526,.T.);
#524 = VERTEX_POINT('',#525);
#525 = CARTESIAN_POINT('',(-96.,-27.,32.));
#526 = CIRCLE('',#527,5.);
#527 = AXIS2_PLACEMENT_3D('',#528,#529,#530);
#528 = CARTESIAN_POINT('',(-101.,-27.,32.));
#529 = DIRECTION('',(0.,0.,1.));
#530 = DIRECTION('',(1.,0.,0.));
#531 = ORIENTED_EDGE('',*,*,#532,.F.);
#532 = EDGE_CURVE('',#524,#293,#533,.T.);
#533 = CIRCLE('',#534,5.);
#534 = AXIS2_PLACEMENT_3D('',#535,#536,#537);
#535 = CARTESIAN_POINT('',(-101.,-27.,32.));
#536 = DIRECTION('',(0.,0.,1.));
#537 = DIRECTION('',(1.,0.,0.));
#538 = FACE_BOUND('',#539,.F.);
#539 = EDGE_LOOP('',(#540));
#540 = ORIENTED_EDGE('',*,*,#541,.F.);
#541 = EDGE_CURVE('',#382,#382,#542,.T.);
#542 = CIRCLE('',#543,5.);
#543 = AXIS2_PLACEMENT_3D('',#544,#545,#546);
#544 = CARTESIAN_POINT('',(-57.,-27.,32.));
#545 = DIRECTION('',(0.,0.,1.));
#546 = DIRECTION('',(1.,0.,0.));
#547 = FACE_BOUND('',#548,.F.);
#548 = EDGE_LOOP('',(#549,#558));
#549 = ORIENTED_EDGE('',*,*,#550,.F.);
#550 = EDGE_CURVE('',#406,#551,#553,.T.);
#551 = VERTEX_POINT('',#552);
#552 = CARTESIAN_POINT('',(-42.,-19.,32.));
#553 = CIRCLE('',#554,5.);
#554 = AXIS2_PLACEMENT_3D('',#555,#556,#557);
#555 = CARTESIAN_POINT('',(-47.,-19.,32.));
#556 = DIRECTION('',(0.,0.,1.));
#557 = DIRECTION('',(1.,0.,0.));
#558 = ORIENTED_EDGE('',*,*,#559,.F.);
#559 = EDGE_CURVE('',#551,#406,#560,.T.);
#560 = CIRCLE('',#561,5.);
#561 = AXIS2_PLACEMENT_3D('',#562,#563,#564);
#562 = CARTESIAN_POINT('',(-47.,-19.,32.));
#563 = DIRECTION('',(0.,0.,1.));
#564 = DIRECTION('',(1.,0.,0.));
#565 = FACE_BOUND('',#566,.F.);
#566 = EDGE_LOOP('',(#567));
#567 = ORIENTED_EDGE('',*,*,#568,.T.);
#568 = EDGE_CURVE('',#569,#569,#571,.T.);
#569 = VERTEX_POINT('',#570);
#570 = CARTESIAN_POINT('',(17.2,-98.,32.));
#571 = CIRCLE('',#572,2.);
#572 = AXIS2_PLACEMENT_3D('',#573,#574,#575);
#573 = CARTESIAN_POINT('',(15.2,-98.,32.));
#574 = DIRECTION('',(0.,0.,-1.));
#575 = DIRECTION('',(1.,0.,0.));
#576 = FACE_BOUND('',#577,.F.);
#577 = EDGE_LOOP('',(#578));
#578 = ORIENTED_EDGE('',*,*,#579,.T.);
#579 = EDGE_CURVE('',#580,#580,#582,.T.);
#580 = VERTEX_POINT('',#581);
#581 = CARTESIAN_POINT('',(17.2,-62.4,32.));
#582 = CIRCLE('',#583,2.);
#583 = AXIS2_PLACEMENT_3D('',#584,#585,#586);
#584 = CARTESIAN_POINT('',(15.2,-62.4,32.));
#585 = DIRECTION('',(0.,0.,-1.));
#586 = DIRECTION('',(1.,0.,0.));
#587 = FACE_BOUND('',#588,.F.);
#588 = EDGE_LOOP('',(#589,#598));
#589 = ORIENTED_EDGE('',*,*,#590,.F.);
#590 = EDGE_CURVE('',#205,#591,#593,.T.);
#591 = VERTEX_POINT('',#592);
#592 = CARTESIAN_POINT('',(38.,-19.,32.));
#593 = CIRCLE('',#594,5.);
#594 = AXIS2_PLACEMENT_3D('',#595,#596,#597);
#595 = CARTESIAN_POINT('',(33.,-19.,32.));
#596 = DIRECTION('',(0.,0.,1.));
#597 = DIRECTION('',(1.,0.,0.));
#598 = ORIENTED_EDGE('',*,*,#599,.F.);
#599 = EDGE_CURVE('',#591,#205,#600,.T.);
#600 = CIRCLE('',#601,5.);
#601 = AXIS2_PLACEMENT_3D('',#602,#603,#604);
#602 = CARTESIAN_POINT('',(33.,-19.,32.));
#603 = DIRECTION('',(0.,0.,1.));
#604 = DIRECTION('',(1.,0.,0.));
#605 = FACE_BOUND('',#606,.F.);
#606 = EDGE_LOOP('',(#607,#616));
#607 = ORIENTED_EDGE('',*,*,#608,.F.);
#608 = EDGE_CURVE('',#253,#609,#611,.T.);
#609 = VERTEX_POINT('',#610);
#610 = CARTESIAN_POINT('',(-96.,71.,32.));
#611 = CIRCLE('',#612,5.);
#612 = AXIS2_PLACEMENT_3D('',#613,#614,#615);
#613 = CARTESIAN_POINT('',(-101.,71.,32.));
#614 = DIRECTION('',(0.,0.,1.));
#615 = DIRECTION('',(1.,0.,0.));
#616 = ORIENTED_EDGE('',*,*,#617,.F.);
#617 = EDGE_CURVE('',#609,#253,#618,.T.);
#618 = CIRCLE('',#619,5.);
#619 = AXIS2_PLACEMENT_3D('',#620,#621,#622);
#620 = CARTESIAN_POINT('',(-101.,71.,32.));
#621 = DIRECTION('',(0.,0.,1.));
#622 = DIRECTION('',(1.,0.,0.));
#623 = FACE_BOUND('',#624,.F.);
#624 = EDGE_LOOP('',(#625));
#625 = ORIENTED_EDGE('',*,*,#626,.T.);
#626 = EDGE_CURVE('',#627,#627,#629,.T.);
#627 = VERTEX_POINT('',#628);
#628 = CARTESIAN_POINT('',(-79.9,72.,32.));
#629 = CIRCLE('',#630,2.);
#630 = AXIS2_PLACEMENT_3D('',#631,#632,#633);
#631 = CARTESIAN_POINT('',(-81.9,72.,32.));
#632 = DIRECTION('',(0.,0.,-1.));
#633 = DIRECTION('',(1.,0.,0.));
#634 = FACE_BOUND('',#635,.F.);
#635 = EDGE_LOOP('',(#636));
#636 = ORIENTED_EDGE('',*,*,#637,.F.);
#637 = EDGE_CURVE('',#638,#638,#640,.T.);
#638 = VERTEX_POINT('',#639);
#639 = CARTESIAN_POINT('',(-52.,71.,32.));
#640 = CIRCLE('',#641,5.);
#641 = AXIS2_PLACEMENT_3D('',#642,#643,#644);
#642 = CARTESIAN_POINT('',(-57.,71.,32.));
#643 = DIRECTION('',(0.,0.,1.));
#644 = DIRECTION('',(1.,0.,0.));
#645 = FACE_BOUND('',#646,.F.);
#646 = EDGE_LOOP('',(#647,#656));
#647 = ORIENTED_EDGE('',*,*,#648,.F.);
#648 = EDGE_CURVE('',#638,#649,#651,.T.);
#649 = VERTEX_POINT('',#650);
#650 = CARTESIAN_POINT('',(-42.,71.,32.));
#651 = CIRCLE('',#652,5.);
#652 = AXIS2_PLACEMENT_3D('',#653,#654,#655);
#653 = CARTESIAN_POINT('',(-47.,71.,32.));
#654 = DIRECTION('',(0.,0.,1.));
#655 = DIRECTION('',(1.,0.,0.));
#656 = ORIENTED_EDGE('',*,*,#657,.F.);
#657 = EDGE_CURVE('',#649,#638,#658,.T.);
#658 = CIRCLE('',#659,5.);
#659 = AXIS2_PLACEMENT_3D('',#660,#661,#662);
#660 = CARTESIAN_POINT('',(-47.,71.,32.));
#661 = DIRECTION('',(0.,0.,1.));
#662 = DIRECTION('',(1.,0.,0.));
#663 = FACE_BOUND('',#664,.F.);
#664 = EDGE_LOOP('',(#665));
#665 = ORIENTED_EDGE('',*,*,#666,.F.);
#666 = EDGE_CURVE('',#667,#667,#669,.T.);
#667 = VERTEX_POINT('',#668);
#668 = CARTESIAN_POINT('',(-34.,72.,32.));
#669 = CIRCLE('',#670,2.);
#670 = AXIS2_PLACEMENT_3D('',#671,#672,#673);
#671 = CARTESIAN_POINT('',(-36.,72.,32.));
#672 = DIRECTION('',(0.,0.,1.));
#673 = DIRECTION('',(1.,0.,0.));
#674 = FACE_BOUND('',#675,.F.);
#675 = EDGE_LOOP('',(#676));
#676 = ORIENTED_EDGE('',*,*,#677,.F.);
#677 = EDGE_CURVE('',#678,#678,#680,.T.);
#678 = VERTEX_POINT('',#679);
#679 = CARTESIAN_POINT('',(-13.,72.,32.));
#680 = CIRCLE('',#681,2.);
#681 = AXIS2_PLACEMENT_3D('',#682,#683,#684);
#682 = CARTESIAN_POINT('',(-15.,72.,32.));
#683 = DIRECTION('',(0.,0.,1.));
#684 = DIRECTION('',(1.,0.,0.));
#685 = FACE_BOUND('',#686,.F.);
#686 = EDGE_LOOP('',(#687));
#687 = ORIENTED_EDGE('',*,*,#688,.T.);
#688 = EDGE_CURVE('',#689,#689,#691,.T.);
#689 = VERTEX_POINT('',#690);
#690 = CARTESIAN_POINT('',(16.1,72.,32.));
#691 = CIRCLE('',#692,2.);
#692 = AXIS2_PLACEMENT_3D('',#693,#694,#695);
#693 = CARTESIAN_POINT('',(14.1,72.,32.));
#694 = DIRECTION('',(0.,0.,-1.));
#695 = DIRECTION('',(1.,0.,0.));
#696 = FACE_BOUND('',#697,.F.);
#697 = EDGE_LOOP('',(#698));
#698 = ORIENTED_EDGE('',*,*,#699,.F.);
#699 = EDGE_CURVE('',#700,#700,#702,.T.);
#700 = VERTEX_POINT('',#701);
#701 = CARTESIAN_POINT('',(38.,71.,32.));
#702 = CIRCLE('',#703,5.);
#703 = AXIS2_PLACEMENT_3D('',#704,#705,#706);
#704 = CARTESIAN_POINT('',(33.,71.,32.));
#705 = DIRECTION('',(0.,0.,1.));
#706 = DIRECTION('',(1.,0.,0.));
#707 = PLANE('',#708);
#708 = AXIS2_PLACEMENT_3D('',#709,#710,#711);
#709 = CARTESIAN_POINT('',(-106.,-108.,32.));
#710 = DIRECTION('',(0.,0.,1.));
#711 = DIRECTION('',(1.,0.,0.));
#712 = ADVANCED_FACE('',(#713),#726,.F.);
#713 = FACE_BOUND('',#714,.F.);
#714 = EDGE_LOOP('',(#715,#716,#717,#723,#724,#725));
#715 = ORIENTED_EDGE('',*,*,#70,.F.);
#716 = ORIENTED_EDGE('',*,*,#92,.T.);
#717 = ORIENTED_EDGE('',*,*,#718,.T.);
#718 = EDGE_CURVE('',#93,#398,#719,.T.);
#719 = LINE('',#720,#721);
#720 = CARTESIAN_POINT('',(-49.,-45.,32.));
#721 = VECTOR('',#722,1.);
#722 = DIRECTION('',(0.,1.,0.));
#723 = ORIENTED_EDGE('',*,*,#397,.F.);
#724 = ORIENTED_EDGE('',*,*,#389,.F.);
#725 = ORIENTED_EDGE('',*,*,#381,.F.);
#726 = PLANE('',#727);
#727 = AXIS2_PLACEMENT_3D('',#728,#729,#730);
#728 = CARTESIAN_POINT('',(-52.,-45.,32.));
#729 = DIRECTION('',(0.,0.,1.));
#730 = DIRECTION('',(1.,0.,0.));
#731 = ADVANCED_FACE('',(#732),#774,.T.);
#732 = FACE_BOUND('',#733,.T.);
#733 = EDGE_LOOP('',(#734,#735,#736,#744,#752,#760,#768));
#734 = ORIENTED_EDGE('',*,*,#109,.F.);
#735 = ORIENTED_EDGE('',*,*,#718,.T.);
#736 = ORIENTED_EDGE('',*,*,#737,.T.);
#737 = EDGE_CURVE('',#398,#738,#740,.T.);
#738 = VERTEX_POINT('',#739);
#739 = CARTESIAN_POINT('',(-49.,-24.,40.));
#740 = LINE('',#741,#742);
#741 = CARTESIAN_POINT('',(-49.,-24.,32.));
#742 = VECTOR('',#743,1.);
#743 = DIRECTION('',(0.,0.,1.));
#744 = ORIENTED_EDGE('',*,*,#745,.T.);
#745 = EDGE_CURVE('',#738,#746,#748,.T.);
#746 = VERTEX_POINT('',#747);
#747 = CARTESIAN_POINT('',(-49.,-24.,54.));
#748 = LINE('',#749,#750);
#749 = CARTESIAN_POINT('',(-49.,-24.,32.));
#750 = VECTOR('',#751,1.);
#751 = DIRECTION('',(0.,0.,1.));
#752 = ORIENTED_EDGE('',*,*,#753,.F.);
#753 = EDGE_CURVE('',#754,#746,#756,.T.);
#754 = VERTEX_POINT('',#755);
#755 = CARTESIAN_POINT('',(-49.,-45.,54.));
#756 = LINE('',#757,#758);
#757 = CARTESIAN_POINT('',(-49.,-45.,54.));
#758 = VECTOR('',#759,1.);
#759 = DIRECTION('',(0.,1.,0.));
#760 = ORIENTED_EDGE('',*,*,#761,.F.);
#761 = EDGE_CURVE('',#762,#754,#764,.T.);
#762 = VERTEX_POINT('',#763);
#763 = CARTESIAN_POINT('',(-49.,-45.,45.));
#764 = LINE('',#765,#766);
#765 = CARTESIAN_POINT('',(-49.,-45.,32.));
#766 = VECTOR('',#767,1.);
#767 = DIRECTION('',(0.,0.,1.));
#768 = ORIENTED_EDGE('',*,*,#769,.F.);
#769 = EDGE_CURVE('',#102,#762,#770,.T.);
#770 = LINE('',#771,#772);
#771 = CARTESIAN_POINT('',(-49.,-45.,32.));
#772 = VECTOR('',#773,1.);
#773 = DIRECTION('',(0.,0.,1.));
#774 = PLANE('',#775);
#775 = AXIS2_PLACEMENT_3D('',#776,#777,#778);
#776 = CARTESIAN_POINT('',(-49.,-45.,32.));
#777 = DIRECTION('',(1.,0.,0.));
#778 = DIRECTION('',(0.,0.,1.));
#779 = ADVANCED_FACE('',(#780,#823,#834,#845),#879,.F.);
#780 = FACE_BOUND('',#781,.F.);
#781 = EDGE_LOOP('',(#782,#783,#791,#799,#807,#815,#821,#822));
#782 = ORIENTED_EDGE('',*,*,#140,.F.);
#783 = ORIENTED_EDGE('',*,*,#784,.T.);
#784 = EDGE_CURVE('',#141,#785,#787,.T.);
#785 = VERTEX_POINT('',#786);
#786 = CARTESIAN_POINT('',(-6.9,-76.,37.));
#787 = LINE('',#788,#789);
#788 = CARTESIAN_POINT('',(-71.,-76.,37.));
#789 = VECTOR('',#790,1.);
#790 = DIRECTION('',(1.,0.,0.));
#791 = ORIENTED_EDGE('',*,*,#792,.T.);
#792 = EDGE_CURVE('',#785,#793,#795,.T.);
#793 = VERTEX_POINT('',#794);
#794 = CARTESIAN_POINT('',(-6.9,-45.,37.));
#795 = LINE('',#796,#797);
#796 = CARTESIAN_POINT('',(-6.9,-108.,37.));
#797 = VECTOR('',#798,1.);
#798 = DIRECTION('',(0.,1.,0.));
#799 = ORIENTED_EDGE('',*,*,#800,.F.);
#800 = EDGE_CURVE('',#801,#793,#803,.T.);
#801 = VERTEX_POINT('',#802);
#802 = CARTESIAN_POINT('',(-16.,-45.,37.));
#803 = LINE('',#804,#805);
#804 = CARTESIAN_POINT('',(-16.,-45.,37.));
#805 = VECTOR('',#806,1.);
#806 = DIRECTION('',(1.,0.,0.));
#807 = ORIENTED_EDGE('',*,*,#808,.F.);
#808 = EDGE_CURVE('',#809,#801,#811,.T.);
#809 = VERTEX_POINT('',#810);
#810 = CARTESIAN_POINT('',(-19.,-45.,37.));
#811 = LINE('',#812,#813);
#812 = CARTESIAN_POINT('',(-71.,-45.,37.));
#813 = VECTOR('',#814,1.);
#814 = DIRECTION('',(1.,0.,0.));
#815 = ORIENTED_EDGE('',*,*,#816,.F.);
#816 = EDGE_CURVE('',#102,#809,#817,.T.);
#817 = LINE('',#818,#819);
#818 = CARTESIAN_POINT('',(-71.,-45.,37.));
#819 = VECTOR('',#820,1.);
#820 = DIRECTION('',(1.,0.,0.));
#821 = ORIENTED_EDGE('',*,*,#101,.F.);
#822 = ORIENTED_EDGE('',*,*,#39,.F.);
#823 = FACE_BOUND('',#824,.F.);
#824 = EDGE_LOOP('',(#825));
#825 = ORIENTED_EDGE('',*,*,#826,.F.);
#826 = EDGE_CURVE('',#827,#827,#829,.T.);
#827 = VERTEX_POINT('',#828);
#828 = CARTESIAN_POINT('',(-53.,-61.,37.));
#829 = CIRCLE('',#830,2.);
#830 = AXIS2_PLACEMENT_3D('',#831,#832,#833);
#831 = CARTESIAN_POINT('',(-55.,-61.,37.));
#832 = DIRECTION('',(0.,0.,1.));
#833 = DIRECTION('',(1.,0.,0.));
#834 = FACE_BOUND('',#835,.F.);
#835 = EDGE_LOOP('',(#836));
#836 = ORIENTED_EDGE('',*,*,#837,.F.);
#837 = EDGE_CURVE('',#838,#838,#840,.T.);
#838 = VERTEX_POINT('',#839);
#839 = CARTESIAN_POINT('',(-10.,-61.,37.));
#840 = CIRCLE('',#841,2.);
#841 = AXIS2_PLACEMENT_3D('',#842,#843,#844);
#842 = CARTESIAN_POINT('',(-12.,-61.,37.));
#843 = DIRECTION('',(0.,0.,1.));
#844 = DIRECTION('',(1.,0.,0.));
#845 = FACE_BOUND('',#846,.F.);
#846 = EDGE_LOOP('',(#847,#857,#865,#873));
#847 = ORIENTED_EDGE('',*,*,#848,.F.);
#848 = EDGE_CURVE('',#849,#851,#853,.T.);
#849 = VERTEX_POINT('',#850);
#850 = CARTESIAN_POINT('',(-42.,-48.,37.));
#851 = VERTEX_POINT('',#852);
#852 = CARTESIAN_POINT('',(-42.,-73.,37.));
#853 = LINE('',#854,#855);
#854 = CARTESIAN_POINT('',(-42.,-48.,37.));
#855 = VECTOR('',#856,1.);
#856 = DIRECTION('',(0.,-1.,0.));
#857 = ORIENTED_EDGE('',*,*,#858,.T.);
#858 = EDGE_CURVE('',#849,#859,#861,.T.);
#859 = VERTEX_POINT('',#860);
#860 = CARTESIAN_POINT('',(-27.,-48.,37.));
#861 = LINE('',#862,#863);
#862 = CARTESIAN_POINT('',(-42.,-48.,37.));
#863 = VECTOR('',#864,1.);
#864 = DIRECTION('',(1.,0.,0.));
#865 = ORIENTED_EDGE('',*,*,#866,.T.);
#866 = EDGE_CURVE('',#859,#867,#869,.T.);
#867 = VERTEX_POINT('',#868);
#868 = CARTESIAN_POINT('',(-27.,-73.,37.));
#869 = LINE('',#870,#871);
#870 = CARTESIAN_POINT('',(-27.,-48.,37.));
#871 = VECTOR('',#872,1.);
#872 = DIRECTION('',(0.,-1.,0.));
#873 = ORIENTED_EDGE('',*,*,#874,.F.);
#874 = EDGE_CURVE('',#851,#867,#875,.T.);
#875 = LINE('',#876,#877);
#876 = CARTESIAN_POINT('',(-42.,-73.,37.));
#877 = VECTOR('',#878,1.);
#878 = DIRECTION('',(1.,0.,0.));
#879 = PLANE('',#880);
#880 = AXIS2_PLACEMENT_3D('',#881,#882,#883);
#881 = CARTESIAN_POINT('',(-71.,-76.,37.));
#882 = DIRECTION('',(0.,0.,1.));
#883 = DIRECTION('',(1.,0.,0.));
#884 = ADVANCED_FACE('',(#885),#903,.F.);
#885 = FACE_BOUND('',#886,.F.);
#886 = EDGE_LOOP('',(#887,#888,#889,#897));
#887 = ORIENTED_EDGE('',*,*,#123,.F.);
#888 = ORIENTED_EDGE('',*,*,#372,.T.);
#889 = ORIENTED_EDGE('',*,*,#890,.T.);
#890 = EDGE_CURVE('',#365,#891,#893,.T.);
#891 = VERTEX_POINT('',#892);
#892 = CARTESIAN_POINT('',(-75.9,-76.,36.003672576928));
#893 = LINE('',#894,#895);
#894 = CARTESIAN_POINT('',(-75.9,-76.,32.));
#895 = VECTOR('',#896,1.);
#896 = DIRECTION('',(0.,0.,1.));
#897 = ORIENTED_EDGE('',*,*,#898,.F.);
#898 = EDGE_CURVE('',#126,#891,#899,.T.);
#899 = LINE('',#900,#901);
#900 = CARTESIAN_POINT('',(-75.9,-76.,36.003672576928));
#901 = VECTOR('',#902,1.);
#902 = DIRECTION('',(-1.,0.,0.));
#903 = PLANE('',#904);
#904 = AXIS2_PLACEMENT_3D('',#905,#906,#907);
#905 = CARTESIAN_POINT('',(-95.9,-76.,27.));
#906 = DIRECTION('',(0.,1.,0.));
#907 = DIRECTION('',(0.,0.,1.));
#908 = ADVANCED_FACE('',(#909),#927,.T.);
#909 = FACE_BOUND('',#910,.T.);
#910 = EDGE_LOOP('',(#911,#919,#925,#926));
#911 = ORIENTED_EDGE('',*,*,#912,.F.);
#912 = EDGE_CURVE('',#913,#785,#915,.T.);
#913 = VERTEX_POINT('',#914);
#914 = CARTESIAN_POINT('',(-6.9,-76.,36.003672576928));
#915 = LINE('',#916,#917);
#916 = CARTESIAN_POINT('',(-6.9,-76.,29.5));
#917 = VECTOR('',#918,1.);
#918 = DIRECTION('',(0.,0.,1.));
#919 = ORIENTED_EDGE('',*,*,#920,.T.);
#920 = EDGE_CURVE('',#913,#126,#921,.T.);
#921 = LINE('',#922,#923);
#922 = CARTESIAN_POINT('',(-75.9,-76.,36.003672576928));
#923 = VECTOR('',#924,1.);
#924 = DIRECTION('',(-1.,0.,0.));
#925 = ORIENTED_EDGE('',*,*,#148,.T.);
#926 = ORIENTED_EDGE('',*,*,#784,.T.);
#927 = PLANE('',#928);
#928 = AXIS2_PLACEMENT_3D('',#929,#930,#931);
#929 = CARTESIAN_POINT('',(-75.9,-76.,32.));
#930 = DIRECTION('',(0.,1.,0.));
#931 = DIRECTION('',(0.,0.,1.));
#932 = ADVANCED_FACE('',(#933),#966,.F.);
#933 = FACE_BOUND('',#934,.F.);
#934 = EDGE_LOOP('',(#935,#943,#944,#952,#960));
#935 = ORIENTED_EDGE('',*,*,#936,.F.);
#936 = EDGE_CURVE('',#163,#937,#939,.T.);
#937 = VERTEX_POINT('',#938);
#938 = CARTESIAN_POINT('',(-6.9,-98.,37.));
#939 = LINE('',#940,#941);
#940 = CARTESIAN_POINT('',(-6.9,-98.,22.));
#941 = VECTOR('',#942,1.);
#942 = DIRECTION('',(0.,0.,1.));
#943 = ORIENTED_EDGE('',*,*,#162,.T.);
#944 = ORIENTED_EDGE('',*,*,#945,.T.);
#945 = EDGE_CURVE('',#165,#946,#948,.T.);
#946 = VERTEX_POINT('',#947);
#947 = CARTESIAN_POINT('',(-6.9,-86.,33.792118241008));
#948 = LINE('',#949,#950);
#949 = CARTESIAN_POINT('',(-6.9,-86.,29.5));
#950 = VECTOR('',#951,1.);
#951 = DIRECTION('',(0.,0.,1.));
#952 = ORIENTED_EDGE('',*,*,#953,.T.);
#953 = EDGE_CURVE('',#946,#954,#956,.T.);
#954 = VERTEX_POINT('',#955);
#955 = CARTESIAN_POINT('',(-6.9,-86.,37.));
#956 = LINE('',#957,#958);
#957 = CARTESIAN_POINT('',(-6.9,-86.,29.5));
#958 = VECTOR('',#959,1.);
#959 = DIRECTION('',(0.,0.,1.));
#960 = ORIENTED_EDGE('',*,*,#961,.F.);
#961 = EDGE_CURVE('',#937,#954,#962,.T.);
#962 = LINE('',#963,#964);
#963 = CARTESIAN_POINT('',(-6.9,-108.,37.));
#964 = VECTOR('',#965,1.);
#965 = DIRECTION('',(0.,1.,0.));
#966 = PLANE('',#967);
#967 = AXIS2_PLACEMENT_3D('',#968,#969,#970);
#968 = CARTESIAN_POINT('',(-6.9,-108.,32.));
#969 = DIRECTION('',(1.,0.,0.));
#970 = DIRECTION('',(0.,0.,1.));
#971 = ADVANCED_FACE('',(#972),#990,.T.);
#972 = FACE_BOUND('',#973,.T.);
#973 = EDGE_LOOP('',(#974,#982,#983,#984));
#974 = ORIENTED_EDGE('',*,*,#975,.F.);
#975 = EDGE_CURVE('',#486,#976,#978,.T.);
#976 = VERTEX_POINT('',#977);
#977 = CARTESIAN_POINT('',(8.1,-86.,33.792118241008));
#978 = LINE('',#979,#980);
#979 = CARTESIAN_POINT('',(8.1,-86.,32.));
#980 = VECTOR('',#981,1.);
#981 = DIRECTION('',(0.,0.,1.));
#982 = ORIENTED_EDGE('',*,*,#493,.T.);
#983 = ORIENTED_EDGE('',*,*,#945,.T.);
#984 = ORIENTED_EDGE('',*,*,#985,.F.);
#985 = EDGE_CURVE('',#976,#946,#986,.T.);
#986 = LINE('',#987,#988);
#987 = CARTESIAN_POINT('',(8.1,-86.,33.792118241008));
#988 = VECTOR('',#989,1.);
#989 = DIRECTION('',(-1.,0.,0.));
#990 = PLANE('',#991);
#991 = AXIS2_PLACEMENT_3D('',#992,#993,#994);
#992 = CARTESIAN_POINT('',(-95.9,-86.,27.));
#993 = DIRECTION('',(0.,1.,0.));
#994 = DIRECTION('',(0.,0.,1.));
#995 = ADVANCED_FACE('',(#996),#1030,.T.);
#996 = FACE_BOUND('',#997,.T.);
#997 = EDGE_LOOP('',(#998,#999,#1000,#1008,#1016,#1024));
#998 = ORIENTED_EDGE('',*,*,#485,.F.);
#999 = ORIENTED_EDGE('',*,*,#975,.T.);
#1000 = ORIENTED_EDGE('',*,*,#1001,.T.);
#1001 = EDGE_CURVE('',#976,#1002,#1004,.T.);
#1002 = VERTEX_POINT('',#1003);
#1003 = CARTESIAN_POINT('',(8.1,-86.,37.));
#1004 = LINE('',#1005,#1006);
#1005 = CARTESIAN_POINT('',(8.1,-86.,32.));
#1006 = VECTOR('',#1007,1.);
#1007 = DIRECTION('',(0.,0.,1.));
#1008 = ORIENTED_EDGE('',*,*,#1009,.F.);
#1009 = EDGE_CURVE('',#1010,#1002,#1012,.T.);
#1010 = VERTEX_POINT('',#1011);
#1011 = CARTESIAN_POINT('',(23.2,-86.,37.));
#1012 = LINE('',#1013,#1014);
#1013 = CARTESIAN_POINT('',(-48.95,-86.,37.));
#1014 = VECTOR('',#1015,1.);
#1015 = DIRECTION('',(-1.,0.,0.));
#1016 = ORIENTED_EDGE('',*,*,#1017,.T.);
#1017 = EDGE_CURVE('',#1010,#1018,#1020,.T.);
#1018 = VERTEX_POINT('',#1019);
#1019 = CARTESIAN_POINT('',(28.1,-86.,37.));
#1020 = LINE('',#1021,#1022);
#1021 = CARTESIAN_POINT('',(-95.9,-86.,37.));
#1022 = VECTOR('',#1023,1.);
#1023 = DIRECTION('',(1.,0.,0.));
#1024 = ORIENTED_EDGE('',*,*,#1025,.F.);
#1025 = EDGE_CURVE('',#478,#1018,#1026,.T.);
#1026 = LINE('',#1027,#1028);
#1027 = CARTESIAN_POINT('',(28.1,-86.,32.));
#1028 = VECTOR('',#1029,1.);
#1029 = DIRECTION('',(0.,0.,1.));
#1030 = PLANE('',#1031);
#1031 = AXIS2_PLACEMENT_3D('',#1032,#1033,#1034);
#1032 = CARTESIAN_POINT('',(8.1,-86.,32.));
#1033 = DIRECTION('',(0.,1.,0.));
#1034 = DIRECTION('',(0.,0.,1.));
#1035 = ADVANCED_FACE('',(#1036),#1054,.F.);
#1036 = FACE_BOUND('',#1037,.F.);
#1037 = EDGE_LOOP('',(#1038,#1039,#1040,#1048));
#1038 = ORIENTED_EDGE('',*,*,#1025,.F.);
#1039 = ORIENTED_EDGE('',*,*,#477,.T.);
#1040 = ORIENTED_EDGE('',*,*,#1041,.T.);
#1041 = EDGE_CURVE('',#470,#1042,#1044,.T.);
#1042 = VERTEX_POINT('',#1043);
#1043 = CARTESIAN_POINT('',(28.1,-76.,37.));
#1044 = LINE('',#1045,#1046);
#1045 = CARTESIAN_POINT('',(28.1,-76.,32.));
#1046 = VECTOR('',#1047,1.);
#1047 = DIRECTION('',(0.,0.,1.));
#1048 = ORIENTED_EDGE('',*,*,#1049,.F.);
#1049 = EDGE_CURVE('',#1018,#1042,#1050,.T.);
#1050 = LINE('',#1051,#1052);
#1051 = CARTESIAN_POINT('',(28.1,-86.,37.));
#1052 = VECTOR('',#1053,1.);
#1053 = DIRECTION('',(0.,1.,0.));
#1054 = PLANE('',#1055);
#1055 = AXIS2_PLACEMENT_3D('',#1056,#1057,#1058);
#1056 = CARTESIAN_POINT('',(28.1,-86.,32.));
#1057 = DIRECTION('',(1.,0.,0.));
#1058 = DIRECTION('',(0.,0.,1.));
#1059 = ADVANCED_FACE('',(#1060),#1094,.F.);
#1060 = FACE_BOUND('',#1061,.F.);
#1061 = EDGE_LOOP('',(#1062,#1063,#1071,#1079,#1087,#1093));
#1062 = ORIENTED_EDGE('',*,*,#469,.F.);
#1063 = ORIENTED_EDGE('',*,*,#1064,.T.);
#1064 = EDGE_CURVE('',#462,#1065,#1067,.T.);
#1065 = VERTEX_POINT('',#1066);
#1066 = CARTESIAN_POINT('',(8.1,-76.,36.003672576928));
#1067 = LINE('',#1068,#1069);
#1068 = CARTESIAN_POINT('',(8.1,-76.,32.));
#1069 = VECTOR('',#1070,1.);
#1070 = DIRECTION('',(0.,0.,1.));
#1071 = ORIENTED_EDGE('',*,*,#1072,.T.);
#1072 = EDGE_CURVE('',#1065,#1073,#1075,.T.);
#1073 = VERTEX_POINT('',#1074);
#1074 = CARTESIAN_POINT('',(8.1,-76.,37.));
#1075 = LINE('',#1076,#1077);
#1076 = CARTESIAN_POINT('',(8.1,-76.,32.));
#1077 = VECTOR('',#1078,1.);
#1078 = DIRECTION('',(0.,0.,1.));
#1079 = ORIENTED_EDGE('',*,*,#1080,.F.);
#1080 = EDGE_CURVE('',#1081,#1073,#1083,.T.);
#1081 = VERTEX_POINT('',#1082);
#1082 = CARTESIAN_POINT('',(23.2,-76.,37.));
#1083 = LINE('',#1084,#1085);
#1084 = CARTESIAN_POINT('',(-48.95,-76.,37.));
#1085 = VECTOR('',#1086,1.);
#1086 = DIRECTION('',(-1.,0.,0.));
#1087 = ORIENTED_EDGE('',*,*,#1088,.T.);
#1088 = EDGE_CURVE('',#1081,#1042,#1089,.T.);
#1089 = LINE('',#1090,#1091);
#1090 = CARTESIAN_POINT('',(-95.9,-76.,37.));
#1091 = VECTOR('',#1092,1.);
#1092 = DIRECTION('',(1.,0.,0.));
#1093 = ORIENTED_EDGE('',*,*,#1041,.F.);
#1094 = PLANE('',#1095);
#1095 = AXIS2_PLACEMENT_3D('',#1096,#1097,#1098);
#1096 = CARTESIAN_POINT('',(8.1,-76.,32.));
#1097 = DIRECTION('',(0.,1.,0.));
#1098 = DIRECTION('',(0.,0.,1.));
#1099 = ADVANCED_FACE('',(#1100),#1116,.F.);
#1100 = FACE_BOUND('',#1101,.F.);
#1101 = EDGE_LOOP('',(#1102,#1103,#1104,#1110));
#1102 = ORIENTED_EDGE('',*,*,#1064,.F.);
#1103 = ORIENTED_EDGE('',*,*,#461,.T.);
#1104 = ORIENTED_EDGE('',*,*,#1105,.T.);
#1105 = EDGE_CURVE('',#454,#913,#1106,.T.);
#1106 = LINE('',#1107,#1108);
#1107 = CARTESIAN_POINT('',(-6.9,-76.,29.5));
#1108 = VECTOR('',#1109,1.);
#1109 = DIRECTION('',(0.,0.,1.));
#1110 = ORIENTED_EDGE('',*,*,#1111,.F.);
#1111 = EDGE_CURVE('',#1065,#913,#1112,.T.);
#1112 = LINE('',#1113,#1114);
#1113 = CARTESIAN_POINT('',(-75.9,-76.,36.003672576928));
#1114 = VECTOR('',#1115,1.);
#1115 = DIRECTION('',(-1.,0.,0.));
#1116 = PLANE('',#1117);
#1117 = AXIS2_PLACEMENT_3D('',#1118,#1119,#1120);
#1118 = CARTESIAN_POINT('',(-95.9,-76.,27.));
#1119 = DIRECTION('',(0.,1.,0.));
#1120 = DIRECTION('',(0.,0.,1.));
#1121 = ADVANCED_FACE('',(#1122),#1134,.F.);
#1122 = FACE_BOUND('',#1123,.F.);
#1123 = EDGE_LOOP('',(#1124,#1125,#1126,#1132,#1133));
#1124 = ORIENTED_EDGE('',*,*,#1105,.F.);
#1125 = ORIENTED_EDGE('',*,*,#453,.T.);
#1126 = ORIENTED_EDGE('',*,*,#1127,.T.);
#1127 = EDGE_CURVE('',#446,#793,#1128,.T.);
#1128 = LINE('',#1129,#1130);
#1129 = CARTESIAN_POINT('',(-6.9,-45.,32.));
#1130 = VECTOR('',#1131,1.);
#1131 = DIRECTION('',(0.,0.,1.));
#1132 = ORIENTED_EDGE('',*,*,#792,.F.);
#1133 = ORIENTED_EDGE('',*,*,#912,.F.);
#1134 = PLANE('',#1135);
#1135 = AXIS2_PLACEMENT_3D('',#1136,#1137,#1138);
#1136 = CARTESIAN_POINT('',(-6.9,-108.,32.));
#1137 = DIRECTION('',(1.,0.,0.));
#1138 = DIRECTION('',(0.,0.,1.));
#1139 = ADVANCED_FACE('',(#1140),#1158,.F.);
#1140 = FACE_BOUND('',#1141,.F.);
#1141 = EDGE_LOOP('',(#1142,#1150,#1156,#1157));
#1142 = ORIENTED_EDGE('',*,*,#1143,.F.);
#1143 = EDGE_CURVE('',#1144,#430,#1146,.T.);
#1144 = VERTEX_POINT('',#1145);
#1145 = CARTESIAN_POINT('',(-16.,-45.,32.));
#1146 = LINE('',#1147,#1148);
#1147 = CARTESIAN_POINT('',(-16.,-45.,32.));
#1148 = VECTOR('',#1149,1.);
#1149 = DIRECTION('',(0.,1.,0.));
#1150 = ORIENTED_EDGE('',*,*,#1151,.T.);
#1151 = EDGE_CURVE('',#1144,#446,#1152,.T.);
#1152 = LINE('',#1153,#1154);
#1153 = CARTESIAN_POINT('',(-16.,-45.,32.));
#1154 = VECTOR('',#1155,1.);
#1155 = DIRECTION('',(1.,0.,0.));
#1156 = ORIENTED_EDGE('',*,*,#445,.T.);
#1157 = ORIENTED_EDGE('',*,*,#437,.F.);
#1158 = PLANE('',#1159);
#1159 = AXIS2_PLACEMENT_3D('',#1160,#1161,#1162);
#1160 = CARTESIAN_POINT('',(-16.,-45.,32.));
#1161 = DIRECTION('',(0.,0.,1.));
#1162 = DIRECTION('',(1.,0.,0.));
#1163 = ADVANCED_FACE('',(#1164),#1183,.F.);
#1164 = FACE_BOUND('',#1165,.F.);
#1165 = EDGE_LOOP('',(#1166,#1174,#1180,#1181,#1182));
#1166 = ORIENTED_EDGE('',*,*,#1167,.F.);
#1167 = EDGE_CURVE('',#1168,#414,#1170,.T.);
#1168 = VERTEX_POINT('',#1169);
#1169 = CARTESIAN_POINT('',(-19.,-45.,32.));
#1170 = LINE('',#1171,#1172);
#1171 = CARTESIAN_POINT('',(-19.,-45.,32.));
#1172 = VECTOR('',#1173,1.);
#1173 = DIRECTION('',(0.,1.,0.));
#1174 = ORIENTED_EDGE('',*,*,#1175,.T.);
#1175 = EDGE_CURVE('',#1168,#1144,#1176,.T.);
#1176 = LINE('',#1177,#1178);
#1177 = CARTESIAN_POINT('',(-19.,-45.,32.));
#1178 = VECTOR('',#1179,1.);
#1179 = DIRECTION('',(1.,0.,0.));
#1180 = ORIENTED_EDGE('',*,*,#1143,.T.);
#1181 = ORIENTED_EDGE('',*,*,#429,.T.);
#1182 = ORIENTED_EDGE('',*,*,#421,.F.);
#1183 = PLANE('',#1184);
#1184 = AXIS2_PLACEMENT_3D('',#1185,#1186,#1187);
#1185 = CARTESIAN_POINT('',(-19.,-45.,32.));
#1186 = DIRECTION('',(0.,0.,1.));
#1187 = DIRECTION('',(1.,0.,0.));
#1188 = ADVANCED_FACE('',(#1189),#1224,.F.);
#1189 = FACE_BOUND('',#1190,.F.);
#1190 = EDGE_LOOP('',(#1191,#1192,#1193,#1201,#1209,#1217,#1223));
#1191 = ORIENTED_EDGE('',*,*,#405,.F.);
#1192 = ORIENTED_EDGE('',*,*,#737,.T.);
#1193 = ORIENTED_EDGE('',*,*,#1194,.T.);
#1194 = EDGE_CURVE('',#738,#1195,#1197,.T.);
#1195 = VERTEX_POINT('',#1196);
#1196 = CARTESIAN_POINT('',(-42.,-24.,40.));
#1197 = LINE('',#1198,#1199);
#1198 = CARTESIAN_POINT('',(-52.,-24.,40.));
#1199 = VECTOR('',#1200,1.);
#1200 = DIRECTION('',(1.,0.,0.));
#1201 = ORIENTED_EDGE('',*,*,#1202,.F.);
#1202 = EDGE_CURVE('',#1203,#1195,#1205,.T.);
#1203 = VERTEX_POINT('',#1204);
#1204 = CARTESIAN_POINT('',(-42.,-24.,37.));
#1205 = LINE('',#1206,#1207);
#1206 = CARTESIAN_POINT('',(-42.,-24.,37.));
#1207 = VECTOR('',#1208,1.);
#1208 = DIRECTION('',(0.,0.,1.));
#1209 = ORIENTED_EDGE('',*,*,#1210,.T.);
#1210 = EDGE_CURVE('',#1203,#1211,#1213,.T.);
#1211 = VERTEX_POINT('',#1212);
#1212 = CARTESIAN_POINT('',(-19.,-24.,37.));
#1213 = LINE('',#1214,#1215);
#1214 = CARTESIAN_POINT('',(-42.,-24.,37.));
#1215 = VECTOR('',#1216,1.);
#1216 = DIRECTION('',(1.,0.,0.));
#1217 = ORIENTED_EDGE('',*,*,#1218,.F.);
#1218 = EDGE_CURVE('',#414,#1211,#1219,.T.);
#1219 = LINE('',#1220,#1221);
#1220 = CARTESIAN_POINT('',(-19.,-24.,32.));
#1221 = VECTOR('',#1222,1.);
#1222 = DIRECTION('',(0.,0.,1.));
#1223 = ORIENTED_EDGE('',*,*,#413,.F.);
#1224 = PLANE('',#1225);
#1225 = AXIS2_PLACEMENT_3D('',#1226,#1227,#1228);
#1226 = CARTESIAN_POINT('',(-52.,-24.,32.));
#1227 = DIRECTION('',(0.,1.,0.));
#1228 = DIRECTION('',(0.,0.,1.));
#1229 = ADVANCED_FACE('',(#1230),#1264,.F.);
#1230 = FACE_BOUND('',#1231,.F.);
#1231 = EDGE_LOOP('',(#1232,#1233,#1241,#1249,#1257,#1263));
#1232 = ORIENTED_EDGE('',*,*,#364,.F.);
#1233 = ORIENTED_EDGE('',*,*,#1234,.T.);
#1234 = EDGE_CURVE('',#357,#1235,#1237,.T.);
#1235 = VERTEX_POINT('',#1236);
#1236 = CARTESIAN_POINT('',(-95.9,-76.,37.));
#1237 = LINE('',#1238,#1239);
#1238 = CARTESIAN_POINT('',(-95.9,-76.,32.));
#1239 = VECTOR('',#1240,1.);
#1240 = DIRECTION('',(0.,0.,1.));
#1241 = ORIENTED_EDGE('',*,*,#1242,.T.);
#1242 = EDGE_CURVE('',#1235,#1243,#1245,.T.);
#1243 = VERTEX_POINT('',#1244);
#1244 = CARTESIAN_POINT('',(-91.,-76.,37.));
#1245 = LINE('',#1246,#1247);
#1246 = CARTESIAN_POINT('',(-95.9,-76.,37.));
#1247 = VECTOR('',#1248,1.);
#1248 = DIRECTION('',(1.,0.,0.));
#1249 = ORIENTED_EDGE('',*,*,#1250,.F.);
#1250 = EDGE_CURVE('',#1251,#1243,#1253,.T.);
#1251 = VERTEX_POINT('',#1252);
#1252 = CARTESIAN_POINT('',(-75.9,-76.,37.));
#1253 = LINE('',#1254,#1255);
#1254 = CARTESIAN_POINT('',(-100.95,-76.,37.));
#1255 = VECTOR('',#1256,1.);
#1256 = DIRECTION('',(-1.,0.,0.));
#1257 = ORIENTED_EDGE('',*,*,#1258,.F.);
#1258 = EDGE_CURVE('',#891,#1251,#1259,.T.);
#1259 = LINE('',#1260,#1261);
#1260 = CARTESIAN_POINT('',(-75.9,-76.,32.));
#1261 = VECTOR('',#1262,1.);
#1262 = DIRECTION('',(0.,0.,1.));
#1263 = ORIENTED_EDGE('',*,*,#890,.F.);
#1264 = PLANE('',#1265);
#1265 = AXIS2_PLACEMENT_3D('',#1266,#1267,#1268);
#1266 = CARTESIAN_POINT('',(-95.9,-76.,32.));
#1267 = DIRECTION('',(0.,1.,0.));
#1268 = DIRECTION('',(0.,0.,1.));
#1269 = ADVANCED_FACE('',(#1270),#1288,.T.);
#1270 = FACE_BOUND('',#1271,.T.);
#1271 = EDGE_LOOP('',(#1272,#1280,#1281,#1282));
#1272 = ORIENTED_EDGE('',*,*,#1273,.F.);
#1273 = EDGE_CURVE('',#349,#1274,#1276,.T.);
#1274 = VERTEX_POINT('',#1275);
#1275 = CARTESIAN_POINT('',(-95.9,-86.,37.));
#1276 = LINE('',#1277,#1278);
#1277 = CARTESIAN_POINT('',(-95.9,-86.,32.));
#1278 = VECTOR('',#1279,1.);
#1279 = DIRECTION('',(0.,0.,1.));
#1280 = ORIENTED_EDGE('',*,*,#356,.T.);
#1281 = ORIENTED_EDGE('',*,*,#1234,.T.);
#1282 = ORIENTED_EDGE('',*,*,#1283,.F.);
#1283 = EDGE_CURVE('',#1274,#1235,#1284,.T.);
#1284 = LINE('',#1285,#1286);
#1285 = CARTESIAN_POINT('',(-95.9,-86.,37.));
#1286 = VECTOR('',#1287,1.);
#1287 = DIRECTION('',(0.,1.,0.));
#1288 = PLANE('',#1289);
#1289 = AXIS2_PLACEMENT_3D('',#1290,#1291,#1292);
#1290 = CARTESIAN_POINT('',(-95.9,-86.,32.));
#1291 = DIRECTION('',(1.,0.,0.));
#1292 = DIRECTION('',(0.,0.,1.));
#1293 = ADVANCED_FACE('',(#1294),#1328,.T.);
#1294 = FACE_BOUND('',#1295,.T.);
#1295 = EDGE_LOOP('',(#1296,#1297,#1298,#1306,#1314,#1322));
#1296 = ORIENTED_EDGE('',*,*,#348,.F.);
#1297 = ORIENTED_EDGE('',*,*,#1273,.T.);
#1298 = ORIENTED_EDGE('',*,*,#1299,.T.);
#1299 = EDGE_CURVE('',#1274,#1300,#1302,.T.);
#1300 = VERTEX_POINT('',#1301);
#1301 = CARTESIAN_POINT('',(-91.,-86.,37.));
#1302 = LINE('',#1303,#1304);
#1303 = CARTESIAN_POINT('',(-95.9,-86.,37.));
#1304 = VECTOR('',#1305,1.);
#1305 = DIRECTION('',(1.,0.,0.));
#1306 = ORIENTED_EDGE('',*,*,#1307,.F.);
#1307 = EDGE_CURVE('',#1308,#1300,#1310,.T.);
#1308 = VERTEX_POINT('',#1309);
#1309 = CARTESIAN_POINT('',(-75.9,-86.,37.));
#1310 = LINE('',#1311,#1312);
#1311 = CARTESIAN_POINT('',(-100.95,-86.,37.));
#1312 = VECTOR('',#1313,1.);
#1313 = DIRECTION('',(-1.,0.,0.));
#1314 = ORIENTED_EDGE('',*,*,#1315,.F.);
#1315 = EDGE_CURVE('',#1316,#1308,#1318,.T.);
#1316 = VERTEX_POINT('',#1317);
#1317 = CARTESIAN_POINT('',(-75.9,-86.,33.792118241008));
#1318 = LINE('',#1319,#1320);
#1319 = CARTESIAN_POINT('',(-75.9,-86.,32.));
#1320 = VECTOR('',#1321,1.);
#1321 = DIRECTION('',(0.,0.,1.));
#1322 = ORIENTED_EDGE('',*,*,#1323,.F.);
#1323 = EDGE_CURVE('',#341,#1316,#1324,.T.);
#1324 = LINE('',#1325,#1326);
#1325 = CARTESIAN_POINT('',(-75.9,-86.,32.));
#1326 = VECTOR('',#1327,1.);
#1327 = DIRECTION('',(0.,0.,1.));
#1328 = PLANE('',#1329);
#1329 = AXIS2_PLACEMENT_3D('',#1330,#1331,#1332);
#1330 = CARTESIAN_POINT('',(-95.9,-86.,32.));
#1331 = DIRECTION('',(0.,1.,0.));
#1332 = DIRECTION('',(0.,0.,1.));
#1333 = ADVANCED_FACE('',(#1334),#1352,.T.);
#1334 = FACE_BOUND('',#1335,.T.);
#1335 = EDGE_LOOP('',(#1336,#1344,#1345,#1346));
#1336 = ORIENTED_EDGE('',*,*,#1337,.F.);
#1337 = EDGE_CURVE('',#333,#1338,#1340,.T.);
#1338 = VERTEX_POINT('',#1339);
#1339 = CARTESIAN_POINT('',(-60.9,-86.,33.792118241008));
#1340 = LINE('',#1341,#1342);
#1341 = CARTESIAN_POINT('',(-60.9,-86.,29.5));
#1342 = VECTOR('',#1343,1.);
#1343 = DIRECTION('',(0.,0.,1.));
#1344 = ORIENTED_EDGE('',*,*,#340,.T.);
#1345 = ORIENTED_EDGE('',*,*,#1323,.T.);
#1346 = ORIENTED_EDGE('',*,*,#1347,.F.);
#1347 = EDGE_CURVE('',#1338,#1316,#1348,.T.);
#1348 = LINE('',#1349,#1350);
#1349 = CARTESIAN_POINT('',(8.1,-86.,33.792118241008));
#1350 = VECTOR('',#1351,1.);
#1351 = DIRECTION('',(-1.,0.,0.));
#1352 = PLANE('',#1353);
#1353 = AXIS2_PLACEMENT_3D('',#1354,#1355,#1356);
#1354 = CARTESIAN_POINT('',(-95.9,-86.,27.));
#1355 = DIRECTION('',(0.,1.,0.));
#1356 = DIRECTION('',(0.,0.,1.));
#1357 = ADVANCED_FACE('',(#1358),#1384,.T.);
#1358 = FACE_BOUND('',#1359,.T.);
#1359 = EDGE_LOOP('',(#1360,#1368,#1369,#1370,#1378));
#1360 = ORIENTED_EDGE('',*,*,#1361,.F.);
#1361 = EDGE_CURVE('',#325,#1362,#1364,.T.);
#1362 = VERTEX_POINT('',#1363);
#1363 = CARTESIAN_POINT('',(-60.9,-98.,37.));
#1364 = LINE('',#1365,#1366);
#1365 = CARTESIAN_POINT('',(-60.9,-98.,22.));
#1366 = VECTOR('',#1367,1.);
#1367 = DIRECTION('',(0.,0.,1.));
#1368 = ORIENTED_EDGE('',*,*,#332,.T.);
#1369 = ORIENTED_EDGE('',*,*,#1337,.T.);
#1370 = ORIENTED_EDGE('',*,*,#1371,.T.);
#1371 = EDGE_CURVE('',#1338,#1372,#1374,.T.);
#1372 = VERTEX_POINT('',#1373);
#1373 = CARTESIAN_POINT('',(-60.9,-86.,37.));
#1374 = LINE('',#1375,#1376);
#1375 = CARTESIAN_POINT('',(-60.9,-86.,29.5));
#1376 = VECTOR('',#1377,1.);
#1377 = DIRECTION('',(0.,0.,1.));
#1378 = ORIENTED_EDGE('',*,*,#1379,.F.);
#1379 = EDGE_CURVE('',#1362,#1372,#1380,.T.);
#1380 = LINE('',#1381,#1382);
#1381 = CARTESIAN_POINT('',(-60.9,-108.,37.));
#1382 = VECTOR('',#1383,1.);
#1383 = DIRECTION('',(0.,1.,0.));
#1384 = PLANE('',#1385);
#1385 = AXIS2_PLACEMENT_3D('',#1386,#1387,#1388);
#1386 = CARTESIAN_POINT('',(-60.9,-108.,32.));
#1387 = DIRECTION('',(1.,0.,0.));
#1388 = DIRECTION('',(0.,0.,1.));
#1389 = ADVANCED_FACE('',(#1390),#1423,.T.);
#1390 = FACE_BOUND('',#1391,.T.);
#1391 = EDGE_LOOP('',(#1392,#1402,#1410,#1416,#1417));
#1392 = ORIENTED_EDGE('',*,*,#1393,.F.);
#1393 = EDGE_CURVE('',#1394,#1396,#1398,.T.);
#1394 = VERTEX_POINT('',#1395);
#1395 = CARTESIAN_POINT('',(-60.91,-98.,22.));
#1396 = VERTEX_POINT('',#1397);
#1397 = CARTESIAN_POINT('',(-60.9,-98.,22.));
#1398 = LINE('',#1399,#1400);
#1399 = CARTESIAN_POINT('',(-70.9,-98.,22.));
#1400 = VECTOR('',#1401,1.);
#1401 = DIRECTION('',(1.,0.,0.));
#1402 = ORIENTED_EDGE('',*,*,#1403,.F.);
#1403 = EDGE_CURVE('',#1404,#1394,#1406,.T.);
#1404 = VERTEX_POINT('',#1405);
#1405 = CARTESIAN_POINT('',(-70.9,-98.,31.99));
#1406 = LINE('',#1407,#1408);
#1407 = CARTESIAN_POINT('',(-65.905,-98.,26.995));
#1408 = VECTOR('',#1409,1.);
#1409 = DIRECTION('',(0.707106781187,0.,-0.707106781187));
#1410 = ORIENTED_EDGE('',*,*,#1411,.T.);
#1411 = EDGE_CURVE('',#1404,#317,#1412,.T.);
#1412 = LINE('',#1413,#1414);
#1413 = CARTESIAN_POINT('',(-70.9,-98.,22.));
#1414 = VECTOR('',#1415,1.);
#1415 = DIRECTION('',(0.,0.,1.));
#1416 = ORIENTED_EDGE('',*,*,#324,.F.);
#1417 = ORIENTED_EDGE('',*,*,#1418,.F.);
#1418 = EDGE_CURVE('',#1396,#325,#1419,.T.);
#1419 = LINE('',#1420,#1421);
#1420 = CARTESIAN_POINT('',(-60.9,-98.,22.));
#1421 = VECTOR('',#1422,1.);
#1422 = DIRECTION('',(0.,0.,1.));
#1423 = PLANE('',#1424);
#1424 = AXIS2_PLACEMENT_3D('',#1425,#1426,#1427);
#1425 = CARTESIAN_POINT('',(-70.9,-98.,22.));
#1426 = DIRECTION('',(0.,1.,0.));
#1427 = DIRECTION('',(0.,0.,1.));
#1428 = ADVANCED_FACE('',(#1429),#1447,.F.);
#1429 = FACE_BOUND('',#1430,.F.);
#1430 = EDGE_LOOP('',(#1431,#1439,#1445,#1446));
#1431 = ORIENTED_EDGE('',*,*,#1432,.F.);
#1432 = EDGE_CURVE('',#1433,#309,#1435,.T.);
#1433 = VERTEX_POINT('',#1434);
#1434 = CARTESIAN_POINT('',(-70.9,-108.,31.99));
#1435 = LINE('',#1436,#1437);
#1436 = CARTESIAN_POINT('',(-70.9,-108.,22.));
#1437 = VECTOR('',#1438,1.);
#1438 = DIRECTION('',(0.,0.,1.));
#1439 = ORIENTED_EDGE('',*,*,#1440,.T.);
#1440 = EDGE_CURVE('',#1433,#1404,#1441,.T.);
#1441 = LINE('',#1442,#1443);
#1442 = CARTESIAN_POINT('',(-70.9,-108.,31.99));
#1443 = VECTOR('',#1444,1.);
#1444 = DIRECTION('',(0.,1.,0.));
#1445 = ORIENTED_EDGE('',*,*,#1411,.T.);
#1446 = ORIENTED_EDGE('',*,*,#316,.F.);
#1447 = PLANE('',#1448);
#1448 = AXIS2_PLACEMENT_3D('',#1449,#1450,#1451);
#1449 = CARTESIAN_POINT('',(-70.9,-108.,22.));
#1450 = DIRECTION('',(1.,0.,0.));
#1451 = DIRECTION('',(0.,0.,1.));
#1452 = ADVANCED_FACE('',(#1453),#1486,.F.);
#1453 = FACE_BOUND('',#1454,.F.);
#1454 = EDGE_LOOP('',(#1455,#1456,#1464,#1472,#1480));
#1455 = ORIENTED_EDGE('',*,*,#308,.F.);
#1456 = ORIENTED_EDGE('',*,*,#1457,.T.);
#1457 = EDGE_CURVE('',#301,#1458,#1460,.T.);
#1458 = VERTEX_POINT('',#1459);
#1459 = CARTESIAN_POINT('',(-106.,-108.,37.));
#1460 = LINE('',#1461,#1462);
#1461 = CARTESIAN_POINT('',(-106.,-108.,32.));
#1462 = VECTOR('',#1463,1.);
#1463 = DIRECTION('',(0.,0.,1.));
#1464 = ORIENTED_EDGE('',*,*,#1465,.T.);
#1465 = EDGE_CURVE('',#1458,#1466,#1468,.T.);
#1466 = VERTEX_POINT('',#1467);
#1467 = CARTESIAN_POINT('',(-91.,-108.,37.));
#1468 = LINE('',#1469,#1470);
#1469 = CARTESIAN_POINT('',(-106.,-108.,37.));
#1470 = VECTOR('',#1471,1.);
#1471 = DIRECTION('',(1.,0.,0.));
#1472 = ORIENTED_EDGE('',*,*,#1473,.T.);
#1473 = EDGE_CURVE('',#1466,#1474,#1476,.T.);
#1474 = VERTEX_POINT('',#1475);
#1475 = CARTESIAN_POINT('',(-70.9,-108.,37.));
#1476 = LINE('',#1477,#1478);
#1477 = CARTESIAN_POINT('',(-106.,-108.,37.));
#1478 = VECTOR('',#1479,1.);
#1479 = DIRECTION('',(1.,0.,0.));
#1480 = ORIENTED_EDGE('',*,*,#1481,.F.);
#1481 = EDGE_CURVE('',#309,#1474,#1482,.T.);
#1482 = LINE('',#1483,#1484);
#1483 = CARTESIAN_POINT('',(-70.9,-108.,22.));
#1484 = VECTOR('',#1485,1.);
#1485 = DIRECTION('',(0.,0.,1.));
#1486 = PLANE('',#1487);
#1487 = AXIS2_PLACEMENT_3D('',#1488,#1489,#1490);
#1488 = CARTESIAN_POINT('',(-106.,-108.,32.));
#1489 = DIRECTION('',(0.,1.,0.));
#1490 = DIRECTION('',(0.,0.,1.));
#1491 = ADVANCED_FACE('',(#1492),#1534,.F.);
#1492 = FACE_BOUND('',#1493,.F.);
#1493 = EDGE_LOOP('',(#1494,#1495,#1496,#1504,#1512,#1520,#1528));
#1494 = ORIENTED_EDGE('',*,*,#1457,.F.);
#1495 = ORIENTED_EDGE('',*,*,#300,.T.);
#1496 = ORIENTED_EDGE('',*,*,#1497,.F.);
#1497 = EDGE_CURVE('',#1498,#293,#1500,.T.);
#1498 = VERTEX_POINT('',#1499);
#1499 = CARTESIAN_POINT('',(-106.,-27.00000004772,37.));
#1500 = LINE('',#1501,#1502);
#1501 = CARTESIAN_POINT('',(-106.,-27.,32.));
#1502 = VECTOR('',#1503,1.);
#1503 = DIRECTION('',(-0.,-0.,-1.));
#1504 = ORIENTED_EDGE('',*,*,#1505,.F.);
#1505 = EDGE_CURVE('',#1506,#1498,#1508,.T.);
#1506 = VERTEX_POINT('',#1507);
#1507 = CARTESIAN_POINT('',(-106.,-32.,37.));
#1508 = LINE('',#1509,#1510);
#1509 = CARTESIAN_POINT('',(-106.,-108.,37.));
#1510 = VECTOR('',#1511,1.);
#1511 = DIRECTION('',(0.,1.,0.));
#1512 = ORIENTED_EDGE('',*,*,#1513,.F.);
#1513 = EDGE_CURVE('',#1514,#1506,#1516,.T.);
#1514 = VERTEX_POINT('',#1515);
#1515 = CARTESIAN_POINT('',(-106.,-37.,37.));
#1516 = LINE('',#1517,#1518);
#1517 = CARTESIAN_POINT('',(-106.,-108.,37.));
#1518 = VECTOR('',#1519,1.);
#1519 = DIRECTION('',(0.,1.,0.));
#1520 = ORIENTED_EDGE('',*,*,#1521,.F.);
#1521 = EDGE_CURVE('',#1522,#1514,#1524,.T.);
#1522 = VERTEX_POINT('',#1523);
#1523 = CARTESIAN_POINT('',(-106.,-58.,37.));
#1524 = LINE('',#1525,#1526);
#1525 = CARTESIAN_POINT('',(-106.,-108.,37.));
#1526 = VECTOR('',#1527,1.);
#1527 = DIRECTION('',(0.,1.,0.));
#1528 = ORIENTED_EDGE('',*,*,#1529,.T.);
#1529 = EDGE_CURVE('',#1522,#1458,#1530,.T.);
#1530 = LINE('',#1531,#1532);
#1531 = CARTESIAN_POINT('',(-106.,-58.,37.));
#1532 = VECTOR('',#1533,1.);
#1533 = DIRECTION('',(0.,-1.,0.));
#1534 = PLANE('',#1535);
#1535 = AXIS2_PLACEMENT_3D('',#1536,#1537,#1538);
#1536 = CARTESIAN_POINT('',(-106.,-108.,32.));
#1537 = DIRECTION('',(1.,0.,0.));
#1538 = DIRECTION('',(0.,0.,1.));
#1539 = ADVANCED_FACE('',(#1540),#1597,.F.);
#1540 = FACE_BOUND('',#1541,.F.);
#1541 = EDGE_LOOP('',(#1542,#1543,#1544,#1550,#1551,#1559,#1567,#1575,
    #1583,#1591));
#1542 = ORIENTED_EDGE('',*,*,#1497,.T.);
#1543 = ORIENTED_EDGE('',*,*,#292,.T.);
#1544 = ORIENTED_EDGE('',*,*,#1545,.T.);
#1545 = EDGE_CURVE('',#285,#261,#1546,.T.);
#1546 = LINE('',#1547,#1548);
#1547 = CARTESIAN_POINT('',(-106.,-108.,32.));
#1548 = VECTOR('',#1549,1.);
#1549 = DIRECTION('',(0.,1.,0.));
#1550 = ORIENTED_EDGE('',*,*,#260,.T.);
#1551 = ORIENTED_EDGE('',*,*,#1552,.F.);
#1552 = EDGE_CURVE('',#1553,#253,#1555,.T.);
#1553 = VERTEX_POINT('',#1554);
#1554 = CARTESIAN_POINT('',(-106.,71.,37.));
#1555 = LINE('',#1556,#1557);
#1556 = CARTESIAN_POINT('',(-106.,71.,32.));
#1557 = VECTOR('',#1558,1.);
#1558 = DIRECTION('',(-0.,-0.,-1.));
#1559 = ORIENTED_EDGE('',*,*,#1560,.F.);
#1560 = EDGE_CURVE('',#1561,#1553,#1563,.T.);
#1561 = VERTEX_POINT('',#1562);
#1562 = CARTESIAN_POINT('',(-106.,66.,37.));
#1563 = LINE('',#1564,#1565);
#1564 = CARTESIAN_POINT('',(-106.,-108.,37.));
#1565 = VECTOR('',#1566,1.);
#1566 = DIRECTION('',(0.,1.,0.));
#1567 = ORIENTED_EDGE('',*,*,#1568,.F.);
#1568 = EDGE_CURVE('',#1569,#1561,#1571,.T.);
#1569 = VERTEX_POINT('',#1570);
#1570 = CARTESIAN_POINT('',(-106.,61.,37.));
#1571 = LINE('',#1572,#1573);
#1572 = CARTESIAN_POINT('',(-106.,-108.,37.));
#1573 = VECTOR('',#1574,1.);
#1574 = DIRECTION('',(0.,1.,0.));
#1575 = ORIENTED_EDGE('',*,*,#1576,.F.);
#1576 = EDGE_CURVE('',#1577,#1569,#1579,.T.);
#1577 = VERTEX_POINT('',#1578);
#1578 = CARTESIAN_POINT('',(-106.,-17.,37.));
#1579 = LINE('',#1580,#1581);
#1580 = CARTESIAN_POINT('',(-106.,-108.,37.));
#1581 = VECTOR('',#1582,1.);
#1582 = DIRECTION('',(0.,1.,0.));
#1583 = ORIENTED_EDGE('',*,*,#1584,.F.);
#1584 = EDGE_CURVE('',#1585,#1577,#1587,.T.);
#1585 = VERTEX_POINT('',#1586);
#1586 = CARTESIAN_POINT('',(-106.,-22.,37.));
#1587 = LINE('',#1588,#1589);
#1588 = CARTESIAN_POINT('',(-106.,-108.,37.));
#1589 = VECTOR('',#1590,1.);
#1590 = DIRECTION('',(0.,1.,0.));
#1591 = ORIENTED_EDGE('',*,*,#1592,.F.);
#1592 = EDGE_CURVE('',#1498,#1585,#1593,.T.);
#1593 = LINE('',#1594,#1595);
#1594 = CARTESIAN_POINT('',(-106.,-108.,37.));
#1595 = VECTOR('',#1596,1.);
#1596 = DIRECTION('',(0.,1.,0.));
#1597 = PLANE('',#1598);
#1598 = AXIS2_PLACEMENT_3D('',#1599,#1600,#1601);
#1599 = CARTESIAN_POINT('',(-106.,-108.,32.));
#1600 = DIRECTION('',(1.,0.,0.));
#1601 = DIRECTION('',(0.,0.,1.));
#1602 = ADVANCED_FACE('',(#1603),#1636,.F.);
#1603 = FACE_BOUND('',#1604,.F.);
#1604 = EDGE_LOOP('',(#1605,#1615,#1621,#1622,#1630));
#1605 = ORIENTED_EDGE('',*,*,#1606,.F.);
#1606 = EDGE_CURVE('',#1607,#1609,#1611,.T.);
#1607 = VERTEX_POINT('',#1608);
#1608 = CARTESIAN_POINT('',(-106.,-14.,25.1));
#1609 = VERTEX_POINT('',#1610);
#1610 = CARTESIAN_POINT('',(-98.,-14.,25.1));
#1611 = LINE('',#1612,#1613);
#1612 = CARTESIAN_POINT('',(-106.,-14.,25.1));
#1613 = VECTOR('',#1614,1.);
#1614 = DIRECTION('',(1.,0.,0.));
#1615 = ORIENTED_EDGE('',*,*,#1616,.T.);
#1616 = EDGE_CURVE('',#1607,#285,#1617,.T.);
#1617 = LINE('',#1618,#1619);
#1618 = CARTESIAN_POINT('',(-106.,-14.,25.1));
#1619 = VECTOR('',#1620,1.);
#1620 = DIRECTION('',(0.,0.,1.));
#1621 = ORIENTED_EDGE('',*,*,#284,.T.);
#1622 = ORIENTED_EDGE('',*,*,#1623,.F.);
#1623 = EDGE_CURVE('',#1624,#277,#1626,.T.);
#1624 = VERTEX_POINT('',#1625);
#1625 = CARTESIAN_POINT('',(-90.,-14.,25.1));
#1626 = LINE('',#1627,#1628);
#1627 = CARTESIAN_POINT('',(-90.,-14.,25.1));
#1628 = VECTOR('',#1629,1.);
#1629 = DIRECTION('',(0.,0.,1.));
#1630 = ORIENTED_EDGE('',*,*,#1631,.F.);
#1631 = EDGE_CURVE('',#1609,#1624,#1632,.T.);
#1632 = LINE('',#1633,#1634);
#1633 = CARTESIAN_POINT('',(-106.,-14.,25.1));
#1634 = VECTOR('',#1635,1.);
#1635 = DIRECTION('',(1.,0.,0.));
#1636 = PLANE('',#1637);
#1637 = AXIS2_PLACEMENT_3D('',#1638,#1639,#1640);
#1638 = CARTESIAN_POINT('',(-106.,-14.,25.1));
#1639 = DIRECTION('',(0.,1.,0.));
#1640 = DIRECTION('',(0.,0.,1.));
#1641 = ADVANCED_FACE('',(#1642),#1660,.T.);
#1642 = FACE_BOUND('',#1643,.T.);
#1643 = EDGE_LOOP('',(#1644,#1645,#1653,#1659));
#1644 = ORIENTED_EDGE('',*,*,#1623,.F.);
#1645 = ORIENTED_EDGE('',*,*,#1646,.T.);
#1646 = EDGE_CURVE('',#1624,#1647,#1649,.T.);
#1647 = VERTEX_POINT('',#1648);
#1648 = CARTESIAN_POINT('',(-90.,-6.,25.1));
#1649 = LINE('',#1650,#1651);
#1650 = CARTESIAN_POINT('',(-90.,-14.,25.1));
#1651 = VECTOR('',#1652,1.);
#1652 = DIRECTION('',(0.,1.,0.));
#1653 = ORIENTED_EDGE('',*,*,#1654,.T.);
#1654 = EDGE_CURVE('',#1647,#269,#1655,.T.);
#1655 = LINE('',#1656,#1657);
#1656 = CARTESIAN_POINT('',(-90.,-6.,25.1));
#1657 = VECTOR('',#1658,1.);
#1658 = DIRECTION('',(0.,0.,1.));
#1659 = ORIENTED_EDGE('',*,*,#276,.F.);
#1660 = PLANE('',#1661);
#1661 = AXIS2_PLACEMENT_3D('',#1662,#1663,#1664);
#1662 = CARTESIAN_POINT('',(-90.,-14.,25.1));
#1663 = DIRECTION('',(1.,0.,0.));
#1664 = DIRECTION('',(0.,0.,1.));
#1665 = ADVANCED_FACE('',(#1666),#1692,.T.);
#1666 = FACE_BOUND('',#1667,.T.);
#1667 = EDGE_LOOP('',(#1668,#1678,#1684,#1685,#1686));
#1668 = ORIENTED_EDGE('',*,*,#1669,.F.);
#1669 = EDGE_CURVE('',#1670,#1672,#1674,.T.);
#1670 = VERTEX_POINT('',#1671);
#1671 = CARTESIAN_POINT('',(-106.,-6.,25.1));
#1672 = VERTEX_POINT('',#1673);
#1673 = CARTESIAN_POINT('',(-98.,-6.,25.1));
#1674 = LINE('',#1675,#1676);
#1675 = CARTESIAN_POINT('',(-106.,-6.,25.1));
#1676 = VECTOR('',#1677,1.);
#1677 = DIRECTION('',(1.,0.,0.));
#1678 = ORIENTED_EDGE('',*,*,#1679,.T.);
#1679 = EDGE_CURVE('',#1670,#261,#1680,.T.);
#1680 = LINE('',#1681,#1682);
#1681 = CARTESIAN_POINT('',(-106.,-6.,25.1));
#1682 = VECTOR('',#1683,1.);
#1683 = DIRECTION('',(0.,0.,1.));
#1684 = ORIENTED_EDGE('',*,*,#268,.T.);
#1685 = ORIENTED_EDGE('',*,*,#1654,.F.);
#1686 = ORIENTED_EDGE('',*,*,#1687,.F.);
#1687 = EDGE_CURVE('',#1672,#1647,#1688,.T.);
#1688 = LINE('',#1689,#1690);
#1689 = CARTESIAN_POINT('',(-106.,-6.,25.1));
#1690 = VECTOR('',#1691,1.);
#1691 = DIRECTION('',(1.,0.,0.));
#1692 = PLANE('',#1693);
#1693 = AXIS2_PLACEMENT_3D('',#1694,#1695,#1696);
#1694 = CARTESIAN_POINT('',(-106.,-6.,25.1));
#1695 = DIRECTION('',(0.,1.,0.));
#1696 = DIRECTION('',(0.,0.,1.));
#1697 = ADVANCED_FACE('',(#1698),#1724,.F.);
#1698 = FACE_BOUND('',#1699,.F.);
#1699 = EDGE_LOOP('',(#1700,#1701,#1702,#1710,#1718));
#1700 = ORIENTED_EDGE('',*,*,#1552,.T.);
#1701 = ORIENTED_EDGE('',*,*,#252,.T.);
#1702 = ORIENTED_EDGE('',*,*,#1703,.T.);
#1703 = EDGE_CURVE('',#245,#1704,#1706,.T.);
#1704 = VERTEX_POINT('',#1705);
#1705 = CARTESIAN_POINT('',(-106.,81.,37.));
#1706 = LINE('',#1707,#1708);
#1707 = CARTESIAN_POINT('',(-106.,81.,32.));
#1708 = VECTOR('',#1709,1.);
#1709 = DIRECTION('',(0.,0.,1.));
#1710 = ORIENTED_EDGE('',*,*,#1711,.F.);
#1711 = EDGE_CURVE('',#1712,#1704,#1714,.T.);
#1712 = VERTEX_POINT('',#1713);
#1713 = CARTESIAN_POINT('',(-106.,76.,37.));
#1714 = LINE('',#1715,#1716);
#1715 = CARTESIAN_POINT('',(-106.,-108.,37.));
#1716 = VECTOR('',#1717,1.);
#1717 = DIRECTION('',(0.,1.,0.));
#1718 = ORIENTED_EDGE('',*,*,#1719,.F.);
#1719 = EDGE_CURVE('',#1553,#1712,#1720,.T.);
#1720 = LINE('',#1721,#1722);
#1721 = CARTESIAN_POINT('',(-106.,-108.,37.));
#1722 = VECTOR('',#1723,1.);
#1723 = DIRECTION('',(0.,1.,0.));
#1724 = PLANE('',#1725);
#1725 = AXIS2_PLACEMENT_3D('',#1726,#1727,#1728);
#1726 = CARTESIAN_POINT('',(-106.,-108.,32.));
#1727 = DIRECTION('',(1.,0.,0.));
#1728 = DIRECTION('',(0.,0.,1.));
#1729 = ADVANCED_FACE('',(#1730),#1796,.T.);
#1730 = FACE_BOUND('',#1731,.T.);
#1731 = EDGE_LOOP('',(#1732,#1733,#1734,#1742,#1750,#1758,#1766,#1774,
    #1782,#1790));
#1732 = ORIENTED_EDGE('',*,*,#244,.F.);
#1733 = ORIENTED_EDGE('',*,*,#1703,.T.);
#1734 = ORIENTED_EDGE('',*,*,#1735,.T.);
#1735 = EDGE_CURVE('',#1704,#1736,#1738,.T.);
#1736 = VERTEX_POINT('',#1737);
#1737 = CARTESIAN_POINT('',(-96.,81.,37.));
#1738 = LINE('',#1739,#1740);
#1739 = CARTESIAN_POINT('',(-106.,81.,37.));
#1740 = VECTOR('',#1741,1.);
#1741 = DIRECTION('',(1.,0.,0.));
#1742 = ORIENTED_EDGE('',*,*,#1743,.T.);
#1743 = EDGE_CURVE('',#1736,#1744,#1746,.T.);
#1744 = VERTEX_POINT('',#1745);
#1745 = CARTESIAN_POINT('',(-62.,81.,37.));
#1746 = LINE('',#1747,#1748);
#1747 = CARTESIAN_POINT('',(-106.,81.,37.));
#1748 = VECTOR('',#1749,1.);
#1749 = DIRECTION('',(1.,0.,0.));
#1750 = ORIENTED_EDGE('',*,*,#1751,.T.);
#1751 = EDGE_CURVE('',#1744,#1752,#1754,.T.);
#1752 = VERTEX_POINT('',#1753);
#1753 = CARTESIAN_POINT('',(-52.,81.,37.));
#1754 = LINE('',#1755,#1756);
#1755 = CARTESIAN_POINT('',(-106.,81.,37.));
#1756 = VECTOR('',#1757,1.);
#1757 = DIRECTION('',(1.,0.,0.));
#1758 = ORIENTED_EDGE('',*,*,#1759,.T.);
#1759 = EDGE_CURVE('',#1752,#1760,#1762,.T.);
#1760 = VERTEX_POINT('',#1761);
#1761 = CARTESIAN_POINT('',(-42.,81.,37.));
#1762 = LINE('',#1763,#1764);
#1763 = CARTESIAN_POINT('',(-106.,81.,37.));
#1764 = VECTOR('',#1765,1.);
#1765 = DIRECTION('',(1.,0.,0.));
#1766 = ORIENTED_EDGE('',*,*,#1767,.T.);
#1767 = EDGE_CURVE('',#1760,#1768,#1770,.T.);
#1768 = VERTEX_POINT('',#1769);
#1769 = CARTESIAN_POINT('',(28.,81.,37.));
#1770 = LINE('',#1771,#1772);
#1771 = CARTESIAN_POINT('',(-106.,81.,37.));
#1772 = VECTOR('',#1773,1.);
#1773 = DIRECTION('',(1.,0.,0.));
#1774 = ORIENTED_EDGE('',*,*,#1775,.T.);
#1775 = EDGE_CURVE('',#1768,#1776,#1778,.T.);
#1776 = VERTEX_POINT('',#1777);
#1777 = CARTESIAN_POINT('',(38.,81.,37.));
#1778 = LINE('',#1779,#1780);
#1779 = CARTESIAN_POINT('',(-106.,81.,37.));
#1780 = VECTOR('',#1781,1.);
#1781 = DIRECTION('',(1.,0.,0.));
#1782 = ORIENTED_EDGE('',*,*,#1783,.T.);
#1783 = EDGE_CURVE('',#1776,#1784,#1786,.T.);
#1784 = VERTEX_POINT('',#1785);
#1785 = CARTESIAN_POINT('',(38.2,81.,37.));
#1786 = LINE('',#1787,#1788);
#1787 = CARTESIAN_POINT('',(-106.,81.,37.));
#1788 = VECTOR('',#1789,1.);
#1789 = DIRECTION('',(1.,0.,0.));
#1790 = ORIENTED_EDGE('',*,*,#1791,.F.);
#1791 = EDGE_CURVE('',#237,#1784,#1792,.T.);
#1792 = LINE('',#1793,#1794);
#1793 = CARTESIAN_POINT('',(38.2,81.,32.));
#1794 = VECTOR('',#1795,1.);
#1795 = DIRECTION('',(0.,0.,1.));
#1796 = PLANE('',#1797);
#1797 = AXIS2_PLACEMENT_3D('',#1798,#1799,#1800);
#1798 = CARTESIAN_POINT('',(-106.,81.,32.));
#1799 = DIRECTION('',(0.,1.,0.));
#1800 = DIRECTION('',(0.,0.,1.));
#1801 = ADVANCED_FACE('',(#1802),#1835,.T.);
#1802 = FACE_BOUND('',#1803,.T.);
#1803 = EDGE_LOOP('',(#1804,#1812,#1813,#1819,#1820,#1821,#1829));
#1804 = ORIENTED_EDGE('',*,*,#1805,.F.);
#1805 = EDGE_CURVE('',#189,#1806,#1808,.T.);
#1806 = VERTEX_POINT('',#1807);
#1807 = CARTESIAN_POINT('',(38.2,-108.,37.));
#1808 = LINE('',#1809,#1810);
#1809 = CARTESIAN_POINT('',(38.2,-108.,32.));
#1810 = VECTOR('',#1811,1.);
#1811 = DIRECTION('',(0.,0.,1.));
#1812 = ORIENTED_EDGE('',*,*,#196,.T.);
#1813 = ORIENTED_EDGE('',*,*,#1814,.T.);
#1814 = EDGE_CURVE('',#197,#229,#1815,.T.);
#1815 = LINE('',#1816,#1817);
#1816 = CARTESIAN_POINT('',(38.2,-108.,32.));
#1817 = VECTOR('',#1818,1.);
#1818 = DIRECTION('',(0.,1.,0.));
#1819 = ORIENTED_EDGE('',*,*,#236,.T.);
#1820 = ORIENTED_EDGE('',*,*,#1791,.T.);
#1821 = ORIENTED_EDGE('',*,*,#1822,.F.);
#1822 = EDGE_CURVE('',#1823,#1784,#1825,.T.);
#1823 = VERTEX_POINT('',#1824);
#1824 = CARTESIAN_POINT('',(38.2,-58.,37.));
#1825 = LINE('',#1826,#1827);
#1826 = CARTESIAN_POINT('',(38.2,-108.,37.));
#1827 = VECTOR('',#1828,1.);
#1828 = DIRECTION('',(0.,1.,0.));
#1829 = ORIENTED_EDGE('',*,*,#1830,.T.);
#1830 = EDGE_CURVE('',#1823,#1806,#1831,.T.);
#1831 = LINE('',#1832,#1833);
#1832 = CARTESIAN_POINT('',(38.2,-58.,37.));
#1833 = VECTOR('',#1834,1.);
#1834 = DIRECTION('',(0.,-1.,0.));
#1835 = PLANE('',#1836);
#1836 = AXIS2_PLACEMENT_3D('',#1837,#1838,#1839);
#1837 = CARTESIAN_POINT('',(38.2,-108.,32.));
#1838 = DIRECTION('',(1.,0.,0.));
#1839 = DIRECTION('',(0.,0.,1.));
#1840 = ADVANCED_FACE('',(#1841),#1874,.T.);
#1841 = FACE_BOUND('',#1842,.T.);
#1842 = EDGE_LOOP('',(#1843,#1853,#1859,#1860,#1868));
#1843 = ORIENTED_EDGE('',*,*,#1844,.F.);
#1844 = EDGE_CURVE('',#1845,#1847,#1849,.T.);
#1845 = VERTEX_POINT('',#1846);
#1846 = CARTESIAN_POINT('',(22.2,-6.,25.1));
#1847 = VERTEX_POINT('',#1848);
#1848 = CARTESIAN_POINT('',(30.2,-6.,25.1));
#1849 = LINE('',#1850,#1851);
#1850 = CARTESIAN_POINT('',(22.2,-6.,25.1));
#1851 = VECTOR('',#1852,1.);
#1852 = DIRECTION('',(1.,0.,0.));
#1853 = ORIENTED_EDGE('',*,*,#1854,.T.);
#1854 = EDGE_CURVE('',#1845,#221,#1855,.T.);
#1855 = LINE('',#1856,#1857);
#1856 = CARTESIAN_POINT('',(22.2,-6.,25.1));
#1857 = VECTOR('',#1858,1.);
#1858 = DIRECTION('',(0.,0.,1.));
#1859 = ORIENTED_EDGE('',*,*,#228,.T.);
#1860 = ORIENTED_EDGE('',*,*,#1861,.F.);
#1861 = EDGE_CURVE('',#1862,#229,#1864,.T.);
#1862 = VERTEX_POINT('',#1863);
#1863 = CARTESIAN_POINT('',(38.2,-6.,25.1));
#1864 = LINE('',#1865,#1866);
#1865 = CARTESIAN_POINT('',(38.2,-6.,25.1));
#1866 = VECTOR('',#1867,1.);
#1867 = DIRECTION('',(0.,0.,1.));
#1868 = ORIENTED_EDGE('',*,*,#1869,.F.);
#1869 = EDGE_CURVE('',#1847,#1862,#1870,.T.);
#1870 = LINE('',#1871,#1872);
#1871 = CARTESIAN_POINT('',(22.2,-6.,25.1));
#1872 = VECTOR('',#1873,1.);
#1873 = DIRECTION('',(1.,0.,0.));
#1874 = PLANE('',#1875);
#1875 = AXIS2_PLACEMENT_3D('',#1876,#1877,#1878);
#1876 = CARTESIAN_POINT('',(22.2,-6.,25.1));
#1877 = DIRECTION('',(0.,1.,0.));
#1878 = DIRECTION('',(0.,0.,1.));
#1879 = ADVANCED_FACE('',(#1880),#1898,.F.);
#1880 = FACE_BOUND('',#1881,.F.);
#1881 = EDGE_LOOP('',(#1882,#1890,#1896,#1897));
#1882 = ORIENTED_EDGE('',*,*,#1883,.F.);
#1883 = EDGE_CURVE('',#1884,#213,#1886,.T.);
#1884 = VERTEX_POINT('',#1885);
#1885 = CARTESIAN_POINT('',(22.2,-14.,25.1));
#1886 = LINE('',#1887,#1888);
#1887 = CARTESIAN_POINT('',(22.2,-14.,25.1));
#1888 = VECTOR('',#1889,1.);
#1889 = DIRECTION('',(0.,0.,1.));
#1890 = ORIENTED_EDGE('',*,*,#1891,.T.);
#1891 = EDGE_CURVE('',#1884,#1845,#1892,.T.);
#1892 = LINE('',#1893,#1894);
#1893 = CARTESIAN_POINT('',(22.2,-14.,25.1));
#1894 = VECTOR('',#1895,1.);
#1895 = DIRECTION('',(0.,1.,0.));
#1896 = ORIENTED_EDGE('',*,*,#1854,.T.);
#1897 = ORIENTED_EDGE('',*,*,#220,.F.);
#1898 = PLANE('',#1899);
#1899 = AXIS2_PLACEMENT_3D('',#1900,#1901,#1902);
#1900 = CARTESIAN_POINT('',(22.2,-14.,25.1));
#1901 = DIRECTION('',(1.,0.,0.));
#1902 = DIRECTION('',(0.,0.,1.));
#1903 = ADVANCED_FACE('',(#1904),#1931,.F.);
#1904 = FACE_BOUND('',#1905,.F.);
#1905 = EDGE_LOOP('',(#1906,#1914,#1915,#1916,#1917,#1925));
#1906 = ORIENTED_EDGE('',*,*,#1907,.F.);
#1907 = EDGE_CURVE('',#1884,#1908,#1910,.T.);
#1908 = VERTEX_POINT('',#1909);
#1909 = CARTESIAN_POINT('',(30.2,-14.,25.1));
#1910 = LINE('',#1911,#1912);
#1911 = CARTESIAN_POINT('',(22.2,-14.,25.1));
#1912 = VECTOR('',#1913,1.);
#1913 = DIRECTION('',(1.,0.,0.));
#1914 = ORIENTED_EDGE('',*,*,#1883,.T.);
#1915 = ORIENTED_EDGE('',*,*,#212,.T.);
#1916 = ORIENTED_EDGE('',*,*,#204,.T.);
#1917 = ORIENTED_EDGE('',*,*,#1918,.F.);
#1918 = EDGE_CURVE('',#1919,#197,#1921,.T.);
#1919 = VERTEX_POINT('',#1920);
#1920 = CARTESIAN_POINT('',(38.2,-14.,25.1));
#1921 = LINE('',#1922,#1923);
#1922 = CARTESIAN_POINT('',(38.2,-14.,25.1));
#1923 = VECTOR('',#1924,1.);
#1924 = DIRECTION('',(0.,0.,1.));
#1925 = ORIENTED_EDGE('',*,*,#1926,.F.);
#1926 = EDGE_CURVE('',#1908,#1919,#1927,.T.);
#1927 = LINE('',#1928,#1929);
#1928 = CARTESIAN_POINT('',(22.2,-14.,25.1));
#1929 = VECTOR('',#1930,1.);
#1930 = DIRECTION('',(1.,0.,0.));
#1931 = PLANE('',#1932);
#1932 = AXIS2_PLACEMENT_3D('',#1933,#1934,#1935);
#1933 = CARTESIAN_POINT('',(22.2,-14.,25.1));
#1934 = DIRECTION('',(0.,1.,0.));
#1935 = DIRECTION('',(0.,0.,1.));
#1936 = ADVANCED_FACE('',(#1937),#1963,.F.);
#1937 = FACE_BOUND('',#1938,.F.);
#1938 = EDGE_LOOP('',(#1939,#1940,#1948,#1956,#1962));
#1939 = ORIENTED_EDGE('',*,*,#188,.F.);
#1940 = ORIENTED_EDGE('',*,*,#1941,.T.);
#1941 = EDGE_CURVE('',#181,#1942,#1944,.T.);
#1942 = VERTEX_POINT('',#1943);
#1943 = CARTESIAN_POINT('',(3.1,-108.,37.));
#1944 = LINE('',#1945,#1946);
#1945 = CARTESIAN_POINT('',(3.1,-108.,22.));
#1946 = VECTOR('',#1947,1.);
#1947 = DIRECTION('',(0.,0.,1.));
#1948 = ORIENTED_EDGE('',*,*,#1949,.T.);
#1949 = EDGE_CURVE('',#1942,#1950,#1952,.T.);
#1950 = VERTEX_POINT('',#1951);
#1951 = CARTESIAN_POINT('',(23.2,-108.,37.));
#1952 = LINE('',#1953,#1954);
#1953 = CARTESIAN_POINT('',(-106.,-108.,37.));
#1954 = VECTOR('',#1955,1.);
#1955 = DIRECTION('',(1.,0.,0.));
#1956 = ORIENTED_EDGE('',*,*,#1957,.T.);
#1957 = EDGE_CURVE('',#1950,#1806,#1958,.T.);
#1958 = LINE('',#1959,#1960);
#1959 = CARTESIAN_POINT('',(23.2,-108.,37.));
#1960 = VECTOR('',#1961,1.);
#1961 = DIRECTION('',(1.,0.,0.));
#1962 = ORIENTED_EDGE('',*,*,#1805,.F.);
#1963 = PLANE('',#1964);
#1964 = AXIS2_PLACEMENT_3D('',#1965,#1966,#1967);
#1965 = CARTESIAN_POINT('',(-106.,-108.,32.));
#1966 = DIRECTION('',(0.,1.,0.));
#1967 = DIRECTION('',(0.,0.,1.));
#1968 = ADVANCED_FACE('',(#1969),#1994,.T.);
#1969 = FACE_BOUND('',#1970,.T.);
#1970 = EDGE_LOOP('',(#1971,#1979,#1987,#1993));
#1971 = ORIENTED_EDGE('',*,*,#1972,.F.);
#1972 = EDGE_CURVE('',#1973,#181,#1975,.T.);
#1973 = VERTEX_POINT('',#1974);
#1974 = CARTESIAN_POINT('',(3.1,-108.,31.99));
#1975 = LINE('',#1976,#1977);
#1976 = CARTESIAN_POINT('',(3.1,-108.,22.));
#1977 = VECTOR('',#1978,1.);
#1978 = DIRECTION('',(0.,0.,1.));
#1979 = ORIENTED_EDGE('',*,*,#1980,.T.);
#1980 = EDGE_CURVE('',#1973,#1981,#1983,.T.);
#1981 = VERTEX_POINT('',#1982);
#1982 = CARTESIAN_POINT('',(3.1,-98.,31.99));
#1983 = LINE('',#1984,#1985);
#1984 = CARTESIAN_POINT('',(3.1,-108.,31.99));
#1985 = VECTOR('',#1986,1.);
#1986 = DIRECTION('',(0.,1.,0.));
#1987 = ORIENTED_EDGE('',*,*,#1988,.T.);
#1988 = EDGE_CURVE('',#1981,#173,#1989,.T.);
#1989 = LINE('',#1990,#1991);
#1990 = CARTESIAN_POINT('',(3.1,-98.,22.));
#1991 = VECTOR('',#1992,1.);
#1992 = DIRECTION('',(0.,0.,1.));
#1993 = ORIENTED_EDGE('',*,*,#180,.F.);
#1994 = PLANE('',#1995);
#1995 = AXIS2_PLACEMENT_3D('',#1996,#1997,#1998);
#1996 = CARTESIAN_POINT('',(3.1,-108.,22.));
#1997 = DIRECTION('',(1.,0.,0.));
#1998 = DIRECTION('',(0.,0.,1.));
#1999 = ADVANCED_FACE('',(#2000),#2026,.T.);
#2000 = FACE_BOUND('',#2001,.T.);
#2001 = EDGE_LOOP('',(#2002,#2012,#2018,#2019,#2020));
#2002 = ORIENTED_EDGE('',*,*,#2003,.F.);
#2003 = EDGE_CURVE('',#2004,#2006,#2008,.T.);
#2004 = VERTEX_POINT('',#2005);
#2005 = CARTESIAN_POINT('',(-6.9,-98.,22.));
#2006 = VERTEX_POINT('',#2007);
#2007 = CARTESIAN_POINT('',(-6.89,-98.,22.));
#2008 = LINE('',#2009,#2010);
#2009 = CARTESIAN_POINT('',(-6.9,-98.,22.));
#2010 = VECTOR('',#2011,1.);
#2011 = DIRECTION('',(1.,0.,0.));
#2012 = ORIENTED_EDGE('',*,*,#2013,.T.);
#2013 = EDGE_CURVE('',#2004,#163,#2014,.T.);
#2014 = LINE('',#2015,#2016);
#2015 = CARTESIAN_POINT('',(-6.9,-98.,22.));
#2016 = VECTOR('',#2017,1.);
#2017 = DIRECTION('',(0.,0.,1.));
#2018 = ORIENTED_EDGE('',*,*,#172,.F.);
#2019 = ORIENTED_EDGE('',*,*,#1988,.F.);
#2020 = ORIENTED_EDGE('',*,*,#2021,.T.);
#2021 = EDGE_CURVE('',#1981,#2006,#2022,.T.);
#2022 = LINE('',#2023,#2024);
#2023 = CARTESIAN_POINT('',(-4.395,-98.,24.495));
#2024 = VECTOR('',#2025,1.);
#2025 = DIRECTION('',(-0.707106781187,0.,-0.707106781187));
#2026 = PLANE('',#2027);
#2027 = AXIS2_PLACEMENT_3D('',#2028,#2029,#2030);
#2028 = CARTESIAN_POINT('',(-6.9,-98.,22.));
#2029 = DIRECTION('',(0.,1.,0.));
#2030 = DIRECTION('',(0.,0.,1.));
#2031 = ADVANCED_FACE('',(#2032),#2051,.F.);
#2032 = FACE_BOUND('',#2033,.T.);
#2033 = EDGE_LOOP('',(#2034,#2035,#2043,#2050));
#2034 = ORIENTED_EDGE('',*,*,#501,.T.);
#2035 = ORIENTED_EDGE('',*,*,#2036,.T.);
#2036 = EDGE_CURVE('',#502,#2037,#2039,.T.);
#2037 = VERTEX_POINT('',#2038);
#2038 = CARTESIAN_POINT('',(-81.,-98.,37.));
#2039 = LINE('',#2040,#2041);
#2040 = CARTESIAN_POINT('',(-81.,-98.,-5.));
#2041 = VECTOR('',#2042,1.);
#2042 = DIRECTION('',(0.,0.,1.));
#2043 = ORIENTED_EDGE('',*,*,#2044,.F.);
#2044 = EDGE_CURVE('',#2037,#2037,#2045,.T.);
#2045 = CIRCLE('',#2046,2.);
#2046 = AXIS2_PLACEMENT_3D('',#2047,#2048,#2049);
#2047 = CARTESIAN_POINT('',(-83.,-98.,37.));
#2048 = DIRECTION('',(0.,0.,-1.));
#2049 = DIRECTION('',(1.,0.,0.));
#2050 = ORIENTED_EDGE('',*,*,#2036,.F.);
#2051 = CYLINDRICAL_SURFACE('',#2052,2.);
#2052 = AXIS2_PLACEMENT_3D('',#2053,#2054,#2055);
#2053 = CARTESIAN_POINT('',(-83.,-98.,-5.));
#2054 = DIRECTION('',(-0.,-0.,-1.));
#2055 = DIRECTION('',(1.,0.,0.));
#2056 = ADVANCED_FACE('',(#2057),#2076,.F.);
#2057 = FACE_BOUND('',#2058,.T.);
#2058 = EDGE_LOOP('',(#2059,#2060,#2068,#2075));
#2059 = ORIENTED_EDGE('',*,*,#512,.T.);
#2060 = ORIENTED_EDGE('',*,*,#2061,.T.);
#2061 = EDGE_CURVE('',#513,#2062,#2064,.T.);
#2062 = VERTEX_POINT('',#2063);
#2063 = CARTESIAN_POINT('',(-81.,-57.4,37.));
#2064 = LINE('',#2065,#2066);
#2065 = CARTESIAN_POINT('',(-81.,-57.4,-5.));
#2066 = VECTOR('',#2067,1.);
#2067 = DIRECTION('',(0.,0.,1.));
#2068 = ORIENTED_EDGE('',*,*,#2069,.F.);
#2069 = EDGE_CURVE('',#2062,#2062,#2070,.T.);
#2070 = CIRCLE('',#2071,2.);
#2071 = AXIS2_PLACEMENT_3D('',#2072,#2073,#2074);
#2072 = CARTESIAN_POINT('',(-83.,-57.4,37.));
#2073 = DIRECTION('',(0.,0.,-1.));
#2074 = DIRECTION('',(1.,0.,0.));
#2075 = ORIENTED_EDGE('',*,*,#2061,.F.);
#2076 = CYLINDRICAL_SURFACE('',#2077,2.);
#2077 = AXIS2_PLACEMENT_3D('',#2078,#2079,#2080);
#2078 = CARTESIAN_POINT('',(-83.,-57.4,-5.));
#2079 = DIRECTION('',(-0.,-0.,-1.));
#2080 = DIRECTION('',(1.,0.,0.));
#2081 = ADVANCED_FACE('',(#2082),#2101,.F.);
#2082 = FACE_BOUND('',#2083,.T.);
#2083 = EDGE_LOOP('',(#2084,#2092,#2093,#2094));
#2084 = ORIENTED_EDGE('',*,*,#2085,.F.);
#2085 = EDGE_CURVE('',#524,#2086,#2088,.T.);
#2086 = VERTEX_POINT('',#2087);
#2087 = CARTESIAN_POINT('',(-96.,-27.,37.));
#2088 = LINE('',#2089,#2090);
#2089 = CARTESIAN_POINT('',(-96.,-27.,32.));
#2090 = VECTOR('',#2091,1.);
#2091 = DIRECTION('',(0.,0.,1.));
#2092 = ORIENTED_EDGE('',*,*,#523,.F.);
#2093 = ORIENTED_EDGE('',*,*,#1497,.F.);
#2094 = ORIENTED_EDGE('',*,*,#2095,.T.);
#2095 = EDGE_CURVE('',#1498,#2086,#2096,.T.);
#2096 = CIRCLE('',#2097,5.);
#2097 = AXIS2_PLACEMENT_3D('',#2098,#2099,#2100);
#2098 = CARTESIAN_POINT('',(-101.,-27.,37.));
#2099 = DIRECTION('',(0.,0.,1.));
#2100 = DIRECTION('',(1.,0.,0.));
#2101 = CYLINDRICAL_SURFACE('',#2102,5.);
#2102 = AXIS2_PLACEMENT_3D('',#2103,#2104,#2105);
#2103 = CARTESIAN_POINT('',(-101.,-27.,32.));
#2104 = DIRECTION('',(-0.,-0.,-1.));
#2105 = DIRECTION('',(1.,0.,0.));
#2106 = ADVANCED_FACE('',(#2107),#2119,.F.);
#2107 = FACE_BOUND('',#2108,.T.);
#2108 = EDGE_LOOP('',(#2109,#2110,#2111,#2118));
#2109 = ORIENTED_EDGE('',*,*,#532,.F.);
#2110 = ORIENTED_EDGE('',*,*,#2085,.T.);
#2111 = ORIENTED_EDGE('',*,*,#2112,.T.);
#2112 = EDGE_CURVE('',#2086,#1498,#2113,.T.);
#2113 = CIRCLE('',#2114,5.);
#2114 = AXIS2_PLACEMENT_3D('',#2115,#2116,#2117);
#2115 = CARTESIAN_POINT('',(-101.,-27.,37.));
#2116 = DIRECTION('',(0.,0.,1.));
#2117 = DIRECTION('',(1.,0.,0.));
#2118 = ORIENTED_EDGE('',*,*,#1497,.T.);
#2119 = CYLINDRICAL_SURFACE('',#2120,5.);
#2120 = AXIS2_PLACEMENT_3D('',#2121,#2122,#2123);
#2121 = CARTESIAN_POINT('',(-101.,-27.,32.));
#2122 = DIRECTION('',(-0.,-0.,-1.));
#2123 = DIRECTION('',(1.,0.,0.));
#2124 = ADVANCED_FACE('',(#2125),#2153,.F.);
#2125 = FACE_BOUND('',#2126,.T.);
#2126 = EDGE_LOOP('',(#2127,#2135,#2136,#2137,#2146));
#2127 = ORIENTED_EDGE('',*,*,#2128,.F.);
#2128 = EDGE_CURVE('',#382,#2129,#2131,.T.);
#2129 = VERTEX_POINT('',#2130);
#2130 = CARTESIAN_POINT('',(-52.,-27.,37.));
#2131 = LINE('',#2132,#2133);
#2132 = CARTESIAN_POINT('',(-52.,-27.,32.));
#2133 = VECTOR('',#2134,1.);
#2134 = DIRECTION('',(0.,0.,1.));
#2135 = ORIENTED_EDGE('',*,*,#541,.F.);
#2136 = ORIENTED_EDGE('',*,*,#2128,.T.);
#2137 = ORIENTED_EDGE('',*,*,#2138,.T.);
#2138 = EDGE_CURVE('',#2129,#2139,#2141,.T.);
#2139 = VERTEX_POINT('',#2140);
#2140 = CARTESIAN_POINT('',(-62.,-27.,37.));
#2141 = CIRCLE('',#2142,5.);
#2142 = AXIS2_PLACEMENT_3D('',#2143,#2144,#2145);
#2143 = CARTESIAN_POINT('',(-57.,-27.,37.));
#2144 = DIRECTION('',(0.,0.,1.));
#2145 = DIRECTION('',(1.,0.,0.));
#2146 = ORIENTED_EDGE('',*,*,#2147,.T.);
#2147 = EDGE_CURVE('',#2139,#2129,#2148,.T.);
#2148 = CIRCLE('',#2149,5.);
#2149 = AXIS2_PLACEMENT_3D('',#2150,#2151,#2152);
#2150 = CARTESIAN_POINT('',(-57.,-27.,37.));
#2151 = DIRECTION('',(0.,0.,1.));
#2152 = DIRECTION('',(1.,0.,0.));
#2153 = CYLINDRICAL_SURFACE('',#2154,5.);
#2154 = AXIS2_PLACEMENT_3D('',#2155,#2156,#2157);
#2155 = CARTESIAN_POINT('',(-57.,-27.,32.));
#2156 = DIRECTION('',(-0.,-0.,-1.));
#2157 = DIRECTION('',(1.,0.,0.));
#2158 = ADVANCED_FACE('',(#2159),#2185,.F.);
#2159 = FACE_BOUND('',#2160,.T.);
#2160 = EDGE_LOOP('',(#2161,#2169,#2170,#2178));
#2161 = ORIENTED_EDGE('',*,*,#2162,.F.);
#2162 = EDGE_CURVE('',#551,#2163,#2165,.T.);
#2163 = VERTEX_POINT('',#2164);
#2164 = CARTESIAN_POINT('',(-42.,-19.,37.));
#2165 = LINE('',#2166,#2167);
#2166 = CARTESIAN_POINT('',(-42.,-19.,32.));
#2167 = VECTOR('',#2168,1.);
#2168 = DIRECTION('',(0.,0.,1.));
#2169 = ORIENTED_EDGE('',*,*,#550,.F.);
#2170 = ORIENTED_EDGE('',*,*,#2171,.F.);
#2171 = EDGE_CURVE('',#2172,#406,#2174,.T.);
#2172 = VERTEX_POINT('',#2173);
#2173 = CARTESIAN_POINT('',(-47.,-24.,37.));
#2174 = LINE('',#2175,#2176);
#2175 = CARTESIAN_POINT('',(-47.,-24.,32.));
#2176 = VECTOR('',#2177,1.);
#2177 = DIRECTION('',(-0.,-0.,-1.));
#2178 = ORIENTED_EDGE('',*,*,#2179,.T.);
#2179 = EDGE_CURVE('',#2172,#2163,#2180,.T.);
#2180 = CIRCLE('',#2181,5.);
#2181 = AXIS2_PLACEMENT_3D('',#2182,#2183,#2184);
#2182 = CARTESIAN_POINT('',(-47.,-19.,37.));
#2183 = DIRECTION('',(0.,0.,1.));
#2184 = DIRECTION('',(1.,0.,0.));
#2185 = CYLINDRICAL_SURFACE('',#2186,5.);
#2186 = AXIS2_PLACEMENT_3D('',#2187,#2188,#2189);
#2187 = CARTESIAN_POINT('',(-47.,-19.,32.));
#2188 = DIRECTION('',(-0.,-0.,-1.));
#2189 = DIRECTION('',(1.,0.,0.));
#2190 = ADVANCED_FACE('',(#2191),#2203,.F.);
#2191 = FACE_BOUND('',#2192,.T.);
#2192 = EDGE_LOOP('',(#2193,#2194,#2195,#2202));
#2193 = ORIENTED_EDGE('',*,*,#559,.F.);
#2194 = ORIENTED_EDGE('',*,*,#2162,.T.);
#2195 = ORIENTED_EDGE('',*,*,#2196,.T.);
#2196 = EDGE_CURVE('',#2163,#2172,#2197,.T.);
#2197 = CIRCLE('',#2198,5.);
#2198 = AXIS2_PLACEMENT_3D('',#2199,#2200,#2201);
#2199 = CARTESIAN_POINT('',(-47.,-19.,37.));
#2200 = DIRECTION('',(0.,0.,1.));
#2201 = DIRECTION('',(1.,0.,0.));
#2202 = ORIENTED_EDGE('',*,*,#2171,.T.);
#2203 = CYLINDRICAL_SURFACE('',#2204,5.);
#2204 = AXIS2_PLACEMENT_3D('',#2205,#2206,#2207);
#2205 = CARTESIAN_POINT('',(-47.,-19.,32.));
#2206 = DIRECTION('',(-0.,-0.,-1.));
#2207 = DIRECTION('',(1.,0.,0.));
#2208 = ADVANCED_FACE('',(#2209),#2228,.F.);
#2209 = FACE_BOUND('',#2210,.T.);
#2210 = EDGE_LOOP('',(#2211,#2212,#2220,#2227));
#2211 = ORIENTED_EDGE('',*,*,#568,.T.);
#2212 = ORIENTED_EDGE('',*,*,#2213,.T.);
#2213 = EDGE_CURVE('',#569,#2214,#2216,.T.);
#2214 = VERTEX_POINT('',#2215);
#2215 = CARTESIAN_POINT('',(17.2,-98.,37.));
#2216 = LINE('',#2217,#2218);
#2217 = CARTESIAN_POINT('',(17.2,-98.,-5.));
#2218 = VECTOR('',#2219,1.);
#2219 = DIRECTION('',(0.,0.,1.));
#2220 = ORIENTED_EDGE('',*,*,#2221,.F.);
#2221 = EDGE_CURVE('',#2214,#2214,#2222,.T.);
#2222 = CIRCLE('',#2223,2.);
#2223 = AXIS2_PLACEMENT_3D('',#2224,#2225,#2226);
#2224 = CARTESIAN_POINT('',(15.2,-98.,37.));
#2225 = DIRECTION('',(0.,0.,-1.));
#2226 = DIRECTION('',(1.,0.,0.));
#2227 = ORIENTED_EDGE('',*,*,#2213,.F.);
#2228 = CYLINDRICAL_SURFACE('',#2229,2.);
#2229 = AXIS2_PLACEMENT_3D('',#2230,#2231,#2232);
#2230 = CARTESIAN_POINT('',(15.2,-98.,-5.));
#2231 = DIRECTION('',(-0.,-0.,-1.));
#2232 = DIRECTION('',(1.,0.,0.));
#2233 = ADVANCED_FACE('',(#2234),#2253,.F.);
#2234 = FACE_BOUND('',#2235,.T.);
#2235 = EDGE_LOOP('',(#2236,#2237,#2245,#2252));
#2236 = ORIENTED_EDGE('',*,*,#579,.T.);
#2237 = ORIENTED_EDGE('',*,*,#2238,.T.);
#2238 = EDGE_CURVE('',#580,#2239,#2241,.T.);
#2239 = VERTEX_POINT('',#2240);
#2240 = CARTESIAN_POINT('',(17.2,-62.4,37.));
#2241 = LINE('',#2242,#2243);
#2242 = CARTESIAN_POINT('',(17.2,-62.4,-5.));
#2243 = VECTOR('',#2244,1.);
#2244 = DIRECTION('',(0.,0.,1.));
#2245 = ORIENTED_EDGE('',*,*,#2246,.F.);
#2246 = EDGE_CURVE('',#2239,#2239,#2247,.T.);
#2247 = CIRCLE('',#2248,2.);
#2248 = AXIS2_PLACEMENT_3D('',#2249,#2250,#2251);
#2249 = CARTESIAN_POINT('',(15.2,-62.4,37.));
#2250 = DIRECTION('',(0.,0.,-1.));
#2251 = DIRECTION('',(1.,0.,0.));
#2252 = ORIENTED_EDGE('',*,*,#2238,.F.);
#2253 = CYLINDRICAL_SURFACE('',#2254,2.);
#2254 = AXIS2_PLACEMENT_3D('',#2255,#2256,#2257);
#2255 = CARTESIAN_POINT('',(15.2,-62.4,-5.));
#2256 = DIRECTION('',(-0.,-0.,-1.));
#2257 = DIRECTION('',(1.,0.,0.));
#2258 = ADVANCED_FACE('',(#2259),#2288,.F.);
#2259 = FACE_BOUND('',#2260,.T.);
#2260 = EDGE_LOOP('',(#2261,#2262,#2270,#2279,#2286,#2287));
#2261 = ORIENTED_EDGE('',*,*,#599,.F.);
#2262 = ORIENTED_EDGE('',*,*,#2263,.T.);
#2263 = EDGE_CURVE('',#591,#2264,#2266,.T.);
#2264 = VERTEX_POINT('',#2265);
#2265 = CARTESIAN_POINT('',(38.,-19.,37.));
#2266 = LINE('',#2267,#2268);
#2267 = CARTESIAN_POINT('',(38.,-19.,32.));
#2268 = VECTOR('',#2269,1.);
#2269 = DIRECTION('',(0.,0.,1.));
#2270 = ORIENTED_EDGE('',*,*,#2271,.T.);
#2271 = EDGE_CURVE('',#2264,#2272,#2274,.T.);
#2272 = VERTEX_POINT('',#2273);
#2273 = CARTESIAN_POINT('',(28.,-19.,37.));
#2274 = CIRCLE('',#2275,5.);
#2275 = AXIS2_PLACEMENT_3D('',#2276,#2277,#2278);
#2276 = CARTESIAN_POINT('',(33.,-19.,37.));
#2277 = DIRECTION('',(0.,0.,1.));
#2278 = DIRECTION('',(1.,0.,0.));
#2279 = ORIENTED_EDGE('',*,*,#2280,.T.);
#2280 = EDGE_CURVE('',#2272,#2264,#2281,.T.);
#2281 = CIRCLE('',#2282,5.);
#2282 = AXIS2_PLACEMENT_3D('',#2283,#2284,#2285);
#2283 = CARTESIAN_POINT('',(33.,-19.,37.));
#2284 = DIRECTION('',(0.,0.,1.));
#2285 = DIRECTION('',(1.,0.,0.));
#2286 = ORIENTED_EDGE('',*,*,#2263,.F.);
#2287 = ORIENTED_EDGE('',*,*,#590,.F.);
#2288 = CYLINDRICAL_SURFACE('',#2289,5.);
#2289 = AXIS2_PLACEMENT_3D('',#2290,#2291,#2292);
#2290 = CARTESIAN_POINT('',(33.,-19.,32.));
#2291 = DIRECTION('',(-0.,-0.,-1.));
#2292 = DIRECTION('',(1.,0.,0.));
#2293 = ADVANCED_FACE('',(#2294),#2313,.F.);
#2294 = FACE_BOUND('',#2295,.T.);
#2295 = EDGE_LOOP('',(#2296,#2304,#2305,#2306));
#2296 = ORIENTED_EDGE('',*,*,#2297,.F.);
#2297 = EDGE_CURVE('',#609,#2298,#2300,.T.);
#2298 = VERTEX_POINT('',#2299);
#2299 = CARTESIAN_POINT('',(-96.,71.,37.));
#2300 = LINE('',#2301,#2302);
#2301 = CARTESIAN_POINT('',(-96.,71.,32.));
#2302 = VECTOR('',#2303,1.);
#2303 = DIRECTION('',(0.,0.,1.));
#2304 = ORIENTED_EDGE('',*,*,#608,.F.);
#2305 = ORIENTED_EDGE('',*,*,#1552,.F.);
#2306 = ORIENTED_EDGE('',*,*,#2307,.T.);
#2307 = EDGE_CURVE('',#1553,#2298,#2308,.T.);
#2308 = CIRCLE('',#2309,5.);
#2309 = AXIS2_PLACEMENT_3D('',#2310,#2311,#2312);
#2310 = CARTESIAN_POINT('',(-101.,71.,37.));
#2311 = DIRECTION('',(0.,0.,1.));
#2312 = DIRECTION('',(1.,0.,0.));
#2313 = CYLINDRICAL_SURFACE('',#2314,5.);
#2314 = AXIS2_PLACEMENT_3D('',#2315,#2316,#2317);
#2315 = CARTESIAN_POINT('',(-101.,71.,32.));
#2316 = DIRECTION('',(-0.,-0.,-1.));
#2317 = DIRECTION('',(1.,0.,0.));
#2318 = ADVANCED_FACE('',(#2319),#2331,.F.);
#2319 = FACE_BOUND('',#2320,.T.);
#2320 = EDGE_LOOP('',(#2321,#2322,#2323,#2330));
#2321 = ORIENTED_EDGE('',*,*,#617,.F.);
#2322 = ORIENTED_EDGE('',*,*,#2297,.T.);
#2323 = ORIENTED_EDGE('',*,*,#2324,.T.);
#2324 = EDGE_CURVE('',#2298,#1553,#2325,.T.);
#2325 = CIRCLE('',#2326,5.);
#2326 = AXIS2_PLACEMENT_3D('',#2327,#2328,#2329);
#2327 = CARTESIAN_POINT('',(-101.,71.,37.));
#2328 = DIRECTION('',(0.,0.,1.));
#2329 = DIRECTION('',(1.,0.,0.));
#2330 = ORIENTED_EDGE('',*,*,#1552,.T.);
#2331 = CYLINDRICAL_SURFACE('',#2332,5.);
#2332 = AXIS2_PLACEMENT_3D('',#2333,#2334,#2335);
#2333 = CARTESIAN_POINT('',(-101.,71.,32.));
#2334 = DIRECTION('',(-0.,-0.,-1.));
#2335 = DIRECTION('',(1.,0.,0.));
#2336 = ADVANCED_FACE('',(#2337),#2356,.F.);
#2337 = FACE_BOUND('',#2338,.T.);
#2338 = EDGE_LOOP('',(#2339,#2340,#2348,#2355));
#2339 = ORIENTED_EDGE('',*,*,#626,.T.);
#2340 = ORIENTED_EDGE('',*,*,#2341,.T.);
#2341 = EDGE_CURVE('',#627,#2342,#2344,.T.);
#2342 = VERTEX_POINT('',#2343);
#2343 = CARTESIAN_POINT('',(-79.9,72.,37.));
#2344 = LINE('',#2345,#2346);
#2345 = CARTESIAN_POINT('',(-79.9,72.,-5.));
#2346 = VECTOR('',#2347,1.);
#2347 = DIRECTION('',(0.,0.,1.));
#2348 = ORIENTED_EDGE('',*,*,#2349,.T.);
#2349 = EDGE_CURVE('',#2342,#2342,#2350,.T.);
#2350 = CIRCLE('',#2351,2.);
#2351 = AXIS2_PLACEMENT_3D('',#2352,#2353,#2354);
#2352 = CARTESIAN_POINT('',(-81.9,72.,37.));
#2353 = DIRECTION('',(0.,0.,1.));
#2354 = DIRECTION('',(1.,0.,0.));
#2355 = ORIENTED_EDGE('',*,*,#2341,.F.);
#2356 = CYLINDRICAL_SURFACE('',#2357,2.);
#2357 = AXIS2_PLACEMENT_3D('',#2358,#2359,#2360);
#2358 = CARTESIAN_POINT('',(-81.9,72.,-5.));
#2359 = DIRECTION('',(-0.,-0.,-1.));
#2360 = DIRECTION('',(1.,0.,0.));
#2361 = ADVANCED_FACE('',(#2362),#2390,.F.);
#2362 = FACE_BOUND('',#2363,.T.);
#2363 = EDGE_LOOP('',(#2364,#2365,#2373,#2382,#2389));
#2364 = ORIENTED_EDGE('',*,*,#637,.F.);
#2365 = ORIENTED_EDGE('',*,*,#2366,.T.);
#2366 = EDGE_CURVE('',#638,#2367,#2369,.T.);
#2367 = VERTEX_POINT('',#2368);
#2368 = CARTESIAN_POINT('',(-52.,71.,37.));
#2369 = LINE('',#2370,#2371);
#2370 = CARTESIAN_POINT('',(-52.,71.,32.));
#2371 = VECTOR('',#2372,1.);
#2372 = DIRECTION('',(0.,0.,1.));
#2373 = ORIENTED_EDGE('',*,*,#2374,.T.);
#2374 = EDGE_CURVE('',#2367,#2375,#2377,.T.);
#2375 = VERTEX_POINT('',#2376);
#2376 = CARTESIAN_POINT('',(-62.,71.,37.));
#2377 = CIRCLE('',#2378,5.);
#2378 = AXIS2_PLACEMENT_3D('',#2379,#2380,#2381);
#2379 = CARTESIAN_POINT('',(-57.,71.,37.));
#2380 = DIRECTION('',(0.,0.,1.));
#2381 = DIRECTION('',(1.,0.,0.));
#2382 = ORIENTED_EDGE('',*,*,#2383,.T.);
#2383 = EDGE_CURVE('',#2375,#2367,#2384,.T.);
#2384 = CIRCLE('',#2385,5.);
#2385 = AXIS2_PLACEMENT_3D('',#2386,#2387,#2388);
#2386 = CARTESIAN_POINT('',(-57.,71.,37.));
#2387 = DIRECTION('',(0.,0.,1.));
#2388 = DIRECTION('',(1.,0.,0.));
#2389 = ORIENTED_EDGE('',*,*,#2366,.F.);
#2390 = CYLINDRICAL_SURFACE('',#2391,5.);
#2391 = AXIS2_PLACEMENT_3D('',#2392,#2393,#2394);
#2392 = CARTESIAN_POINT('',(-57.,71.,32.));
#2393 = DIRECTION('',(-0.,-0.,-1.));
#2394 = DIRECTION('',(1.,0.,0.));
#2395 = ADVANCED_FACE('',(#2396),#2415,.F.);
#2396 = FACE_BOUND('',#2397,.T.);
#2397 = EDGE_LOOP('',(#2398,#2406,#2407,#2408));
#2398 = ORIENTED_EDGE('',*,*,#2399,.F.);
#2399 = EDGE_CURVE('',#649,#2400,#2402,.T.);
#2400 = VERTEX_POINT('',#2401);
#2401 = CARTESIAN_POINT('',(-42.,71.,37.));
#2402 = LINE('',#2403,#2404);
#2403 = CARTESIAN_POINT('',(-42.,71.,32.));
#2404 = VECTOR('',#2405,1.);
#2405 = DIRECTION('',(0.,0.,1.));
#2406 = ORIENTED_EDGE('',*,*,#648,.F.);
#2407 = ORIENTED_EDGE('',*,*,#2366,.T.);
#2408 = ORIENTED_EDGE('',*,*,#2409,.T.);
#2409 = EDGE_CURVE('',#2367,#2400,#2410,.T.);
#2410 = CIRCLE('',#2411,5.);
#2411 = AXIS2_PLACEMENT_3D('',#2412,#2413,#2414);
#2412 = CARTESIAN_POINT('',(-47.,71.,37.));
#2413 = DIRECTION('',(0.,0.,1.));
#2414 = DIRECTION('',(1.,0.,0.));
#2415 = CYLINDRICAL_SURFACE('',#2416,5.);
#2416 = AXIS2_PLACEMENT_3D('',#2417,#2418,#2419);
#2417 = CARTESIAN_POINT('',(-47.,71.,32.));
#2418 = DIRECTION('',(-0.,-0.,-1.));
#2419 = DIRECTION('',(1.,0.,0.));
#2420 = ADVANCED_FACE('',(#2421),#2433,.F.);
#2421 = FACE_BOUND('',#2422,.T.);
#2422 = EDGE_LOOP('',(#2423,#2424,#2425,#2432));
#2423 = ORIENTED_EDGE('',*,*,#657,.F.);
#2424 = ORIENTED_EDGE('',*,*,#2399,.T.);
#2425 = ORIENTED_EDGE('',*,*,#2426,.T.);
#2426 = EDGE_CURVE('',#2400,#2367,#2427,.T.);
#2427 = CIRCLE('',#2428,5.);
#2428 = AXIS2_PLACEMENT_3D('',#2429,#2430,#2431);
#2429 = CARTESIAN_POINT('',(-47.,71.,37.));
#2430 = DIRECTION('',(0.,0.,1.));
#2431 = DIRECTION('',(1.,0.,0.));
#2432 = ORIENTED_EDGE('',*,*,#2366,.F.);
#2433 = CYLINDRICAL_SURFACE('',#2434,5.);
#2434 = AXIS2_PLACEMENT_3D('',#2435,#2436,#2437);
#2435 = CARTESIAN_POINT('',(-47.,71.,32.));
#2436 = DIRECTION('',(-0.,-0.,-1.));
#2437 = DIRECTION('',(1.,0.,0.));
#2438 = ADVANCED_FACE('',(#2439),#2458,.F.);
#2439 = FACE_BOUND('',#2440,.T.);
#2440 = EDGE_LOOP('',(#2441,#2442,#2450,#2457));
#2441 = ORIENTED_EDGE('',*,*,#666,.F.);
#2442 = ORIENTED_EDGE('',*,*,#2443,.T.);
#2443 = EDGE_CURVE('',#667,#2444,#2446,.T.);
#2444 = VERTEX_POINT('',#2445);
#2445 = CARTESIAN_POINT('',(-34.,72.,37.));
#2446 = LINE('',#2447,#2448);
#2447 = CARTESIAN_POINT('',(-34.,72.,32.));
#2448 = VECTOR('',#2449,1.);
#2449 = DIRECTION('',(0.,0.,1.));
#2450 = ORIENTED_EDGE('',*,*,#2451,.F.);
#2451 = EDGE_CURVE('',#2444,#2444,#2452,.T.);
#2452 = CIRCLE('',#2453,2.);
#2453 = AXIS2_PLACEMENT_3D('',#2454,#2455,#2456);
#2454 = CARTESIAN_POINT('',(-36.,72.,37.));
#2455 = DIRECTION('',(0.,0.,-1.));
#2456 = DIRECTION('',(1.,0.,0.));
#2457 = ORIENTED_EDGE('',*,*,#2443,.F.);
#2458 = CYLINDRICAL_SURFACE('',#2459,2.);
#2459 = AXIS2_PLACEMENT_3D('',#2460,#2461,#2462);
#2460 = CARTESIAN_POINT('',(-36.,72.,32.));
#2461 = DIRECTION('',(-0.,-0.,-1.));
#2462 = DIRECTION('',(1.,0.,0.));
#2463 = ADVANCED_FACE('',(#2464),#2483,.F.);
#2464 = FACE_BOUND('',#2465,.T.);
#2465 = EDGE_LOOP('',(#2466,#2467,#2475,#2482));
#2466 = ORIENTED_EDGE('',*,*,#677,.F.);
#2467 = ORIENTED_EDGE('',*,*,#2468,.T.);
#2468 = EDGE_CURVE('',#678,#2469,#2471,.T.);
#2469 = VERTEX_POINT('',#2470);
#2470 = CARTESIAN_POINT('',(-13.,72.,37.));
#2471 = LINE('',#2472,#2473);
#2472 = CARTESIAN_POINT('',(-13.,72.,32.));
#2473 = VECTOR('',#2474,1.);
#2474 = DIRECTION('',(0.,0.,1.));
#2475 = ORIENTED_EDGE('',*,*,#2476,.F.);
#2476 = EDGE_CURVE('',#2469,#2469,#2477,.T.);
#2477 = CIRCLE('',#2478,2.);
#2478 = AXIS2_PLACEMENT_3D('',#2479,#2480,#2481);
#2479 = CARTESIAN_POINT('',(-15.,72.,37.));
#2480 = DIRECTION('',(0.,0.,-1.));
#2481 = DIRECTION('',(1.,0.,0.));
#2482 = ORIENTED_EDGE('',*,*,#2468,.F.);
#2483 = CYLINDRICAL_SURFACE('',#2484,2.);
#2484 = AXIS2_PLACEMENT_3D('',#2485,#2486,#2487);
#2485 = CARTESIAN_POINT('',(-15.,72.,32.));
#2486 = DIRECTION('',(-0.,-0.,-1.));
#2487 = DIRECTION('',(1.,0.,0.));
#2488 = ADVANCED_FACE('',(#2489),#2508,.F.);
#2489 = FACE_BOUND('',#2490,.T.);
#2490 = EDGE_LOOP('',(#2491,#2492,#2500,#2507));
#2491 = ORIENTED_EDGE('',*,*,#688,.T.);
#2492 = ORIENTED_EDGE('',*,*,#2493,.T.);
#2493 = EDGE_CURVE('',#689,#2494,#2496,.T.);
#2494 = VERTEX_POINT('',#2495);
#2495 = CARTESIAN_POINT('',(16.1,72.,37.));
#2496 = LINE('',#2497,#2498);
#2497 = CARTESIAN_POINT('',(16.1,72.,-5.));
#2498 = VECTOR('',#2499,1.);
#2499 = DIRECTION('',(0.,0.,1.));
#2500 = ORIENTED_EDGE('',*,*,#2501,.T.);
#2501 = EDGE_CURVE('',#2494,#2494,#2502,.T.);
#2502 = CIRCLE('',#2503,2.);
#2503 = AXIS2_PLACEMENT_3D('',#2504,#2505,#2506);
#2504 = CARTESIAN_POINT('',(14.1,72.,37.));
#2505 = DIRECTION('',(0.,0.,1.));
#2506 = DIRECTION('',(1.,0.,0.));
#2507 = ORIENTED_EDGE('',*,*,#2493,.F.);
#2508 = CYLINDRICAL_SURFACE('',#2509,2.);
#2509 = AXIS2_PLACEMENT_3D('',#2510,#2511,#2512);
#2510 = CARTESIAN_POINT('',(14.1,72.,-5.));
#2511 = DIRECTION('',(-0.,-0.,-1.));
#2512 = DIRECTION('',(1.,0.,0.));
#2513 = ADVANCED_FACE('',(#2514),#2542,.F.);
#2514 = FACE_BOUND('',#2515,.T.);
#2515 = EDGE_LOOP('',(#2516,#2517,#2525,#2534,#2541));
#2516 = ORIENTED_EDGE('',*,*,#699,.F.);
#2517 = ORIENTED_EDGE('',*,*,#2518,.T.);
#2518 = EDGE_CURVE('',#700,#2519,#2521,.T.);
#2519 = VERTEX_POINT('',#2520);
#2520 = CARTESIAN_POINT('',(38.,71.,37.));
#2521 = LINE('',#2522,#2523);
#2522 = CARTESIAN_POINT('',(38.,71.,32.));
#2523 = VECTOR('',#2524,1.);
#2524 = DIRECTION('',(0.,0.,1.));
#2525 = ORIENTED_EDGE('',*,*,#2526,.T.);
#2526 = EDGE_CURVE('',#2519,#2527,#2529,.T.);
#2527 = VERTEX_POINT('',#2528);
#2528 = CARTESIAN_POINT('',(28.,71.,37.));
#2529 = CIRCLE('',#2530,5.);
#2530 = AXIS2_PLACEMENT_3D('',#2531,#2532,#2533);
#2531 = CARTESIAN_POINT('',(33.,71.,37.));
#2532 = DIRECTION('',(0.,0.,1.));
#2533 = DIRECTION('',(1.,0.,0.));
#2534 = ORIENTED_EDGE('',*,*,#2535,.T.);
#2535 = EDGE_CURVE('',#2527,#2519,#2536,.T.);
#2536 = CIRCLE('',#2537,5.);
#2537 = AXIS2_PLACEMENT_3D('',#2538,#2539,#2540);
#2538 = CARTESIAN_POINT('',(33.,71.,37.));
#2539 = DIRECTION('',(0.,0.,1.));
#2540 = DIRECTION('',(1.,0.,0.));
#2541 = ORIENTED_EDGE('',*,*,#2518,.F.);
#2542 = CYLINDRICAL_SURFACE('',#2543,5.);
#2543 = AXIS2_PLACEMENT_3D('',#2544,#2545,#2546);
#2544 = CARTESIAN_POINT('',(33.,71.,32.));
#2545 = DIRECTION('',(-0.,-0.,-1.));
#2546 = DIRECTION('',(1.,0.,0.));
#2547 = ADVANCED_FACE('',(#2548),#2566,.T.);
#2548 = FACE_BOUND('',#2549,.T.);
#2549 = EDGE_LOOP('',(#2550,#2558,#2559,#2560));
#2550 = ORIENTED_EDGE('',*,*,#2551,.F.);
#2551 = EDGE_CURVE('',#809,#2552,#2554,.T.);
#2552 = VERTEX_POINT('',#2553);
#2553 = CARTESIAN_POINT('',(-19.,-45.,45.));
#2554 = LINE('',#2555,#2556);
#2555 = CARTESIAN_POINT('',(-19.,-45.,32.));
#2556 = VECTOR('',#2557,1.);
#2557 = DIRECTION('',(0.,0.,1.));
#2558 = ORIENTED_EDGE('',*,*,#816,.F.);
#2559 = ORIENTED_EDGE('',*,*,#769,.T.);
#2560 = ORIENTED_EDGE('',*,*,#2561,.T.);
#2561 = EDGE_CURVE('',#762,#2552,#2562,.T.);
#2562 = LINE('',#2563,#2564);
#2563 = CARTESIAN_POINT('',(-71.,-45.,45.));
#2564 = VECTOR('',#2565,1.);
#2565 = DIRECTION('',(1.,0.,0.));
#2566 = PLANE('',#2567);
#2567 = AXIS2_PLACEMENT_3D('',#2568,#2569,#2570);
#2568 = CARTESIAN_POINT('',(-71.,-45.,37.));
#2569 = DIRECTION('',(0.,1.,0.));
#2570 = DIRECTION('',(0.,0.,1.));
#2571 = ADVANCED_FACE('',(#2572),#2597,.F.);
#2572 = FACE_BOUND('',#2573,.F.);
#2573 = EDGE_LOOP('',(#2574,#2582,#2590,#2596));
#2574 = ORIENTED_EDGE('',*,*,#2575,.F.);
#2575 = EDGE_CURVE('',#2576,#762,#2578,.T.);
#2576 = VERTEX_POINT('',#2577);
#2577 = CARTESIAN_POINT('',(-52.,-45.,45.));
#2578 = LINE('',#2579,#2580);
#2579 = CARTESIAN_POINT('',(-71.,-45.,45.));
#2580 = VECTOR('',#2581,1.);
#2581 = DIRECTION('',(1.,0.,0.));
#2582 = ORIENTED_EDGE('',*,*,#2583,.T.);
#2583 = EDGE_CURVE('',#2576,#2584,#2586,.T.);
#2584 = VERTEX_POINT('',#2585);
#2585 = CARTESIAN_POINT('',(-52.,-45.,54.));
#2586 = LINE('',#2587,#2588);
#2587 = CARTESIAN_POINT('',(-52.,-45.,32.));
#2588 = VECTOR('',#2589,1.);
#2589 = DIRECTION('',(0.,0.,1.));
#2590 = ORIENTED_EDGE('',*,*,#2591,.T.);
#2591 = EDGE_CURVE('',#2584,#754,#2592,.T.);
#2592 = LINE('',#2593,#2594);
#2593 = CARTESIAN_POINT('',(-52.,-45.,54.));
#2594 = VECTOR('',#2595,1.);
#2595 = DIRECTION('',(1.,0.,0.));
#2596 = ORIENTED_EDGE('',*,*,#761,.F.);
#2597 = PLANE('',#2598);
#2598 = AXIS2_PLACEMENT_3D('',#2599,#2600,#2601);
#2599 = CARTESIAN_POINT('',(-52.,-45.,32.));
#2600 = DIRECTION('',(0.,1.,0.));
#2601 = DIRECTION('',(0.,0.,1.));
#2602 = ADVANCED_FACE('',(#2603),#2636,.F.);
#2603 = FACE_BOUND('',#2604,.F.);
#2604 = EDGE_LOOP('',(#2605,#2606,#2614,#2622,#2630));
#2605 = ORIENTED_EDGE('',*,*,#753,.F.);
#2606 = ORIENTED_EDGE('',*,*,#2607,.T.);
#2607 = EDGE_CURVE('',#754,#2608,#2610,.T.);
#2608 = VERTEX_POINT('',#2609);
#2609 = CARTESIAN_POINT('',(-19.,-45.,54.));
#2610 = LINE('',#2611,#2612);
#2611 = CARTESIAN_POINT('',(-52.,-45.,54.));
#2612 = VECTOR('',#2613,1.);
#2613 = DIRECTION('',(1.,0.,0.));
#2614 = ORIENTED_EDGE('',*,*,#2615,.T.);
#2615 = EDGE_CURVE('',#2608,#2616,#2618,.T.);
#2616 = VERTEX_POINT('',#2617);
#2617 = CARTESIAN_POINT('',(-19.,-24.,54.));
#2618 = LINE('',#2619,#2620);
#2619 = CARTESIAN_POINT('',(-19.,-45.,54.));
#2620 = VECTOR('',#2621,1.);
#2621 = DIRECTION('',(0.,1.,0.));
#2622 = ORIENTED_EDGE('',*,*,#2623,.F.);
#2623 = EDGE_CURVE('',#2624,#2616,#2626,.T.);
#2624 = VERTEX_POINT('',#2625);
#2625 = CARTESIAN_POINT('',(-42.,-24.,54.));
#2626 = LINE('',#2627,#2628);
#2627 = CARTESIAN_POINT('',(-52.,-24.,54.));
#2628 = VECTOR('',#2629,1.);
#2629 = DIRECTION('',(1.,0.,0.));
#2630 = ORIENTED_EDGE('',*,*,#2631,.F.);
#2631 = EDGE_CURVE('',#746,#2624,#2632,.T.);
#2632 = LINE('',#2633,#2634);
#2633 = CARTESIAN_POINT('',(-52.,-24.,54.));
#2634 = VECTOR('',#2635,1.);
#2635 = DIRECTION('',(1.,0.,0.));
#2636 = PLANE('',#2637);
#2637 = AXIS2_PLACEMENT_3D('',#2638,#2639,#2640);
#2638 = CARTESIAN_POINT('',(-52.,-45.,54.));
#2639 = DIRECTION('',(0.,0.,1.));
#2640 = DIRECTION('',(1.,0.,0.));
#2641 = ADVANCED_FACE('',(#2642),#2653,.F.);
#2642 = FACE_BOUND('',#2643,.F.);
#2643 = EDGE_LOOP('',(#2644,#2645,#2646,#2647));
#2644 = ORIENTED_EDGE('',*,*,#1194,.F.);
#2645 = ORIENTED_EDGE('',*,*,#745,.T.);
#2646 = ORIENTED_EDGE('',*,*,#2631,.T.);
#2647 = ORIENTED_EDGE('',*,*,#2648,.F.);
#2648 = EDGE_CURVE('',#1195,#2624,#2649,.T.);
#2649 = LINE('',#2650,#2651);
#2650 = CARTESIAN_POINT('',(-42.,-24.,37.));
#2651 = VECTOR('',#2652,1.);
#2652 = DIRECTION('',(0.,0.,1.));
#2653 = PLANE('',#2654);
#2654 = AXIS2_PLACEMENT_3D('',#2655,#2656,#2657);
#2655 = CARTESIAN_POINT('',(-52.,-24.,37.));
#2656 = DIRECTION('',(0.,1.,0.));
#2657 = DIRECTION('',(0.,0.,1.));
#2658 = ADVANCED_FACE('',(#2659),#2675,.F.);
#2659 = FACE_BOUND('',#2660,.F.);
#2660 = EDGE_LOOP('',(#2661,#2662,#2668,#2669));
#2661 = ORIENTED_EDGE('',*,*,#1175,.F.);
#2662 = ORIENTED_EDGE('',*,*,#2663,.T.);
#2663 = EDGE_CURVE('',#1168,#809,#2664,.T.);
#2664 = LINE('',#2665,#2666);
#2665 = CARTESIAN_POINT('',(-19.,-45.,32.));
#2666 = VECTOR('',#2667,1.);
#2667 = DIRECTION('',(0.,0.,1.));
#2668 = ORIENTED_EDGE('',*,*,#808,.T.);
#2669 = ORIENTED_EDGE('',*,*,#2670,.F.);
#2670 = EDGE_CURVE('',#1144,#801,#2671,.T.);
#2671 = LINE('',#2672,#2673);
#2672 = CARTESIAN_POINT('',(-16.,-45.,32.));
#2673 = VECTOR('',#2674,1.);
#2674 = DIRECTION('',(0.,0.,1.));
#2675 = PLANE('',#2676);
#2676 = AXIS2_PLACEMENT_3D('',#2677,#2678,#2679);
#2677 = CARTESIAN_POINT('',(-19.,-45.,32.));
#2678 = DIRECTION('',(0.,1.,0.));
#2679 = DIRECTION('',(0.,0.,1.));
#2680 = ADVANCED_FACE('',(#2681),#2700,.F.);
#2681 = FACE_BOUND('',#2682,.T.);
#2682 = EDGE_LOOP('',(#2683,#2684,#2692,#2699));
#2683 = ORIENTED_EDGE('',*,*,#826,.F.);
#2684 = ORIENTED_EDGE('',*,*,#2685,.T.);
#2685 = EDGE_CURVE('',#827,#2686,#2688,.T.);
#2686 = VERTEX_POINT('',#2687);
#2687 = CARTESIAN_POINT('',(-53.,-61.,45.));
#2688 = LINE('',#2689,#2690);
#2689 = CARTESIAN_POINT('',(-53.,-61.,37.));
#2690 = VECTOR('',#2691,1.);
#2691 = DIRECTION('',(0.,0.,1.));
#2692 = ORIENTED_EDGE('',*,*,#2693,.F.);
#2693 = EDGE_CURVE('',#2686,#2686,#2694,.T.);
#2694 = CIRCLE('',#2695,2.);
#2695 = AXIS2_PLACEMENT_3D('',#2696,#2697,#2698);
#2696 = CARTESIAN_POINT('',(-55.,-61.,45.));
#2697 = DIRECTION('',(0.,0.,-1.));
#2698 = DIRECTION('',(1.,0.,0.));
#2699 = ORIENTED_EDGE('',*,*,#2685,.F.);
#2700 = CYLINDRICAL_SURFACE('',#2701,2.);
#2701 = AXIS2_PLACEMENT_3D('',#2702,#2703,#2704);
#2702 = CARTESIAN_POINT('',(-55.,-61.,37.));
#2703 = DIRECTION('',(-0.,-0.,-1.));
#2704 = DIRECTION('',(1.,0.,0.));
#2705 = ADVANCED_FACE('',(#2706),#2725,.F.);
#2706 = FACE_BOUND('',#2707,.T.);
#2707 = EDGE_LOOP('',(#2708,#2709,#2717,#2724));
#2708 = ORIENTED_EDGE('',*,*,#837,.F.);
#2709 = ORIENTED_EDGE('',*,*,#2710,.T.);
#2710 = EDGE_CURVE('',#838,#2711,#2713,.T.);
#2711 = VERTEX_POINT('',#2712);
#2712 = CARTESIAN_POINT('',(-10.,-61.,45.));
#2713 = LINE('',#2714,#2715);
#2714 = CARTESIAN_POINT('',(-10.,-61.,37.));
#2715 = VECTOR('',#2716,1.);
#2716 = DIRECTION('',(0.,0.,1.));
#2717 = ORIENTED_EDGE('',*,*,#2718,.F.);
#2718 = EDGE_CURVE('',#2711,#2711,#2719,.T.);
#2719 = CIRCLE('',#2720,2.);
#2720 = AXIS2_PLACEMENT_3D('',#2721,#2722,#2723);
#2721 = CARTESIAN_POINT('',(-12.,-61.,45.));
#2722 = DIRECTION('',(0.,0.,-1.));
#2723 = DIRECTION('',(1.,0.,0.));
#2724 = ORIENTED_EDGE('',*,*,#2710,.F.);
#2725 = CYLINDRICAL_SURFACE('',#2726,2.);
#2726 = AXIS2_PLACEMENT_3D('',#2727,#2728,#2729);
#2727 = CARTESIAN_POINT('',(-12.,-61.,37.));
#2728 = DIRECTION('',(-0.,-0.,-1.));
#2729 = DIRECTION('',(1.,0.,0.));
#2730 = ADVANCED_FACE('',(#2731),#2756,.T.);
#2731 = FACE_BOUND('',#2732,.T.);
#2732 = EDGE_LOOP('',(#2733,#2734,#2742,#2750));
#2733 = ORIENTED_EDGE('',*,*,#848,.F.);
#2734 = ORIENTED_EDGE('',*,*,#2735,.T.);
#2735 = EDGE_CURVE('',#849,#2736,#2738,.T.);
#2736 = VERTEX_POINT('',#2737);
#2737 = CARTESIAN_POINT('',(-42.,-48.,44.));
#2738 = LINE('',#2739,#2740);
#2739 = CARTESIAN_POINT('',(-42.,-48.,37.));
#2740 = VECTOR('',#2741,1.);
#2741 = DIRECTION('',(0.,0.,1.));
#2742 = ORIENTED_EDGE('',*,*,#2743,.T.);
#2743 = EDGE_CURVE('',#2736,#2744,#2746,.T.);
#2744 = VERTEX_POINT('',#2745);
#2745 = CARTESIAN_POINT('',(-42.,-73.,44.));
#2746 = LINE('',#2747,#2748);
#2747 = CARTESIAN_POINT('',(-42.,-48.,44.));
#2748 = VECTOR('',#2749,1.);
#2749 = DIRECTION('',(0.,-1.,0.));
#2750 = ORIENTED_EDGE('',*,*,#2751,.F.);
#2751 = EDGE_CURVE('',#851,#2744,#2752,.T.);
#2752 = LINE('',#2753,#2754);
#2753 = CARTESIAN_POINT('',(-42.,-73.,37.));
#2754 = VECTOR('',#2755,1.);
#2755 = DIRECTION('',(0.,0.,1.));
#2756 = PLANE('',#2757);
#2757 = AXIS2_PLACEMENT_3D('',#2758,#2759,#2760);
#2758 = CARTESIAN_POINT('',(-42.,-48.,37.));
#2759 = DIRECTION('',(1.,0.,0.));
#2760 = DIRECTION('',(0.,-1.,0.));
#2761 = ADVANCED_FACE('',(#2762),#2780,.T.);
#2762 = FACE_BOUND('',#2763,.T.);
#2763 = EDGE_LOOP('',(#2764,#2765,#2766,#2774));
#2764 = ORIENTED_EDGE('',*,*,#2735,.F.);
#2765 = ORIENTED_EDGE('',*,*,#858,.T.);
#2766 = ORIENTED_EDGE('',*,*,#2767,.T.);
#2767 = EDGE_CURVE('',#859,#2768,#2770,.T.);
#2768 = VERTEX_POINT('',#2769);
#2769 = CARTESIAN_POINT('',(-27.,-48.,44.));
#2770 = LINE('',#2771,#2772);
#2771 = CARTESIAN_POINT('',(-27.,-48.,37.));
#2772 = VECTOR('',#2773,1.);
#2773 = DIRECTION('',(0.,0.,1.));
#2774 = ORIENTED_EDGE('',*,*,#2775,.F.);
#2775 = EDGE_CURVE('',#2736,#2768,#2776,.T.);
#2776 = LINE('',#2777,#2778);
#2777 = CARTESIAN_POINT('',(-47.,-48.,44.));
#2778 = VECTOR('',#2779,1.);
#2779 = DIRECTION('',(1.,0.,0.));
#2780 = PLANE('',#2781);
#2781 = AXIS2_PLACEMENT_3D('',#2782,#2783,#2784);
#2782 = CARTESIAN_POINT('',(-42.,-48.,37.));
#2783 = DIRECTION('',(0.,-1.,0.));
#2784 = DIRECTION('',(1.,0.,0.));
#2785 = ADVANCED_FACE('',(#2786),#2804,.F.);
#2786 = FACE_BOUND('',#2787,.F.);
#2787 = EDGE_LOOP('',(#2788,#2789,#2790,#2798));
#2788 = ORIENTED_EDGE('',*,*,#2751,.F.);
#2789 = ORIENTED_EDGE('',*,*,#874,.T.);
#2790 = ORIENTED_EDGE('',*,*,#2791,.T.);
#2791 = EDGE_CURVE('',#867,#2792,#2794,.T.);
#2792 = VERTEX_POINT('',#2793);
#2793 = CARTESIAN_POINT('',(-27.,-73.,44.));
#2794 = LINE('',#2795,#2796);
#2795 = CARTESIAN_POINT('',(-27.,-73.,37.));
#2796 = VECTOR('',#2797,1.);
#2797 = DIRECTION('',(0.,0.,1.));
#2798 = ORIENTED_EDGE('',*,*,#2799,.F.);
#2799 = EDGE_CURVE('',#2744,#2792,#2800,.T.);
#2800 = LINE('',#2801,#2802);
#2801 = CARTESIAN_POINT('',(-47.,-73.,44.));
#2802 = VECTOR('',#2803,1.);
#2803 = DIRECTION('',(1.,0.,0.));
#2804 = PLANE('',#2805);
#2805 = AXIS2_PLACEMENT_3D('',#2806,#2807,#2808);
#2806 = CARTESIAN_POINT('',(-42.,-73.,37.));
#2807 = DIRECTION('',(0.,-1.,0.));
#2808 = DIRECTION('',(1.,0.,0.));
#2809 = ADVANCED_FACE('',(#2810),#2821,.F.);
#2810 = FACE_BOUND('',#2811,.F.);
#2811 = EDGE_LOOP('',(#2812,#2813,#2814,#2820));
#2812 = ORIENTED_EDGE('',*,*,#866,.F.);
#2813 = ORIENTED_EDGE('',*,*,#2767,.T.);
#2814 = ORIENTED_EDGE('',*,*,#2815,.T.);
#2815 = EDGE_CURVE('',#2768,#2792,#2816,.T.);
#2816 = LINE('',#2817,#2818);
#2817 = CARTESIAN_POINT('',(-27.,-48.,44.));
#2818 = VECTOR('',#2819,1.);
#2819 = DIRECTION('',(0.,-1.,0.));
#2820 = ORIENTED_EDGE('',*,*,#2791,.F.);
#2821 = PLANE('',#2822);
#2822 = AXIS2_PLACEMENT_3D('',#2823,#2824,#2825);
#2823 = CARTESIAN_POINT('',(-27.,-48.,37.));
#2824 = DIRECTION('',(1.,0.,0.));
#2825 = DIRECTION('',(0.,-1.,0.));
#2826 = ADVANCED_FACE('',(#2827),#2854,.T.);
#2827 = FACE_BOUND('',#2828,.T.);
#2828 = EDGE_LOOP('',(#2829,#2837,#2845,#2851,#2852,#2853));
#2829 = ORIENTED_EDGE('',*,*,#2830,.F.);
#2830 = EDGE_CURVE('',#2831,#1065,#2833,.T.);
#2831 = VERTEX_POINT('',#2832);
#2832 = CARTESIAN_POINT('',(8.1,-84.65797985667,32.852425620222));
#2833 = LINE('',#2834,#2835);
#2834 = CARTESIAN_POINT('',(8.1,-87.,32.));
#2835 = VECTOR('',#2836,1.);
#2836 = DIRECTION('',(0.,0.939692620786,0.342020143326));
#2837 = ORIENTED_EDGE('',*,*,#2838,.T.);
#2838 = EDGE_CURVE('',#2831,#2839,#2841,.T.);
#2839 = VERTEX_POINT('',#2840);
#2840 = CARTESIAN_POINT('',(-75.9,-84.65797985667,32.852425620222));
#2841 = LINE('',#2842,#2843);
#2842 = CARTESIAN_POINT('',(8.1,-84.65797985667,32.852425620222));
#2843 = VECTOR('',#2844,1.);
#2844 = DIRECTION('',(-1.,0.,0.));
#2845 = ORIENTED_EDGE('',*,*,#2846,.T.);
#2846 = EDGE_CURVE('',#2839,#891,#2847,.T.);
#2847 = LINE('',#2848,#2849);
#2848 = CARTESIAN_POINT('',(-75.9,-87.,32.));
#2849 = VECTOR('',#2850,1.);
#2850 = DIRECTION('',(0.,0.939692620786,0.342020143326));
#2851 = ORIENTED_EDGE('',*,*,#898,.F.);
#2852 = ORIENTED_EDGE('',*,*,#920,.F.);
#2853 = ORIENTED_EDGE('',*,*,#1111,.F.);
#2854 = PLANE('',#2855);
#2855 = AXIS2_PLACEMENT_3D('',#2856,#2857,#2858);
#2856 = CARTESIAN_POINT('',(-75.9,-87.,32.));
#2857 = DIRECTION('',(0.,0.342020143326,-0.939692620786));
#2858 = DIRECTION('',(0.,0.939692620786,0.342020143326));
#2859 = ADVANCED_FACE('',(#2860,#2894),#2905,.T.);
#2860 = FACE_BOUND('',#2861,.T.);
#2861 = EDGE_LOOP('',(#2862,#2870,#2878,#2886,#2892,#2893));
#2862 = ORIENTED_EDGE('',*,*,#2863,.F.);
#2863 = EDGE_CURVE('',#2864,#2004,#2866,.T.);
#2864 = VERTEX_POINT('',#2865);
#2865 = CARTESIAN_POINT('',(-21.9,-98.,22.));
#2866 = LINE('',#2867,#2868);
#2867 = CARTESIAN_POINT('',(-60.9,-98.,22.));
#2868 = VECTOR('',#2869,1.);
#2869 = DIRECTION('',(1.,0.,0.));
#2870 = ORIENTED_EDGE('',*,*,#2871,.T.);
#2871 = EDGE_CURVE('',#2864,#2872,#2874,.T.);
#2872 = VERTEX_POINT('',#2873);
#2873 = CARTESIAN_POINT('',(-21.9,-98.,47.));
#2874 = LINE('',#2875,#2876);
#2875 = CARTESIAN_POINT('',(-21.9,-98.,22.));
#2876 = VECTOR('',#2877,1.);
#2877 = DIRECTION('',(0.,0.,1.));
#2878 = ORIENTED_EDGE('',*,*,#2879,.T.);
#2879 = EDGE_CURVE('',#2872,#2880,#2882,.T.);
#2880 = VERTEX_POINT('',#2881);
#2881 = CARTESIAN_POINT('',(-6.9,-98.,47.));
#2882 = LINE('',#2883,#2884);
#2883 = CARTESIAN_POINT('',(-60.9,-98.,47.));
#2884 = VECTOR('',#2885,1.);
#2885 = DIRECTION('',(1.,0.,0.));
#2886 = ORIENTED_EDGE('',*,*,#2887,.F.);
#2887 = EDGE_CURVE('',#937,#2880,#2888,.T.);
#2888 = LINE('',#2889,#2890);
#2889 = CARTESIAN_POINT('',(-6.9,-98.,22.));
#2890 = VECTOR('',#2891,1.);
#2891 = DIRECTION('',(0.,0.,1.));
#2892 = ORIENTED_EDGE('',*,*,#936,.F.);
#2893 = ORIENTED_EDGE('',*,*,#2013,.F.);
#2894 = FACE_BOUND('',#2895,.T.);
#2895 = EDGE_LOOP('',(#2896));
#2896 = ORIENTED_EDGE('',*,*,#2897,.F.);
#2897 = EDGE_CURVE('',#2898,#2898,#2900,.T.);
#2898 = VERTEX_POINT('',#2899);
#2899 = CARTESIAN_POINT('',(-14.,-98.,43.));
#2900 = CIRCLE('',#2901,2.);
#2901 = AXIS2_PLACEMENT_3D('',#2902,#2903,#2904);
#2902 = CARTESIAN_POINT('',(-16.,-98.,43.));
#2903 = DIRECTION('',(-0.,1.,2.2E-16));
#2904 = DIRECTION('',(1.,0.,0.));
#2905 = PLANE('',#2906);
#2906 = AXIS2_PLACEMENT_3D('',#2907,#2908,#2909);
#2907 = CARTESIAN_POINT('',(-60.9,-98.,22.));
#2908 = DIRECTION('',(0.,1.,0.));
#2909 = DIRECTION('',(0.,0.,1.));
#2910 = ADVANCED_FACE('',(#2911,#2942),#2945,.T.);
#2911 = FACE_BOUND('',#2912,.T.);
#2912 = EDGE_LOOP('',(#2913,#2919,#2920,#2926,#2927,#2935,#2941));
#2913 = ORIENTED_EDGE('',*,*,#2914,.F.);
#2914 = EDGE_CURVE('',#1010,#1950,#2915,.T.);
#2915 = LINE('',#2916,#2917);
#2916 = CARTESIAN_POINT('',(23.2,-58.,37.));
#2917 = VECTOR('',#2918,1.);
#2918 = DIRECTION('',(0.,-1.,0.));
#2919 = ORIENTED_EDGE('',*,*,#1009,.T.);
#2920 = ORIENTED_EDGE('',*,*,#2921,.F.);
#2921 = EDGE_CURVE('',#954,#1002,#2922,.T.);
#2922 = LINE('',#2923,#2924);
#2923 = CARTESIAN_POINT('',(-95.9,-86.,37.));
#2924 = VECTOR('',#2925,1.);
#2925 = DIRECTION('',(1.,0.,0.));
#2926 = ORIENTED_EDGE('',*,*,#961,.F.);
#2927 = ORIENTED_EDGE('',*,*,#2928,.T.);
#2928 = EDGE_CURVE('',#937,#2929,#2931,.T.);
#2929 = VERTEX_POINT('',#2930);
#2930 = CARTESIAN_POINT('',(3.1,-98.,37.));
#2931 = LINE('',#2932,#2933);
#2932 = CARTESIAN_POINT('',(-6.9,-98.,37.));
#2933 = VECTOR('',#2934,1.);
#2934 = DIRECTION('',(1.,0.,0.));
#2935 = ORIENTED_EDGE('',*,*,#2936,.F.);
#2936 = EDGE_CURVE('',#1942,#2929,#2937,.T.);
#2937 = LINE('',#2938,#2939);
#2938 = CARTESIAN_POINT('',(3.1,-108.,37.));
#2939 = VECTOR('',#2940,1.);
#2940 = DIRECTION('',(0.,1.,0.));
#2941 = ORIENTED_EDGE('',*,*,#1949,.T.);
#2942 = FACE_BOUND('',#2943,.T.);
#2943 = EDGE_LOOP('',(#2944));
#2944 = ORIENTED_EDGE('',*,*,#2221,.T.);
#2945 = PLANE('',#2946);
#2946 = AXIS2_PLACEMENT_3D('',#2947,#2948,#2949);
#2947 = CARTESIAN_POINT('',(-106.,-108.,37.));
#2948 = DIRECTION('',(0.,0.,1.));
#2949 = DIRECTION('',(1.,0.,0.));
#2950 = ADVANCED_FACE('',(#2951),#2990,.F.);
#2951 = FACE_BOUND('',#2952,.F.);
#2952 = EDGE_LOOP('',(#2953,#2961,#2962,#2963,#2969,#2970,#2976,#2984));
#2953 = ORIENTED_EDGE('',*,*,#2954,.F.);
#2954 = EDGE_CURVE('',#1002,#2955,#2957,.T.);
#2955 = VERTEX_POINT('',#2956);
#2956 = CARTESIAN_POINT('',(8.1,-86.,39.));
#2957 = LINE('',#2958,#2959);
#2958 = CARTESIAN_POINT('',(8.1,-86.,32.));
#2959 = VECTOR('',#2960,1.);
#2960 = DIRECTION('',(0.,0.,1.));
#2961 = ORIENTED_EDGE('',*,*,#2921,.F.);
#2962 = ORIENTED_EDGE('',*,*,#953,.F.);
#2963 = ORIENTED_EDGE('',*,*,#2964,.T.);
#2964 = EDGE_CURVE('',#946,#1338,#2965,.T.);
#2965 = LINE('',#2966,#2967);
#2966 = CARTESIAN_POINT('',(8.1,-86.,33.792118241008));
#2967 = VECTOR('',#2968,1.);
#2968 = DIRECTION('',(-1.,0.,0.));
#2969 = ORIENTED_EDGE('',*,*,#1371,.T.);
#2970 = ORIENTED_EDGE('',*,*,#2971,.F.);
#2971 = EDGE_CURVE('',#1308,#1372,#2972,.T.);
#2972 = LINE('',#2973,#2974);
#2973 = CARTESIAN_POINT('',(-95.9,-86.,37.));
#2974 = VECTOR('',#2975,1.);
#2975 = DIRECTION('',(1.,0.,0.));
#2976 = ORIENTED_EDGE('',*,*,#2977,.T.);
#2977 = EDGE_CURVE('',#1308,#2978,#2980,.T.);
#2978 = VERTEX_POINT('',#2979);
#2979 = CARTESIAN_POINT('',(-75.9,-86.,39.));
#2980 = LINE('',#2981,#2982);
#2981 = CARTESIAN_POINT('',(-75.9,-86.,32.));
#2982 = VECTOR('',#2983,1.);
#2983 = DIRECTION('',(0.,0.,1.));
#2984 = ORIENTED_EDGE('',*,*,#2985,.T.);
#2985 = EDGE_CURVE('',#2978,#2955,#2986,.T.);
#2986 = LINE('',#2987,#2988);
#2987 = CARTESIAN_POINT('',(-75.9,-86.,39.));
#2988 = VECTOR('',#2989,1.);
#2989 = DIRECTION('',(1.,0.,0.));
#2990 = PLANE('',#2991);
#2991 = AXIS2_PLACEMENT_3D('',#2992,#2993,#2994);
#2992 = CARTESIAN_POINT('',(-75.9,-86.,32.));
#2993 = DIRECTION('',(0.,1.,0.));
#2994 = DIRECTION('',(0.,0.,1.));
#2995 = ADVANCED_FACE('',(#2996),#3016,.T.);
#2996 = FACE_BOUND('',#2997,.F.);
#2997 = EDGE_LOOP('',(#2998,#3005,#3006,#3013,#3014,#3015));
#2998 = ORIENTED_EDGE('',*,*,#2999,.T.);
#2999 = EDGE_CURVE('',#976,#2831,#3000,.T.);
#3000 = CIRCLE('',#3001,1.);
#3001 = AXIS2_PLACEMENT_3D('',#3002,#3003,#3004);
#3002 = CARTESIAN_POINT('',(8.1,-85.,33.792118241008));
#3003 = DIRECTION('',(1.,-0.,0.));
#3004 = DIRECTION('',(0.,0.,-1.));
#3005 = ORIENTED_EDGE('',*,*,#2838,.T.);
#3006 = ORIENTED_EDGE('',*,*,#3007,.F.);
#3007 = EDGE_CURVE('',#1316,#2839,#3008,.T.);
#3008 = CIRCLE('',#3009,1.);
#3009 = AXIS2_PLACEMENT_3D('',#3010,#3011,#3012);
#3010 = CARTESIAN_POINT('',(-75.9,-85.,33.792118241008));
#3011 = DIRECTION('',(1.,-0.,0.));
#3012 = DIRECTION('',(0.,0.,-1.));
#3013 = ORIENTED_EDGE('',*,*,#1347,.F.);
#3014 = ORIENTED_EDGE('',*,*,#2964,.F.);
#3015 = ORIENTED_EDGE('',*,*,#985,.F.);
#3016 = CYLINDRICAL_SURFACE('',#3017,1.);
#3017 = AXIS2_PLACEMENT_3D('',#3018,#3019,#3020);
#3018 = CARTESIAN_POINT('',(8.1,-85.,33.792118241008));
#3019 = DIRECTION('',(-1.,0.,0.));
#3020 = DIRECTION('',(-0.,-1.,-0.));
#3021 = ADVANCED_FACE('',(#3022),#3047,.T.);
#3022 = FACE_BOUND('',#3023,.T.);
#3023 = EDGE_LOOP('',(#3024,#3032,#3033,#3041));
#3024 = ORIENTED_EDGE('',*,*,#3025,.F.);
#3025 = EDGE_CURVE('',#1018,#3026,#3028,.T.);
#3026 = VERTEX_POINT('',#3027);
#3027 = CARTESIAN_POINT('',(28.1,-86.,42.));
#3028 = LINE('',#3029,#3030);
#3029 = CARTESIAN_POINT('',(28.1,-86.,32.));
#3030 = VECTOR('',#3031,1.);
#3031 = DIRECTION('',(0.,0.,1.));
#3032 = ORIENTED_EDGE('',*,*,#1017,.F.);
#3033 = ORIENTED_EDGE('',*,*,#3034,.T.);
#3034 = EDGE_CURVE('',#1010,#3035,#3037,.T.);
#3035 = VERTEX_POINT('',#3036);
#3036 = CARTESIAN_POINT('',(23.2,-86.,42.));
#3037 = LINE('',#3038,#3039);
#3038 = CARTESIAN_POINT('',(23.2,-86.,34.5));
#3039 = VECTOR('',#3040,1.);
#3040 = DIRECTION('',(0.,0.,1.));
#3041 = ORIENTED_EDGE('',*,*,#3042,.T.);
#3042 = EDGE_CURVE('',#3035,#3026,#3043,.T.);
#3043 = LINE('',#3044,#3045);
#3044 = CARTESIAN_POINT('',(8.1,-86.,42.));
#3045 = VECTOR('',#3046,1.);
#3046 = DIRECTION('',(1.,0.,0.));
#3047 = PLANE('',#3048);
#3048 = AXIS2_PLACEMENT_3D('',#3049,#3050,#3051);
#3049 = CARTESIAN_POINT('',(8.1,-86.,32.));
#3050 = DIRECTION('',(0.,1.,0.));
#3051 = DIRECTION('',(0.,0.,1.));
#3052 = ADVANCED_FACE('',(#3053),#3074,.T.);
#3053 = FACE_BOUND('',#3054,.T.);
#3054 = EDGE_LOOP('',(#3055,#3056,#3057,#3058,#3059,#3067,#3073));
#3055 = ORIENTED_EDGE('',*,*,#1001,.F.);
#3056 = ORIENTED_EDGE('',*,*,#2999,.T.);
#3057 = ORIENTED_EDGE('',*,*,#2830,.T.);
#3058 = ORIENTED_EDGE('',*,*,#1072,.T.);
#3059 = ORIENTED_EDGE('',*,*,#3060,.T.);
#3060 = EDGE_CURVE('',#1073,#3061,#3063,.T.);
#3061 = VERTEX_POINT('',#3062);
#3062 = CARTESIAN_POINT('',(8.1,-76.,39.));
#3063 = LINE('',#3064,#3065);
#3064 = CARTESIAN_POINT('',(8.1,-76.,32.));
#3065 = VECTOR('',#3066,1.);
#3066 = DIRECTION('',(0.,0.,1.));
#3067 = ORIENTED_EDGE('',*,*,#3068,.F.);
#3068 = EDGE_CURVE('',#2955,#3061,#3069,.T.);
#3069 = LINE('',#3070,#3071);
#3070 = CARTESIAN_POINT('',(8.1,-86.,39.));
#3071 = VECTOR('',#3072,1.);
#3072 = DIRECTION('',(0.,1.,0.));
#3073 = ORIENTED_EDGE('',*,*,#2954,.F.);
#3074 = PLANE('',#3075);
#3075 = AXIS2_PLACEMENT_3D('',#3076,#3077,#3078);
#3076 = CARTESIAN_POINT('',(8.1,-86.,32.));
#3077 = DIRECTION('',(1.,0.,0.));
#3078 = DIRECTION('',(0.,0.,1.));
#3079 = ADVANCED_FACE('',(#3080),#3098,.F.);
#3080 = FACE_BOUND('',#3081,.F.);
#3081 = EDGE_LOOP('',(#3082,#3083,#3084,#3092));
#3082 = ORIENTED_EDGE('',*,*,#3025,.F.);
#3083 = ORIENTED_EDGE('',*,*,#1049,.T.);
#3084 = ORIENTED_EDGE('',*,*,#3085,.T.);
#3085 = EDGE_CURVE('',#1042,#3086,#3088,.T.);
#3086 = VERTEX_POINT('',#3087);
#3087 = CARTESIAN_POINT('',(28.1,-76.,42.));
#3088 = LINE('',#3089,#3090);
#3089 = CARTESIAN_POINT('',(28.1,-76.,32.));
#3090 = VECTOR('',#3091,1.);
#3091 = DIRECTION('',(0.,0.,1.));
#3092 = ORIENTED_EDGE('',*,*,#3093,.F.);
#3093 = EDGE_CURVE('',#3026,#3086,#3094,.T.);
#3094 = LINE('',#3095,#3096);
#3095 = CARTESIAN_POINT('',(28.1,-86.,42.));
#3096 = VECTOR('',#3097,1.);
#3097 = DIRECTION('',(0.,1.,0.));
#3098 = PLANE('',#3099);
#3099 = AXIS2_PLACEMENT_3D('',#3100,#3101,#3102);
#3100 = CARTESIAN_POINT('',(28.1,-86.,32.));
#3101 = DIRECTION('',(1.,0.,0.));
#3102 = DIRECTION('',(0.,0.,1.));
#3103 = ADVANCED_FACE('',(#3104),#3122,.F.);
#3104 = FACE_BOUND('',#3105,.F.);
#3105 = EDGE_LOOP('',(#3106,#3107,#3108,#3116));
#3106 = ORIENTED_EDGE('',*,*,#3085,.F.);
#3107 = ORIENTED_EDGE('',*,*,#1088,.F.);
#3108 = ORIENTED_EDGE('',*,*,#3109,.T.);
#3109 = EDGE_CURVE('',#1081,#3110,#3112,.T.);
#3110 = VERTEX_POINT('',#3111);
#3111 = CARTESIAN_POINT('',(23.2,-76.,42.));
#3112 = LINE('',#3113,#3114);
#3113 = CARTESIAN_POINT('',(23.2,-76.,34.5));
#3114 = VECTOR('',#3115,1.);
#3115 = DIRECTION('',(0.,0.,1.));
#3116 = ORIENTED_EDGE('',*,*,#3117,.T.);
#3117 = EDGE_CURVE('',#3110,#3086,#3118,.T.);
#3118 = LINE('',#3119,#3120);
#3119 = CARTESIAN_POINT('',(8.1,-76.,42.));
#3120 = VECTOR('',#3121,1.);
#3121 = DIRECTION('',(1.,0.,0.));
#3122 = PLANE('',#3123);
#3123 = AXIS2_PLACEMENT_3D('',#3124,#3125,#3126);
#3124 = CARTESIAN_POINT('',(8.1,-76.,32.));
#3125 = DIRECTION('',(0.,1.,0.));
#3126 = DIRECTION('',(0.,0.,1.));
#3127 = ADVANCED_FACE('',(#3128,#3546,#3549,#3627,#3630,#3633,#3636),
  #3639,.T.);
#3128 = FACE_BOUND('',#3129,.T.);
#3129 = EDGE_LOOP('',(#3130,#3131,#3139,#3145,#3153,#3161,#3167,#3168,
    #3176,#3184,#3192,#3200,#3208,#3216,#3224,#3232,#3240,#3248,#3256,
    #3264,#3272,#3280,#3288,#3296,#3304,#3312,#3320,#3328,#3336,#3344,
    #3352,#3360,#3366,#3374,#3382,#3388,#3389,#3397,#3403,#3404,#3405,
    #3413,#3419,#3427,#3435,#3443,#3451,#3457,#3465,#3471,#3472,#3480,
    #3486,#3494,#3502,#3510,#3518,#3526,#3532,#3540));
#3130 = ORIENTED_EDGE('',*,*,#1743,.F.);
#3131 = ORIENTED_EDGE('',*,*,#3132,.F.);
#3132 = EDGE_CURVE('',#3133,#1736,#3135,.T.);
#3133 = VERTEX_POINT('',#3134);
#3134 = CARTESIAN_POINT('',(-96.,76.,37.));
#3135 = LINE('',#3136,#3137);
#3136 = CARTESIAN_POINT('',(-96.,61.,37.));
#3137 = VECTOR('',#3138,1.);
#3138 = DIRECTION('',(0.,1.,0.));
#3139 = ORIENTED_EDGE('',*,*,#3140,.F.);
#3140 = EDGE_CURVE('',#2298,#3133,#3141,.T.);
#3141 = LINE('',#3142,#3143);
#3142 = CARTESIAN_POINT('',(-96.,61.,37.));
#3143 = VECTOR('',#3144,1.);
#3144 = DIRECTION('',(0.,1.,0.));
#3145 = ORIENTED_EDGE('',*,*,#3146,.F.);
#3146 = EDGE_CURVE('',#3147,#2298,#3149,.T.);
#3147 = VERTEX_POINT('',#3148);
#3148 = CARTESIAN_POINT('',(-96.,66.,37.));
#3149 = LINE('',#3150,#3151);
#3150 = CARTESIAN_POINT('',(-96.,61.,37.));
#3151 = VECTOR('',#3152,1.);
#3152 = DIRECTION('',(0.,1.,0.));
#3153 = ORIENTED_EDGE('',*,*,#3154,.F.);
#3154 = EDGE_CURVE('',#3155,#3147,#3157,.T.);
#3155 = VERTEX_POINT('',#3156);
#3156 = CARTESIAN_POINT('',(-96.,61.,37.));
#3157 = LINE('',#3158,#3159);
#3158 = CARTESIAN_POINT('',(-96.,61.,37.));
#3159 = VECTOR('',#3160,1.);
#3160 = DIRECTION('',(0.,1.,0.));
#3161 = ORIENTED_EDGE('',*,*,#3162,.F.);
#3162 = EDGE_CURVE('',#1569,#3155,#3163,.T.);
#3163 = LINE('',#3164,#3165);
#3164 = CARTESIAN_POINT('',(-106.,61.,37.));
#3165 = VECTOR('',#3166,1.);
#3166 = DIRECTION('',(1.,0.,0.));
#3167 = ORIENTED_EDGE('',*,*,#1576,.F.);
#3168 = ORIENTED_EDGE('',*,*,#3169,.T.);
#3169 = EDGE_CURVE('',#1577,#3170,#3172,.T.);
#3170 = VERTEX_POINT('',#3171);
#3171 = CARTESIAN_POINT('',(-97.,-17.,37.));
#3172 = LINE('',#3173,#3174);
#3173 = CARTESIAN_POINT('',(-106.,-17.,37.));
#3174 = VECTOR('',#3175,1.);
#3175 = DIRECTION('',(1.,0.,0.));
#3176 = ORIENTED_EDGE('',*,*,#3177,.T.);
#3177 = EDGE_CURVE('',#3170,#3178,#3180,.T.);
#3178 = VERTEX_POINT('',#3179);
#3179 = CARTESIAN_POINT('',(-97.,43.,37.));
#3180 = LINE('',#3181,#3182);
#3181 = CARTESIAN_POINT('',(-97.,-22.,37.));
#3182 = VECTOR('',#3183,1.);
#3183 = DIRECTION('',(0.,1.,0.));
#3184 = ORIENTED_EDGE('',*,*,#3185,.T.);
#3185 = EDGE_CURVE('',#3178,#3186,#3188,.T.);
#3186 = VERTEX_POINT('',#3187);
#3187 = CARTESIAN_POINT('',(-97.,46.,37.));
#3188 = LINE('',#3189,#3190);
#3189 = CARTESIAN_POINT('',(-97.,43.,37.));
#3190 = VECTOR('',#3191,1.);
#3191 = DIRECTION('',(0.,1.,0.));
#3192 = ORIENTED_EDGE('',*,*,#3193,.T.);
#3193 = EDGE_CURVE('',#3186,#3194,#3196,.T.);
#3194 = VERTEX_POINT('',#3195);
#3195 = CARTESIAN_POINT('',(-94.,46.,37.));
#3196 = LINE('',#3197,#3198);
#3197 = CARTESIAN_POINT('',(-97.,46.,37.));
#3198 = VECTOR('',#3199,1.);
#3199 = DIRECTION('',(1.,0.,0.));
#3200 = ORIENTED_EDGE('',*,*,#3201,.T.);
#3201 = EDGE_CURVE('',#3194,#3202,#3204,.T.);
#3202 = VERTEX_POINT('',#3203);
#3203 = CARTESIAN_POINT('',(-64.,46.,37.));
#3204 = LINE('',#3205,#3206);
#3205 = CARTESIAN_POINT('',(-97.,46.,37.));
#3206 = VECTOR('',#3207,1.);
#3207 = DIRECTION('',(1.,0.,0.));
#3208 = ORIENTED_EDGE('',*,*,#3209,.T.);
#3209 = EDGE_CURVE('',#3202,#3210,#3212,.T.);
#3210 = VERTEX_POINT('',#3211);
#3211 = CARTESIAN_POINT('',(-61.,46.,37.));
#3212 = LINE('',#3213,#3214);
#3213 = CARTESIAN_POINT('',(-64.,46.,37.));
#3214 = VECTOR('',#3215,1.);
#3215 = DIRECTION('',(1.,0.,0.));
#3216 = ORIENTED_EDGE('',*,*,#3217,.F.);
#3217 = EDGE_CURVE('',#3218,#3210,#3220,.T.);
#3218 = VERTEX_POINT('',#3219);
#3219 = CARTESIAN_POINT('',(-61.,43.,37.));
#3220 = LINE('',#3221,#3222);
#3221 = CARTESIAN_POINT('',(-61.,-22.,37.));
#3222 = VECTOR('',#3223,1.);
#3223 = DIRECTION('',(0.,1.,0.));
#3224 = ORIENTED_EDGE('',*,*,#3225,.F.);
#3225 = EDGE_CURVE('',#3226,#3218,#3228,.T.);
#3226 = VERTEX_POINT('',#3227);
#3227 = CARTESIAN_POINT('',(-61.,-17.,37.));
#3228 = LINE('',#3229,#3230);
#3229 = CARTESIAN_POINT('',(-61.,-22.,37.));
#3230 = VECTOR('',#3231,1.);
#3231 = DIRECTION('',(0.,1.,0.));
#3232 = ORIENTED_EDGE('',*,*,#3233,.T.);
#3233 = EDGE_CURVE('',#3226,#3234,#3236,.T.);
#3234 = VERTEX_POINT('',#3235);
#3235 = CARTESIAN_POINT('',(-52.,-17.,37.));
#3236 = LINE('',#3237,#3238);
#3237 = CARTESIAN_POINT('',(-62.,-17.,37.));
#3238 = VECTOR('',#3239,1.);
#3239 = DIRECTION('',(1.,0.,0.));
#3240 = ORIENTED_EDGE('',*,*,#3241,.T.);
#3241 = EDGE_CURVE('',#3234,#3242,#3244,.T.);
#3242 = VERTEX_POINT('',#3243);
#3243 = CARTESIAN_POINT('',(-52.,-14.,37.));
#3244 = LINE('',#3245,#3246);
#3245 = CARTESIAN_POINT('',(-52.,-24.,37.));
#3246 = VECTOR('',#3247,1.);
#3247 = DIRECTION('',(0.,1.,0.));
#3248 = ORIENTED_EDGE('',*,*,#3249,.T.);
#3249 = EDGE_CURVE('',#3242,#3250,#3252,.T.);
#3250 = VERTEX_POINT('',#3251);
#3251 = CARTESIAN_POINT('',(-52.,-9.,37.));
#3252 = LINE('',#3253,#3254);
#3253 = CARTESIAN_POINT('',(-52.,-29.,37.));
#3254 = VECTOR('',#3255,1.);
#3255 = DIRECTION('',(0.,1.,0.));
#3256 = ORIENTED_EDGE('',*,*,#3257,.T.);
#3257 = EDGE_CURVE('',#3250,#3258,#3260,.T.);
#3258 = VERTEX_POINT('',#3259);
#3259 = CARTESIAN_POINT('',(-42.,-9.,37.));
#3260 = LINE('',#3261,#3262);
#3261 = CARTESIAN_POINT('',(-52.,-9.,37.));
#3262 = VECTOR('',#3263,1.);
#3263 = DIRECTION('',(1.,0.,0.));
#3264 = ORIENTED_EDGE('',*,*,#3265,.T.);
#3265 = EDGE_CURVE('',#3258,#3266,#3268,.T.);
#3266 = VERTEX_POINT('',#3267);
#3267 = CARTESIAN_POINT('',(-42.,59.,37.));
#3268 = LINE('',#3269,#3270);
#3269 = CARTESIAN_POINT('',(-42.,-24.,37.));
#3270 = VECTOR('',#3271,1.);
#3271 = DIRECTION('',(0.,1.,0.));
#3272 = ORIENTED_EDGE('',*,*,#3273,.T.);
#3273 = EDGE_CURVE('',#3266,#3274,#3276,.T.);
#3274 = VERTEX_POINT('',#3275);
#3275 = CARTESIAN_POINT('',(-39.,59.,37.));
#3276 = LINE('',#3277,#3278);
#3277 = CARTESIAN_POINT('',(-42.,59.,37.));
#3278 = VECTOR('',#3279,1.);
#3279 = DIRECTION('',(1.,0.,0.));
#3280 = ORIENTED_EDGE('',*,*,#3281,.F.);
#3281 = EDGE_CURVE('',#3282,#3274,#3284,.T.);
#3282 = VERTEX_POINT('',#3283);
#3283 = CARTESIAN_POINT('',(-39.,-21.,37.));
#3284 = LINE('',#3285,#3286);
#3285 = CARTESIAN_POINT('',(-39.,-21.,37.));
#3286 = VECTOR('',#3287,1.);
#3287 = DIRECTION('',(0.,1.,0.));
#3288 = ORIENTED_EDGE('',*,*,#3289,.T.);
#3289 = EDGE_CURVE('',#3282,#3290,#3292,.T.);
#3290 = VERTEX_POINT('',#3291);
#3291 = CARTESIAN_POINT('',(-3.,-21.,37.));
#3292 = LINE('',#3293,#3294);
#3293 = CARTESIAN_POINT('',(-39.,-21.,37.));
#3294 = VECTOR('',#3295,1.);
#3295 = DIRECTION('',(1.,0.,0.));
#3296 = ORIENTED_EDGE('',*,*,#3297,.T.);
#3297 = EDGE_CURVE('',#3290,#3298,#3300,.T.);
#3298 = VERTEX_POINT('',#3299);
#3299 = CARTESIAN_POINT('',(-3.,59.,37.));
#3300 = LINE('',#3301,#3302);
#3301 = CARTESIAN_POINT('',(-3.,-21.,37.));
#3302 = VECTOR('',#3303,1.);
#3303 = DIRECTION('',(0.,1.,0.));
#3304 = ORIENTED_EDGE('',*,*,#3305,.T.);
#3305 = EDGE_CURVE('',#3298,#3306,#3308,.T.);
#3306 = VERTEX_POINT('',#3307);
#3307 = CARTESIAN_POINT('',(-3.,63.,37.));
#3308 = LINE('',#3309,#3310);
#3309 = CARTESIAN_POINT('',(-3.,59.,37.));
#3310 = VECTOR('',#3311,1.);
#3311 = DIRECTION('',(0.,1.,0.));
#3312 = ORIENTED_EDGE('',*,*,#3313,.T.);
#3313 = EDGE_CURVE('',#3306,#3314,#3316,.T.);
#3314 = VERTEX_POINT('',#3315);
#3315 = CARTESIAN_POINT('',(0.,63.,37.));
#3316 = LINE('',#3317,#3318);
#3317 = CARTESIAN_POINT('',(-3.,63.,37.));
#3318 = VECTOR('',#3319,1.);
#3319 = DIRECTION('',(1.,0.,0.));
#3320 = ORIENTED_EDGE('',*,*,#3321,.F.);
#3321 = EDGE_CURVE('',#3322,#3314,#3324,.T.);
#3322 = VERTEX_POINT('',#3323);
#3323 = CARTESIAN_POINT('',(0.,59.,37.));
#3324 = LINE('',#3325,#3326);
#3325 = CARTESIAN_POINT('',(0.,59.,37.));
#3326 = VECTOR('',#3327,1.);
#3327 = DIRECTION('',(0.,1.,0.));
#3328 = ORIENTED_EDGE('',*,*,#3329,.F.);
#3329 = EDGE_CURVE('',#3330,#3322,#3332,.T.);
#3330 = VERTEX_POINT('',#3331);
#3331 = CARTESIAN_POINT('',(0.,-24.,37.));
#3332 = LINE('',#3333,#3334);
#3333 = CARTESIAN_POINT('',(0.,-24.,37.));
#3334 = VECTOR('',#3335,1.);
#3335 = DIRECTION('',(0.,1.,0.));
#3336 = ORIENTED_EDGE('',*,*,#3337,.F.);
#3337 = EDGE_CURVE('',#3338,#3330,#3340,.T.);
#3338 = VERTEX_POINT('',#3339);
#3339 = CARTESIAN_POINT('',(-16.,-24.,37.));
#3340 = LINE('',#3341,#3342);
#3341 = CARTESIAN_POINT('',(-42.,-24.,37.));
#3342 = VECTOR('',#3343,1.);
#3343 = DIRECTION('',(1.,0.,0.));
#3344 = ORIENTED_EDGE('',*,*,#3345,.F.);
#3345 = EDGE_CURVE('',#3346,#3338,#3348,.T.);
#3346 = VERTEX_POINT('',#3347);
#3347 = CARTESIAN_POINT('',(-16.,-37.,37.));
#3348 = LINE('',#3349,#3350);
#3349 = CARTESIAN_POINT('',(-16.,-81.5,37.));
#3350 = VECTOR('',#3351,1.);
#3351 = DIRECTION('',(0.,1.,0.));
#3352 = ORIENTED_EDGE('',*,*,#3353,.T.);
#3353 = EDGE_CURVE('',#3346,#3354,#3356,.T.);
#3354 = VERTEX_POINT('',#3355);
#3355 = CARTESIAN_POINT('',(-6.9,-37.,37.));
#3356 = LINE('',#3357,#3358);
#3357 = CARTESIAN_POINT('',(-16.,-37.,37.));
#3358 = VECTOR('',#3359,1.);
#3359 = DIRECTION('',(1.,0.,0.));
#3360 = ORIENTED_EDGE('',*,*,#3361,.F.);
#3361 = EDGE_CURVE('',#793,#3354,#3362,.T.);
#3362 = LINE('',#3363,#3364);
#3363 = CARTESIAN_POINT('',(-6.9,-45.,37.));
#3364 = VECTOR('',#3365,1.);
#3365 = DIRECTION('',(0.,1.,0.));
#3366 = ORIENTED_EDGE('',*,*,#3367,.T.);
#3367 = EDGE_CURVE('',#793,#3368,#3370,.T.);
#3368 = VERTEX_POINT('',#3369);
#3369 = CARTESIAN_POINT('',(3.,-45.,37.));
#3370 = LINE('',#3371,#3372);
#3371 = CARTESIAN_POINT('',(-71.,-45.,37.));
#3372 = VECTOR('',#3373,1.);
#3373 = DIRECTION('',(1.,0.,0.));
#3374 = ORIENTED_EDGE('',*,*,#3375,.F.);
#3375 = EDGE_CURVE('',#3376,#3368,#3378,.T.);
#3376 = VERTEX_POINT('',#3377);
#3377 = CARTESIAN_POINT('',(3.,-76.,37.));
#3378 = LINE('',#3379,#3380);
#3379 = CARTESIAN_POINT('',(3.,-76.,37.));
#3380 = VECTOR('',#3381,1.);
#3381 = DIRECTION('',(0.,1.,0.));
#3382 = ORIENTED_EDGE('',*,*,#3383,.T.);
#3383 = EDGE_CURVE('',#3376,#1073,#3384,.T.);
#3384 = LINE('',#3385,#3386);
#3385 = CARTESIAN_POINT('',(-95.9,-76.,37.));
#3386 = VECTOR('',#3387,1.);
#3387 = DIRECTION('',(1.,0.,0.));
#3388 = ORIENTED_EDGE('',*,*,#1080,.F.);
#3389 = ORIENTED_EDGE('',*,*,#3390,.F.);
#3390 = EDGE_CURVE('',#3391,#1081,#3393,.T.);
#3391 = VERTEX_POINT('',#3392);
#3392 = CARTESIAN_POINT('',(23.2,-58.,37.));
#3393 = LINE('',#3394,#3395);
#3394 = CARTESIAN_POINT('',(23.2,-58.,37.));
#3395 = VECTOR('',#3396,1.);
#3396 = DIRECTION('',(0.,-1.,0.));
#3397 = ORIENTED_EDGE('',*,*,#3398,.T.);
#3398 = EDGE_CURVE('',#3391,#1823,#3399,.T.);
#3399 = LINE('',#3400,#3401);
#3400 = CARTESIAN_POINT('',(23.2,-58.,37.));
#3401 = VECTOR('',#3402,1.);
#3402 = DIRECTION('',(1.,0.,0.));
#3403 = ORIENTED_EDGE('',*,*,#1822,.T.);
#3404 = ORIENTED_EDGE('',*,*,#1783,.F.);
#3405 = ORIENTED_EDGE('',*,*,#3406,.F.);
#3406 = EDGE_CURVE('',#3407,#1776,#3409,.T.);
#3407 = VERTEX_POINT('',#3408);
#3408 = CARTESIAN_POINT('',(38.,76.,37.));
#3409 = LINE('',#3410,#3411);
#3410 = CARTESIAN_POINT('',(38.,61.,37.));
#3411 = VECTOR('',#3412,1.);
#3412 = DIRECTION('',(0.,1.,0.));
#3413 = ORIENTED_EDGE('',*,*,#3414,.F.);
#3414 = EDGE_CURVE('',#2519,#3407,#3415,.T.);
#3415 = LINE('',#3416,#3417);
#3416 = CARTESIAN_POINT('',(38.,66.,37.));
#3417 = VECTOR('',#3418,1.);
#3418 = DIRECTION('',(0.,1.,0.));
#3419 = ORIENTED_EDGE('',*,*,#3420,.F.);
#3420 = EDGE_CURVE('',#3421,#2519,#3423,.T.);
#3421 = VERTEX_POINT('',#3422);
#3422 = CARTESIAN_POINT('',(38.,66.,37.));
#3423 = LINE('',#3424,#3425);
#3424 = CARTESIAN_POINT('',(38.,66.,37.));
#3425 = VECTOR('',#3426,1.);
#3426 = DIRECTION('',(0.,1.,0.));
#3427 = ORIENTED_EDGE('',*,*,#3428,.F.);
#3428 = EDGE_CURVE('',#3429,#3421,#3431,.T.);
#3429 = VERTEX_POINT('',#3430);
#3430 = CARTESIAN_POINT('',(38.,61.,37.));
#3431 = LINE('',#3432,#3433);
#3432 = CARTESIAN_POINT('',(38.,61.,37.));
#3433 = VECTOR('',#3434,1.);
#3434 = DIRECTION('',(0.,1.,0.));
#3435 = ORIENTED_EDGE('',*,*,#3436,.F.);
#3436 = EDGE_CURVE('',#3437,#3429,#3439,.T.);
#3437 = VERTEX_POINT('',#3438);
#3438 = CARTESIAN_POINT('',(28.,61.,37.));
#3439 = LINE('',#3440,#3441);
#3440 = CARTESIAN_POINT('',(28.,61.,37.));
#3441 = VECTOR('',#3442,1.);
#3442 = DIRECTION('',(1.,0.,0.));
#3443 = ORIENTED_EDGE('',*,*,#3444,.T.);
#3444 = EDGE_CURVE('',#3437,#3445,#3447,.T.);
#3445 = VERTEX_POINT('',#3446);
#3446 = CARTESIAN_POINT('',(28.,66.,37.));
#3447 = LINE('',#3448,#3449);
#3448 = CARTESIAN_POINT('',(28.,61.,37.));
#3449 = VECTOR('',#3450,1.);
#3450 = DIRECTION('',(0.,1.,0.));
#3451 = ORIENTED_EDGE('',*,*,#3452,.T.);
#3452 = EDGE_CURVE('',#3445,#2527,#3453,.T.);
#3453 = LINE('',#3454,#3455);
#3454 = CARTESIAN_POINT('',(28.,66.,37.));
#3455 = VECTOR('',#3456,1.);
#3456 = DIRECTION('',(0.,1.,0.));
#3457 = ORIENTED_EDGE('',*,*,#3458,.T.);
#3458 = EDGE_CURVE('',#2527,#3459,#3461,.T.);
#3459 = VERTEX_POINT('',#3460);
#3460 = CARTESIAN_POINT('',(28.,76.,37.));
#3461 = LINE('',#3462,#3463);
#3462 = CARTESIAN_POINT('',(28.,66.,37.));
#3463 = VECTOR('',#3464,1.);
#3464 = DIRECTION('',(0.,1.,0.));
#3465 = ORIENTED_EDGE('',*,*,#3466,.T.);
#3466 = EDGE_CURVE('',#3459,#1768,#3467,.T.);
#3467 = LINE('',#3468,#3469);
#3468 = CARTESIAN_POINT('',(28.,61.,37.));
#3469 = VECTOR('',#3470,1.);
#3470 = DIRECTION('',(0.,1.,0.));
#3471 = ORIENTED_EDGE('',*,*,#1767,.F.);
#3472 = ORIENTED_EDGE('',*,*,#3473,.F.);
#3473 = EDGE_CURVE('',#3474,#1760,#3476,.T.);
#3474 = VERTEX_POINT('',#3475);
#3475 = CARTESIAN_POINT('',(-42.,76.,37.));
#3476 = LINE('',#3477,#3478);
#3477 = CARTESIAN_POINT('',(-42.,61.,37.));
#3478 = VECTOR('',#3479,1.);
#3479 = DIRECTION('',(0.,1.,0.));
#3480 = ORIENTED_EDGE('',*,*,#3481,.F.);
#3481 = EDGE_CURVE('',#2400,#3474,#3482,.T.);
#3482 = LINE('',#3483,#3484);
#3483 = CARTESIAN_POINT('',(-42.,66.,37.));
#3484 = VECTOR('',#3485,1.);
#3485 = DIRECTION('',(0.,1.,0.));
#3486 = ORIENTED_EDGE('',*,*,#3487,.F.);
#3487 = EDGE_CURVE('',#3488,#2400,#3490,.T.);
#3488 = VERTEX_POINT('',#3489);
#3489 = CARTESIAN_POINT('',(-42.,66.,37.));
#3490 = LINE('',#3491,#3492);
#3491 = CARTESIAN_POINT('',(-42.,66.,37.));
#3492 = VECTOR('',#3493,1.);
#3493 = DIRECTION('',(0.,1.,0.));
#3494 = ORIENTED_EDGE('',*,*,#3495,.F.);
#3495 = EDGE_CURVE('',#3496,#3488,#3498,.T.);
#3496 = VERTEX_POINT('',#3497);
#3497 = CARTESIAN_POINT('',(-42.,61.,37.));
#3498 = LINE('',#3499,#3500);
#3499 = CARTESIAN_POINT('',(-42.,61.,37.));
#3500 = VECTOR('',#3501,1.);
#3501 = DIRECTION('',(0.,1.,0.));
#3502 = ORIENTED_EDGE('',*,*,#3503,.F.);
#3503 = EDGE_CURVE('',#3504,#3496,#3506,.T.);
#3504 = VERTEX_POINT('',#3505);
#3505 = CARTESIAN_POINT('',(-52.,61.,37.));
#3506 = LINE('',#3507,#3508);
#3507 = CARTESIAN_POINT('',(-52.,61.,37.));
#3508 = VECTOR('',#3509,1.);
#3509 = DIRECTION('',(1.,0.,0.));
#3510 = ORIENTED_EDGE('',*,*,#3511,.F.);
#3511 = EDGE_CURVE('',#3512,#3504,#3514,.T.);
#3512 = VERTEX_POINT('',#3513);
#3513 = CARTESIAN_POINT('',(-62.,61.,37.));
#3514 = LINE('',#3515,#3516);
#3515 = CARTESIAN_POINT('',(-62.,61.,37.));
#3516 = VECTOR('',#3517,1.);
#3517 = DIRECTION('',(1.,0.,0.));
#3518 = ORIENTED_EDGE('',*,*,#3519,.T.);
#3519 = EDGE_CURVE('',#3512,#3520,#3522,.T.);
#3520 = VERTEX_POINT('',#3521);
#3521 = CARTESIAN_POINT('',(-62.,66.,37.));
#3522 = LINE('',#3523,#3524);
#3523 = CARTESIAN_POINT('',(-62.,61.,37.));
#3524 = VECTOR('',#3525,1.);
#3525 = DIRECTION('',(0.,1.,0.));
#3526 = ORIENTED_EDGE('',*,*,#3527,.T.);
#3527 = EDGE_CURVE('',#3520,#2375,#3528,.T.);
#3528 = LINE('',#3529,#3530);
#3529 = CARTESIAN_POINT('',(-62.,61.,37.));
#3530 = VECTOR('',#3531,1.);
#3531 = DIRECTION('',(0.,1.,0.));
#3532 = ORIENTED_EDGE('',*,*,#3533,.T.);
#3533 = EDGE_CURVE('',#2375,#3534,#3536,.T.);
#3534 = VERTEX_POINT('',#3535);
#3535 = CARTESIAN_POINT('',(-62.,76.,37.));
#3536 = LINE('',#3537,#3538);
#3537 = CARTESIAN_POINT('',(-62.,61.,37.));
#3538 = VECTOR('',#3539,1.);
#3539 = DIRECTION('',(0.,1.,0.));
#3540 = ORIENTED_EDGE('',*,*,#3541,.T.);
#3541 = EDGE_CURVE('',#3534,#1744,#3542,.T.);
#3542 = LINE('',#3543,#3544);
#3543 = CARTESIAN_POINT('',(-62.,61.,37.));
#3544 = VECTOR('',#3545,1.);
#3545 = DIRECTION('',(0.,1.,0.));
#3546 = FACE_BOUND('',#3547,.T.);
#3547 = EDGE_LOOP('',(#3548));
#3548 = ORIENTED_EDGE('',*,*,#2246,.T.);
#3549 = FACE_BOUND('',#3550,.T.);
#3550 = EDGE_LOOP('',(#3551,#3561,#3567,#3575,#3583,#3591,#3599,#3605,
    #3613,#3621));
#3551 = ORIENTED_EDGE('',*,*,#3552,.T.);
#3552 = EDGE_CURVE('',#3553,#3555,#3557,.T.);
#3553 = VERTEX_POINT('',#3554);
#3554 = CARTESIAN_POINT('',(28.,-29.,37.));
#3555 = VERTEX_POINT('',#3556);
#3556 = CARTESIAN_POINT('',(28.,-24.,37.));
#3557 = LINE('',#3558,#3559);
#3558 = CARTESIAN_POINT('',(28.,-29.,37.));
#3559 = VECTOR('',#3560,1.);
#3560 = DIRECTION('',(0.,1.,0.));
#3561 = ORIENTED_EDGE('',*,*,#3562,.T.);
#3562 = EDGE_CURVE('',#3555,#2272,#3563,.T.);
#3563 = LINE('',#3564,#3565);
#3564 = CARTESIAN_POINT('',(28.,-24.,37.));
#3565 = VECTOR('',#3566,1.);
#3566 = DIRECTION('',(0.,1.,0.));
#3567 = ORIENTED_EDGE('',*,*,#3568,.T.);
#3568 = EDGE_CURVE('',#2272,#3569,#3571,.T.);
#3569 = VERTEX_POINT('',#3570);
#3570 = CARTESIAN_POINT('',(28.,-14.,37.));
#3571 = LINE('',#3572,#3573);
#3572 = CARTESIAN_POINT('',(28.,-24.,37.));
#3573 = VECTOR('',#3574,1.);
#3574 = DIRECTION('',(0.,1.,0.));
#3575 = ORIENTED_EDGE('',*,*,#3576,.T.);
#3576 = EDGE_CURVE('',#3569,#3577,#3579,.T.);
#3577 = VERTEX_POINT('',#3578);
#3578 = CARTESIAN_POINT('',(28.,-9.,37.));
#3579 = LINE('',#3580,#3581);
#3580 = CARTESIAN_POINT('',(28.,-29.,37.));
#3581 = VECTOR('',#3582,1.);
#3582 = DIRECTION('',(0.,1.,0.));
#3583 = ORIENTED_EDGE('',*,*,#3584,.T.);
#3584 = EDGE_CURVE('',#3577,#3585,#3587,.T.);
#3585 = VERTEX_POINT('',#3586);
#3586 = CARTESIAN_POINT('',(38.,-9.,37.));
#3587 = LINE('',#3588,#3589);
#3588 = CARTESIAN_POINT('',(28.,-9.,37.));
#3589 = VECTOR('',#3590,1.);
#3590 = DIRECTION('',(1.,0.,0.));
#3591 = ORIENTED_EDGE('',*,*,#3592,.F.);
#3592 = EDGE_CURVE('',#3593,#3585,#3595,.T.);
#3593 = VERTEX_POINT('',#3594);
#3594 = CARTESIAN_POINT('',(38.,-14.,37.));
#3595 = LINE('',#3596,#3597);
#3596 = CARTESIAN_POINT('',(38.,-29.,37.));
#3597 = VECTOR('',#3598,1.);
#3598 = DIRECTION('',(0.,1.,0.));
#3599 = ORIENTED_EDGE('',*,*,#3600,.F.);
#3600 = EDGE_CURVE('',#2264,#3593,#3601,.T.);
#3601 = LINE('',#3602,#3603);
#3602 = CARTESIAN_POINT('',(38.,-24.,37.));
#3603 = VECTOR('',#3604,1.);
#3604 = DIRECTION('',(0.,1.,0.));
#3605 = ORIENTED_EDGE('',*,*,#3606,.F.);
#3606 = EDGE_CURVE('',#3607,#2264,#3609,.T.);
#3607 = VERTEX_POINT('',#3608);
#3608 = CARTESIAN_POINT('',(38.,-24.,37.));
#3609 = LINE('',#3610,#3611);
#3610 = CARTESIAN_POINT('',(38.,-24.,37.));
#3611 = VECTOR('',#3612,1.);
#3612 = DIRECTION('',(0.,1.,0.));
#3613 = ORIENTED_EDGE('',*,*,#3614,.F.);
#3614 = EDGE_CURVE('',#3615,#3607,#3617,.T.);
#3615 = VERTEX_POINT('',#3616);
#3616 = CARTESIAN_POINT('',(38.,-29.,37.));
#3617 = LINE('',#3618,#3619);
#3618 = CARTESIAN_POINT('',(38.,-29.,37.));
#3619 = VECTOR('',#3620,1.);
#3620 = DIRECTION('',(0.,1.,0.));
#3621 = ORIENTED_EDGE('',*,*,#3622,.F.);
#3622 = EDGE_CURVE('',#3553,#3615,#3623,.T.);
#3623 = LINE('',#3624,#3625);
#3624 = CARTESIAN_POINT('',(28.,-29.,37.));
#3625 = VECTOR('',#3626,1.);
#3626 = DIRECTION('',(1.,0.,0.));
#3627 = FACE_BOUND('',#3628,.T.);
#3628 = EDGE_LOOP('',(#3629));
#3629 = ORIENTED_EDGE('',*,*,#2349,.F.);
#3630 = FACE_BOUND('',#3631,.T.);
#3631 = EDGE_LOOP('',(#3632));
#3632 = ORIENTED_EDGE('',*,*,#2451,.T.);
#3633 = FACE_BOUND('',#3634,.T.);
#3634 = EDGE_LOOP('',(#3635));
#3635 = ORIENTED_EDGE('',*,*,#2476,.T.);
#3636 = FACE_BOUND('',#3637,.T.);
#3637 = EDGE_LOOP('',(#3638));
#3638 = ORIENTED_EDGE('',*,*,#2501,.F.);
#3639 = PLANE('',#3640);
#3640 = AXIS2_PLACEMENT_3D('',#3641,#3642,#3643);
#3641 = CARTESIAN_POINT('',(-106.,-108.,37.));
#3642 = DIRECTION('',(0.,0.,1.));
#3643 = DIRECTION('',(1.,0.,0.));
#3644 = ADVANCED_FACE('',(#3645),#3651,.F.);
#3645 = FACE_BOUND('',#3646,.F.);
#3646 = EDGE_LOOP('',(#3647,#3648,#3649,#3650));
#3647 = ORIENTED_EDGE('',*,*,#1151,.F.);
#3648 = ORIENTED_EDGE('',*,*,#2670,.T.);
#3649 = ORIENTED_EDGE('',*,*,#800,.T.);
#3650 = ORIENTED_EDGE('',*,*,#1127,.F.);
#3651 = PLANE('',#3652);
#3652 = AXIS2_PLACEMENT_3D('',#3653,#3654,#3655);
#3653 = CARTESIAN_POINT('',(-16.,-45.,32.));
#3654 = DIRECTION('',(0.,1.,0.));
#3655 = DIRECTION('',(0.,0.,1.));
#3656 = ADVANCED_FACE('',(#3657),#3676,.F.);
#3657 = FACE_BOUND('',#3658,.F.);
#3658 = EDGE_LOOP('',(#3659,#3660,#3661,#3662,#3668,#3669,#3675));
#3659 = ORIENTED_EDGE('',*,*,#2663,.F.);
#3660 = ORIENTED_EDGE('',*,*,#1167,.T.);
#3661 = ORIENTED_EDGE('',*,*,#1218,.T.);
#3662 = ORIENTED_EDGE('',*,*,#3663,.T.);
#3663 = EDGE_CURVE('',#1211,#2616,#3664,.T.);
#3664 = LINE('',#3665,#3666);
#3665 = CARTESIAN_POINT('',(-19.,-24.,32.));
#3666 = VECTOR('',#3667,1.);
#3667 = DIRECTION('',(0.,0.,1.));
#3668 = ORIENTED_EDGE('',*,*,#2615,.F.);
#3669 = ORIENTED_EDGE('',*,*,#3670,.F.);
#3670 = EDGE_CURVE('',#2552,#2608,#3671,.T.);
#3671 = LINE('',#3672,#3673);
#3672 = CARTESIAN_POINT('',(-19.,-45.,32.));
#3673 = VECTOR('',#3674,1.);
#3674 = DIRECTION('',(0.,0.,1.));
#3675 = ORIENTED_EDGE('',*,*,#2551,.F.);
#3676 = PLANE('',#3677);
#3677 = AXIS2_PLACEMENT_3D('',#3678,#3679,#3680);
#3678 = CARTESIAN_POINT('',(-19.,-45.,32.));
#3679 = DIRECTION('',(1.,0.,0.));
#3680 = DIRECTION('',(0.,0.,1.));
#3681 = ADVANCED_FACE('',(#3682),#3689,.F.);
#3682 = FACE_BOUND('',#3683,.F.);
#3683 = EDGE_LOOP('',(#3684,#3685,#3686,#3687,#3688));
#3684 = ORIENTED_EDGE('',*,*,#1210,.F.);
#3685 = ORIENTED_EDGE('',*,*,#1202,.T.);
#3686 = ORIENTED_EDGE('',*,*,#2648,.T.);
#3687 = ORIENTED_EDGE('',*,*,#2623,.T.);
#3688 = ORIENTED_EDGE('',*,*,#3663,.F.);
#3689 = PLANE('',#3690);
#3690 = AXIS2_PLACEMENT_3D('',#3691,#3692,#3693);
#3691 = CARTESIAN_POINT('',(-42.,-24.,37.));
#3692 = DIRECTION('',(0.,1.,0.));
#3693 = DIRECTION('',(0.,0.,1.));
#3694 = ADVANCED_FACE('',(#3695),#3716,.F.);
#3695 = FACE_BOUND('',#3696,.F.);
#3696 = EDGE_LOOP('',(#3697,#3698,#3699,#3700,#3701,#3709,#3715));
#3697 = ORIENTED_EDGE('',*,*,#1315,.F.);
#3698 = ORIENTED_EDGE('',*,*,#3007,.T.);
#3699 = ORIENTED_EDGE('',*,*,#2846,.T.);
#3700 = ORIENTED_EDGE('',*,*,#1258,.T.);
#3701 = ORIENTED_EDGE('',*,*,#3702,.T.);
#3702 = EDGE_CURVE('',#1251,#3703,#3705,.T.);
#3703 = VERTEX_POINT('',#3704);
#3704 = CARTESIAN_POINT('',(-75.9,-76.,39.));
#3705 = LINE('',#3706,#3707);
#3706 = CARTESIAN_POINT('',(-75.9,-76.,32.));
#3707 = VECTOR('',#3708,1.);
#3708 = DIRECTION('',(0.,0.,1.));
#3709 = ORIENTED_EDGE('',*,*,#3710,.F.);
#3710 = EDGE_CURVE('',#2978,#3703,#3711,.T.);
#3711 = LINE('',#3712,#3713);
#3712 = CARTESIAN_POINT('',(-75.9,-86.,39.));
#3713 = VECTOR('',#3714,1.);
#3714 = DIRECTION('',(0.,1.,0.));
#3715 = ORIENTED_EDGE('',*,*,#2977,.F.);
#3716 = PLANE('',#3717);
#3717 = AXIS2_PLACEMENT_3D('',#3718,#3719,#3720);
#3718 = CARTESIAN_POINT('',(-75.9,-86.,32.));
#3719 = DIRECTION('',(1.,0.,0.));
#3720 = DIRECTION('',(0.,0.,1.));
#3721 = ADVANCED_FACE('',(#3722,#3884),#3887,.T.);
#3722 = FACE_BOUND('',#3723,.T.);
#3723 = EDGE_LOOP('',(#3724,#3734,#3740,#3748,#3756,#3762,#3763,#3771,
    #3777,#3778,#3786,#3794,#3800,#3808,#3816,#3824,#3830,#3838,#3846,
    #3854,#3862,#3870,#3878));
#3724 = ORIENTED_EDGE('',*,*,#3725,.F.);
#3725 = EDGE_CURVE('',#3726,#3728,#3730,.T.);
#3726 = VERTEX_POINT('',#3727);
#3727 = CARTESIAN_POINT('',(-96.,-22.,37.));
#3728 = VERTEX_POINT('',#3729);
#3729 = CARTESIAN_POINT('',(-94.,-22.,37.));
#3730 = LINE('',#3731,#3732);
#3731 = CARTESIAN_POINT('',(-97.,-22.,37.));
#3732 = VECTOR('',#3733,1.);
#3733 = DIRECTION('',(1.,0.,0.));
#3734 = ORIENTED_EDGE('',*,*,#3735,.F.);
#3735 = EDGE_CURVE('',#2086,#3726,#3736,.T.);
#3736 = LINE('',#3737,#3738);
#3737 = CARTESIAN_POINT('',(-96.,-37.,37.));
#3738 = VECTOR('',#3739,1.);
#3739 = DIRECTION('',(0.,1.,0.));
#3740 = ORIENTED_EDGE('',*,*,#3741,.F.);
#3741 = EDGE_CURVE('',#3742,#2086,#3744,.T.);
#3742 = VERTEX_POINT('',#3743);
#3743 = CARTESIAN_POINT('',(-96.,-32.,37.));
#3744 = LINE('',#3745,#3746);
#3745 = CARTESIAN_POINT('',(-96.,-37.,37.));
#3746 = VECTOR('',#3747,1.);
#3747 = DIRECTION('',(0.,1.,0.));
#3748 = ORIENTED_EDGE('',*,*,#3749,.F.);
#3749 = EDGE_CURVE('',#3750,#3742,#3752,.T.);
#3750 = VERTEX_POINT('',#3751);
#3751 = CARTESIAN_POINT('',(-96.,-37.,37.));
#3752 = LINE('',#3753,#3754);
#3753 = CARTESIAN_POINT('',(-96.,-37.,37.));
#3754 = VECTOR('',#3755,1.);
#3755 = DIRECTION('',(0.,1.,0.));
#3756 = ORIENTED_EDGE('',*,*,#3757,.F.);
#3757 = EDGE_CURVE('',#1514,#3750,#3758,.T.);
#3758 = LINE('',#3759,#3760);
#3759 = CARTESIAN_POINT('',(-106.,-37.,37.));
#3760 = VECTOR('',#3761,1.);
#3761 = DIRECTION('',(1.,0.,0.));
#3762 = ORIENTED_EDGE('',*,*,#1521,.F.);
#3763 = ORIENTED_EDGE('',*,*,#3764,.T.);
#3764 = EDGE_CURVE('',#1522,#3765,#3767,.T.);
#3765 = VERTEX_POINT('',#3766);
#3766 = CARTESIAN_POINT('',(-91.,-58.,37.));
#3767 = LINE('',#3768,#3769);
#3768 = CARTESIAN_POINT('',(-106.,-58.,37.));
#3769 = VECTOR('',#3770,1.);
#3770 = DIRECTION('',(1.,0.,0.));
#3771 = ORIENTED_EDGE('',*,*,#3772,.T.);
#3772 = EDGE_CURVE('',#3765,#1243,#3773,.T.);
#3773 = LINE('',#3774,#3775);
#3774 = CARTESIAN_POINT('',(-91.,-58.,37.));
#3775 = VECTOR('',#3776,1.);
#3776 = DIRECTION('',(0.,-1.,0.));
#3777 = ORIENTED_EDGE('',*,*,#1250,.F.);
#3778 = ORIENTED_EDGE('',*,*,#3779,.T.);
#3779 = EDGE_CURVE('',#1251,#3780,#3782,.T.);
#3780 = VERTEX_POINT('',#3781);
#3781 = CARTESIAN_POINT('',(-71.,-76.,37.));
#3782 = LINE('',#3783,#3784);
#3783 = CARTESIAN_POINT('',(-95.9,-76.,37.));
#3784 = VECTOR('',#3785,1.);
#3785 = DIRECTION('',(1.,0.,0.));
#3786 = ORIENTED_EDGE('',*,*,#3787,.T.);
#3787 = EDGE_CURVE('',#3780,#3788,#3790,.T.);
#3788 = VERTEX_POINT('',#3789);
#3789 = CARTESIAN_POINT('',(-71.,-45.,37.));
#3790 = LINE('',#3791,#3792);
#3791 = CARTESIAN_POINT('',(-71.,-76.,37.));
#3792 = VECTOR('',#3793,1.);
#3793 = DIRECTION('',(0.,1.,0.));
#3794 = ORIENTED_EDGE('',*,*,#3795,.T.);
#3795 = EDGE_CURVE('',#3788,#32,#3796,.T.);
#3796 = LINE('',#3797,#3798);
#3797 = CARTESIAN_POINT('',(-71.,-45.,37.));
#3798 = VECTOR('',#3799,1.);
#3799 = DIRECTION('',(1.,0.,0.));
#3800 = ORIENTED_EDGE('',*,*,#3801,.T.);
#3801 = EDGE_CURVE('',#32,#3802,#3804,.T.);
#3802 = VERTEX_POINT('',#3803);
#3803 = CARTESIAN_POINT('',(-60.9,-37.,37.));
#3804 = LINE('',#3805,#3806);
#3805 = CARTESIAN_POINT('',(-60.9,-45.,37.));
#3806 = VECTOR('',#3807,1.);
#3807 = DIRECTION('',(0.,1.,0.));
#3808 = ORIENTED_EDGE('',*,*,#3809,.F.);
#3809 = EDGE_CURVE('',#3810,#3802,#3812,.T.);
#3810 = VERTEX_POINT('',#3811);
#3811 = CARTESIAN_POINT('',(-62.,-37.,37.));
#3812 = LINE('',#3813,#3814);
#3813 = CARTESIAN_POINT('',(-62.,-37.,37.));
#3814 = VECTOR('',#3815,1.);
#3815 = DIRECTION('',(1.,0.,0.));
#3816 = ORIENTED_EDGE('',*,*,#3817,.T.);
#3817 = EDGE_CURVE('',#3810,#3818,#3820,.T.);
#3818 = VERTEX_POINT('',#3819);
#3819 = CARTESIAN_POINT('',(-62.,-32.,37.));
#3820 = LINE('',#3821,#3822);
#3821 = CARTESIAN_POINT('',(-62.,-37.,37.));
#3822 = VECTOR('',#3823,1.);
#3823 = DIRECTION('',(0.,1.,0.));
#3824 = ORIENTED_EDGE('',*,*,#3825,.T.);
#3825 = EDGE_CURVE('',#3818,#2139,#3826,.T.);
#3826 = LINE('',#3827,#3828);
#3827 = CARTESIAN_POINT('',(-62.,-37.,37.));
#3828 = VECTOR('',#3829,1.);
#3829 = DIRECTION('',(0.,1.,0.));
#3830 = ORIENTED_EDGE('',*,*,#3831,.T.);
#3831 = EDGE_CURVE('',#2139,#3832,#3834,.T.);
#3832 = VERTEX_POINT('',#3833);
#3833 = CARTESIAN_POINT('',(-62.,-22.,37.));
#3834 = LINE('',#3835,#3836);
#3835 = CARTESIAN_POINT('',(-62.,-37.,37.));
#3836 = VECTOR('',#3837,1.);
#3837 = DIRECTION('',(0.,1.,0.));
#3838 = ORIENTED_EDGE('',*,*,#3839,.F.);
#3839 = EDGE_CURVE('',#3840,#3832,#3842,.T.);
#3840 = VERTEX_POINT('',#3841);
#3841 = CARTESIAN_POINT('',(-64.,-22.,37.));
#3842 = LINE('',#3843,#3844);
#3843 = CARTESIAN_POINT('',(-64.,-22.,37.));
#3844 = VECTOR('',#3845,1.);
#3845 = DIRECTION('',(1.,0.,0.));
#3846 = ORIENTED_EDGE('',*,*,#3847,.T.);
#3847 = EDGE_CURVE('',#3840,#3848,#3850,.T.);
#3848 = VERTEX_POINT('',#3849);
#3849 = CARTESIAN_POINT('',(-73.,-22.,37.));
#3850 = LINE('',#3851,#3852);
#3851 = CARTESIAN_POINT('',(-100.,-22.,37.));
#3852 = VECTOR('',#3853,1.);
#3853 = DIRECTION('',(-1.,0.,0.));
#3854 = ORIENTED_EDGE('',*,*,#3855,.F.);
#3855 = EDGE_CURVE('',#3856,#3848,#3858,.T.);
#3856 = VERTEX_POINT('',#3857);
#3857 = CARTESIAN_POINT('',(-73.,-32.,37.));
#3858 = LINE('',#3859,#3860);
#3859 = CARTESIAN_POINT('',(-73.,-70.,37.));
#3860 = VECTOR('',#3861,1.);
#3861 = DIRECTION('',(0.,1.,0.));
#3862 = ORIENTED_EDGE('',*,*,#3863,.T.);
#3863 = EDGE_CURVE('',#3856,#3864,#3866,.T.);
#3864 = VERTEX_POINT('',#3865);
#3865 = CARTESIAN_POINT('',(-85.,-32.,37.));
#3866 = LINE('',#3867,#3868);
#3867 = CARTESIAN_POINT('',(-95.5,-32.,37.));
#3868 = VECTOR('',#3869,1.);
#3869 = DIRECTION('',(-1.,0.,0.));
#3870 = ORIENTED_EDGE('',*,*,#3871,.T.);
#3871 = EDGE_CURVE('',#3864,#3872,#3874,.T.);
#3872 = VERTEX_POINT('',#3873);
#3873 = CARTESIAN_POINT('',(-85.,-22.,37.));
#3874 = LINE('',#3875,#3876);
#3875 = CARTESIAN_POINT('',(-85.,-70.,37.));
#3876 = VECTOR('',#3877,1.);
#3877 = DIRECTION('',(0.,1.,0.));
#3878 = ORIENTED_EDGE('',*,*,#3879,.T.);
#3879 = EDGE_CURVE('',#3872,#3728,#3880,.T.);
#3880 = LINE('',#3881,#3882);
#3881 = CARTESIAN_POINT('',(-100.,-22.,37.));
#3882 = VECTOR('',#3883,1.);
#3883 = DIRECTION('',(-1.,0.,0.));
#3884 = FACE_BOUND('',#3885,.T.);
#3885 = EDGE_LOOP('',(#3886));
#3886 = ORIENTED_EDGE('',*,*,#2069,.T.);
#3887 = PLANE('',#3888);
#3888 = AXIS2_PLACEMENT_3D('',#3889,#3890,#3891);
#3889 = CARTESIAN_POINT('',(-106.,-108.,37.));
#3890 = DIRECTION('',(0.,0.,1.));
#3891 = DIRECTION('',(1.,0.,0.));
#3892 = ADVANCED_FACE('',(#3893),#3918,.F.);
#3893 = FACE_BOUND('',#3894,.F.);
#3894 = EDGE_LOOP('',(#3895,#3896,#3904,#3912));
#3895 = ORIENTED_EDGE('',*,*,#1242,.F.);
#3896 = ORIENTED_EDGE('',*,*,#3897,.T.);
#3897 = EDGE_CURVE('',#1235,#3898,#3900,.T.);
#3898 = VERTEX_POINT('',#3899);
#3899 = CARTESIAN_POINT('',(-95.9,-76.,42.));
#3900 = LINE('',#3901,#3902);
#3901 = CARTESIAN_POINT('',(-95.9,-76.,32.));
#3902 = VECTOR('',#3903,1.);
#3903 = DIRECTION('',(0.,0.,1.));
#3904 = ORIENTED_EDGE('',*,*,#3905,.T.);
#3905 = EDGE_CURVE('',#3898,#3906,#3908,.T.);
#3906 = VERTEX_POINT('',#3907);
#3907 = CARTESIAN_POINT('',(-91.,-76.,42.));
#3908 = LINE('',#3909,#3910);
#3909 = CARTESIAN_POINT('',(-95.9,-76.,42.));
#3910 = VECTOR('',#3911,1.);
#3911 = DIRECTION('',(1.,0.,0.));
#3912 = ORIENTED_EDGE('',*,*,#3913,.F.);
#3913 = EDGE_CURVE('',#1243,#3906,#3914,.T.);
#3914 = LINE('',#3915,#3916);
#3915 = CARTESIAN_POINT('',(-91.,-76.,34.5));
#3916 = VECTOR('',#3917,1.);
#3917 = DIRECTION('',(0.,0.,1.));
#3918 = PLANE('',#3919);
#3919 = AXIS2_PLACEMENT_3D('',#3920,#3921,#3922);
#3920 = CARTESIAN_POINT('',(-95.9,-76.,32.));
#3921 = DIRECTION('',(0.,1.,0.));
#3922 = DIRECTION('',(0.,0.,1.));
#3923 = ADVANCED_FACE('',(#3924),#3942,.T.);
#3924 = FACE_BOUND('',#3925,.T.);
#3925 = EDGE_LOOP('',(#3926,#3934,#3935,#3936));
#3926 = ORIENTED_EDGE('',*,*,#3927,.F.);
#3927 = EDGE_CURVE('',#1274,#3928,#3930,.T.);
#3928 = VERTEX_POINT('',#3929);
#3929 = CARTESIAN_POINT('',(-95.9,-86.,42.));
#3930 = LINE('',#3931,#3932);
#3931 = CARTESIAN_POINT('',(-95.9,-86.,32.));
#3932 = VECTOR('',#3933,1.);
#3933 = DIRECTION('',(0.,0.,1.));
#3934 = ORIENTED_EDGE('',*,*,#1283,.T.);
#3935 = ORIENTED_EDGE('',*,*,#3897,.T.);
#3936 = ORIENTED_EDGE('',*,*,#3937,.F.);
#3937 = EDGE_CURVE('',#3928,#3898,#3938,.T.);
#3938 = LINE('',#3939,#3940);
#3939 = CARTESIAN_POINT('',(-95.9,-86.,42.));
#3940 = VECTOR('',#3941,1.);
#3941 = DIRECTION('',(0.,1.,0.));
#3942 = PLANE('',#3943);
#3943 = AXIS2_PLACEMENT_3D('',#3944,#3945,#3946);
#3944 = CARTESIAN_POINT('',(-95.9,-86.,32.));
#3945 = DIRECTION('',(1.,0.,0.));
#3946 = DIRECTION('',(0.,0.,1.));
#3947 = ADVANCED_FACE('',(#3948,#3974),#3977,.T.);
#3948 = FACE_BOUND('',#3949,.T.);
#3949 = EDGE_LOOP('',(#3950,#3951,#3952,#3958,#3959,#3967,#3973));
#3950 = ORIENTED_EDGE('',*,*,#2971,.F.);
#3951 = ORIENTED_EDGE('',*,*,#1307,.T.);
#3952 = ORIENTED_EDGE('',*,*,#3953,.T.);
#3953 = EDGE_CURVE('',#1300,#1466,#3954,.T.);
#3954 = LINE('',#3955,#3956);
#3955 = CARTESIAN_POINT('',(-91.,-58.,37.));
#3956 = VECTOR('',#3957,1.);
#3957 = DIRECTION('',(0.,-1.,0.));
#3958 = ORIENTED_EDGE('',*,*,#1473,.T.);
#3959 = ORIENTED_EDGE('',*,*,#3960,.T.);
#3960 = EDGE_CURVE('',#1474,#3961,#3963,.T.);
#3961 = VERTEX_POINT('',#3962);
#3962 = CARTESIAN_POINT('',(-70.9,-98.,37.));
#3963 = LINE('',#3964,#3965);
#3964 = CARTESIAN_POINT('',(-70.9,-108.,37.));
#3965 = VECTOR('',#3966,1.);
#3966 = DIRECTION('',(0.,1.,0.));
#3967 = ORIENTED_EDGE('',*,*,#3968,.T.);
#3968 = EDGE_CURVE('',#3961,#1362,#3969,.T.);
#3969 = LINE('',#3970,#3971);
#3970 = CARTESIAN_POINT('',(-70.9,-98.,37.));
#3971 = VECTOR('',#3972,1.);
#3972 = DIRECTION('',(1.,0.,0.));
#3973 = ORIENTED_EDGE('',*,*,#1379,.T.);
#3974 = FACE_BOUND('',#3975,.T.);
#3975 = EDGE_LOOP('',(#3976));
#3976 = ORIENTED_EDGE('',*,*,#2044,.T.);
#3977 = PLANE('',#3978);
#3978 = AXIS2_PLACEMENT_3D('',#3979,#3980,#3981);
#3979 = CARTESIAN_POINT('',(-106.,-108.,37.));
#3980 = DIRECTION('',(0.,0.,1.));
#3981 = DIRECTION('',(1.,0.,0.));
#3982 = ADVANCED_FACE('',(#3983),#4001,.T.);
#3983 = FACE_BOUND('',#3984,.T.);
#3984 = EDGE_LOOP('',(#3985,#3986,#3987,#3995));
#3985 = ORIENTED_EDGE('',*,*,#1299,.F.);
#3986 = ORIENTED_EDGE('',*,*,#3927,.T.);
#3987 = ORIENTED_EDGE('',*,*,#3988,.T.);
#3988 = EDGE_CURVE('',#3928,#3989,#3991,.T.);
#3989 = VERTEX_POINT('',#3990);
#3990 = CARTESIAN_POINT('',(-91.,-86.,42.));
#3991 = LINE('',#3992,#3993);
#3992 = CARTESIAN_POINT('',(-95.9,-86.,42.));
#3993 = VECTOR('',#3994,1.);
#3994 = DIRECTION('',(1.,0.,0.));
#3995 = ORIENTED_EDGE('',*,*,#3996,.F.);
#3996 = EDGE_CURVE('',#1300,#3989,#3997,.T.);
#3997 = LINE('',#3998,#3999);
#3998 = CARTESIAN_POINT('',(-91.,-86.,34.5));
#3999 = VECTOR('',#4000,1.);
#4000 = DIRECTION('',(0.,0.,1.));
#4001 = PLANE('',#4002);
#4002 = AXIS2_PLACEMENT_3D('',#4003,#4004,#4005);
#4003 = CARTESIAN_POINT('',(-95.9,-86.,32.));
#4004 = DIRECTION('',(0.,1.,0.));
#4005 = DIRECTION('',(0.,0.,1.));
#4006 = ADVANCED_FACE('',(#4007,#4041),#4052,.T.);
#4007 = FACE_BOUND('',#4008,.T.);
#4008 = EDGE_LOOP('',(#4009,#4017,#4018,#4019,#4027,#4035));
#4009 = ORIENTED_EDGE('',*,*,#4010,.F.);
#4010 = EDGE_CURVE('',#1396,#4011,#4013,.T.);
#4011 = VERTEX_POINT('',#4012);
#4012 = CARTESIAN_POINT('',(-46.9,-98.,22.));
#4013 = LINE('',#4014,#4015);
#4014 = CARTESIAN_POINT('',(-60.9,-98.,22.));
#4015 = VECTOR('',#4016,1.);
#4016 = DIRECTION('',(1.,0.,0.));
#4017 = ORIENTED_EDGE('',*,*,#1418,.T.);
#4018 = ORIENTED_EDGE('',*,*,#1361,.T.);
#4019 = ORIENTED_EDGE('',*,*,#4020,.T.);
#4020 = EDGE_CURVE('',#1362,#4021,#4023,.T.);
#4021 = VERTEX_POINT('',#4022);
#4022 = CARTESIAN_POINT('',(-60.9,-98.,47.));
#4023 = LINE('',#4024,#4025);
#4024 = CARTESIAN_POINT('',(-60.9,-98.,22.));
#4025 = VECTOR('',#4026,1.);
#4026 = DIRECTION('',(0.,0.,1.));
#4027 = ORIENTED_EDGE('',*,*,#4028,.T.);
#4028 = EDGE_CURVE('',#4021,#4029,#4031,.T.);
#4029 = VERTEX_POINT('',#4030);
#4030 = CARTESIAN_POINT('',(-46.9,-98.,47.));
#4031 = LINE('',#4032,#4033);
#4032 = CARTESIAN_POINT('',(-60.9,-98.,47.));
#4033 = VECTOR('',#4034,1.);
#4034 = DIRECTION('',(1.,0.,0.));
#4035 = ORIENTED_EDGE('',*,*,#4036,.F.);
#4036 = EDGE_CURVE('',#4011,#4029,#4037,.T.);
#4037 = LINE('',#4038,#4039);
#4038 = CARTESIAN_POINT('',(-46.9,-98.,22.));
#4039 = VECTOR('',#4040,1.);
#4040 = DIRECTION('',(0.,0.,1.));
#4041 = FACE_BOUND('',#4042,.T.);
#4042 = EDGE_LOOP('',(#4043));
#4043 = ORIENTED_EDGE('',*,*,#4044,.F.);
#4044 = EDGE_CURVE('',#4045,#4045,#4047,.T.);
#4045 = VERTEX_POINT('',#4046);
#4046 = CARTESIAN_POINT('',(-51.,-98.,43.));
#4047 = CIRCLE('',#4048,2.);
#4048 = AXIS2_PLACEMENT_3D('',#4049,#4050,#4051);
#4049 = CARTESIAN_POINT('',(-53.,-98.,43.));
#4050 = DIRECTION('',(-0.,1.,2.2E-16));
#4051 = DIRECTION('',(1.,0.,0.));
#4052 = PLANE('',#4053);
#4053 = AXIS2_PLACEMENT_3D('',#4054,#4055,#4056);
#4054 = CARTESIAN_POINT('',(-60.9,-98.,22.));
#4055 = DIRECTION('',(0.,1.,0.));
#4056 = DIRECTION('',(0.,0.,1.));
#4057 = ADVANCED_FACE('',(#4058),#4083,.F.);
#4058 = FACE_BOUND('',#4059,.F.);
#4059 = EDGE_LOOP('',(#4060,#4061,#4069,#4077));
#4060 = ORIENTED_EDGE('',*,*,#1393,.F.);
#4061 = ORIENTED_EDGE('',*,*,#4062,.F.);
#4062 = EDGE_CURVE('',#4063,#1394,#4065,.T.);
#4063 = VERTEX_POINT('',#4064);
#4064 = CARTESIAN_POINT('',(-60.91,-108.,22.));
#4065 = LINE('',#4066,#4067);
#4066 = CARTESIAN_POINT('',(-60.91,-108.,22.));
#4067 = VECTOR('',#4068,1.);
#4068 = DIRECTION('',(0.,1.,0.));
#4069 = ORIENTED_EDGE('',*,*,#4070,.T.);
#4070 = EDGE_CURVE('',#4063,#4071,#4073,.T.);
#4071 = VERTEX_POINT('',#4072);
#4072 = CARTESIAN_POINT('',(-60.9,-108.,22.));
#4073 = LINE('',#4074,#4075);
#4074 = CARTESIAN_POINT('',(-70.9,-108.,22.));
#4075 = VECTOR('',#4076,1.);
#4076 = DIRECTION('',(1.,0.,0.));
#4077 = ORIENTED_EDGE('',*,*,#4078,.T.);
#4078 = EDGE_CURVE('',#4071,#1396,#4079,.T.);
#4079 = LINE('',#4080,#4081);
#4080 = CARTESIAN_POINT('',(-60.9,-108.,22.));
#4081 = VECTOR('',#4082,1.);
#4082 = DIRECTION('',(0.,1.,0.));
#4083 = PLANE('',#4084);
#4084 = AXIS2_PLACEMENT_3D('',#4085,#4086,#4087);
#4085 = CARTESIAN_POINT('',(-70.9,-108.,22.));
#4086 = DIRECTION('',(0.,0.,1.));
#4087 = DIRECTION('',(1.,0.,0.));
#4088 = ADVANCED_FACE('',(#4089),#4100,.T.);
#4089 = FACE_BOUND('',#4090,.T.);
#4090 = EDGE_LOOP('',(#4091,#4097,#4098,#4099));
#4091 = ORIENTED_EDGE('',*,*,#4092,.F.);
#4092 = EDGE_CURVE('',#1433,#4063,#4093,.T.);
#4093 = LINE('',#4094,#4095);
#4094 = CARTESIAN_POINT('',(-65.905,-108.,26.995));
#4095 = VECTOR('',#4096,1.);
#4096 = DIRECTION('',(0.707106781187,0.,-0.707106781187));
#4097 = ORIENTED_EDGE('',*,*,#1440,.T.);
#4098 = ORIENTED_EDGE('',*,*,#1403,.T.);
#4099 = ORIENTED_EDGE('',*,*,#4062,.F.);
#4100 = PLANE('',#4101);
#4101 = AXIS2_PLACEMENT_3D('',#4102,#4103,#4104);
#4102 = CARTESIAN_POINT('',(-65.905,-108.,26.995));
#4103 = DIRECTION('',(-0.707106781187,0.,-0.707106781187));
#4104 = DIRECTION('',(0.,1.,0.));
#4105 = ADVANCED_FACE('',(#4106),#4125,.F.);
#4106 = FACE_BOUND('',#4107,.F.);
#4107 = EDGE_LOOP('',(#4108,#4109,#4110,#4111,#4119));
#4108 = ORIENTED_EDGE('',*,*,#4070,.F.);
#4109 = ORIENTED_EDGE('',*,*,#4092,.F.);
#4110 = ORIENTED_EDGE('',*,*,#1432,.T.);
#4111 = ORIENTED_EDGE('',*,*,#4112,.T.);
#4112 = EDGE_CURVE('',#309,#4113,#4115,.T.);
#4113 = VERTEX_POINT('',#4114);
#4114 = CARTESIAN_POINT('',(-60.9,-108.,32.));
#4115 = LINE('',#4116,#4117);
#4116 = CARTESIAN_POINT('',(-106.,-108.,32.));
#4117 = VECTOR('',#4118,1.);
#4118 = DIRECTION('',(1.,0.,0.));
#4119 = ORIENTED_EDGE('',*,*,#4120,.F.);
#4120 = EDGE_CURVE('',#4071,#4113,#4121,.T.);
#4121 = LINE('',#4122,#4123);
#4122 = CARTESIAN_POINT('',(-60.9,-108.,19.));
#4123 = VECTOR('',#4124,1.);
#4124 = DIRECTION('',(0.,0.,1.));
#4125 = PLANE('',#4126);
#4126 = AXIS2_PLACEMENT_3D('',#4127,#4128,#4129);
#4127 = CARTESIAN_POINT('',(-70.9,-108.,22.));
#4128 = DIRECTION('',(0.,1.,0.));
#4129 = DIRECTION('',(0.,0.,1.));
#4130 = ADVANCED_FACE('',(#4131),#4149,.F.);
#4131 = FACE_BOUND('',#4132,.F.);
#4132 = EDGE_LOOP('',(#4133,#4134,#4135,#4143));
#4133 = ORIENTED_EDGE('',*,*,#4112,.F.);
#4134 = ORIENTED_EDGE('',*,*,#1481,.T.);
#4135 = ORIENTED_EDGE('',*,*,#4136,.T.);
#4136 = EDGE_CURVE('',#1474,#4137,#4139,.T.);
#4137 = VERTEX_POINT('',#4138);
#4138 = CARTESIAN_POINT('',(-60.9,-108.,37.));
#4139 = LINE('',#4140,#4141);
#4140 = CARTESIAN_POINT('',(-106.,-108.,37.));
#4141 = VECTOR('',#4142,1.);
#4142 = DIRECTION('',(1.,0.,0.));
#4143 = ORIENTED_EDGE('',*,*,#4144,.F.);
#4144 = EDGE_CURVE('',#4113,#4137,#4145,.T.);
#4145 = LINE('',#4146,#4147);
#4146 = CARTESIAN_POINT('',(-60.9,-108.,32.));
#4147 = VECTOR('',#4148,1.);
#4148 = DIRECTION('',(0.,0.,1.));
#4149 = PLANE('',#4150);
#4150 = AXIS2_PLACEMENT_3D('',#4151,#4152,#4153);
#4151 = CARTESIAN_POINT('',(-106.,-108.,32.));
#4152 = DIRECTION('',(0.,1.,0.));
#4153 = DIRECTION('',(0.,0.,1.));
#4154 = ADVANCED_FACE('',(#4155),#4180,.T.);
#4155 = FACE_BOUND('',#4156,.T.);
#4156 = EDGE_LOOP('',(#4157,#4165,#4166,#4174));
#4157 = ORIENTED_EDGE('',*,*,#4158,.F.);
#4158 = EDGE_CURVE('',#1458,#4159,#4161,.T.);
#4159 = VERTEX_POINT('',#4160);
#4160 = CARTESIAN_POINT('',(-106.,-108.,73.));
#4161 = LINE('',#4162,#4163);
#4162 = CARTESIAN_POINT('',(-106.,-108.,37.));
#4163 = VECTOR('',#4164,1.);
#4164 = DIRECTION('',(0.,0.,1.));
#4165 = ORIENTED_EDGE('',*,*,#1465,.T.);
#4166 = ORIENTED_EDGE('',*,*,#4167,.T.);
#4167 = EDGE_CURVE('',#1466,#4168,#4170,.T.);
#4168 = VERTEX_POINT('',#4169);
#4169 = CARTESIAN_POINT('',(-91.,-108.,73.));
#4170 = LINE('',#4171,#4172);
#4171 = CARTESIAN_POINT('',(-91.,-108.,37.));
#4172 = VECTOR('',#4173,1.);
#4173 = DIRECTION('',(0.,0.,1.));
#4174 = ORIENTED_EDGE('',*,*,#4175,.F.);
#4175 = EDGE_CURVE('',#4159,#4168,#4176,.T.);
#4176 = LINE('',#4177,#4178);
#4177 = CARTESIAN_POINT('',(-106.,-108.,73.));
#4178 = VECTOR('',#4179,1.);
#4179 = DIRECTION('',(1.,0.,0.));
#4180 = PLANE('',#4181);
#4181 = AXIS2_PLACEMENT_3D('',#4182,#4183,#4184);
#4182 = CARTESIAN_POINT('',(-106.,-108.,37.));
#4183 = DIRECTION('',(0.,-1.,0.));
#4184 = DIRECTION('',(1.,0.,0.));
#4185 = ADVANCED_FACE('',(#4186,#4204,#4215),#4226,.F.);
#4186 = FACE_BOUND('',#4187,.F.);
#4187 = EDGE_LOOP('',(#4188,#4189,#4197,#4203));
#4188 = ORIENTED_EDGE('',*,*,#1529,.F.);
#4189 = ORIENTED_EDGE('',*,*,#4190,.T.);
#4190 = EDGE_CURVE('',#1522,#4191,#4193,.T.);
#4191 = VERTEX_POINT('',#4192);
#4192 = CARTESIAN_POINT('',(-106.,-58.,73.));
#4193 = LINE('',#4194,#4195);
#4194 = CARTESIAN_POINT('',(-106.,-58.,37.));
#4195 = VECTOR('',#4196,1.);
#4196 = DIRECTION('',(0.,0.,1.));
#4197 = ORIENTED_EDGE('',*,*,#4198,.T.);
#4198 = EDGE_CURVE('',#4191,#4159,#4199,.T.);
#4199 = LINE('',#4200,#4201);
#4200 = CARTESIAN_POINT('',(-106.,-58.,73.));
#4201 = VECTOR('',#4202,1.);
#4202 = DIRECTION('',(0.,-1.,0.));
#4203 = ORIENTED_EDGE('',*,*,#4158,.F.);
#4204 = FACE_BOUND('',#4205,.F.);
#4205 = EDGE_LOOP('',(#4206));
#4206 = ORIENTED_EDGE('',*,*,#4207,.T.);
#4207 = EDGE_CURVE('',#4208,#4208,#4210,.T.);
#4208 = VERTEX_POINT('',#4209);
#4209 = CARTESIAN_POINT('',(-106.,-104.,60.2));
#4210 = CIRCLE('',#4211,8.);
#4211 = AXIS2_PLACEMENT_3D('',#4212,#4213,#4214);
#4212 = CARTESIAN_POINT('',(-106.,-96.,60.2));
#4213 = DIRECTION('',(-1.,0.,0.));
#4214 = DIRECTION('',(0.,-1.,0.));
#4215 = FACE_BOUND('',#4216,.F.);
#4216 = EDGE_LOOP('',(#4217));
#4217 = ORIENTED_EDGE('',*,*,#4218,.T.);
#4218 = EDGE_CURVE('',#4219,#4219,#4221,.T.);
#4219 = VERTEX_POINT('',#4220);
#4220 = CARTESIAN_POINT('',(-106.,-78.,60.2));
#4221 = CIRCLE('',#4222,8.);
#4222 = AXIS2_PLACEMENT_3D('',#4223,#4224,#4225);
#4223 = CARTESIAN_POINT('',(-106.,-70.,60.2));
#4224 = DIRECTION('',(-1.,0.,0.));
#4225 = DIRECTION('',(0.,-1.,0.));
#4226 = PLANE('',#4227);
#4227 = AXIS2_PLACEMENT_3D('',#4228,#4229,#4230);
#4228 = CARTESIAN_POINT('',(-106.,-58.,37.));
#4229 = DIRECTION('',(1.,0.,0.));
#4230 = DIRECTION('',(0.,-1.,0.));
#4231 = ADVANCED_FACE('',(#4232),#4257,.F.);
#4232 = FACE_BOUND('',#4233,.F.);
#4233 = EDGE_LOOP('',(#4234,#4242,#4243,#4251));
#4234 = ORIENTED_EDGE('',*,*,#4235,.F.);
#4235 = EDGE_CURVE('',#1514,#4236,#4238,.T.);
#4236 = VERTEX_POINT('',#4237);
#4237 = CARTESIAN_POINT('',(-106.,-37.,40.));
#4238 = LINE('',#4239,#4240);
#4239 = CARTESIAN_POINT('',(-106.,-37.,37.));
#4240 = VECTOR('',#4241,1.);
#4241 = DIRECTION('',(0.,0.,1.));
#4242 = ORIENTED_EDGE('',*,*,#1513,.T.);
#4243 = ORIENTED_EDGE('',*,*,#4244,.T.);
#4244 = EDGE_CURVE('',#1506,#4245,#4247,.T.);
#4245 = VERTEX_POINT('',#4246);
#4246 = CARTESIAN_POINT('',(-106.,-32.,40.));
#4247 = LINE('',#4248,#4249);
#4248 = CARTESIAN_POINT('',(-106.,-32.,37.));
#4249 = VECTOR('',#4250,1.);
#4250 = DIRECTION('',(0.,0.,1.));
#4251 = ORIENTED_EDGE('',*,*,#4252,.F.);
#4252 = EDGE_CURVE('',#4236,#4245,#4253,.T.);
#4253 = LINE('',#4254,#4255);
#4254 = CARTESIAN_POINT('',(-106.,-37.,40.));
#4255 = VECTOR('',#4256,1.);
#4256 = DIRECTION('',(0.,1.,0.));
#4257 = PLANE('',#4258);
#4258 = AXIS2_PLACEMENT_3D('',#4259,#4260,#4261);
#4259 = CARTESIAN_POINT('',(-106.,-37.,37.));
#4260 = DIRECTION('',(1.,0.,0.));
#4261 = DIRECTION('',(0.,0.,1.));
#4262 = ADVANCED_FACE('',(#4263),#4282,.F.);
#4263 = FACE_BOUND('',#4264,.F.);
#4264 = EDGE_LOOP('',(#4265,#4266,#4267,#4268,#4276));
#4265 = ORIENTED_EDGE('',*,*,#4244,.F.);
#4266 = ORIENTED_EDGE('',*,*,#1505,.T.);
#4267 = ORIENTED_EDGE('',*,*,#1592,.T.);
#4268 = ORIENTED_EDGE('',*,*,#4269,.T.);
#4269 = EDGE_CURVE('',#1585,#4270,#4272,.T.);
#4270 = VERTEX_POINT('',#4271);
#4271 = CARTESIAN_POINT('',(-106.,-22.,40.));
#4272 = LINE('',#4273,#4274);
#4273 = CARTESIAN_POINT('',(-106.,-22.,37.));
#4274 = VECTOR('',#4275,1.);
#4275 = DIRECTION('',(0.,0.,1.));
#4276 = ORIENTED_EDGE('',*,*,#4277,.F.);
#4277 = EDGE_CURVE('',#4245,#4270,#4278,.T.);
#4278 = LINE('',#4279,#4280);
#4279 = CARTESIAN_POINT('',(-106.,-37.,40.));
#4280 = VECTOR('',#4281,1.);
#4281 = DIRECTION('',(0.,1.,0.));
#4282 = PLANE('',#4283);
#4283 = AXIS2_PLACEMENT_3D('',#4284,#4285,#4286);
#4284 = CARTESIAN_POINT('',(-106.,-37.,37.));
#4285 = DIRECTION('',(1.,0.,0.));
#4286 = DIRECTION('',(0.,0.,1.));
#4287 = ADVANCED_FACE('',(#4288),#4306,.F.);
#4288 = FACE_BOUND('',#4289,.F.);
#4289 = EDGE_LOOP('',(#4290,#4291,#4292,#4300));
#4290 = ORIENTED_EDGE('',*,*,#4269,.F.);
#4291 = ORIENTED_EDGE('',*,*,#1584,.T.);
#4292 = ORIENTED_EDGE('',*,*,#4293,.T.);
#4293 = EDGE_CURVE('',#1577,#4294,#4296,.T.);
#4294 = VERTEX_POINT('',#4295);
#4295 = CARTESIAN_POINT('',(-106.,-17.,40.));
#4296 = LINE('',#4297,#4298);
#4297 = CARTESIAN_POINT('',(-106.,-17.,37.));
#4298 = VECTOR('',#4299,1.);
#4299 = DIRECTION('',(0.,0.,1.));
#4300 = ORIENTED_EDGE('',*,*,#4301,.F.);
#4301 = EDGE_CURVE('',#4270,#4294,#4302,.T.);
#4302 = LINE('',#4303,#4304);
#4303 = CARTESIAN_POINT('',(-106.,-37.,40.));
#4304 = VECTOR('',#4305,1.);
#4305 = DIRECTION('',(0.,1.,0.));
#4306 = PLANE('',#4307);
#4307 = AXIS2_PLACEMENT_3D('',#4308,#4309,#4310);
#4308 = CARTESIAN_POINT('',(-106.,-37.,37.));
#4309 = DIRECTION('',(1.,0.,0.));
#4310 = DIRECTION('',(0.,0.,1.));
#4311 = ADVANCED_FACE('',(#4312),#4337,.F.);
#4312 = FACE_BOUND('',#4313,.F.);
#4313 = EDGE_LOOP('',(#4314,#4322,#4323,#4331));
#4314 = ORIENTED_EDGE('',*,*,#4315,.F.);
#4315 = EDGE_CURVE('',#1569,#4316,#4318,.T.);
#4316 = VERTEX_POINT('',#4317);
#4317 = CARTESIAN_POINT('',(-106.,61.,40.));
#4318 = LINE('',#4319,#4320);
#4319 = CARTESIAN_POINT('',(-106.,61.,37.));
#4320 = VECTOR('',#4321,1.);
#4321 = DIRECTION('',(0.,0.,1.));
#4322 = ORIENTED_EDGE('',*,*,#1568,.T.);
#4323 = ORIENTED_EDGE('',*,*,#4324,.T.);
#4324 = EDGE_CURVE('',#1561,#4325,#4327,.T.);
#4325 = VERTEX_POINT('',#4326);
#4326 = CARTESIAN_POINT('',(-106.,66.,40.));
#4327 = LINE('',#4328,#4329);
#4328 = CARTESIAN_POINT('',(-106.,66.,37.));
#4329 = VECTOR('',#4330,1.);
#4330 = DIRECTION('',(0.,0.,1.));
#4331 = ORIENTED_EDGE('',*,*,#4332,.F.);
#4332 = EDGE_CURVE('',#4316,#4325,#4333,.T.);
#4333 = LINE('',#4334,#4335);
#4334 = CARTESIAN_POINT('',(-106.,61.,40.));
#4335 = VECTOR('',#4336,1.);
#4336 = DIRECTION('',(0.,1.,0.));
#4337 = PLANE('',#4338);
#4338 = AXIS2_PLACEMENT_3D('',#4339,#4340,#4341);
#4339 = CARTESIAN_POINT('',(-106.,61.,37.));
#4340 = DIRECTION('',(1.,0.,0.));
#4341 = DIRECTION('',(0.,0.,1.));
#4342 = ADVANCED_FACE('',(#4343),#4362,.F.);
#4343 = FACE_BOUND('',#4344,.F.);
#4344 = EDGE_LOOP('',(#4345,#4346,#4347,#4348,#4356));
#4345 = ORIENTED_EDGE('',*,*,#4324,.F.);
#4346 = ORIENTED_EDGE('',*,*,#1560,.T.);
#4347 = ORIENTED_EDGE('',*,*,#1719,.T.);
#4348 = ORIENTED_EDGE('',*,*,#4349,.T.);
#4349 = EDGE_CURVE('',#1712,#4350,#4352,.T.);
#4350 = VERTEX_POINT('',#4351);
#4351 = CARTESIAN_POINT('',(-106.,76.,40.));
#4352 = LINE('',#4353,#4354);
#4353 = CARTESIAN_POINT('',(-106.,76.,37.));
#4354 = VECTOR('',#4355,1.);
#4355 = DIRECTION('',(0.,0.,1.));
#4356 = ORIENTED_EDGE('',*,*,#4357,.F.);
#4357 = EDGE_CURVE('',#4325,#4350,#4358,.T.);
#4358 = LINE('',#4359,#4360);
#4359 = CARTESIAN_POINT('',(-106.,61.,40.));
#4360 = VECTOR('',#4361,1.);
#4361 = DIRECTION('',(0.,1.,0.));
#4362 = PLANE('',#4363);
#4363 = AXIS2_PLACEMENT_3D('',#4364,#4365,#4366);
#4364 = CARTESIAN_POINT('',(-106.,61.,37.));
#4365 = DIRECTION('',(1.,0.,0.));
#4366 = DIRECTION('',(0.,0.,1.));
#4367 = ADVANCED_FACE('',(#4368),#4379,.F.);
#4368 = FACE_BOUND('',#4369,.F.);
#4369 = EDGE_LOOP('',(#4370,#4371,#4377,#4378));
#4370 = ORIENTED_EDGE('',*,*,#1616,.F.);
#4371 = ORIENTED_EDGE('',*,*,#4372,.T.);
#4372 = EDGE_CURVE('',#1607,#1670,#4373,.T.);
#4373 = LINE('',#4374,#4375);
#4374 = CARTESIAN_POINT('',(-106.,-14.,25.1));
#4375 = VECTOR('',#4376,1.);
#4376 = DIRECTION('',(0.,1.,0.));
#4377 = ORIENTED_EDGE('',*,*,#1679,.T.);
#4378 = ORIENTED_EDGE('',*,*,#1545,.F.);
#4379 = PLANE('',#4380);
#4380 = AXIS2_PLACEMENT_3D('',#4381,#4382,#4383);
#4381 = CARTESIAN_POINT('',(-106.,-14.,25.1));
#4382 = DIRECTION('',(1.,0.,0.));
#4383 = DIRECTION('',(0.,0.,1.));
#4384 = ADVANCED_FACE('',(#4385),#4397,.F.);
#4385 = FACE_BOUND('',#4386,.F.);
#4386 = EDGE_LOOP('',(#4387,#4388,#4389,#4390));
#4387 = ORIENTED_EDGE('',*,*,#1669,.F.);
#4388 = ORIENTED_EDGE('',*,*,#4372,.F.);
#4389 = ORIENTED_EDGE('',*,*,#1606,.T.);
#4390 = ORIENTED_EDGE('',*,*,#4391,.F.);
#4391 = EDGE_CURVE('',#1672,#1609,#4392,.T.);
#4392 = CIRCLE('',#4393,4.);
#4393 = AXIS2_PLACEMENT_3D('',#4394,#4395,#4396);
#4394 = CARTESIAN_POINT('',(-98.,-10.,25.1));
#4395 = DIRECTION('',(0.,0.,1.));
#4396 = DIRECTION('',(1.,0.,0.));
#4397 = PLANE('',#4398);
#4398 = AXIS2_PLACEMENT_3D('',#4399,#4400,#4401);
#4399 = CARTESIAN_POINT('',(-106.,-14.,25.1));
#4400 = DIRECTION('',(0.,0.,1.));
#4401 = DIRECTION('',(1.,0.,0.));
#4402 = ADVANCED_FACE('',(#4403),#4424,.F.);
#4403 = FACE_BOUND('',#4404,.F.);
#4404 = EDGE_LOOP('',(#4405,#4406,#4415,#4422,#4423));
#4405 = ORIENTED_EDGE('',*,*,#1687,.F.);
#4406 = ORIENTED_EDGE('',*,*,#4407,.F.);
#4407 = EDGE_CURVE('',#4408,#1672,#4410,.T.);
#4408 = VERTEX_POINT('',#4409);
#4409 = CARTESIAN_POINT('',(-94.,-10.,25.1));
#4410 = CIRCLE('',#4411,4.);
#4411 = AXIS2_PLACEMENT_3D('',#4412,#4413,#4414);
#4412 = CARTESIAN_POINT('',(-98.,-10.,25.1));
#4413 = DIRECTION('',(0.,0.,1.));
#4414 = DIRECTION('',(1.,0.,0.));
#4415 = ORIENTED_EDGE('',*,*,#4416,.F.);
#4416 = EDGE_CURVE('',#1609,#4408,#4417,.T.);
#4417 = CIRCLE('',#4418,4.);
#4418 = AXIS2_PLACEMENT_3D('',#4419,#4420,#4421);
#4419 = CARTESIAN_POINT('',(-98.,-10.,25.1));
#4420 = DIRECTION('',(0.,0.,1.));
#4421 = DIRECTION('',(1.,0.,0.));
#4422 = ORIENTED_EDGE('',*,*,#1631,.T.);
#4423 = ORIENTED_EDGE('',*,*,#1646,.T.);
#4424 = PLANE('',#4425);
#4425 = AXIS2_PLACEMENT_3D('',#4426,#4427,#4428);
#4426 = CARTESIAN_POINT('',(-106.,-14.,25.1));
#4427 = DIRECTION('',(0.,0.,1.));
#4428 = DIRECTION('',(1.,0.,0.));
#4429 = ADVANCED_FACE('',(#4430),#4448,.F.);
#4430 = FACE_BOUND('',#4431,.F.);
#4431 = EDGE_LOOP('',(#4432,#4433,#4434,#4442));
#4432 = ORIENTED_EDGE('',*,*,#4349,.F.);
#4433 = ORIENTED_EDGE('',*,*,#1711,.T.);
#4434 = ORIENTED_EDGE('',*,*,#4435,.T.);
#4435 = EDGE_CURVE('',#1704,#4436,#4438,.T.);
#4436 = VERTEX_POINT('',#4437);
#4437 = CARTESIAN_POINT('',(-106.,81.,40.));
#4438 = LINE('',#4439,#4440);
#4439 = CARTESIAN_POINT('',(-106.,81.,37.));
#4440 = VECTOR('',#4441,1.);
#4441 = DIRECTION('',(0.,0.,1.));
#4442 = ORIENTED_EDGE('',*,*,#4443,.F.);
#4443 = EDGE_CURVE('',#4350,#4436,#4444,.T.);
#4444 = LINE('',#4445,#4446);
#4445 = CARTESIAN_POINT('',(-106.,61.,40.));
#4446 = VECTOR('',#4447,1.);
#4447 = DIRECTION('',(0.,1.,0.));
#4448 = PLANE('',#4449);
#4449 = AXIS2_PLACEMENT_3D('',#4450,#4451,#4452);
#4450 = CARTESIAN_POINT('',(-106.,61.,37.));
#4451 = DIRECTION('',(1.,0.,0.));
#4452 = DIRECTION('',(0.,0.,1.));
#4453 = ADVANCED_FACE('',(#4454),#4472,.T.);
#4454 = FACE_BOUND('',#4455,.T.);
#4455 = EDGE_LOOP('',(#4456,#4457,#4458,#4466));
#4456 = ORIENTED_EDGE('',*,*,#1735,.F.);
#4457 = ORIENTED_EDGE('',*,*,#4435,.T.);
#4458 = ORIENTED_EDGE('',*,*,#4459,.T.);
#4459 = EDGE_CURVE('',#4436,#4460,#4462,.T.);
#4460 = VERTEX_POINT('',#4461);
#4461 = CARTESIAN_POINT('',(-96.,81.,40.));
#4462 = LINE('',#4463,#4464);
#4463 = CARTESIAN_POINT('',(-106.,81.,40.));
#4464 = VECTOR('',#4465,1.);
#4465 = DIRECTION('',(1.,0.,0.));
#4466 = ORIENTED_EDGE('',*,*,#4467,.F.);
#4467 = EDGE_CURVE('',#1736,#4460,#4468,.T.);
#4468 = LINE('',#4469,#4470);
#4469 = CARTESIAN_POINT('',(-96.,81.,37.));
#4470 = VECTOR('',#4471,1.);
#4471 = DIRECTION('',(0.,0.,1.));
#4472 = PLANE('',#4473);
#4473 = AXIS2_PLACEMENT_3D('',#4474,#4475,#4476);
#4474 = CARTESIAN_POINT('',(-106.,81.,37.));
#4475 = DIRECTION('',(0.,1.,0.));
#4476 = DIRECTION('',(0.,0.,1.));
#4477 = ADVANCED_FACE('',(#4478),#4503,.T.);
#4478 = FACE_BOUND('',#4479,.T.);
#4479 = EDGE_LOOP('',(#4480,#4481,#4489,#4497));
#4480 = ORIENTED_EDGE('',*,*,#1751,.F.);
#4481 = ORIENTED_EDGE('',*,*,#4482,.T.);
#4482 = EDGE_CURVE('',#1744,#4483,#4485,.T.);
#4483 = VERTEX_POINT('',#4484);
#4484 = CARTESIAN_POINT('',(-62.,81.,40.));
#4485 = LINE('',#4486,#4487);
#4486 = CARTESIAN_POINT('',(-62.,81.,37.));
#4487 = VECTOR('',#4488,1.);
#4488 = DIRECTION('',(0.,0.,1.));
#4489 = ORIENTED_EDGE('',*,*,#4490,.T.);
#4490 = EDGE_CURVE('',#4483,#4491,#4493,.T.);
#4491 = VERTEX_POINT('',#4492);
#4492 = CARTESIAN_POINT('',(-52.,81.,40.));
#4493 = LINE('',#4494,#4495);
#4494 = CARTESIAN_POINT('',(-62.,81.,40.));
#4495 = VECTOR('',#4496,1.);
#4496 = DIRECTION('',(1.,0.,0.));
#4497 = ORIENTED_EDGE('',*,*,#4498,.F.);
#4498 = EDGE_CURVE('',#1752,#4491,#4499,.T.);
#4499 = LINE('',#4500,#4501);
#4500 = CARTESIAN_POINT('',(-52.,81.,37.));
#4501 = VECTOR('',#4502,1.);
#4502 = DIRECTION('',(0.,0.,1.));
#4503 = PLANE('',#4504);
#4504 = AXIS2_PLACEMENT_3D('',#4505,#4506,#4507);
#4505 = CARTESIAN_POINT('',(-62.,81.,37.));
#4506 = DIRECTION('',(0.,1.,0.));
#4507 = DIRECTION('',(0.,0.,1.));
#4508 = ADVANCED_FACE('',(#4509),#4527,.T.);
#4509 = FACE_BOUND('',#4510,.T.);
#4510 = EDGE_LOOP('',(#4511,#4512,#4513,#4521));
#4511 = ORIENTED_EDGE('',*,*,#1759,.F.);
#4512 = ORIENTED_EDGE('',*,*,#4498,.T.);
#4513 = ORIENTED_EDGE('',*,*,#4514,.T.);
#4514 = EDGE_CURVE('',#4491,#4515,#4517,.T.);
#4515 = VERTEX_POINT('',#4516);
#4516 = CARTESIAN_POINT('',(-42.,81.,40.));
#4517 = LINE('',#4518,#4519);
#4518 = CARTESIAN_POINT('',(-52.,81.,40.));
#4519 = VECTOR('',#4520,1.);
#4520 = DIRECTION('',(1.,0.,0.));
#4521 = ORIENTED_EDGE('',*,*,#4522,.F.);
#4522 = EDGE_CURVE('',#1760,#4515,#4523,.T.);
#4523 = LINE('',#4524,#4525);
#4524 = CARTESIAN_POINT('',(-42.,81.,37.));
#4525 = VECTOR('',#4526,1.);
#4526 = DIRECTION('',(0.,0.,1.));
#4527 = PLANE('',#4528);
#4528 = AXIS2_PLACEMENT_3D('',#4529,#4530,#4531);
#4529 = CARTESIAN_POINT('',(-52.,81.,37.));
#4530 = DIRECTION('',(0.,1.,0.));
#4531 = DIRECTION('',(0.,0.,1.));
#4532 = ADVANCED_FACE('',(#4533),#4558,.T.);
#4533 = FACE_BOUND('',#4534,.T.);
#4534 = EDGE_LOOP('',(#4535,#4536,#4544,#4552));
#4535 = ORIENTED_EDGE('',*,*,#1775,.F.);
#4536 = ORIENTED_EDGE('',*,*,#4537,.T.);
#4537 = EDGE_CURVE('',#1768,#4538,#4540,.T.);
#4538 = VERTEX_POINT('',#4539);
#4539 = CARTESIAN_POINT('',(28.,81.,40.));
#4540 = LINE('',#4541,#4542);
#4541 = CARTESIAN_POINT('',(28.,81.,37.));
#4542 = VECTOR('',#4543,1.);
#4543 = DIRECTION('',(0.,0.,1.));
#4544 = ORIENTED_EDGE('',*,*,#4545,.T.);
#4545 = EDGE_CURVE('',#4538,#4546,#4548,.T.);
#4546 = VERTEX_POINT('',#4547);
#4547 = CARTESIAN_POINT('',(38.,81.,40.));
#4548 = LINE('',#4549,#4550);
#4549 = CARTESIAN_POINT('',(28.,81.,40.));
#4550 = VECTOR('',#4551,1.);
#4551 = DIRECTION('',(1.,0.,0.));
#4552 = ORIENTED_EDGE('',*,*,#4553,.F.);
#4553 = EDGE_CURVE('',#1776,#4546,#4554,.T.);
#4554 = LINE('',#4555,#4556);
#4555 = CARTESIAN_POINT('',(38.,81.,37.));
#4556 = VECTOR('',#4557,1.);
#4557 = DIRECTION('',(0.,0.,1.));
#4558 = PLANE('',#4559);
#4559 = AXIS2_PLACEMENT_3D('',#4560,#4561,#4562);
#4560 = CARTESIAN_POINT('',(28.,81.,37.));
#4561 = DIRECTION('',(0.,1.,0.));
#4562 = DIRECTION('',(0.,0.,1.));
#4563 = ADVANCED_FACE('',(#4564,#4589,#4600),#4611,.T.);
#4564 = FACE_BOUND('',#4565,.T.);
#4565 = EDGE_LOOP('',(#4566,#4567,#4575,#4583));
#4566 = ORIENTED_EDGE('',*,*,#1830,.F.);
#4567 = ORIENTED_EDGE('',*,*,#4568,.T.);
#4568 = EDGE_CURVE('',#1823,#4569,#4571,.T.);
#4569 = VERTEX_POINT('',#4570);
#4570 = CARTESIAN_POINT('',(38.2,-58.,73.));
#4571 = LINE('',#4572,#4573);
#4572 = CARTESIAN_POINT('',(38.2,-58.,37.));
#4573 = VECTOR('',#4574,1.);
#4574 = DIRECTION('',(0.,0.,1.));
#4575 = ORIENTED_EDGE('',*,*,#4576,.T.);
#4576 = EDGE_CURVE('',#4569,#4577,#4579,.T.);
#4577 = VERTEX_POINT('',#4578);
#4578 = CARTESIAN_POINT('',(38.2,-108.,73.));
#4579 = LINE('',#4580,#4581);
#4580 = CARTESIAN_POINT('',(38.2,-58.,73.));
#4581 = VECTOR('',#4582,1.);
#4582 = DIRECTION('',(0.,-1.,0.));
#4583 = ORIENTED_EDGE('',*,*,#4584,.F.);
#4584 = EDGE_CURVE('',#1806,#4577,#4585,.T.);
#4585 = LINE('',#4586,#4587);
#4586 = CARTESIAN_POINT('',(38.2,-108.,37.));
#4587 = VECTOR('',#4588,1.);
#4588 = DIRECTION('',(0.,0.,1.));
#4589 = FACE_BOUND('',#4590,.T.);
#4590 = EDGE_LOOP('',(#4591));
#4591 = ORIENTED_EDGE('',*,*,#4592,.F.);
#4592 = EDGE_CURVE('',#4593,#4593,#4595,.T.);
#4593 = VERTEX_POINT('',#4594);
#4594 = CARTESIAN_POINT('',(38.2,-88.,60.2));
#4595 = CIRCLE('',#4596,8.);
#4596 = AXIS2_PLACEMENT_3D('',#4597,#4598,#4599);
#4597 = CARTESIAN_POINT('',(38.2,-96.,60.2));
#4598 = DIRECTION('',(1.,0.,0.));
#4599 = DIRECTION('',(0.,1.,0.));
#4600 = FACE_BOUND('',#4601,.T.);
#4601 = EDGE_LOOP('',(#4602));
#4602 = ORIENTED_EDGE('',*,*,#4603,.F.);
#4603 = EDGE_CURVE('',#4604,#4604,#4606,.T.);
#4604 = VERTEX_POINT('',#4605);
#4605 = CARTESIAN_POINT('',(38.2,-62.,60.2));
#4606 = CIRCLE('',#4607,8.);
#4607 = AXIS2_PLACEMENT_3D('',#4608,#4609,#4610);
#4608 = CARTESIAN_POINT('',(38.2,-70.,60.2));
#4609 = DIRECTION('',(1.,0.,0.));
#4610 = DIRECTION('',(0.,1.,0.));
#4611 = PLANE('',#4612);
#4612 = AXIS2_PLACEMENT_3D('',#4613,#4614,#4615);
#4613 = CARTESIAN_POINT('',(38.2,-58.,37.));
#4614 = DIRECTION('',(1.,0.,0.));
#4615 = DIRECTION('',(0.,-1.,0.));
#4616 = ADVANCED_FACE('',(#4617),#4628,.T.);
#4617 = FACE_BOUND('',#4618,.T.);
#4618 = EDGE_LOOP('',(#4619,#4620,#4626,#4627));
#4619 = ORIENTED_EDGE('',*,*,#1918,.F.);
#4620 = ORIENTED_EDGE('',*,*,#4621,.T.);
#4621 = EDGE_CURVE('',#1919,#1862,#4622,.T.);
#4622 = LINE('',#4623,#4624);
#4623 = CARTESIAN_POINT('',(38.2,-14.,25.1));
#4624 = VECTOR('',#4625,1.);
#4625 = DIRECTION('',(0.,1.,0.));
#4626 = ORIENTED_EDGE('',*,*,#1861,.T.);
#4627 = ORIENTED_EDGE('',*,*,#1814,.F.);
#4628 = PLANE('',#4629);
#4629 = AXIS2_PLACEMENT_3D('',#4630,#4631,#4632);
#4630 = CARTESIAN_POINT('',(38.2,-14.,25.1));
#4631 = DIRECTION('',(1.,0.,0.));
#4632 = DIRECTION('',(0.,0.,1.));
#4633 = ADVANCED_FACE('',(#4634),#4646,.F.);
#4634 = FACE_BOUND('',#4635,.F.);
#4635 = EDGE_LOOP('',(#4636,#4637,#4638,#4639));
#4636 = ORIENTED_EDGE('',*,*,#1844,.F.);
#4637 = ORIENTED_EDGE('',*,*,#1891,.F.);
#4638 = ORIENTED_EDGE('',*,*,#1907,.T.);
#4639 = ORIENTED_EDGE('',*,*,#4640,.F.);
#4640 = EDGE_CURVE('',#1847,#1908,#4641,.T.);
#4641 = CIRCLE('',#4642,4.);
#4642 = AXIS2_PLACEMENT_3D('',#4643,#4644,#4645);
#4643 = CARTESIAN_POINT('',(30.2,-10.,25.1));
#4644 = DIRECTION('',(0.,0.,1.));
#4645 = DIRECTION('',(1.,0.,0.));
#4646 = PLANE('',#4647);
#4647 = AXIS2_PLACEMENT_3D('',#4648,#4649,#4650);
#4648 = CARTESIAN_POINT('',(22.2,-14.,25.1));
#4649 = DIRECTION('',(0.,0.,1.));
#4650 = DIRECTION('',(1.,0.,0.));
#4651 = ADVANCED_FACE('',(#4652),#4673,.F.);
#4652 = FACE_BOUND('',#4653,.F.);
#4653 = EDGE_LOOP('',(#4654,#4655,#4664,#4671,#4672));
#4654 = ORIENTED_EDGE('',*,*,#1869,.F.);
#4655 = ORIENTED_EDGE('',*,*,#4656,.F.);
#4656 = EDGE_CURVE('',#4657,#1847,#4659,.T.);
#4657 = VERTEX_POINT('',#4658);
#4658 = CARTESIAN_POINT('',(34.2,-10.,25.1));
#4659 = CIRCLE('',#4660,4.);
#4660 = AXIS2_PLACEMENT_3D('',#4661,#4662,#4663);
#4661 = CARTESIAN_POINT('',(30.2,-10.,25.1));
#4662 = DIRECTION('',(0.,0.,1.));
#4663 = DIRECTION('',(1.,0.,0.));
#4664 = ORIENTED_EDGE('',*,*,#4665,.F.);
#4665 = EDGE_CURVE('',#1908,#4657,#4666,.T.);
#4666 = CIRCLE('',#4667,4.);
#4667 = AXIS2_PLACEMENT_3D('',#4668,#4669,#4670);
#4668 = CARTESIAN_POINT('',(30.2,-10.,25.1));
#4669 = DIRECTION('',(0.,0.,1.));
#4670 = DIRECTION('',(1.,0.,0.));
#4671 = ORIENTED_EDGE('',*,*,#1926,.T.);
#4672 = ORIENTED_EDGE('',*,*,#4621,.T.);
#4673 = PLANE('',#4674);
#4674 = AXIS2_PLACEMENT_3D('',#4675,#4676,#4677);
#4675 = CARTESIAN_POINT('',(22.2,-14.,25.1));
#4676 = DIRECTION('',(0.,0.,1.));
#4677 = DIRECTION('',(1.,0.,0.));
#4678 = ADVANCED_FACE('',(#4679),#4697,.T.);
#4679 = FACE_BOUND('',#4680,.T.);
#4680 = EDGE_LOOP('',(#4681,#4689,#4690,#4691));
#4681 = ORIENTED_EDGE('',*,*,#4682,.F.);
#4682 = EDGE_CURVE('',#1950,#4683,#4685,.T.);
#4683 = VERTEX_POINT('',#4684);
#4684 = CARTESIAN_POINT('',(23.2,-108.,73.));
#4685 = LINE('',#4686,#4687);
#4686 = CARTESIAN_POINT('',(23.2,-108.,37.));
#4687 = VECTOR('',#4688,1.);
#4688 = DIRECTION('',(0.,0.,1.));
#4689 = ORIENTED_EDGE('',*,*,#1957,.T.);
#4690 = ORIENTED_EDGE('',*,*,#4584,.T.);
#4691 = ORIENTED_EDGE('',*,*,#4692,.F.);
#4692 = EDGE_CURVE('',#4683,#4577,#4693,.T.);
#4693 = LINE('',#4694,#4695);
#4694 = CARTESIAN_POINT('',(23.2,-108.,73.));
#4695 = VECTOR('',#4696,1.);
#4696 = DIRECTION('',(1.,0.,0.));
#4697 = PLANE('',#4698);
#4698 = AXIS2_PLACEMENT_3D('',#4699,#4700,#4701);
#4699 = CARTESIAN_POINT('',(23.2,-108.,37.));
#4700 = DIRECTION('',(0.,-1.,0.));
#4701 = DIRECTION('',(1.,0.,0.));
#4702 = ADVANCED_FACE('',(#4703),#4728,.F.);
#4703 = FACE_BOUND('',#4704,.F.);
#4704 = EDGE_LOOP('',(#4705,#4713,#4721,#4727));
#4705 = ORIENTED_EDGE('',*,*,#4706,.F.);
#4706 = EDGE_CURVE('',#4707,#181,#4709,.T.);
#4707 = VERTEX_POINT('',#4708);
#4708 = CARTESIAN_POINT('',(-6.9,-108.,32.));
#4709 = LINE('',#4710,#4711);
#4710 = CARTESIAN_POINT('',(-106.,-108.,32.));
#4711 = VECTOR('',#4712,1.);
#4712 = DIRECTION('',(1.,0.,0.));
#4713 = ORIENTED_EDGE('',*,*,#4714,.T.);
#4714 = EDGE_CURVE('',#4707,#4715,#4717,.T.);
#4715 = VERTEX_POINT('',#4716);
#4716 = CARTESIAN_POINT('',(-6.9,-108.,37.));
#4717 = LINE('',#4718,#4719);
#4718 = CARTESIAN_POINT('',(-6.9,-108.,32.));
#4719 = VECTOR('',#4720,1.);
#4720 = DIRECTION('',(0.,0.,1.));
#4721 = ORIENTED_EDGE('',*,*,#4722,.T.);
#4722 = EDGE_CURVE('',#4715,#1942,#4723,.T.);
#4723 = LINE('',#4724,#4725);
#4724 = CARTESIAN_POINT('',(-106.,-108.,37.));
#4725 = VECTOR('',#4726,1.);
#4726 = DIRECTION('',(1.,0.,0.));
#4727 = ORIENTED_EDGE('',*,*,#1941,.F.);
#4728 = PLANE('',#4729);
#4729 = AXIS2_PLACEMENT_3D('',#4730,#4731,#4732);
#4730 = CARTESIAN_POINT('',(-106.,-108.,32.));
#4731 = DIRECTION('',(0.,1.,0.));
#4732 = DIRECTION('',(0.,0.,1.));
#4733 = ADVANCED_FACE('',(#4734),#4760,.F.);
#4734 = FACE_BOUND('',#4735,.F.);
#4735 = EDGE_LOOP('',(#4736,#4746,#4752,#4753,#4754));
#4736 = ORIENTED_EDGE('',*,*,#4737,.F.);
#4737 = EDGE_CURVE('',#4738,#4740,#4742,.T.);
#4738 = VERTEX_POINT('',#4739);
#4739 = CARTESIAN_POINT('',(-6.9,-108.,22.));
#4740 = VERTEX_POINT('',#4741);
#4741 = CARTESIAN_POINT('',(-6.89,-108.,22.));
#4742 = LINE('',#4743,#4744);
#4743 = CARTESIAN_POINT('',(-6.9,-108.,22.));
#4744 = VECTOR('',#4745,1.);
#4745 = DIRECTION('',(1.,0.,0.));
#4746 = ORIENTED_EDGE('',*,*,#4747,.T.);
#4747 = EDGE_CURVE('',#4738,#4707,#4748,.T.);
#4748 = LINE('',#4749,#4750);
#4749 = CARTESIAN_POINT('',(-6.9,-108.,19.));
#4750 = VECTOR('',#4751,1.);
#4751 = DIRECTION('',(0.,0.,1.));
#4752 = ORIENTED_EDGE('',*,*,#4706,.T.);
#4753 = ORIENTED_EDGE('',*,*,#1972,.F.);
#4754 = ORIENTED_EDGE('',*,*,#4755,.T.);
#4755 = EDGE_CURVE('',#1973,#4740,#4756,.T.);
#4756 = LINE('',#4757,#4758);
#4757 = CARTESIAN_POINT('',(-4.395,-108.,24.495));
#4758 = VECTOR('',#4759,1.);
#4759 = DIRECTION('',(-0.707106781187,0.,-0.707106781187));
#4760 = PLANE('',#4761);
#4761 = AXIS2_PLACEMENT_3D('',#4762,#4763,#4764);
#4762 = CARTESIAN_POINT('',(-6.9,-108.,22.));
#4763 = DIRECTION('',(0.,1.,0.));
#4764 = DIRECTION('',(0.,0.,1.));
#4765 = ADVANCED_FACE('',(#4766),#4777,.F.);
#4766 = FACE_BOUND('',#4767,.F.);
#4767 = EDGE_LOOP('',(#4768,#4769,#4770,#4771));
#4768 = ORIENTED_EDGE('',*,*,#4755,.F.);
#4769 = ORIENTED_EDGE('',*,*,#1980,.T.);
#4770 = ORIENTED_EDGE('',*,*,#2021,.T.);
#4771 = ORIENTED_EDGE('',*,*,#4772,.F.);
#4772 = EDGE_CURVE('',#4740,#2006,#4773,.T.);
#4773 = LINE('',#4774,#4775);
#4774 = CARTESIAN_POINT('',(-6.89,-108.,22.));
#4775 = VECTOR('',#4776,1.);
#4776 = DIRECTION('',(0.,1.,0.));
#4777 = PLANE('',#4778);
#4778 = AXIS2_PLACEMENT_3D('',#4779,#4780,#4781);
#4779 = CARTESIAN_POINT('',(-1.895,-108.,26.995));
#4780 = DIRECTION('',(-0.707106781187,0.,0.707106781187));
#4781 = DIRECTION('',(0.,1.,0.));
#4782 = ADVANCED_FACE('',(#4783),#4794,.F.);
#4783 = FACE_BOUND('',#4784,.F.);
#4784 = EDGE_LOOP('',(#4785,#4786,#4792,#4793));
#4785 = ORIENTED_EDGE('',*,*,#2003,.F.);
#4786 = ORIENTED_EDGE('',*,*,#4787,.F.);
#4787 = EDGE_CURVE('',#4738,#2004,#4788,.T.);
#4788 = LINE('',#4789,#4790);
#4789 = CARTESIAN_POINT('',(-6.9,-108.,22.));
#4790 = VECTOR('',#4791,1.);
#4791 = DIRECTION('',(0.,1.,0.));
#4792 = ORIENTED_EDGE('',*,*,#4737,.T.);
#4793 = ORIENTED_EDGE('',*,*,#4772,.T.);
#4794 = PLANE('',#4795);
#4795 = AXIS2_PLACEMENT_3D('',#4796,#4797,#4798);
#4796 = CARTESIAN_POINT('',(-6.9,-108.,22.));
#4797 = DIRECTION('',(0.,0.,1.));
#4798 = DIRECTION('',(1.,0.,0.));
#4799 = ADVANCED_FACE('',(#4800,#4804),#4815,.F.);
#4800 = FACE_BOUND('',#4801,.F.);
#4801 = EDGE_LOOP('',(#4802,#4803));
#4802 = ORIENTED_EDGE('',*,*,#2112,.T.);
#4803 = ORIENTED_EDGE('',*,*,#2095,.T.);
#4804 = FACE_BOUND('',#4805,.F.);
#4805 = EDGE_LOOP('',(#4806));
#4806 = ORIENTED_EDGE('',*,*,#4807,.T.);
#4807 = EDGE_CURVE('',#4808,#4808,#4810,.T.);
#4808 = VERTEX_POINT('',#4809);
#4809 = CARTESIAN_POINT('',(-99.,-27.,37.));
#4810 = CIRCLE('',#4811,2.);
#4811 = AXIS2_PLACEMENT_3D('',#4812,#4813,#4814);
#4812 = CARTESIAN_POINT('',(-101.,-27.,37.));
#4813 = DIRECTION('',(0.,0.,-1.));
#4814 = DIRECTION('',(1.,0.,0.));
#4815 = PLANE('',#4816);
#4816 = AXIS2_PLACEMENT_3D('',#4817,#4818,#4819);
#4817 = CARTESIAN_POINT('',(-101.,-27.,37.));
#4818 = DIRECTION('',(0.,0.,1.));
#4819 = DIRECTION('',(1.,0.,0.));
#4820 = ADVANCED_FACE('',(#4821,#4825),#4836,.F.);
#4821 = FACE_BOUND('',#4822,.F.);
#4822 = EDGE_LOOP('',(#4823,#4824));
#4823 = ORIENTED_EDGE('',*,*,#2138,.T.);
#4824 = ORIENTED_EDGE('',*,*,#2147,.T.);
#4825 = FACE_BOUND('',#4826,.F.);
#4826 = EDGE_LOOP('',(#4827));
#4827 = ORIENTED_EDGE('',*,*,#4828,.T.);
#4828 = EDGE_CURVE('',#4829,#4829,#4831,.T.);
#4829 = VERTEX_POINT('',#4830);
#4830 = CARTESIAN_POINT('',(-55.,-27.,37.));
#4831 = CIRCLE('',#4832,2.);
#4832 = AXIS2_PLACEMENT_3D('',#4833,#4834,#4835);
#4833 = CARTESIAN_POINT('',(-57.,-27.,37.));
#4834 = DIRECTION('',(0.,0.,-1.));
#4835 = DIRECTION('',(1.,0.,0.));
#4836 = PLANE('',#4837);
#4837 = AXIS2_PLACEMENT_3D('',#4838,#4839,#4840);
#4838 = CARTESIAN_POINT('',(-57.,-27.,37.));
#4839 = DIRECTION('',(0.,0.,1.));
#4840 = DIRECTION('',(1.,0.,0.));
#4841 = ADVANCED_FACE('',(#4842,#4846),#4857,.F.);
#4842 = FACE_BOUND('',#4843,.F.);
#4843 = EDGE_LOOP('',(#4844,#4845));
#4844 = ORIENTED_EDGE('',*,*,#2196,.T.);
#4845 = ORIENTED_EDGE('',*,*,#2179,.T.);
#4846 = FACE_BOUND('',#4847,.F.);
#4847 = EDGE_LOOP('',(#4848));
#4848 = ORIENTED_EDGE('',*,*,#4849,.T.);
#4849 = EDGE_CURVE('',#4850,#4850,#4852,.T.);
#4850 = VERTEX_POINT('',#4851);
#4851 = CARTESIAN_POINT('',(-45.,-19.,37.));
#4852 = CIRCLE('',#4853,2.);
#4853 = AXIS2_PLACEMENT_3D('',#4854,#4855,#4856);
#4854 = CARTESIAN_POINT('',(-47.,-19.,37.));
#4855 = DIRECTION('',(0.,0.,-1.));
#4856 = DIRECTION('',(1.,0.,0.));
#4857 = PLANE('',#4858);
#4858 = AXIS2_PLACEMENT_3D('',#4859,#4860,#4861);
#4859 = CARTESIAN_POINT('',(-47.,-19.,37.));
#4860 = DIRECTION('',(0.,0.,1.));
#4861 = DIRECTION('',(1.,0.,0.));
#4862 = ADVANCED_FACE('',(#4863,#4867),#4878,.F.);
#4863 = FACE_BOUND('',#4864,.F.);
#4864 = EDGE_LOOP('',(#4865,#4866));
#4865 = ORIENTED_EDGE('',*,*,#2271,.T.);
#4866 = ORIENTED_EDGE('',*,*,#2280,.T.);
#4867 = FACE_BOUND('',#4868,.F.);
#4868 = EDGE_LOOP('',(#4869));
#4869 = ORIENTED_EDGE('',*,*,#4870,.T.);
#4870 = EDGE_CURVE('',#4871,#4871,#4873,.T.);
#4871 = VERTEX_POINT('',#4872);
#4872 = CARTESIAN_POINT('',(35.,-19.,37.));
#4873 = CIRCLE('',#4874,2.);
#4874 = AXIS2_PLACEMENT_3D('',#4875,#4876,#4877);
#4875 = CARTESIAN_POINT('',(33.,-19.,37.));
#4876 = DIRECTION('',(0.,0.,-1.));
#4877 = DIRECTION('',(1.,0.,0.));
#4878 = PLANE('',#4879);
#4879 = AXIS2_PLACEMENT_3D('',#4880,#4881,#4882);
#4880 = CARTESIAN_POINT('',(33.,-19.,37.));
#4881 = DIRECTION('',(0.,0.,1.));
#4882 = DIRECTION('',(1.,0.,0.));
#4883 = ADVANCED_FACE('',(#4884,#4888),#4899,.F.);
#4884 = FACE_BOUND('',#4885,.F.);
#4885 = EDGE_LOOP('',(#4886,#4887));
#4886 = ORIENTED_EDGE('',*,*,#2324,.T.);
#4887 = ORIENTED_EDGE('',*,*,#2307,.T.);
#4888 = FACE_BOUND('',#4889,.F.);
#4889 = EDGE_LOOP('',(#4890));
#4890 = ORIENTED_EDGE('',*,*,#4891,.T.);
#4891 = EDGE_CURVE('',#4892,#4892,#4894,.T.);
#4892 = VERTEX_POINT('',#4893);
#4893 = CARTESIAN_POINT('',(-99.,71.,37.));
#4894 = CIRCLE('',#4895,2.);
#4895 = AXIS2_PLACEMENT_3D('',#4896,#4897,#4898);
#4896 = CARTESIAN_POINT('',(-101.,71.,37.));
#4897 = DIRECTION('',(0.,0.,-1.));
#4898 = DIRECTION('',(1.,0.,0.));
#4899 = PLANE('',#4900);
#4900 = AXIS2_PLACEMENT_3D('',#4901,#4902,#4903);
#4901 = CARTESIAN_POINT('',(-101.,71.,37.));
#4902 = DIRECTION('',(0.,0.,1.));
#4903 = DIRECTION('',(1.,0.,0.));
#4904 = ADVANCED_FACE('',(#4905,#4909),#4920,.F.);
#4905 = FACE_BOUND('',#4906,.F.);
#4906 = EDGE_LOOP('',(#4907,#4908));
#4907 = ORIENTED_EDGE('',*,*,#2374,.T.);
#4908 = ORIENTED_EDGE('',*,*,#2383,.T.);
#4909 = FACE_BOUND('',#4910,.F.);
#4910 = EDGE_LOOP('',(#4911));
#4911 = ORIENTED_EDGE('',*,*,#4912,.T.);
#4912 = EDGE_CURVE('',#4913,#4913,#4915,.T.);
#4913 = VERTEX_POINT('',#4914);
#4914 = CARTESIAN_POINT('',(-55.,71.,37.));
#4915 = CIRCLE('',#4916,2.);
#4916 = AXIS2_PLACEMENT_3D('',#4917,#4918,#4919);
#4917 = CARTESIAN_POINT('',(-57.,71.,37.));
#4918 = DIRECTION('',(0.,0.,-1.));
#4919 = DIRECTION('',(1.,0.,0.));
#4920 = PLANE('',#4921);
#4921 = AXIS2_PLACEMENT_3D('',#4922,#4923,#4924);
#4922 = CARTESIAN_POINT('',(-57.,71.,37.));
#4923 = DIRECTION('',(0.,0.,1.));
#4924 = DIRECTION('',(1.,0.,0.));
#4925 = ADVANCED_FACE('',(#4926,#4930),#4941,.F.);
#4926 = FACE_BOUND('',#4927,.F.);
#4927 = EDGE_LOOP('',(#4928,#4929));
#4928 = ORIENTED_EDGE('',*,*,#2426,.T.);
#4929 = ORIENTED_EDGE('',*,*,#2409,.T.);
#4930 = FACE_BOUND('',#4931,.F.);
#4931 = EDGE_LOOP('',(#4932));
#4932 = ORIENTED_EDGE('',*,*,#4933,.T.);
#4933 = EDGE_CURVE('',#4934,#4934,#4936,.T.);
#4934 = VERTEX_POINT('',#4935);
#4935 = CARTESIAN_POINT('',(-45.,71.,37.));
#4936 = CIRCLE('',#4937,2.);
#4937 = AXIS2_PLACEMENT_3D('',#4938,#4939,#4940);
#4938 = CARTESIAN_POINT('',(-47.,71.,37.));
#4939 = DIRECTION('',(0.,0.,-1.));
#4940 = DIRECTION('',(1.,0.,0.));
#4941 = PLANE('',#4942);
#4942 = AXIS2_PLACEMENT_3D('',#4943,#4944,#4945);
#4943 = CARTESIAN_POINT('',(-47.,71.,37.));
#4944 = DIRECTION('',(0.,0.,1.));
#4945 = DIRECTION('',(1.,0.,0.));
#4946 = ADVANCED_FACE('',(#4947,#4951),#4962,.F.);
#4947 = FACE_BOUND('',#4948,.F.);
#4948 = EDGE_LOOP('',(#4949,#4950));
#4949 = ORIENTED_EDGE('',*,*,#2526,.T.);
#4950 = ORIENTED_EDGE('',*,*,#2535,.T.);
#4951 = FACE_BOUND('',#4952,.F.);
#4952 = EDGE_LOOP('',(#4953));
#4953 = ORIENTED_EDGE('',*,*,#4954,.T.);
#4954 = EDGE_CURVE('',#4955,#4955,#4957,.T.);
#4955 = VERTEX_POINT('',#4956);
#4956 = CARTESIAN_POINT('',(35.,71.,37.));
#4957 = CIRCLE('',#4958,2.);
#4958 = AXIS2_PLACEMENT_3D('',#4959,#4960,#4961);
#4959 = CARTESIAN_POINT('',(33.,71.,37.));
#4960 = DIRECTION('',(0.,0.,-1.));
#4961 = DIRECTION('',(1.,0.,0.));
#4962 = PLANE('',#4963);
#4963 = AXIS2_PLACEMENT_3D('',#4964,#4965,#4966);
#4964 = CARTESIAN_POINT('',(33.,71.,37.));
#4965 = DIRECTION('',(0.,0.,1.));
#4966 = DIRECTION('',(1.,0.,0.));
#4967 = ADVANCED_FACE('',(#4968,#5018,#5021,#5024),#5058,.T.);
#4968 = FACE_BOUND('',#4969,.T.);
#4969 = EDGE_LOOP('',(#4970,#4978,#4986,#4994,#5002,#5010,#5016,#5017));
#4970 = ORIENTED_EDGE('',*,*,#4971,.F.);
#4971 = EDGE_CURVE('',#4972,#2576,#4974,.T.);
#4972 = VERTEX_POINT('',#4973);
#4973 = CARTESIAN_POINT('',(-63.01,-45.,45.));
#4974 = LINE('',#4975,#4976);
#4975 = CARTESIAN_POINT('',(-71.,-45.,45.));
#4976 = VECTOR('',#4977,1.);
#4977 = DIRECTION('',(1.,0.,0.));
#4978 = ORIENTED_EDGE('',*,*,#4979,.F.);
#4979 = EDGE_CURVE('',#4980,#4972,#4982,.T.);
#4980 = VERTEX_POINT('',#4981);
#4981 = CARTESIAN_POINT('',(-63.01,-76.,45.));
#4982 = LINE('',#4983,#4984);
#4983 = CARTESIAN_POINT('',(-63.01,-76.,45.));
#4984 = VECTOR('',#4985,1.);
#4985 = DIRECTION('',(0.,1.,0.));
#4986 = ORIENTED_EDGE('',*,*,#4987,.T.);
#4987 = EDGE_CURVE('',#4980,#4988,#4990,.T.);
#4988 = VERTEX_POINT('',#4989);
#4989 = CARTESIAN_POINT('',(-4.99,-76.,45.));
#4990 = LINE('',#4991,#4992);
#4991 = CARTESIAN_POINT('',(-71.,-76.,45.));
#4992 = VECTOR('',#4993,1.);
#4993 = DIRECTION('',(1.,0.,0.));
#4994 = ORIENTED_EDGE('',*,*,#4995,.T.);
#4995 = EDGE_CURVE('',#4988,#4996,#4998,.T.);
#4996 = VERTEX_POINT('',#4997);
#4997 = CARTESIAN_POINT('',(-4.99,-45.,45.));
#4998 = LINE('',#4999,#5000);
#4999 = CARTESIAN_POINT('',(-4.99,-76.,45.));
#5000 = VECTOR('',#5001,1.);
#5001 = DIRECTION('',(0.,1.,0.));
#5002 = ORIENTED_EDGE('',*,*,#5003,.F.);
#5003 = EDGE_CURVE('',#5004,#4996,#5006,.T.);
#5004 = VERTEX_POINT('',#5005);
#5005 = CARTESIAN_POINT('',(-16.,-45.,45.));
#5006 = LINE('',#5007,#5008);
#5007 = CARTESIAN_POINT('',(-71.,-45.,45.));
#5008 = VECTOR('',#5009,1.);
#5009 = DIRECTION('',(1.,0.,0.));
#5010 = ORIENTED_EDGE('',*,*,#5011,.F.);
#5011 = EDGE_CURVE('',#2552,#5004,#5012,.T.);
#5012 = LINE('',#5013,#5014);
#5013 = CARTESIAN_POINT('',(-71.,-45.,45.));
#5014 = VECTOR('',#5015,1.);
#5015 = DIRECTION('',(1.,0.,0.));
#5016 = ORIENTED_EDGE('',*,*,#2561,.F.);
#5017 = ORIENTED_EDGE('',*,*,#2575,.F.);
#5018 = FACE_BOUND('',#5019,.T.);
#5019 = EDGE_LOOP('',(#5020));
#5020 = ORIENTED_EDGE('',*,*,#2693,.T.);
#5021 = FACE_BOUND('',#5022,.T.);
#5022 = EDGE_LOOP('',(#5023));
#5023 = ORIENTED_EDGE('',*,*,#2718,.T.);
#5024 = FACE_BOUND('',#5025,.T.);
#5025 = EDGE_LOOP('',(#5026,#5036,#5044,#5052));
#5026 = ORIENTED_EDGE('',*,*,#5027,.F.);
#5027 = EDGE_CURVE('',#5028,#5030,#5032,.T.);
#5028 = VERTEX_POINT('',#5029);
#5029 = CARTESIAN_POINT('',(-47.,-48.,45.));
#5030 = VERTEX_POINT('',#5031);
#5031 = CARTESIAN_POINT('',(-47.,-73.,45.));
#5032 = LINE('',#5033,#5034);
#5033 = CARTESIAN_POINT('',(-47.,-48.,45.));
#5034 = VECTOR('',#5035,1.);
#5035 = DIRECTION('',(0.,-1.,0.));
#5036 = ORIENTED_EDGE('',*,*,#5037,.T.);
#5037 = EDGE_CURVE('',#5028,#5038,#5040,.T.);
#5038 = VERTEX_POINT('',#5039);
#5039 = CARTESIAN_POINT('',(-22.,-48.,45.));
#5040 = LINE('',#5041,#5042);
#5041 = CARTESIAN_POINT('',(-47.,-48.,45.));
#5042 = VECTOR('',#5043,1.);
#5043 = DIRECTION('',(1.,0.,0.));
#5044 = ORIENTED_EDGE('',*,*,#5045,.T.);
#5045 = EDGE_CURVE('',#5038,#5046,#5048,.T.);
#5046 = VERTEX_POINT('',#5047);
#5047 = CARTESIAN_POINT('',(-22.,-73.,45.));
#5048 = LINE('',#5049,#5050);
#5049 = CARTESIAN_POINT('',(-22.,-48.,45.));
#5050 = VECTOR('',#5051,1.);
#5051 = DIRECTION('',(0.,-1.,0.));
#5052 = ORIENTED_EDGE('',*,*,#5053,.F.);
#5053 = EDGE_CURVE('',#5030,#5046,#5054,.T.);
#5054 = LINE('',#5055,#5056);
#5055 = CARTESIAN_POINT('',(-47.,-73.,45.));
#5056 = VECTOR('',#5057,1.);
#5057 = DIRECTION('',(1.,0.,0.));
#5058 = PLANE('',#5059);
#5059 = AXIS2_PLACEMENT_3D('',#5060,#5061,#5062);
#5060 = CARTESIAN_POINT('',(-71.,-76.,45.));
#5061 = DIRECTION('',(0.,0.,1.));
#5062 = DIRECTION('',(1.,0.,0.));
#5063 = ADVANCED_FACE('',(#5064),#5089,.F.);
#5064 = FACE_BOUND('',#5065,.F.);
#5065 = EDGE_LOOP('',(#5066,#5067,#5075,#5083));
#5066 = ORIENTED_EDGE('',*,*,#2591,.F.);
#5067 = ORIENTED_EDGE('',*,*,#5068,.T.);
#5068 = EDGE_CURVE('',#2584,#5069,#5071,.T.);
#5069 = VERTEX_POINT('',#5070);
#5070 = CARTESIAN_POINT('',(-52.,-45.,57.));
#5071 = LINE('',#5072,#5073);
#5072 = CARTESIAN_POINT('',(-52.,-45.,54.));
#5073 = VECTOR('',#5074,1.);
#5074 = DIRECTION('',(0.,0.,1.));
#5075 = ORIENTED_EDGE('',*,*,#5076,.T.);
#5076 = EDGE_CURVE('',#5069,#5077,#5079,.T.);
#5077 = VERTEX_POINT('',#5078);
#5078 = CARTESIAN_POINT('',(-49.,-45.,57.));
#5079 = LINE('',#5080,#5081);
#5080 = CARTESIAN_POINT('',(-52.,-45.,57.));
#5081 = VECTOR('',#5082,1.);
#5082 = DIRECTION('',(1.,0.,0.));
#5083 = ORIENTED_EDGE('',*,*,#5084,.F.);
#5084 = EDGE_CURVE('',#754,#5077,#5085,.T.);
#5085 = LINE('',#5086,#5087);
#5086 = CARTESIAN_POINT('',(-49.,-45.,32.));
#5087 = VECTOR('',#5088,1.);
#5088 = DIRECTION('',(0.,0.,1.));
#5089 = PLANE('',#5090);
#5090 = AXIS2_PLACEMENT_3D('',#5091,#5092,#5093);
#5091 = CARTESIAN_POINT('',(-52.,-45.,54.));
#5092 = DIRECTION('',(0.,1.,0.));
#5093 = DIRECTION('',(0.,0.,1.));
#5094 = ADVANCED_FACE('',(#5095),#5158,.F.);
#5095 = FACE_BOUND('',#5096,.F.);
#5096 = EDGE_LOOP('',(#5097,#5103,#5111,#5119,#5127,#5135,#5143,#5151,
    #5157));
#5097 = ORIENTED_EDGE('',*,*,#5098,.F.);
#5098 = EDGE_CURVE('',#40,#2576,#5099,.T.);
#5099 = LINE('',#5100,#5101);
#5100 = CARTESIAN_POINT('',(-52.,-45.,32.));
#5101 = VECTOR('',#5102,1.);
#5102 = DIRECTION('',(0.,0.,1.));
#5103 = ORIENTED_EDGE('',*,*,#5104,.T.);
#5104 = EDGE_CURVE('',#40,#5105,#5107,.T.);
#5105 = VERTEX_POINT('',#5106);
#5106 = CARTESIAN_POINT('',(-52.,-37.,37.));
#5107 = LINE('',#5108,#5109);
#5108 = CARTESIAN_POINT('',(-52.,-45.,37.));
#5109 = VECTOR('',#5110,1.);
#5110 = DIRECTION('',(0.,1.,0.));
#5111 = ORIENTED_EDGE('',*,*,#5112,.T.);
#5112 = EDGE_CURVE('',#5105,#5113,#5115,.T.);
#5113 = VERTEX_POINT('',#5114);
#5114 = CARTESIAN_POINT('',(-52.,-37.,40.));
#5115 = LINE('',#5116,#5117);
#5116 = CARTESIAN_POINT('',(-52.,-37.,37.));
#5117 = VECTOR('',#5118,1.);
#5118 = DIRECTION('',(0.,0.,1.));
#5119 = ORIENTED_EDGE('',*,*,#5120,.T.);
#5120 = EDGE_CURVE('',#5113,#5121,#5123,.T.);
#5121 = VERTEX_POINT('',#5122);
#5122 = CARTESIAN_POINT('',(-52.,-32.,40.));
#5123 = LINE('',#5124,#5125);
#5124 = CARTESIAN_POINT('',(-52.,-37.,40.));
#5125 = VECTOR('',#5126,1.);
#5126 = DIRECTION('',(0.,1.,0.));
#5127 = ORIENTED_EDGE('',*,*,#5128,.T.);
#5128 = EDGE_CURVE('',#5121,#5129,#5131,.T.);
#5129 = VERTEX_POINT('',#5130);
#5130 = CARTESIAN_POINT('',(-52.,-32.,49.));
#5131 = LINE('',#5132,#5133);
#5132 = CARTESIAN_POINT('',(-52.,-32.,37.));
#5133 = VECTOR('',#5134,1.);
#5134 = DIRECTION('',(0.,0.,1.));
#5135 = ORIENTED_EDGE('',*,*,#5136,.T.);
#5136 = EDGE_CURVE('',#5129,#5137,#5139,.T.);
#5137 = VERTEX_POINT('',#5138);
#5138 = CARTESIAN_POINT('',(-52.,-24.,49.));
#5139 = LINE('',#5140,#5141);
#5140 = CARTESIAN_POINT('',(-52.,-32.,49.));
#5141 = VECTOR('',#5142,1.);
#5142 = DIRECTION('',(0.,1.,0.));
#5143 = ORIENTED_EDGE('',*,*,#5144,.T.);
#5144 = EDGE_CURVE('',#5137,#5145,#5147,.T.);
#5145 = VERTEX_POINT('',#5146);
#5146 = CARTESIAN_POINT('',(-52.,-24.,54.));
#5147 = LINE('',#5148,#5149);
#5148 = CARTESIAN_POINT('',(-52.,-24.,32.));
#5149 = VECTOR('',#5150,1.);
#5150 = DIRECTION('',(0.,0.,1.));
#5151 = ORIENTED_EDGE('',*,*,#5152,.F.);
#5152 = EDGE_CURVE('',#2584,#5145,#5153,.T.);
#5153 = LINE('',#5154,#5155);
#5154 = CARTESIAN_POINT('',(-52.,-45.,54.));
#5155 = VECTOR('',#5156,1.);
#5156 = DIRECTION('',(0.,1.,0.));
#5157 = ORIENTED_EDGE('',*,*,#2583,.F.);
#5158 = PLANE('',#5159);
#5159 = AXIS2_PLACEMENT_3D('',#5160,#5161,#5162);
#5160 = CARTESIAN_POINT('',(-52.,-45.,32.));
#5161 = DIRECTION('',(1.,0.,0.));
#5162 = DIRECTION('',(0.,0.,1.));
#5163 = ADVANCED_FACE('',(#5164),#5182,.F.);
#5164 = FACE_BOUND('',#5165,.F.);
#5165 = EDGE_LOOP('',(#5166,#5167,#5168,#5176));
#5166 = ORIENTED_EDGE('',*,*,#2607,.F.);
#5167 = ORIENTED_EDGE('',*,*,#5084,.T.);
#5168 = ORIENTED_EDGE('',*,*,#5169,.T.);
#5169 = EDGE_CURVE('',#5077,#5170,#5172,.T.);
#5170 = VERTEX_POINT('',#5171);
#5171 = CARTESIAN_POINT('',(-19.,-45.,57.));
#5172 = LINE('',#5173,#5174);
#5173 = CARTESIAN_POINT('',(-52.,-45.,57.));
#5174 = VECTOR('',#5175,1.);
#5175 = DIRECTION('',(1.,0.,0.));
#5176 = ORIENTED_EDGE('',*,*,#5177,.F.);
#5177 = EDGE_CURVE('',#2608,#5170,#5178,.T.);
#5178 = LINE('',#5179,#5180);
#5179 = CARTESIAN_POINT('',(-19.,-45.,32.));
#5180 = VECTOR('',#5181,1.);
#5181 = DIRECTION('',(0.,0.,1.));
#5182 = PLANE('',#5183);
#5183 = AXIS2_PLACEMENT_3D('',#5184,#5185,#5186);
#5184 = CARTESIAN_POINT('',(-52.,-45.,54.));
#5185 = DIRECTION('',(0.,1.,0.));
#5186 = DIRECTION('',(0.,0.,1.));
#5187 = ADVANCED_FACE('',(#5188),#5213,.T.);
#5188 = FACE_BOUND('',#5189,.T.);
#5189 = EDGE_LOOP('',(#5190,#5198,#5206,#5212));
#5190 = ORIENTED_EDGE('',*,*,#5191,.F.);
#5191 = EDGE_CURVE('',#5192,#2736,#5194,.T.);
#5192 = VERTEX_POINT('',#5193);
#5193 = CARTESIAN_POINT('',(-47.,-48.,44.));
#5194 = LINE('',#5195,#5196);
#5195 = CARTESIAN_POINT('',(-47.,-48.,44.));
#5196 = VECTOR('',#5197,1.);
#5197 = DIRECTION('',(1.,0.,0.));
#5198 = ORIENTED_EDGE('',*,*,#5199,.T.);
#5199 = EDGE_CURVE('',#5192,#5200,#5202,.T.);
#5200 = VERTEX_POINT('',#5201);
#5201 = CARTESIAN_POINT('',(-47.,-73.,44.));
#5202 = LINE('',#5203,#5204);
#5203 = CARTESIAN_POINT('',(-47.,-48.,44.));
#5204 = VECTOR('',#5205,1.);
#5205 = DIRECTION('',(0.,-1.,0.));
#5206 = ORIENTED_EDGE('',*,*,#5207,.T.);
#5207 = EDGE_CURVE('',#5200,#2744,#5208,.T.);
#5208 = LINE('',#5209,#5210);
#5209 = CARTESIAN_POINT('',(-47.,-73.,44.));
#5210 = VECTOR('',#5211,1.);
#5211 = DIRECTION('',(1.,0.,0.));
#5212 = ORIENTED_EDGE('',*,*,#2743,.F.);
#5213 = PLANE('',#5214);
#5214 = AXIS2_PLACEMENT_3D('',#5215,#5216,#5217);
#5215 = CARTESIAN_POINT('',(-47.,-48.,44.));
#5216 = DIRECTION('',(0.,0.,1.));
#5217 = DIRECTION('',(0.,-1.,0.));
#5218 = ADVANCED_FACE('',(#5219),#5244,.T.);
#5219 = FACE_BOUND('',#5220,.T.);
#5220 = EDGE_LOOP('',(#5221,#5227,#5228,#5229,#5237,#5243));
#5221 = ORIENTED_EDGE('',*,*,#5222,.F.);
#5222 = EDGE_CURVE('',#5192,#5028,#5223,.T.);
#5223 = LINE('',#5224,#5225);
#5224 = CARTESIAN_POINT('',(-47.,-48.,44.));
#5225 = VECTOR('',#5226,1.);
#5226 = DIRECTION('',(0.,0.,1.));
#5227 = ORIENTED_EDGE('',*,*,#5191,.T.);
#5228 = ORIENTED_EDGE('',*,*,#2775,.T.);
#5229 = ORIENTED_EDGE('',*,*,#5230,.T.);
#5230 = EDGE_CURVE('',#2768,#5231,#5233,.T.);
#5231 = VERTEX_POINT('',#5232);
#5232 = CARTESIAN_POINT('',(-22.,-48.,44.));
#5233 = LINE('',#5234,#5235);
#5234 = CARTESIAN_POINT('',(-47.,-48.,44.));
#5235 = VECTOR('',#5236,1.);
#5236 = DIRECTION('',(1.,0.,0.));
#5237 = ORIENTED_EDGE('',*,*,#5238,.T.);
#5238 = EDGE_CURVE('',#5231,#5038,#5239,.T.);
#5239 = LINE('',#5240,#5241);
#5240 = CARTESIAN_POINT('',(-22.,-48.,44.));
#5241 = VECTOR('',#5242,1.);
#5242 = DIRECTION('',(0.,0.,1.));
#5243 = ORIENTED_EDGE('',*,*,#5037,.F.);
#5244 = PLANE('',#5245);
#5245 = AXIS2_PLACEMENT_3D('',#5246,#5247,#5248);
#5246 = CARTESIAN_POINT('',(-47.,-48.,44.));
#5247 = DIRECTION('',(0.,-1.,0.));
#5248 = DIRECTION('',(1.,0.,0.));
#5249 = ADVANCED_FACE('',(#5250),#5275,.F.);
#5250 = FACE_BOUND('',#5251,.F.);
#5251 = EDGE_LOOP('',(#5252,#5258,#5259,#5260,#5268,#5274));
#5252 = ORIENTED_EDGE('',*,*,#5253,.F.);
#5253 = EDGE_CURVE('',#5200,#5030,#5254,.T.);
#5254 = LINE('',#5255,#5256);
#5255 = CARTESIAN_POINT('',(-47.,-73.,44.));
#5256 = VECTOR('',#5257,1.);
#5257 = DIRECTION('',(0.,0.,1.));
#5258 = ORIENTED_EDGE('',*,*,#5207,.T.);
#5259 = ORIENTED_EDGE('',*,*,#2799,.T.);
#5260 = ORIENTED_EDGE('',*,*,#5261,.T.);
#5261 = EDGE_CURVE('',#2792,#5262,#5264,.T.);
#5262 = VERTEX_POINT('',#5263);
#5263 = CARTESIAN_POINT('',(-22.,-73.,44.));
#5264 = LINE('',#5265,#5266);
#5265 = CARTESIAN_POINT('',(-47.,-73.,44.));
#5266 = VECTOR('',#5267,1.);
#5267 = DIRECTION('',(1.,0.,0.));
#5268 = ORIENTED_EDGE('',*,*,#5269,.T.);
#5269 = EDGE_CURVE('',#5262,#5046,#5270,.T.);
#5270 = LINE('',#5271,#5272);
#5271 = CARTESIAN_POINT('',(-22.,-73.,44.));
#5272 = VECTOR('',#5273,1.);
#5273 = DIRECTION('',(0.,0.,1.));
#5274 = ORIENTED_EDGE('',*,*,#5053,.F.);
#5275 = PLANE('',#5276);
#5276 = AXIS2_PLACEMENT_3D('',#5277,#5278,#5279);
#5277 = CARTESIAN_POINT('',(-47.,-73.,44.));
#5278 = DIRECTION('',(0.,-1.,0.));
#5279 = DIRECTION('',(1.,0.,0.));
#5280 = ADVANCED_FACE('',(#5281),#5292,.T.);
#5281 = FACE_BOUND('',#5282,.T.);
#5282 = EDGE_LOOP('',(#5283,#5284,#5285,#5286));
#5283 = ORIENTED_EDGE('',*,*,#5230,.F.);
#5284 = ORIENTED_EDGE('',*,*,#2815,.T.);
#5285 = ORIENTED_EDGE('',*,*,#5261,.T.);
#5286 = ORIENTED_EDGE('',*,*,#5287,.F.);
#5287 = EDGE_CURVE('',#5231,#5262,#5288,.T.);
#5288 = LINE('',#5289,#5290);
#5289 = CARTESIAN_POINT('',(-22.,-48.,44.));
#5290 = VECTOR('',#5291,1.);
#5291 = DIRECTION('',(0.,-1.,0.));
#5292 = PLANE('',#5293);
#5293 = AXIS2_PLACEMENT_3D('',#5294,#5295,#5296);
#5294 = CARTESIAN_POINT('',(-47.,-48.,44.));
#5295 = DIRECTION('',(0.,0.,1.));
#5296 = DIRECTION('',(0.,-1.,0.));
#5297 = ADVANCED_FACE('',(#5298),#5346,.T.);
#5298 = FACE_BOUND('',#5299,.T.);
#5299 = EDGE_LOOP('',(#5300,#5308,#5309,#5317,#5325,#5331,#5332,#5340));
#5300 = ORIENTED_EDGE('',*,*,#5301,.F.);
#5301 = EDGE_CURVE('',#1396,#5302,#5304,.T.);
#5302 = VERTEX_POINT('',#5303);
#5303 = CARTESIAN_POINT('',(-60.9,-93.,22.));
#5304 = LINE('',#5305,#5306);
#5305 = CARTESIAN_POINT('',(-60.9,-98.,22.));
#5306 = VECTOR('',#5307,1.);
#5307 = DIRECTION('',(0.,1.,0.));
#5308 = ORIENTED_EDGE('',*,*,#4010,.T.);
#5309 = ORIENTED_EDGE('',*,*,#5310,.T.);
#5310 = EDGE_CURVE('',#4011,#5311,#5313,.T.);
#5311 = VERTEX_POINT('',#5312);
#5312 = CARTESIAN_POINT('',(-41.9,-98.,22.));
#5313 = LINE('',#5314,#5315);
#5314 = CARTESIAN_POINT('',(-60.9,-98.,22.));
#5315 = VECTOR('',#5316,1.);
#5316 = DIRECTION('',(1.,0.,0.));
#5317 = ORIENTED_EDGE('',*,*,#5318,.T.);
#5318 = EDGE_CURVE('',#5311,#5319,#5321,.T.);
#5319 = VERTEX_POINT('',#5320);
#5320 = CARTESIAN_POINT('',(-26.9,-98.,22.));
#5321 = LINE('',#5322,#5323);
#5322 = CARTESIAN_POINT('',(-60.9,-98.,22.));
#5323 = VECTOR('',#5324,1.);
#5324 = DIRECTION('',(1.,0.,0.));
#5325 = ORIENTED_EDGE('',*,*,#5326,.T.);
#5326 = EDGE_CURVE('',#5319,#2864,#5327,.T.);
#5327 = LINE('',#5328,#5329);
#5328 = CARTESIAN_POINT('',(-60.9,-98.,22.));
#5329 = VECTOR('',#5330,1.);
#5330 = DIRECTION('',(1.,0.,0.));
#5331 = ORIENTED_EDGE('',*,*,#2863,.T.);
#5332 = ORIENTED_EDGE('',*,*,#5333,.T.);
#5333 = EDGE_CURVE('',#2004,#5334,#5336,.T.);
#5334 = VERTEX_POINT('',#5335);
#5335 = CARTESIAN_POINT('',(-6.9,-93.,22.));
#5336 = LINE('',#5337,#5338);
#5337 = CARTESIAN_POINT('',(-6.9,-98.,22.));
#5338 = VECTOR('',#5339,1.);
#5339 = DIRECTION('',(0.,1.,0.));
#5340 = ORIENTED_EDGE('',*,*,#5341,.F.);
#5341 = EDGE_CURVE('',#5302,#5334,#5342,.T.);
#5342 = LINE('',#5343,#5344);
#5343 = CARTESIAN_POINT('',(-60.9,-93.,22.));
#5344 = VECTOR('',#5345,1.);
#5345 = DIRECTION('',(1.,0.,0.));
#5346 = PLANE('',#5347);
#5347 = AXIS2_PLACEMENT_3D('',#5348,#5349,#5350);
#5348 = CARTESIAN_POINT('',(-60.9,-98.,22.));
#5349 = DIRECTION('',(0.,0.,1.));
#5350 = DIRECTION('',(1.,0.,0.));
#5351 = ADVANCED_FACE('',(#5352),#5377,.F.);
#5352 = FACE_BOUND('',#5353,.F.);
#5353 = EDGE_LOOP('',(#5354,#5364,#5370,#5371));
#5354 = ORIENTED_EDGE('',*,*,#5355,.F.);
#5355 = EDGE_CURVE('',#5356,#5358,#5360,.T.);
#5356 = VERTEX_POINT('',#5357);
#5357 = CARTESIAN_POINT('',(-21.9,-99.,22.));
#5358 = VERTEX_POINT('',#5359);
#5359 = CARTESIAN_POINT('',(-21.9,-99.,47.));
#5360 = LINE('',#5361,#5362);
#5361 = CARTESIAN_POINT('',(-21.9,-99.,22.));
#5362 = VECTOR('',#5363,1.);
#5363 = DIRECTION('',(0.,0.,1.));
#5364 = ORIENTED_EDGE('',*,*,#5365,.T.);
#5365 = EDGE_CURVE('',#5356,#2864,#5366,.T.);
#5366 = LINE('',#5367,#5368);
#5367 = CARTESIAN_POINT('',(-21.9,-99.,22.));
#5368 = VECTOR('',#5369,1.);
#5369 = DIRECTION('',(0.,1.,0.));
#5370 = ORIENTED_EDGE('',*,*,#2871,.T.);
#5371 = ORIENTED_EDGE('',*,*,#5372,.F.);
#5372 = EDGE_CURVE('',#5358,#2872,#5373,.T.);
#5373 = LINE('',#5374,#5375);
#5374 = CARTESIAN_POINT('',(-21.9,-99.,47.));
#5375 = VECTOR('',#5376,1.);
#5376 = DIRECTION('',(0.,1.,0.));
#5377 = PLANE('',#5378);
#5378 = AXIS2_PLACEMENT_3D('',#5379,#5380,#5381);
#5379 = CARTESIAN_POINT('',(-21.9,-99.,22.));
#5380 = DIRECTION('',(1.,0.,0.));
#5381 = DIRECTION('',(0.,0.,1.));
#5382 = ADVANCED_FACE('',(#5383),#5414,.T.);
#5383 = FACE_BOUND('',#5384,.T.);
#5384 = EDGE_LOOP('',(#5385,#5395,#5401,#5407,#5408));
#5385 = ORIENTED_EDGE('',*,*,#5386,.F.);
#5386 = EDGE_CURVE('',#5387,#5389,#5391,.T.);
#5387 = VERTEX_POINT('',#5388);
#5388 = CARTESIAN_POINT('',(-6.9,-108.,50.));
#5389 = VERTEX_POINT('',#5390);
#5390 = CARTESIAN_POINT('',(-6.9,-98.,50.));
#5391 = LINE('',#5392,#5393);
#5392 = CARTESIAN_POINT('',(-6.9,-108.,50.));
#5393 = VECTOR('',#5394,1.);
#5394 = DIRECTION('',(0.,1.,0.));
#5395 = ORIENTED_EDGE('',*,*,#5396,.F.);
#5396 = EDGE_CURVE('',#4715,#5387,#5397,.T.);
#5397 = LINE('',#5398,#5399);
#5398 = CARTESIAN_POINT('',(-6.9,-108.,19.));
#5399 = VECTOR('',#5400,1.);
#5400 = DIRECTION('',(0.,0.,1.));
#5401 = ORIENTED_EDGE('',*,*,#5402,.T.);
#5402 = EDGE_CURVE('',#4715,#937,#5403,.T.);
#5403 = LINE('',#5404,#5405);
#5404 = CARTESIAN_POINT('',(-6.9,-108.,37.));
#5405 = VECTOR('',#5406,1.);
#5406 = DIRECTION('',(0.,1.,0.));
#5407 = ORIENTED_EDGE('',*,*,#2887,.T.);
#5408 = ORIENTED_EDGE('',*,*,#5409,.T.);
#5409 = EDGE_CURVE('',#2880,#5389,#5410,.T.);
#5410 = LINE('',#5411,#5412);
#5411 = CARTESIAN_POINT('',(-6.9,-98.,47.));
#5412 = VECTOR('',#5413,1.);
#5413 = DIRECTION('',(0.,0.,1.));
#5414 = PLANE('',#5415);
#5415 = AXIS2_PLACEMENT_3D('',#5416,#5417,#5418);
#5416 = CARTESIAN_POINT('',(-6.9,-108.,19.));
#5417 = DIRECTION('',(1.,0.,0.));
#5418 = DIRECTION('',(0.,0.,1.));
#5419 = ADVANCED_FACE('',(#5420),#5461,.T.);
#5420 = FACE_BOUND('',#5421,.T.);
#5421 = EDGE_LOOP('',(#5422,#5423,#5431,#5437,#5438,#5439,#5447,#5455));
#5422 = ORIENTED_EDGE('',*,*,#4028,.F.);
#5423 = ORIENTED_EDGE('',*,*,#5424,.T.);
#5424 = EDGE_CURVE('',#4021,#5425,#5427,.T.);
#5425 = VERTEX_POINT('',#5426);
#5426 = CARTESIAN_POINT('',(-60.9,-98.,50.));
#5427 = LINE('',#5428,#5429);
#5428 = CARTESIAN_POINT('',(-60.9,-98.,47.));
#5429 = VECTOR('',#5430,1.);
#5430 = DIRECTION('',(0.,0.,1.));
#5431 = ORIENTED_EDGE('',*,*,#5432,.T.);
#5432 = EDGE_CURVE('',#5425,#5389,#5433,.T.);
#5433 = LINE('',#5434,#5435);
#5434 = CARTESIAN_POINT('',(-60.9,-98.,50.));
#5435 = VECTOR('',#5436,1.);
#5436 = DIRECTION('',(1.,0.,0.));
#5437 = ORIENTED_EDGE('',*,*,#5409,.F.);
#5438 = ORIENTED_EDGE('',*,*,#2879,.F.);
#5439 = ORIENTED_EDGE('',*,*,#5440,.F.);
#5440 = EDGE_CURVE('',#5441,#2872,#5443,.T.);
#5441 = VERTEX_POINT('',#5442);
#5442 = CARTESIAN_POINT('',(-26.9,-98.,47.));
#5443 = LINE('',#5444,#5445);
#5444 = CARTESIAN_POINT('',(-60.9,-98.,47.));
#5445 = VECTOR('',#5446,1.);
#5446 = DIRECTION('',(1.,0.,0.));
#5447 = ORIENTED_EDGE('',*,*,#5448,.F.);
#5448 = EDGE_CURVE('',#5449,#5441,#5451,.T.);
#5449 = VERTEX_POINT('',#5450);
#5450 = CARTESIAN_POINT('',(-41.9,-98.,47.));
#5451 = LINE('',#5452,#5453);
#5452 = CARTESIAN_POINT('',(-60.9,-98.,47.));
#5453 = VECTOR('',#5454,1.);
#5454 = DIRECTION('',(1.,0.,0.));
#5455 = ORIENTED_EDGE('',*,*,#5456,.F.);
#5456 = EDGE_CURVE('',#4029,#5449,#5457,.T.);
#5457 = LINE('',#5458,#5459);
#5458 = CARTESIAN_POINT('',(-60.9,-98.,47.));
#5459 = VECTOR('',#5460,1.);
#5460 = DIRECTION('',(1.,0.,0.));
#5461 = PLANE('',#5462);
#5462 = AXIS2_PLACEMENT_3D('',#5463,#5464,#5465);
#5463 = CARTESIAN_POINT('',(-60.9,-98.,47.));
#5464 = DIRECTION('',(0.,1.,0.));
#5465 = DIRECTION('',(0.,0.,1.));
#5466 = ADVANCED_FACE('',(#5467),#5486,.F.);
#5467 = FACE_BOUND('',#5468,.T.);
#5468 = EDGE_LOOP('',(#5469,#5470,#5478,#5485));
#5469 = ORIENTED_EDGE('',*,*,#2897,.T.);
#5470 = ORIENTED_EDGE('',*,*,#5471,.T.);
#5471 = EDGE_CURVE('',#2898,#5472,#5474,.T.);
#5472 = VERTEX_POINT('',#5473);
#5473 = CARTESIAN_POINT('',(-14.,-108.,43.));
#5474 = LINE('',#5475,#5476);
#5475 = CARTESIAN_POINT('',(-14.,-88.,43.));
#5476 = VECTOR('',#5477,1.);
#5477 = DIRECTION('',(0.,-1.,0.));
#5478 = ORIENTED_EDGE('',*,*,#5479,.T.);
#5479 = EDGE_CURVE('',#5472,#5472,#5480,.T.);
#5480 = CIRCLE('',#5481,2.);
#5481 = AXIS2_PLACEMENT_3D('',#5482,#5483,#5484);
#5482 = CARTESIAN_POINT('',(-16.,-108.,43.));
#5483 = DIRECTION('',(0.,-1.,0.));
#5484 = DIRECTION('',(1.,0.,0.));
#5485 = ORIENTED_EDGE('',*,*,#5471,.F.);
#5486 = CYLINDRICAL_SURFACE('',#5487,2.);
#5487 = AXIS2_PLACEMENT_3D('',#5488,#5489,#5490);
#5488 = CARTESIAN_POINT('',(-16.,-88.,43.));
#5489 = DIRECTION('',(-0.,1.,-0.));
#5490 = DIRECTION('',(1.,0.,0.));
#5491 = ADVANCED_FACE('',(#5492),#5583,.F.);
#5492 = FACE_BOUND('',#5493,.F.);
#5493 = EDGE_LOOP('',(#5494,#5504,#5510,#5511,#5512,#5513,#5519,#5520,
    #5521,#5529,#5537,#5545,#5553,#5561,#5569,#5577));
#5494 = ORIENTED_EDGE('',*,*,#5495,.T.);
#5495 = EDGE_CURVE('',#5496,#5498,#5500,.T.);
#5496 = VERTEX_POINT('',#5497);
#5497 = CARTESIAN_POINT('',(23.2,-92.,70.4));
#5498 = VERTEX_POINT('',#5499);
#5499 = CARTESIAN_POINT('',(23.2,-92.,73.));
#5500 = LINE('',#5501,#5502);
#5501 = CARTESIAN_POINT('',(23.2,-92.,68.));
#5502 = VECTOR('',#5503,1.);
#5503 = DIRECTION('',(0.,0.,1.));
#5504 = ORIENTED_EDGE('',*,*,#5505,.T.);
#5505 = EDGE_CURVE('',#5498,#4683,#5506,.T.);
#5506 = LINE('',#5507,#5508);
#5507 = CARTESIAN_POINT('',(23.2,-58.,73.));
#5508 = VECTOR('',#5509,1.);
#5509 = DIRECTION('',(0.,-1.,0.));
#5510 = ORIENTED_EDGE('',*,*,#4682,.F.);
#5511 = ORIENTED_EDGE('',*,*,#2914,.F.);
#5512 = ORIENTED_EDGE('',*,*,#3034,.T.);
#5513 = ORIENTED_EDGE('',*,*,#5514,.F.);
#5514 = EDGE_CURVE('',#3110,#3035,#5515,.T.);
#5515 = LINE('',#5516,#5517);
#5516 = CARTESIAN_POINT('',(23.2,-72.,42.));
#5517 = VECTOR('',#5518,1.);
#5518 = DIRECTION('',(0.,-1.,0.));
#5519 = ORIENTED_EDGE('',*,*,#3109,.F.);
#5520 = ORIENTED_EDGE('',*,*,#3390,.F.);
#5521 = ORIENTED_EDGE('',*,*,#5522,.T.);
#5522 = EDGE_CURVE('',#3391,#5523,#5525,.T.);
#5523 = VERTEX_POINT('',#5524);
#5524 = CARTESIAN_POINT('',(23.2,-58.,73.));
#5525 = LINE('',#5526,#5527);
#5526 = CARTESIAN_POINT('',(23.2,-58.,37.));
#5527 = VECTOR('',#5528,1.);
#5528 = DIRECTION('',(0.,0.,1.));
#5529 = ORIENTED_EDGE('',*,*,#5530,.T.);
#5530 = EDGE_CURVE('',#5523,#5531,#5533,.T.);
#5531 = VERTEX_POINT('',#5532);
#5532 = CARTESIAN_POINT('',(23.2,-74.,73.));
#5533 = LINE('',#5534,#5535);
#5534 = CARTESIAN_POINT('',(23.2,-58.,73.));
#5535 = VECTOR('',#5536,1.);
#5536 = DIRECTION('',(0.,-1.,0.));
#5537 = ORIENTED_EDGE('',*,*,#5538,.F.);
#5538 = EDGE_CURVE('',#5539,#5531,#5541,.T.);
#5539 = VERTEX_POINT('',#5540);
#5540 = CARTESIAN_POINT('',(23.2,-74.,70.4));
#5541 = LINE('',#5542,#5543);
#5542 = CARTESIAN_POINT('',(23.2,-74.,68.));
#5543 = VECTOR('',#5544,1.);
#5544 = DIRECTION('',(0.,0.,1.));
#5545 = ORIENTED_EDGE('',*,*,#5546,.T.);
#5546 = EDGE_CURVE('',#5539,#5547,#5549,.T.);
#5547 = VERTEX_POINT('',#5548);
#5548 = CARTESIAN_POINT('',(23.2,-60.4,70.4));
#5549 = LINE('',#5550,#5551);
#5550 = CARTESIAN_POINT('',(23.2,-105.6,70.4));
#5551 = VECTOR('',#5552,1.);
#5552 = DIRECTION('',(0.,1.,0.));
#5553 = ORIENTED_EDGE('',*,*,#5554,.F.);
#5554 = EDGE_CURVE('',#5555,#5547,#5557,.T.);
#5555 = VERTEX_POINT('',#5556);
#5556 = CARTESIAN_POINT('',(23.2,-60.4,50.));
#5557 = LINE('',#5558,#5559);
#5558 = CARTESIAN_POINT('',(23.2,-60.4,50.));
#5559 = VECTOR('',#5560,1.);
#5560 = DIRECTION('',(0.,0.,1.));
#5561 = ORIENTED_EDGE('',*,*,#5562,.F.);
#5562 = EDGE_CURVE('',#5563,#5555,#5565,.T.);
#5563 = VERTEX_POINT('',#5564);
#5564 = CARTESIAN_POINT('',(23.2,-105.6,50.));
#5565 = LINE('',#5566,#5567);
#5566 = CARTESIAN_POINT('',(23.2,-105.6,50.));
#5567 = VECTOR('',#5568,1.);
#5568 = DIRECTION('',(0.,1.,0.));
#5569 = ORIENTED_EDGE('',*,*,#5570,.T.);
#5570 = EDGE_CURVE('',#5563,#5571,#5573,.T.);
#5571 = VERTEX_POINT('',#5572);
#5572 = CARTESIAN_POINT('',(23.2,-105.6,70.4));
#5573 = LINE('',#5574,#5575);
#5574 = CARTESIAN_POINT('',(23.2,-105.6,50.));
#5575 = VECTOR('',#5576,1.);
#5576 = DIRECTION('',(0.,0.,1.));
#5577 = ORIENTED_EDGE('',*,*,#5578,.T.);
#5578 = EDGE_CURVE('',#5571,#5496,#5579,.T.);
#5579 = LINE('',#5580,#5581);
#5580 = CARTESIAN_POINT('',(23.2,-105.6,70.4));
#5581 = VECTOR('',#5582,1.);
#5582 = DIRECTION('',(0.,1.,0.));
#5583 = PLANE('',#5584);
#5584 = AXIS2_PLACEMENT_3D('',#5585,#5586,#5587);
#5585 = CARTESIAN_POINT('',(23.2,-58.,37.));
#5586 = DIRECTION('',(1.,0.,0.));
#5587 = DIRECTION('',(0.,-1.,0.));
#5588 = ADVANCED_FACE('',(#5589),#5595,.T.);
#5589 = FACE_BOUND('',#5590,.T.);
#5590 = EDGE_LOOP('',(#5591,#5592,#5593,#5594));
#5591 = ORIENTED_EDGE('',*,*,#4722,.T.);
#5592 = ORIENTED_EDGE('',*,*,#2936,.T.);
#5593 = ORIENTED_EDGE('',*,*,#2928,.F.);
#5594 = ORIENTED_EDGE('',*,*,#5402,.F.);
#5595 = PLANE('',#5596);
#5596 = AXIS2_PLACEMENT_3D('',#5597,#5598,#5599);
#5597 = CARTESIAN_POINT('',(-106.,-108.,37.));
#5598 = DIRECTION('',(0.,0.,1.));
#5599 = DIRECTION('',(1.,0.,0.));
#5600 = ADVANCED_FACE('',(#5601),#5628,.T.);
#5601 = FACE_BOUND('',#5602,.T.);
#5602 = EDGE_LOOP('',(#5603,#5604,#5605,#5606,#5614,#5622));
#5603 = ORIENTED_EDGE('',*,*,#3710,.F.);
#5604 = ORIENTED_EDGE('',*,*,#2985,.T.);
#5605 = ORIENTED_EDGE('',*,*,#3068,.T.);
#5606 = ORIENTED_EDGE('',*,*,#5607,.F.);
#5607 = EDGE_CURVE('',#5608,#3061,#5610,.T.);
#5608 = VERTEX_POINT('',#5609);
#5609 = CARTESIAN_POINT('',(1.01,-76.,39.));
#5610 = LINE('',#5611,#5612);
#5611 = CARTESIAN_POINT('',(-75.9,-76.,39.));
#5612 = VECTOR('',#5613,1.);
#5613 = DIRECTION('',(1.,0.,0.));
#5614 = ORIENTED_EDGE('',*,*,#5615,.F.);
#5615 = EDGE_CURVE('',#5616,#5608,#5618,.T.);
#5616 = VERTEX_POINT('',#5617);
#5617 = CARTESIAN_POINT('',(-69.01,-76.,39.));
#5618 = LINE('',#5619,#5620);
#5619 = CARTESIAN_POINT('',(-75.9,-76.,39.));
#5620 = VECTOR('',#5621,1.);
#5621 = DIRECTION('',(1.,0.,0.));
#5622 = ORIENTED_EDGE('',*,*,#5623,.F.);
#5623 = EDGE_CURVE('',#3703,#5616,#5624,.T.);
#5624 = LINE('',#5625,#5626);
#5625 = CARTESIAN_POINT('',(-75.9,-76.,39.));
#5626 = VECTOR('',#5627,1.);
#5627 = DIRECTION('',(1.,0.,0.));
#5628 = PLANE('',#5629);
#5629 = AXIS2_PLACEMENT_3D('',#5630,#5631,#5632);
#5630 = CARTESIAN_POINT('',(-75.9,-86.,39.));
#5631 = DIRECTION('',(0.,0.,1.));
#5632 = DIRECTION('',(1.,0.,0.));
#5633 = ADVANCED_FACE('',(#5634),#5640,.F.);
#5634 = FACE_BOUND('',#5635,.F.);
#5635 = EDGE_LOOP('',(#5636,#5637,#5638,#5639));
#5636 = ORIENTED_EDGE('',*,*,#3117,.F.);
#5637 = ORIENTED_EDGE('',*,*,#5514,.T.);
#5638 = ORIENTED_EDGE('',*,*,#3042,.T.);
#5639 = ORIENTED_EDGE('',*,*,#3093,.T.);
#5640 = PLANE('',#5641);
#5641 = AXIS2_PLACEMENT_3D('',#5642,#5643,#5644);
#5642 = CARTESIAN_POINT('',(8.1,-86.,42.));
#5643 = DIRECTION('',(0.,0.,1.));
#5644 = DIRECTION('',(1.,0.,0.));
#5645 = ADVANCED_FACE('',(#5646),#5665,.T.);
#5646 = FACE_BOUND('',#5647,.T.);
#5647 = EDGE_LOOP('',(#5648,#5649,#5650,#5658,#5664));
#5648 = ORIENTED_EDGE('',*,*,#3060,.F.);
#5649 = ORIENTED_EDGE('',*,*,#3383,.F.);
#5650 = ORIENTED_EDGE('',*,*,#5651,.T.);
#5651 = EDGE_CURVE('',#3376,#5652,#5654,.T.);
#5652 = VERTEX_POINT('',#5653);
#5653 = CARTESIAN_POINT('',(3.,-76.,37.01));
#5654 = LINE('',#5655,#5656);
#5655 = CARTESIAN_POINT('',(3.,-76.,37.));
#5656 = VECTOR('',#5657,1.);
#5657 = DIRECTION('',(0.,0.,1.));
#5658 = ORIENTED_EDGE('',*,*,#5659,.F.);
#5659 = EDGE_CURVE('',#5608,#5652,#5660,.T.);
#5660 = LINE('',#5661,#5662);
#5661 = CARTESIAN_POINT('',(-17.495,-76.,57.505));
#5662 = VECTOR('',#5663,1.);
#5663 = DIRECTION('',(0.707106781187,0.,-0.707106781187));
#5664 = ORIENTED_EDGE('',*,*,#5607,.T.);
#5665 = PLANE('',#5666);
#5666 = AXIS2_PLACEMENT_3D('',#5667,#5668,#5669);
#5667 = CARTESIAN_POINT('',(-75.9,-76.,32.));
#5668 = DIRECTION('',(0.,1.,0.));
#5669 = DIRECTION('',(0.,0.,1.));
#5670 = ADVANCED_FACE('',(#5671),#5689,.F.);
#5671 = FACE_BOUND('',#5672,.F.);
#5672 = EDGE_LOOP('',(#5673,#5681,#5682,#5683));
#5673 = ORIENTED_EDGE('',*,*,#5674,.F.);
#5674 = EDGE_CURVE('',#3534,#5675,#5677,.T.);
#5675 = VERTEX_POINT('',#5676);
#5676 = CARTESIAN_POINT('',(-62.,76.,40.));
#5677 = LINE('',#5678,#5679);
#5678 = CARTESIAN_POINT('',(-62.,76.,37.));
#5679 = VECTOR('',#5680,1.);
#5680 = DIRECTION('',(0.,0.,1.));
#5681 = ORIENTED_EDGE('',*,*,#3541,.T.);
#5682 = ORIENTED_EDGE('',*,*,#4482,.T.);
#5683 = ORIENTED_EDGE('',*,*,#5684,.F.);
#5684 = EDGE_CURVE('',#5675,#4483,#5685,.T.);
#5685 = LINE('',#5686,#5687);
#5686 = CARTESIAN_POINT('',(-62.,61.,40.));
#5687 = VECTOR('',#5688,1.);
#5688 = DIRECTION('',(0.,1.,0.));
#5689 = PLANE('',#5690);
#5690 = AXIS2_PLACEMENT_3D('',#5691,#5692,#5693);
#5691 = CARTESIAN_POINT('',(-62.,61.,37.));
#5692 = DIRECTION('',(1.,0.,0.));
#5693 = DIRECTION('',(0.,0.,1.));
#5694 = ADVANCED_FACE('',(#5695),#5714,.F.);
#5695 = FACE_BOUND('',#5696,.F.);
#5696 = EDGE_LOOP('',(#5697,#5705,#5706,#5707,#5708));
#5697 = ORIENTED_EDGE('',*,*,#5698,.F.);
#5698 = EDGE_CURVE('',#3520,#5699,#5701,.T.);
#5699 = VERTEX_POINT('',#5700);
#5700 = CARTESIAN_POINT('',(-62.,66.,40.));
#5701 = LINE('',#5702,#5703);
#5702 = CARTESIAN_POINT('',(-62.,66.,37.));
#5703 = VECTOR('',#5704,1.);
#5704 = DIRECTION('',(0.,0.,1.));
#5705 = ORIENTED_EDGE('',*,*,#3527,.T.);
#5706 = ORIENTED_EDGE('',*,*,#3533,.T.);
#5707 = ORIENTED_EDGE('',*,*,#5674,.T.);
#5708 = ORIENTED_EDGE('',*,*,#5709,.F.);
#5709 = EDGE_CURVE('',#5699,#5675,#5710,.T.);
#5710 = LINE('',#5711,#5712);
#5711 = CARTESIAN_POINT('',(-62.,61.,40.));
#5712 = VECTOR('',#5713,1.);
#5713 = DIRECTION('',(0.,1.,0.));
#5714 = PLANE('',#5715);
#5715 = AXIS2_PLACEMENT_3D('',#5716,#5717,#5718);
#5716 = CARTESIAN_POINT('',(-62.,61.,37.));
#5717 = DIRECTION('',(1.,0.,0.));
#5718 = DIRECTION('',(0.,0.,1.));
#5719 = ADVANCED_FACE('',(#5720),#5738,.F.);
#5720 = FACE_BOUND('',#5721,.F.);
#5721 = EDGE_LOOP('',(#5722,#5730,#5731,#5732));
#5722 = ORIENTED_EDGE('',*,*,#5723,.F.);
#5723 = EDGE_CURVE('',#3512,#5724,#5726,.T.);
#5724 = VERTEX_POINT('',#5725);
#5725 = CARTESIAN_POINT('',(-62.,61.,40.));
#5726 = LINE('',#5727,#5728);
#5727 = CARTESIAN_POINT('',(-62.,61.,37.));
#5728 = VECTOR('',#5729,1.);
#5729 = DIRECTION('',(0.,0.,1.));
#5730 = ORIENTED_EDGE('',*,*,#3519,.T.);
#5731 = ORIENTED_EDGE('',*,*,#5698,.T.);
#5732 = ORIENTED_EDGE('',*,*,#5733,.F.);
#5733 = EDGE_CURVE('',#5724,#5699,#5734,.T.);
#5734 = LINE('',#5735,#5736);
#5735 = CARTESIAN_POINT('',(-62.,61.,40.));
#5736 = VECTOR('',#5737,1.);
#5737 = DIRECTION('',(0.,1.,0.));
#5738 = PLANE('',#5739);
#5739 = AXIS2_PLACEMENT_3D('',#5740,#5741,#5742);
#5740 = CARTESIAN_POINT('',(-62.,61.,37.));
#5741 = DIRECTION('',(1.,0.,0.));
#5742 = DIRECTION('',(0.,0.,1.));
#5743 = ADVANCED_FACE('',(#5744),#5762,.F.);
#5744 = FACE_BOUND('',#5745,.F.);
#5745 = EDGE_LOOP('',(#5746,#5747,#5748,#5756));
#5746 = ORIENTED_EDGE('',*,*,#3511,.F.);
#5747 = ORIENTED_EDGE('',*,*,#5723,.T.);
#5748 = ORIENTED_EDGE('',*,*,#5749,.T.);
#5749 = EDGE_CURVE('',#5724,#5750,#5752,.T.);
#5750 = VERTEX_POINT('',#5751);
#5751 = CARTESIAN_POINT('',(-52.,61.,40.));
#5752 = LINE('',#5753,#5754);
#5753 = CARTESIAN_POINT('',(-62.,61.,40.));
#5754 = VECTOR('',#5755,1.);
#5755 = DIRECTION('',(1.,0.,0.));
#5756 = ORIENTED_EDGE('',*,*,#5757,.F.);
#5757 = EDGE_CURVE('',#3504,#5750,#5758,.T.);
#5758 = LINE('',#5759,#5760);
#5759 = CARTESIAN_POINT('',(-52.,61.,37.));
#5760 = VECTOR('',#5761,1.);
#5761 = DIRECTION('',(0.,0.,1.));
#5762 = PLANE('',#5763);
#5763 = AXIS2_PLACEMENT_3D('',#5764,#5765,#5766);
#5764 = CARTESIAN_POINT('',(-62.,61.,37.));
#5765 = DIRECTION('',(0.,1.,0.));
#5766 = DIRECTION('',(0.,0.,1.));
#5767 = ADVANCED_FACE('',(#5768),#5786,.F.);
#5768 = FACE_BOUND('',#5769,.F.);
#5769 = EDGE_LOOP('',(#5770,#5771,#5772,#5780));
#5770 = ORIENTED_EDGE('',*,*,#3503,.F.);
#5771 = ORIENTED_EDGE('',*,*,#5757,.T.);
#5772 = ORIENTED_EDGE('',*,*,#5773,.T.);
#5773 = EDGE_CURVE('',#5750,#5774,#5776,.T.);
#5774 = VERTEX_POINT('',#5775);
#5775 = CARTESIAN_POINT('',(-42.,61.,40.));
#5776 = LINE('',#5777,#5778);
#5777 = CARTESIAN_POINT('',(-52.,61.,40.));
#5778 = VECTOR('',#5779,1.);
#5779 = DIRECTION('',(1.,0.,0.));
#5780 = ORIENTED_EDGE('',*,*,#5781,.F.);
#5781 = EDGE_CURVE('',#3496,#5774,#5782,.T.);
#5782 = LINE('',#5783,#5784);
#5783 = CARTESIAN_POINT('',(-42.,61.,37.));
#5784 = VECTOR('',#5785,1.);
#5785 = DIRECTION('',(0.,0.,1.));
#5786 = PLANE('',#5787);
#5787 = AXIS2_PLACEMENT_3D('',#5788,#5789,#5790);
#5788 = CARTESIAN_POINT('',(-52.,61.,37.));
#5789 = DIRECTION('',(0.,1.,0.));
#5790 = DIRECTION('',(0.,0.,1.));
#5791 = ADVANCED_FACE('',(#5792),#5810,.T.);
#5792 = FACE_BOUND('',#5793,.T.);
#5793 = EDGE_LOOP('',(#5794,#5795,#5796,#5804));
#5794 = ORIENTED_EDGE('',*,*,#5781,.F.);
#5795 = ORIENTED_EDGE('',*,*,#3495,.T.);
#5796 = ORIENTED_EDGE('',*,*,#5797,.T.);
#5797 = EDGE_CURVE('',#3488,#5798,#5800,.T.);
#5798 = VERTEX_POINT('',#5799);
#5799 = CARTESIAN_POINT('',(-42.,66.,40.));
#5800 = LINE('',#5801,#5802);
#5801 = CARTESIAN_POINT('',(-42.,66.,37.));
#5802 = VECTOR('',#5803,1.);
#5803 = DIRECTION('',(0.,0.,1.));
#5804 = ORIENTED_EDGE('',*,*,#5805,.F.);
#5805 = EDGE_CURVE('',#5774,#5798,#5806,.T.);
#5806 = LINE('',#5807,#5808);
#5807 = CARTESIAN_POINT('',(-42.,61.,40.));
#5808 = VECTOR('',#5809,1.);
#5809 = DIRECTION('',(0.,1.,0.));
#5810 = PLANE('',#5811);
#5811 = AXIS2_PLACEMENT_3D('',#5812,#5813,#5814);
#5812 = CARTESIAN_POINT('',(-42.,61.,37.));
#5813 = DIRECTION('',(1.,0.,0.));
#5814 = DIRECTION('',(0.,0.,1.));
#5815 = ADVANCED_FACE('',(#5816),#5835,.T.);
#5816 = FACE_BOUND('',#5817,.T.);
#5817 = EDGE_LOOP('',(#5818,#5819,#5820,#5821,#5829));
#5818 = ORIENTED_EDGE('',*,*,#5797,.F.);
#5819 = ORIENTED_EDGE('',*,*,#3487,.T.);
#5820 = ORIENTED_EDGE('',*,*,#3481,.T.);
#5821 = ORIENTED_EDGE('',*,*,#5822,.T.);
#5822 = EDGE_CURVE('',#3474,#5823,#5825,.T.);
#5823 = VERTEX_POINT('',#5824);
#5824 = CARTESIAN_POINT('',(-42.,76.,40.));
#5825 = LINE('',#5826,#5827);
#5826 = CARTESIAN_POINT('',(-42.,76.,37.));
#5827 = VECTOR('',#5828,1.);
#5828 = DIRECTION('',(0.,0.,1.));
#5829 = ORIENTED_EDGE('',*,*,#5830,.F.);
#5830 = EDGE_CURVE('',#5798,#5823,#5831,.T.);
#5831 = LINE('',#5832,#5833);
#5832 = CARTESIAN_POINT('',(-42.,61.,40.));
#5833 = VECTOR('',#5834,1.);
#5834 = DIRECTION('',(0.,1.,0.));
#5835 = PLANE('',#5836);
#5836 = AXIS2_PLACEMENT_3D('',#5837,#5838,#5839);
#5837 = CARTESIAN_POINT('',(-42.,66.,37.));
#5838 = DIRECTION('',(1.,0.,0.));
#5839 = DIRECTION('',(0.,0.,1.));
#5840 = ADVANCED_FACE('',(#5841),#5852,.T.);
#5841 = FACE_BOUND('',#5842,.T.);
#5842 = EDGE_LOOP('',(#5843,#5844,#5845,#5846));
#5843 = ORIENTED_EDGE('',*,*,#5822,.F.);
#5844 = ORIENTED_EDGE('',*,*,#3473,.T.);
#5845 = ORIENTED_EDGE('',*,*,#4522,.T.);
#5846 = ORIENTED_EDGE('',*,*,#5847,.F.);
#5847 = EDGE_CURVE('',#5823,#4515,#5848,.T.);
#5848 = LINE('',#5849,#5850);
#5849 = CARTESIAN_POINT('',(-42.,61.,40.));
#5850 = VECTOR('',#5851,1.);
#5851 = DIRECTION('',(0.,1.,0.));
#5852 = PLANE('',#5853);
#5853 = AXIS2_PLACEMENT_3D('',#5854,#5855,#5856);
#5854 = CARTESIAN_POINT('',(-42.,61.,37.));
#5855 = DIRECTION('',(1.,0.,0.));
#5856 = DIRECTION('',(0.,0.,1.));
#5857 = ADVANCED_FACE('',(#5858),#5876,.F.);
#5858 = FACE_BOUND('',#5859,.F.);
#5859 = EDGE_LOOP('',(#5860,#5868,#5869,#5870));
#5860 = ORIENTED_EDGE('',*,*,#5861,.F.);
#5861 = EDGE_CURVE('',#3459,#5862,#5864,.T.);
#5862 = VERTEX_POINT('',#5863);
#5863 = CARTESIAN_POINT('',(28.,76.,40.));
#5864 = LINE('',#5865,#5866);
#5865 = CARTESIAN_POINT('',(28.,76.,37.));
#5866 = VECTOR('',#5867,1.);
#5867 = DIRECTION('',(0.,0.,1.));
#5868 = ORIENTED_EDGE('',*,*,#3466,.T.);
#5869 = ORIENTED_EDGE('',*,*,#4537,.T.);
#5870 = ORIENTED_EDGE('',*,*,#5871,.F.);
#5871 = EDGE_CURVE('',#5862,#4538,#5872,.T.);
#5872 = LINE('',#5873,#5874);
#5873 = CARTESIAN_POINT('',(28.,61.,40.));
#5874 = VECTOR('',#5875,1.);
#5875 = DIRECTION('',(0.,1.,0.));
#5876 = PLANE('',#5877);
#5877 = AXIS2_PLACEMENT_3D('',#5878,#5879,#5880);
#5878 = CARTESIAN_POINT('',(28.,61.,37.));
#5879 = DIRECTION('',(1.,0.,0.));
#5880 = DIRECTION('',(0.,0.,1.));
#5881 = ADVANCED_FACE('',(#5882),#5901,.F.);
#5882 = FACE_BOUND('',#5883,.F.);
#5883 = EDGE_LOOP('',(#5884,#5892,#5893,#5894,#5895));
#5884 = ORIENTED_EDGE('',*,*,#5885,.F.);
#5885 = EDGE_CURVE('',#3445,#5886,#5888,.T.);
#5886 = VERTEX_POINT('',#5887);
#5887 = CARTESIAN_POINT('',(28.,66.,40.));
#5888 = LINE('',#5889,#5890);
#5889 = CARTESIAN_POINT('',(28.,66.,37.));
#5890 = VECTOR('',#5891,1.);
#5891 = DIRECTION('',(0.,0.,1.));
#5892 = ORIENTED_EDGE('',*,*,#3452,.T.);
#5893 = ORIENTED_EDGE('',*,*,#3458,.T.);
#5894 = ORIENTED_EDGE('',*,*,#5861,.T.);
#5895 = ORIENTED_EDGE('',*,*,#5896,.F.);
#5896 = EDGE_CURVE('',#5886,#5862,#5897,.T.);
#5897 = LINE('',#5898,#5899);
#5898 = CARTESIAN_POINT('',(28.,61.,40.));
#5899 = VECTOR('',#5900,1.);
#5900 = DIRECTION('',(0.,1.,0.));
#5901 = PLANE('',#5902);
#5902 = AXIS2_PLACEMENT_3D('',#5903,#5904,#5905);
#5903 = CARTESIAN_POINT('',(28.,66.,37.));
#5904 = DIRECTION('',(1.,0.,0.));
#5905 = DIRECTION('',(0.,0.,1.));
#5906 = ADVANCED_FACE('',(#5907),#5925,.F.);
#5907 = FACE_BOUND('',#5908,.F.);
#5908 = EDGE_LOOP('',(#5909,#5917,#5918,#5919));
#5909 = ORIENTED_EDGE('',*,*,#5910,.F.);
#5910 = EDGE_CURVE('',#3437,#5911,#5913,.T.);
#5911 = VERTEX_POINT('',#5912);
#5912 = CARTESIAN_POINT('',(28.,61.,40.));
#5913 = LINE('',#5914,#5915);
#5914 = CARTESIAN_POINT('',(28.,61.,37.));
#5915 = VECTOR('',#5916,1.);
#5916 = DIRECTION('',(0.,0.,1.));
#5917 = ORIENTED_EDGE('',*,*,#3444,.T.);
#5918 = ORIENTED_EDGE('',*,*,#5885,.T.);
#5919 = ORIENTED_EDGE('',*,*,#5920,.F.);
#5920 = EDGE_CURVE('',#5911,#5886,#5921,.T.);
#5921 = LINE('',#5922,#5923);
#5922 = CARTESIAN_POINT('',(28.,61.,40.));
#5923 = VECTOR('',#5924,1.);
#5924 = DIRECTION('',(0.,1.,0.));
#5925 = PLANE('',#5926);
#5926 = AXIS2_PLACEMENT_3D('',#5927,#5928,#5929);
#5927 = CARTESIAN_POINT('',(28.,61.,37.));
#5928 = DIRECTION('',(1.,0.,0.));
#5929 = DIRECTION('',(0.,0.,1.));
#5930 = ADVANCED_FACE('',(#5931),#5949,.F.);
#5931 = FACE_BOUND('',#5932,.F.);
#5932 = EDGE_LOOP('',(#5933,#5934,#5935,#5943));
#5933 = ORIENTED_EDGE('',*,*,#3436,.F.);
#5934 = ORIENTED_EDGE('',*,*,#5910,.T.);
#5935 = ORIENTED_EDGE('',*,*,#5936,.T.);
#5936 = EDGE_CURVE('',#5911,#5937,#5939,.T.);
#5937 = VERTEX_POINT('',#5938);
#5938 = CARTESIAN_POINT('',(38.,61.,40.));
#5939 = LINE('',#5940,#5941);
#5940 = CARTESIAN_POINT('',(28.,61.,40.));
#5941 = VECTOR('',#5942,1.);
#5942 = DIRECTION('',(1.,0.,0.));
#5943 = ORIENTED_EDGE('',*,*,#5944,.F.);
#5944 = EDGE_CURVE('',#3429,#5937,#5945,.T.);
#5945 = LINE('',#5946,#5947);
#5946 = CARTESIAN_POINT('',(38.,61.,37.));
#5947 = VECTOR('',#5948,1.);
#5948 = DIRECTION('',(0.,0.,1.));
#5949 = PLANE('',#5950);
#5950 = AXIS2_PLACEMENT_3D('',#5951,#5952,#5953);
#5951 = CARTESIAN_POINT('',(28.,61.,37.));
#5952 = DIRECTION('',(0.,1.,0.));
#5953 = DIRECTION('',(0.,0.,1.));
#5954 = ADVANCED_FACE('',(#5955),#5973,.T.);
#5955 = FACE_BOUND('',#5956,.T.);
#5956 = EDGE_LOOP('',(#5957,#5958,#5959,#5967));
#5957 = ORIENTED_EDGE('',*,*,#5944,.F.);
#5958 = ORIENTED_EDGE('',*,*,#3428,.T.);
#5959 = ORIENTED_EDGE('',*,*,#5960,.T.);
#5960 = EDGE_CURVE('',#3421,#5961,#5963,.T.);
#5961 = VERTEX_POINT('',#5962);
#5962 = CARTESIAN_POINT('',(38.,66.,40.));
#5963 = LINE('',#5964,#5965);
#5964 = CARTESIAN_POINT('',(38.,66.,37.));
#5965 = VECTOR('',#5966,1.);
#5966 = DIRECTION('',(0.,0.,1.));
#5967 = ORIENTED_EDGE('',*,*,#5968,.F.);
#5968 = EDGE_CURVE('',#5937,#5961,#5969,.T.);
#5969 = LINE('',#5970,#5971);
#5970 = CARTESIAN_POINT('',(38.,61.,40.));
#5971 = VECTOR('',#5972,1.);
#5972 = DIRECTION('',(0.,1.,0.));
#5973 = PLANE('',#5974);
#5974 = AXIS2_PLACEMENT_3D('',#5975,#5976,#5977);
#5975 = CARTESIAN_POINT('',(38.,61.,37.));
#5976 = DIRECTION('',(1.,0.,0.));
#5977 = DIRECTION('',(0.,0.,1.));
#5978 = ADVANCED_FACE('',(#5979),#5998,.T.);
#5979 = FACE_BOUND('',#5980,.T.);
#5980 = EDGE_LOOP('',(#5981,#5982,#5983,#5984,#5992));
#5981 = ORIENTED_EDGE('',*,*,#5960,.F.);
#5982 = ORIENTED_EDGE('',*,*,#3420,.T.);
#5983 = ORIENTED_EDGE('',*,*,#3414,.T.);
#5984 = ORIENTED_EDGE('',*,*,#5985,.T.);
#5985 = EDGE_CURVE('',#3407,#5986,#5988,.T.);
#5986 = VERTEX_POINT('',#5987);
#5987 = CARTESIAN_POINT('',(38.,76.,40.));
#5988 = LINE('',#5989,#5990);
#5989 = CARTESIAN_POINT('',(38.,76.,37.));
#5990 = VECTOR('',#5991,1.);
#5991 = DIRECTION('',(0.,0.,1.));
#5992 = ORIENTED_EDGE('',*,*,#5993,.F.);
#5993 = EDGE_CURVE('',#5961,#5986,#5994,.T.);
#5994 = LINE('',#5995,#5996);
#5995 = CARTESIAN_POINT('',(38.,61.,40.));
#5996 = VECTOR('',#5997,1.);
#5997 = DIRECTION('',(0.,1.,0.));
#5998 = PLANE('',#5999);
#5999 = AXIS2_PLACEMENT_3D('',#6000,#6001,#6002);
#6000 = CARTESIAN_POINT('',(38.,66.,37.));
#6001 = DIRECTION('',(1.,0.,0.));
#6002 = DIRECTION('',(0.,0.,1.));
#6003 = ADVANCED_FACE('',(#6004),#6015,.T.);
#6004 = FACE_BOUND('',#6005,.T.);
#6005 = EDGE_LOOP('',(#6006,#6007,#6008,#6009));
#6006 = ORIENTED_EDGE('',*,*,#5985,.F.);
#6007 = ORIENTED_EDGE('',*,*,#3406,.T.);
#6008 = ORIENTED_EDGE('',*,*,#4553,.T.);
#6009 = ORIENTED_EDGE('',*,*,#6010,.F.);
#6010 = EDGE_CURVE('',#5986,#4546,#6011,.T.);
#6011 = LINE('',#6012,#6013);
#6012 = CARTESIAN_POINT('',(38.,61.,40.));
#6013 = VECTOR('',#6014,1.);
#6014 = DIRECTION('',(0.,1.,0.));
#6015 = PLANE('',#6016);
#6016 = AXIS2_PLACEMENT_3D('',#6017,#6018,#6019);
#6017 = CARTESIAN_POINT('',(38.,61.,37.));
#6018 = DIRECTION('',(1.,0.,0.));
#6019 = DIRECTION('',(0.,0.,1.));
#6020 = ADVANCED_FACE('',(#6021),#6032,.F.);
#6021 = FACE_BOUND('',#6022,.F.);
#6022 = EDGE_LOOP('',(#6023,#6024,#6025,#6026));
#6023 = ORIENTED_EDGE('',*,*,#5522,.F.);
#6024 = ORIENTED_EDGE('',*,*,#3398,.T.);
#6025 = ORIENTED_EDGE('',*,*,#4568,.T.);
#6026 = ORIENTED_EDGE('',*,*,#6027,.F.);
#6027 = EDGE_CURVE('',#5523,#4569,#6028,.T.);
#6028 = LINE('',#6029,#6030);
#6029 = CARTESIAN_POINT('',(23.2,-58.,73.));
#6030 = VECTOR('',#6031,1.);
#6031 = DIRECTION('',(1.,0.,0.));
#6032 = PLANE('',#6033);
#6033 = AXIS2_PLACEMENT_3D('',#6034,#6035,#6036);
#6034 = CARTESIAN_POINT('',(23.2,-58.,37.));
#6035 = DIRECTION('',(0.,-1.,0.));
#6036 = DIRECTION('',(1.,0.,0.));
#6037 = ADVANCED_FACE('',(#6038),#6056,.T.);
#6038 = FACE_BOUND('',#6039,.T.);
#6039 = EDGE_LOOP('',(#6040,#6041,#6042,#6050));
#6040 = ORIENTED_EDGE('',*,*,#5651,.F.);
#6041 = ORIENTED_EDGE('',*,*,#3375,.T.);
#6042 = ORIENTED_EDGE('',*,*,#6043,.T.);
#6043 = EDGE_CURVE('',#3368,#6044,#6046,.T.);
#6044 = VERTEX_POINT('',#6045);
#6045 = CARTESIAN_POINT('',(3.,-45.,37.01));
#6046 = LINE('',#6047,#6048);
#6047 = CARTESIAN_POINT('',(3.,-45.,37.));
#6048 = VECTOR('',#6049,1.);
#6049 = DIRECTION('',(0.,0.,1.));
#6050 = ORIENTED_EDGE('',*,*,#6051,.F.);
#6051 = EDGE_CURVE('',#5652,#6044,#6052,.T.);
#6052 = LINE('',#6053,#6054);
#6053 = CARTESIAN_POINT('',(3.,-76.,37.01));
#6054 = VECTOR('',#6055,1.);
#6055 = DIRECTION('',(0.,1.,0.));
#6056 = PLANE('',#6057);
#6057 = AXIS2_PLACEMENT_3D('',#6058,#6059,#6060);
#6058 = CARTESIAN_POINT('',(3.,-76.,37.));
#6059 = DIRECTION('',(1.,0.,0.));
#6060 = DIRECTION('',(0.,0.,1.));
#6061 = ADVANCED_FACE('',(#6062),#6080,.T.);
#6062 = FACE_BOUND('',#6063,.T.);
#6063 = EDGE_LOOP('',(#6064,#6065,#6066,#6067,#6073,#6074));
#6064 = ORIENTED_EDGE('',*,*,#6043,.F.);
#6065 = ORIENTED_EDGE('',*,*,#3367,.F.);
#6066 = ORIENTED_EDGE('',*,*,#800,.F.);
#6067 = ORIENTED_EDGE('',*,*,#6068,.T.);
#6068 = EDGE_CURVE('',#801,#5004,#6069,.T.);
#6069 = LINE('',#6070,#6071);
#6070 = CARTESIAN_POINT('',(-16.,-45.,32.));
#6071 = VECTOR('',#6072,1.);
#6072 = DIRECTION('',(0.,0.,1.));
#6073 = ORIENTED_EDGE('',*,*,#5003,.T.);
#6074 = ORIENTED_EDGE('',*,*,#6075,.T.);
#6075 = EDGE_CURVE('',#4996,#6044,#6076,.T.);
#6076 = LINE('',#6077,#6078);
#6077 = CARTESIAN_POINT('',(-17.495,-45.,57.505));
#6078 = VECTOR('',#6079,1.);
#6079 = DIRECTION('',(0.707106781187,0.,-0.707106781187));
#6080 = PLANE('',#6081);
#6081 = AXIS2_PLACEMENT_3D('',#6082,#6083,#6084);
#6082 = CARTESIAN_POINT('',(-71.,-45.,37.));
#6083 = DIRECTION('',(0.,1.,0.));
#6084 = DIRECTION('',(0.,0.,1.));
#6085 = ADVANCED_FACE('',(#6086),#6097,.T.);
#6086 = FACE_BOUND('',#6087,.T.);
#6087 = EDGE_LOOP('',(#6088,#6094,#6095,#6096));
#6088 = ORIENTED_EDGE('',*,*,#6089,.F.);
#6089 = EDGE_CURVE('',#801,#3346,#6090,.T.);
#6090 = LINE('',#6091,#6092);
#6091 = CARTESIAN_POINT('',(-16.,-45.,37.));
#6092 = VECTOR('',#6093,1.);
#6093 = DIRECTION('',(0.,1.,0.));
#6094 = ORIENTED_EDGE('',*,*,#800,.T.);
#6095 = ORIENTED_EDGE('',*,*,#3361,.T.);
#6096 = ORIENTED_EDGE('',*,*,#3353,.F.);
#6097 = PLANE('',#6098);
#6098 = AXIS2_PLACEMENT_3D('',#6099,#6100,#6101);
#6099 = CARTESIAN_POINT('',(-16.,-45.,37.));
#6100 = DIRECTION('',(0.,0.,1.));
#6101 = DIRECTION('',(1.,0.,0.));
#6102 = ADVANCED_FACE('',(#6103),#6130,.T.);
#6103 = FACE_BOUND('',#6104,.T.);
#6104 = EDGE_LOOP('',(#6105,#6106,#6107,#6108,#6116,#6124));
#6105 = ORIENTED_EDGE('',*,*,#6068,.F.);
#6106 = ORIENTED_EDGE('',*,*,#6089,.T.);
#6107 = ORIENTED_EDGE('',*,*,#3345,.T.);
#6108 = ORIENTED_EDGE('',*,*,#6109,.T.);
#6109 = EDGE_CURVE('',#3338,#6110,#6112,.T.);
#6110 = VERTEX_POINT('',#6111);
#6111 = CARTESIAN_POINT('',(-16.,-24.,54.));
#6112 = LINE('',#6113,#6114);
#6113 = CARTESIAN_POINT('',(-16.,-24.,32.));
#6114 = VECTOR('',#6115,1.);
#6115 = DIRECTION('',(0.,0.,1.));
#6116 = ORIENTED_EDGE('',*,*,#6117,.F.);
#6117 = EDGE_CURVE('',#6118,#6110,#6120,.T.);
#6118 = VERTEX_POINT('',#6119);
#6119 = CARTESIAN_POINT('',(-16.,-45.,54.));
#6120 = LINE('',#6121,#6122);
#6121 = CARTESIAN_POINT('',(-16.,-45.,54.));
#6122 = VECTOR('',#6123,1.);
#6123 = DIRECTION('',(0.,1.,0.));
#6124 = ORIENTED_EDGE('',*,*,#6125,.F.);
#6125 = EDGE_CURVE('',#5004,#6118,#6126,.T.);
#6126 = LINE('',#6127,#6128);
#6127 = CARTESIAN_POINT('',(-16.,-45.,32.));
#6128 = VECTOR('',#6129,1.);
#6129 = DIRECTION('',(0.,0.,1.));
#6130 = PLANE('',#6131);
#6131 = AXIS2_PLACEMENT_3D('',#6132,#6133,#6134);
#6132 = CARTESIAN_POINT('',(-16.,-45.,32.));
#6133 = DIRECTION('',(1.,0.,0.));
#6134 = DIRECTION('',(0.,0.,1.));
#6135 = ADVANCED_FACE('',(#6136),#6162,.F.);
#6136 = FACE_BOUND('',#6137,.F.);
#6137 = EDGE_LOOP('',(#6138,#6139,#6140,#6148,#6156));
#6138 = ORIENTED_EDGE('',*,*,#3337,.F.);
#6139 = ORIENTED_EDGE('',*,*,#6109,.T.);
#6140 = ORIENTED_EDGE('',*,*,#6141,.T.);
#6141 = EDGE_CURVE('',#6110,#6142,#6144,.T.);
#6142 = VERTEX_POINT('',#6143);
#6143 = CARTESIAN_POINT('',(-16.,-24.,57.));
#6144 = LINE('',#6145,#6146);
#6145 = CARTESIAN_POINT('',(-16.,-24.,54.));
#6146 = VECTOR('',#6147,1.);
#6147 = DIRECTION('',(0.,0.,1.));
#6148 = ORIENTED_EDGE('',*,*,#6149,.T.);
#6149 = EDGE_CURVE('',#6142,#6150,#6152,.T.);
#6150 = VERTEX_POINT('',#6151);
#6151 = CARTESIAN_POINT('',(0.,-24.,57.));
#6152 = LINE('',#6153,#6154);
#6153 = CARTESIAN_POINT('',(-42.,-24.,57.));
#6154 = VECTOR('',#6155,1.);
#6155 = DIRECTION('',(1.,0.,0.));
#6156 = ORIENTED_EDGE('',*,*,#6157,.F.);
#6157 = EDGE_CURVE('',#3330,#6150,#6158,.T.);
#6158 = LINE('',#6159,#6160);
#6159 = CARTESIAN_POINT('',(0.,-24.,37.));
#6160 = VECTOR('',#6161,1.);
#6161 = DIRECTION('',(0.,0.,1.));
#6162 = PLANE('',#6163);
#6163 = AXIS2_PLACEMENT_3D('',#6164,#6165,#6166);
#6164 = CARTESIAN_POINT('',(-42.,-24.,37.));
#6165 = DIRECTION('',(0.,1.,0.));
#6166 = DIRECTION('',(0.,0.,1.));
#6167 = ADVANCED_FACE('',(#6168),#6186,.T.);
#6168 = FACE_BOUND('',#6169,.T.);
#6169 = EDGE_LOOP('',(#6170,#6171,#6172,#6180));
#6170 = ORIENTED_EDGE('',*,*,#6157,.F.);
#6171 = ORIENTED_EDGE('',*,*,#3329,.T.);
#6172 = ORIENTED_EDGE('',*,*,#6173,.T.);
#6173 = EDGE_CURVE('',#3322,#6174,#6176,.T.);
#6174 = VERTEX_POINT('',#6175);
#6175 = CARTESIAN_POINT('',(0.,59.,57.));
#6176 = LINE('',#6177,#6178);
#6177 = CARTESIAN_POINT('',(0.,59.,37.));
#6178 = VECTOR('',#6179,1.);
#6179 = DIRECTION('',(0.,0.,1.));
#6180 = ORIENTED_EDGE('',*,*,#6181,.F.);
#6181 = EDGE_CURVE('',#6150,#6174,#6182,.T.);
#6182 = LINE('',#6183,#6184);
#6183 = CARTESIAN_POINT('',(0.,-24.,57.));
#6184 = VECTOR('',#6185,1.);
#6185 = DIRECTION('',(0.,1.,0.));
#6186 = PLANE('',#6187);
#6187 = AXIS2_PLACEMENT_3D('',#6188,#6189,#6190);
#6188 = CARTESIAN_POINT('',(0.,-24.,37.));
#6189 = DIRECTION('',(1.,0.,0.));
#6190 = DIRECTION('',(0.,0.,1.));
#6191 = ADVANCED_FACE('',(#6192),#6210,.T.);
#6192 = FACE_BOUND('',#6193,.T.);
#6193 = EDGE_LOOP('',(#6194,#6195,#6196,#6204));
#6194 = ORIENTED_EDGE('',*,*,#6173,.F.);
#6195 = ORIENTED_EDGE('',*,*,#3321,.T.);
#6196 = ORIENTED_EDGE('',*,*,#6197,.T.);
#6197 = EDGE_CURVE('',#3314,#6198,#6200,.T.);
#6198 = VERTEX_POINT('',#6199);
#6199 = CARTESIAN_POINT('',(0.,63.,57.));
#6200 = LINE('',#6201,#6202);
#6201 = CARTESIAN_POINT('',(0.,63.,37.));
#6202 = VECTOR('',#6203,1.);
#6203 = DIRECTION('',(0.,0.,1.));
#6204 = ORIENTED_EDGE('',*,*,#6205,.F.);
#6205 = EDGE_CURVE('',#6174,#6198,#6206,.T.);
#6206 = LINE('',#6207,#6208);
#6207 = CARTESIAN_POINT('',(0.,59.,57.));
#6208 = VECTOR('',#6209,1.);
#6209 = DIRECTION('',(0.,1.,0.));
#6210 = PLANE('',#6211);
#6211 = AXIS2_PLACEMENT_3D('',#6212,#6213,#6214);
#6212 = CARTESIAN_POINT('',(0.,59.,37.));
#6213 = DIRECTION('',(1.,0.,0.));
#6214 = DIRECTION('',(0.,0.,1.));
#6215 = ADVANCED_FACE('',(#6216),#6242,.T.);
#6216 = FACE_BOUND('',#6217,.T.);
#6217 = EDGE_LOOP('',(#6218,#6219,#6227,#6235,#6241));
#6218 = ORIENTED_EDGE('',*,*,#3313,.F.);
#6219 = ORIENTED_EDGE('',*,*,#6220,.T.);
#6220 = EDGE_CURVE('',#3306,#6221,#6223,.T.);
#6221 = VERTEX_POINT('',#6222);
#6222 = CARTESIAN_POINT('',(-3.,63.,54.));
#6223 = LINE('',#6224,#6225);
#6224 = CARTESIAN_POINT('',(-3.,63.,37.));
#6225 = VECTOR('',#6226,1.);
#6226 = DIRECTION('',(0.,0.,1.));
#6227 = ORIENTED_EDGE('',*,*,#6228,.T.);
#6228 = EDGE_CURVE('',#6221,#6229,#6231,.T.);
#6229 = VERTEX_POINT('',#6230);
#6230 = CARTESIAN_POINT('',(-3.,63.,57.));
#6231 = LINE('',#6232,#6233);
#6232 = CARTESIAN_POINT('',(-3.,63.,54.));
#6233 = VECTOR('',#6234,1.);
#6234 = DIRECTION('',(0.,0.,1.));
#6235 = ORIENTED_EDGE('',*,*,#6236,.T.);
#6236 = EDGE_CURVE('',#6229,#6198,#6237,.T.);
#6237 = LINE('',#6238,#6239);
#6238 = CARTESIAN_POINT('',(-3.,63.,57.));
#6239 = VECTOR('',#6240,1.);
#6240 = DIRECTION('',(1.,0.,0.));
#6241 = ORIENTED_EDGE('',*,*,#6197,.F.);
#6242 = PLANE('',#6243);
#6243 = AXIS2_PLACEMENT_3D('',#6244,#6245,#6246);
#6244 = CARTESIAN_POINT('',(-3.,63.,37.));
#6245 = DIRECTION('',(0.,1.,0.));
#6246 = DIRECTION('',(0.,0.,1.));
#6247 = ADVANCED_FACE('',(#6248),#6266,.F.);
#6248 = FACE_BOUND('',#6249,.F.);
#6249 = EDGE_LOOP('',(#6250,#6258,#6259,#6260));
#6250 = ORIENTED_EDGE('',*,*,#6251,.F.);
#6251 = EDGE_CURVE('',#3298,#6252,#6254,.T.);
#6252 = VERTEX_POINT('',#6253);
#6253 = CARTESIAN_POINT('',(-3.,59.,54.));
#6254 = LINE('',#6255,#6256);
#6255 = CARTESIAN_POINT('',(-3.,59.,37.));
#6256 = VECTOR('',#6257,1.);
#6257 = DIRECTION('',(0.,0.,1.));
#6258 = ORIENTED_EDGE('',*,*,#3305,.T.);
#6259 = ORIENTED_EDGE('',*,*,#6220,.T.);
#6260 = ORIENTED_EDGE('',*,*,#6261,.F.);
#6261 = EDGE_CURVE('',#6252,#6221,#6262,.T.);
#6262 = LINE('',#6263,#6264);
#6263 = CARTESIAN_POINT('',(-3.,59.,54.));
#6264 = VECTOR('',#6265,1.);
#6265 = DIRECTION('',(0.,1.,0.));
#6266 = PLANE('',#6267);
#6267 = AXIS2_PLACEMENT_3D('',#6268,#6269,#6270);
#6268 = CARTESIAN_POINT('',(-3.,59.,37.));
#6269 = DIRECTION('',(1.,0.,0.));
#6270 = DIRECTION('',(0.,0.,1.));
#6271 = ADVANCED_FACE('',(#6272),#6290,.F.);
#6272 = FACE_BOUND('',#6273,.F.);
#6273 = EDGE_LOOP('',(#6274,#6282,#6283,#6284));
#6274 = ORIENTED_EDGE('',*,*,#6275,.F.);
#6275 = EDGE_CURVE('',#3290,#6276,#6278,.T.);
#6276 = VERTEX_POINT('',#6277);
#6277 = CARTESIAN_POINT('',(-3.,-21.,54.));
#6278 = LINE('',#6279,#6280);
#6279 = CARTESIAN_POINT('',(-3.,-21.,37.));
#6280 = VECTOR('',#6281,1.);
#6281 = DIRECTION('',(0.,0.,1.));
#6282 = ORIENTED_EDGE('',*,*,#3297,.T.);
#6283 = ORIENTED_EDGE('',*,*,#6251,.T.);
#6284 = ORIENTED_EDGE('',*,*,#6285,.F.);
#6285 = EDGE_CURVE('',#6276,#6252,#6286,.T.);
#6286 = LINE('',#6287,#6288);
#6287 = CARTESIAN_POINT('',(-3.,-21.,54.));
#6288 = VECTOR('',#6289,1.);
#6289 = DIRECTION('',(0.,1.,0.));
#6290 = PLANE('',#6291);
#6291 = AXIS2_PLACEMENT_3D('',#6292,#6293,#6294);
#6292 = CARTESIAN_POINT('',(-3.,-21.,37.));
#6293 = DIRECTION('',(1.,0.,0.));
#6294 = DIRECTION('',(0.,0.,1.));
#6295 = ADVANCED_FACE('',(#6296),#6314,.T.);
#6296 = FACE_BOUND('',#6297,.T.);
#6297 = EDGE_LOOP('',(#6298,#6299,#6307,#6313));
#6298 = ORIENTED_EDGE('',*,*,#3289,.F.);
#6299 = ORIENTED_EDGE('',*,*,#6300,.T.);
#6300 = EDGE_CURVE('',#3282,#6301,#6303,.T.);
#6301 = VERTEX_POINT('',#6302);
#6302 = CARTESIAN_POINT('',(-39.,-21.,54.));
#6303 = LINE('',#6304,#6305);
#6304 = CARTESIAN_POINT('',(-39.,-21.,37.));
#6305 = VECTOR('',#6306,1.);
#6306 = DIRECTION('',(0.,0.,1.));
#6307 = ORIENTED_EDGE('',*,*,#6308,.T.);
#6308 = EDGE_CURVE('',#6301,#6276,#6309,.T.);
#6309 = LINE('',#6310,#6311);
#6310 = CARTESIAN_POINT('',(-39.,-21.,54.));
#6311 = VECTOR('',#6312,1.);
#6312 = DIRECTION('',(1.,0.,0.));
#6313 = ORIENTED_EDGE('',*,*,#6275,.F.);
#6314 = PLANE('',#6315);
#6315 = AXIS2_PLACEMENT_3D('',#6316,#6317,#6318);
#6316 = CARTESIAN_POINT('',(-39.,-21.,37.));
#6317 = DIRECTION('',(0.,1.,0.));
#6318 = DIRECTION('',(0.,0.,1.));
#6319 = ADVANCED_FACE('',(#6320),#6338,.T.);
#6320 = FACE_BOUND('',#6321,.T.);
#6321 = EDGE_LOOP('',(#6322,#6323,#6324,#6332));
#6322 = ORIENTED_EDGE('',*,*,#6300,.F.);
#6323 = ORIENTED_EDGE('',*,*,#3281,.T.);
#6324 = ORIENTED_EDGE('',*,*,#6325,.T.);
#6325 = EDGE_CURVE('',#3274,#6326,#6328,.T.);
#6326 = VERTEX_POINT('',#6327);
#6327 = CARTESIAN_POINT('',(-39.,59.,54.));
#6328 = LINE('',#6329,#6330);
#6329 = CARTESIAN_POINT('',(-39.,59.,37.));
#6330 = VECTOR('',#6331,1.);
#6331 = DIRECTION('',(0.,0.,1.));
#6332 = ORIENTED_EDGE('',*,*,#6333,.F.);
#6333 = EDGE_CURVE('',#6301,#6326,#6334,.T.);
#6334 = LINE('',#6335,#6336);
#6335 = CARTESIAN_POINT('',(-39.,-21.,54.));
#6336 = VECTOR('',#6337,1.);
#6337 = DIRECTION('',(0.,1.,0.));
#6338 = PLANE('',#6339);
#6339 = AXIS2_PLACEMENT_3D('',#6340,#6341,#6342);
#6340 = CARTESIAN_POINT('',(-39.,-21.,37.));
#6341 = DIRECTION('',(1.,0.,0.));
#6342 = DIRECTION('',(0.,0.,1.));
#6343 = ADVANCED_FACE('',(#6344),#6378,.T.);
#6344 = FACE_BOUND('',#6345,.T.);
#6345 = EDGE_LOOP('',(#6346,#6347,#6355,#6363,#6371,#6377));
#6346 = ORIENTED_EDGE('',*,*,#3273,.F.);
#6347 = ORIENTED_EDGE('',*,*,#6348,.T.);
#6348 = EDGE_CURVE('',#3266,#6349,#6351,.T.);
#6349 = VERTEX_POINT('',#6350);
#6350 = CARTESIAN_POINT('',(-42.,59.,57.));
#6351 = LINE('',#6352,#6353);
#6352 = CARTESIAN_POINT('',(-42.,59.,37.));
#6353 = VECTOR('',#6354,1.);
#6354 = DIRECTION('',(0.,0.,1.));
#6355 = ORIENTED_EDGE('',*,*,#6356,.T.);
#6356 = EDGE_CURVE('',#6349,#6357,#6359,.T.);
#6357 = VERTEX_POINT('',#6358);
#6358 = CARTESIAN_POINT('',(-9.,59.,57.));
#6359 = LINE('',#6360,#6361);
#6360 = CARTESIAN_POINT('',(-42.,59.,57.));
#6361 = VECTOR('',#6362,1.);
#6362 = DIRECTION('',(1.,0.,0.));
#6363 = ORIENTED_EDGE('',*,*,#6364,.F.);
#6364 = EDGE_CURVE('',#6365,#6357,#6367,.T.);
#6365 = VERTEX_POINT('',#6366);
#6366 = CARTESIAN_POINT('',(-9.,59.,54.));
#6367 = LINE('',#6368,#6369);
#6368 = CARTESIAN_POINT('',(-9.,59.,54.));
#6369 = VECTOR('',#6370,1.);
#6370 = DIRECTION('',(0.,0.,1.));
#6371 = ORIENTED_EDGE('',*,*,#6372,.F.);
#6372 = EDGE_CURVE('',#6326,#6365,#6373,.T.);
#6373 = LINE('',#6374,#6375);
#6374 = CARTESIAN_POINT('',(-39.,59.,54.));
#6375 = VECTOR('',#6376,1.);
#6376 = DIRECTION('',(1.,0.,0.));
#6377 = ORIENTED_EDGE('',*,*,#6325,.F.);
#6378 = PLANE('',#6379);
#6379 = AXIS2_PLACEMENT_3D('',#6380,#6381,#6382);
#6380 = CARTESIAN_POINT('',(-42.,59.,37.));
#6381 = DIRECTION('',(0.,1.,0.));
#6382 = DIRECTION('',(0.,0.,1.));
#6383 = ADVANCED_FACE('',(#6384),#6418,.F.);
#6384 = FACE_BOUND('',#6385,.F.);
#6385 = EDGE_LOOP('',(#6386,#6396,#6404,#6410,#6411,#6412));
#6386 = ORIENTED_EDGE('',*,*,#6387,.F.);
#6387 = EDGE_CURVE('',#6388,#6390,#6392,.T.);
#6388 = VERTEX_POINT('',#6389);
#6389 = CARTESIAN_POINT('',(-42.,-14.,40.));
#6390 = VERTEX_POINT('',#6391);
#6391 = CARTESIAN_POINT('',(-42.,-14.,57.));
#6392 = LINE('',#6393,#6394);
#6393 = CARTESIAN_POINT('',(-42.,-14.,37.));
#6394 = VECTOR('',#6395,1.);
#6395 = DIRECTION('',(0.,0.,1.));
#6396 = ORIENTED_EDGE('',*,*,#6397,.T.);
#6397 = EDGE_CURVE('',#6388,#6398,#6400,.T.);
#6398 = VERTEX_POINT('',#6399);
#6399 = CARTESIAN_POINT('',(-42.,-9.,40.));
#6400 = LINE('',#6401,#6402);
#6401 = CARTESIAN_POINT('',(-42.,-29.,40.));
#6402 = VECTOR('',#6403,1.);
#6403 = DIRECTION('',(0.,1.,0.));
#6404 = ORIENTED_EDGE('',*,*,#6405,.F.);
#6405 = EDGE_CURVE('',#3258,#6398,#6406,.T.);
#6406 = LINE('',#6407,#6408);
#6407 = CARTESIAN_POINT('',(-42.,-9.,37.));
#6408 = VECTOR('',#6409,1.);
#6409 = DIRECTION('',(0.,0.,1.));
#6410 = ORIENTED_EDGE('',*,*,#3265,.T.);
#6411 = ORIENTED_EDGE('',*,*,#6348,.T.);
#6412 = ORIENTED_EDGE('',*,*,#6413,.F.);
#6413 = EDGE_CURVE('',#6390,#6349,#6414,.T.);
#6414 = LINE('',#6415,#6416);
#6415 = CARTESIAN_POINT('',(-42.,-24.,57.));
#6416 = VECTOR('',#6417,1.);
#6417 = DIRECTION('',(0.,1.,0.));
#6418 = PLANE('',#6419);
#6419 = AXIS2_PLACEMENT_3D('',#6420,#6421,#6422);
#6420 = CARTESIAN_POINT('',(-42.,-24.,37.));
#6421 = DIRECTION('',(1.,0.,0.));
#6422 = DIRECTION('',(0.,0.,1.));
#6423 = ADVANCED_FACE('',(#6424),#6442,.T.);
#6424 = FACE_BOUND('',#6425,.T.);
#6425 = EDGE_LOOP('',(#6426,#6427,#6435,#6441));
#6426 = ORIENTED_EDGE('',*,*,#3257,.F.);
#6427 = ORIENTED_EDGE('',*,*,#6428,.T.);
#6428 = EDGE_CURVE('',#3250,#6429,#6431,.T.);
#6429 = VERTEX_POINT('',#6430);
#6430 = CARTESIAN_POINT('',(-52.,-9.,40.));
#6431 = LINE('',#6432,#6433);
#6432 = CARTESIAN_POINT('',(-52.,-9.,37.));
#6433 = VECTOR('',#6434,1.);
#6434 = DIRECTION('',(0.,0.,1.));
#6435 = ORIENTED_EDGE('',*,*,#6436,.T.);
#6436 = EDGE_CURVE('',#6429,#6398,#6437,.T.);
#6437 = LINE('',#6438,#6439);
#6438 = CARTESIAN_POINT('',(-52.,-9.,40.));
#6439 = VECTOR('',#6440,1.);
#6440 = DIRECTION('',(1.,0.,0.));
#6441 = ORIENTED_EDGE('',*,*,#6405,.F.);
#6442 = PLANE('',#6443);
#6443 = AXIS2_PLACEMENT_3D('',#6444,#6445,#6446);
#6444 = CARTESIAN_POINT('',(-52.,-9.,37.));
#6445 = DIRECTION('',(0.,1.,0.));
#6446 = DIRECTION('',(0.,0.,1.));
#6447 = ADVANCED_FACE('',(#6448),#6466,.F.);
#6448 = FACE_BOUND('',#6449,.F.);
#6449 = EDGE_LOOP('',(#6450,#6458,#6459,#6460));
#6450 = ORIENTED_EDGE('',*,*,#6451,.F.);
#6451 = EDGE_CURVE('',#3242,#6452,#6454,.T.);
#6452 = VERTEX_POINT('',#6453);
#6453 = CARTESIAN_POINT('',(-52.,-14.,40.));
#6454 = LINE('',#6455,#6456);
#6455 = CARTESIAN_POINT('',(-52.,-14.,37.));
#6456 = VECTOR('',#6457,1.);
#6457 = DIRECTION('',(0.,0.,1.));
#6458 = ORIENTED_EDGE('',*,*,#3249,.T.);
#6459 = ORIENTED_EDGE('',*,*,#6428,.T.);
#6460 = ORIENTED_EDGE('',*,*,#6461,.F.);
#6461 = EDGE_CURVE('',#6452,#6429,#6462,.T.);
#6462 = LINE('',#6463,#6464);
#6463 = CARTESIAN_POINT('',(-52.,-29.,40.));
#6464 = VECTOR('',#6465,1.);
#6465 = DIRECTION('',(0.,1.,0.));
#6466 = PLANE('',#6467);
#6467 = AXIS2_PLACEMENT_3D('',#6468,#6469,#6470);
#6468 = CARTESIAN_POINT('',(-52.,-29.,37.));
#6469 = DIRECTION('',(1.,0.,0.));
#6470 = DIRECTION('',(0.,0.,1.));
#6471 = ADVANCED_FACE('',(#6472),#6490,.F.);
#6472 = FACE_BOUND('',#6473,.F.);
#6473 = EDGE_LOOP('',(#6474,#6482,#6483,#6484));
#6474 = ORIENTED_EDGE('',*,*,#6475,.F.);
#6475 = EDGE_CURVE('',#3234,#6476,#6478,.T.);
#6476 = VERTEX_POINT('',#6477);
#6477 = CARTESIAN_POINT('',(-52.,-17.,40.));
#6478 = LINE('',#6479,#6480);
#6479 = CARTESIAN_POINT('',(-52.,-17.,37.));
#6480 = VECTOR('',#6481,1.);
#6481 = DIRECTION('',(0.,0.,1.));
#6482 = ORIENTED_EDGE('',*,*,#3241,.T.);
#6483 = ORIENTED_EDGE('',*,*,#6451,.T.);
#6484 = ORIENTED_EDGE('',*,*,#6485,.F.);
#6485 = EDGE_CURVE('',#6476,#6452,#6486,.T.);
#6486 = LINE('',#6487,#6488);
#6487 = CARTESIAN_POINT('',(-52.,-29.,40.));
#6488 = VECTOR('',#6489,1.);
#6489 = DIRECTION('',(0.,1.,0.));
#6490 = PLANE('',#6491);
#6491 = AXIS2_PLACEMENT_3D('',#6492,#6493,#6494);
#6492 = CARTESIAN_POINT('',(-52.,-24.,37.));
#6493 = DIRECTION('',(1.,0.,0.));
#6494 = DIRECTION('',(0.,0.,1.));
#6495 = ADVANCED_FACE('',(#6496),#6514,.T.);
#6496 = FACE_BOUND('',#6497,.T.);
#6497 = EDGE_LOOP('',(#6498,#6499,#6507,#6513));
#6498 = ORIENTED_EDGE('',*,*,#3233,.F.);
#6499 = ORIENTED_EDGE('',*,*,#6500,.F.);
#6500 = EDGE_CURVE('',#6501,#3226,#6503,.T.);
#6501 = VERTEX_POINT('',#6502);
#6502 = CARTESIAN_POINT('',(-61.,-17.,40.));
#6503 = LINE('',#6504,#6505);
#6504 = CARTESIAN_POINT('',(-61.,-17.,37.));
#6505 = VECTOR('',#6506,1.);
#6506 = DIRECTION('',(0.,0.,-1.));
#6507 = ORIENTED_EDGE('',*,*,#6508,.T.);
#6508 = EDGE_CURVE('',#6501,#6476,#6509,.T.);
#6509 = LINE('',#6510,#6511);
#6510 = CARTESIAN_POINT('',(-62.,-17.,40.));
#6511 = VECTOR('',#6512,1.);
#6512 = DIRECTION('',(1.,0.,0.));
#6513 = ORIENTED_EDGE('',*,*,#6475,.F.);
#6514 = PLANE('',#6515);
#6515 = AXIS2_PLACEMENT_3D('',#6516,#6517,#6518);
#6516 = CARTESIAN_POINT('',(-62.,-17.,37.));
#6517 = DIRECTION('',(0.,1.,0.));
#6518 = DIRECTION('',(0.,0.,1.));
#6519 = ADVANCED_FACE('',(#6520),#6538,.T.);
#6520 = FACE_BOUND('',#6521,.T.);
#6521 = EDGE_LOOP('',(#6522,#6530,#6531,#6532));
#6522 = ORIENTED_EDGE('',*,*,#6523,.F.);
#6523 = EDGE_CURVE('',#6501,#6524,#6526,.T.);
#6524 = VERTEX_POINT('',#6525);
#6525 = CARTESIAN_POINT('',(-61.,43.,40.));
#6526 = LINE('',#6527,#6528);
#6527 = CARTESIAN_POINT('',(-61.,-22.,40.));
#6528 = VECTOR('',#6529,1.);
#6529 = DIRECTION('',(0.,1.,0.));
#6530 = ORIENTED_EDGE('',*,*,#6500,.T.);
#6531 = ORIENTED_EDGE('',*,*,#3225,.T.);
#6532 = ORIENTED_EDGE('',*,*,#6533,.T.);
#6533 = EDGE_CURVE('',#3218,#6524,#6534,.T.);
#6534 = LINE('',#6535,#6536);
#6535 = CARTESIAN_POINT('',(-61.,43.,37.));
#6536 = VECTOR('',#6537,1.);
#6537 = DIRECTION('',(0.,0.,1.));
#6538 = PLANE('',#6539);
#6539 = AXIS2_PLACEMENT_3D('',#6540,#6541,#6542);
#6540 = CARTESIAN_POINT('',(-61.,-22.,37.));
#6541 = DIRECTION('',(1.,0.,0.));
#6542 = DIRECTION('',(0.,0.,1.));
#6543 = ADVANCED_FACE('',(#6544),#6562,.T.);
#6544 = FACE_BOUND('',#6545,.T.);
#6545 = EDGE_LOOP('',(#6546,#6554,#6555,#6556));
#6546 = ORIENTED_EDGE('',*,*,#6547,.F.);
#6547 = EDGE_CURVE('',#6524,#6548,#6550,.T.);
#6548 = VERTEX_POINT('',#6549);
#6549 = CARTESIAN_POINT('',(-61.,46.,40.));
#6550 = LINE('',#6551,#6552);
#6551 = CARTESIAN_POINT('',(-61.,-22.,40.));
#6552 = VECTOR('',#6553,1.);
#6553 = DIRECTION('',(0.,1.,0.));
#6554 = ORIENTED_EDGE('',*,*,#6533,.F.);
#6555 = ORIENTED_EDGE('',*,*,#3217,.T.);
#6556 = ORIENTED_EDGE('',*,*,#6557,.T.);
#6557 = EDGE_CURVE('',#3210,#6548,#6558,.T.);
#6558 = LINE('',#6559,#6560);
#6559 = CARTESIAN_POINT('',(-61.,46.,37.));
#6560 = VECTOR('',#6561,1.);
#6561 = DIRECTION('',(0.,0.,1.));
#6562 = PLANE('',#6563);
#6563 = AXIS2_PLACEMENT_3D('',#6564,#6565,#6566);
#6564 = CARTESIAN_POINT('',(-61.,-22.,37.));
#6565 = DIRECTION('',(1.,0.,0.));
#6566 = DIRECTION('',(0.,0.,1.));
#6567 = ADVANCED_FACE('',(#6568),#6586,.T.);
#6568 = FACE_BOUND('',#6569,.T.);
#6569 = EDGE_LOOP('',(#6570,#6571,#6579,#6585));
#6570 = ORIENTED_EDGE('',*,*,#3209,.F.);
#6571 = ORIENTED_EDGE('',*,*,#6572,.T.);
#6572 = EDGE_CURVE('',#3202,#6573,#6575,.T.);
#6573 = VERTEX_POINT('',#6574);
#6574 = CARTESIAN_POINT('',(-64.,46.,40.));
#6575 = LINE('',#6576,#6577);
#6576 = CARTESIAN_POINT('',(-64.,46.,37.));
#6577 = VECTOR('',#6578,1.);
#6578 = DIRECTION('',(0.,0.,1.));
#6579 = ORIENTED_EDGE('',*,*,#6580,.T.);
#6580 = EDGE_CURVE('',#6573,#6548,#6581,.T.);
#6581 = LINE('',#6582,#6583);
#6582 = CARTESIAN_POINT('',(-64.,46.,40.));
#6583 = VECTOR('',#6584,1.);
#6584 = DIRECTION('',(1.,0.,0.));
#6585 = ORIENTED_EDGE('',*,*,#6557,.F.);
#6586 = PLANE('',#6587);
#6587 = AXIS2_PLACEMENT_3D('',#6588,#6589,#6590);
#6588 = CARTESIAN_POINT('',(-64.,46.,37.));
#6589 = DIRECTION('',(0.,1.,0.));
#6590 = DIRECTION('',(0.,0.,1.));
#6591 = ADVANCED_FACE('',(#6592),#6610,.T.);
#6592 = FACE_BOUND('',#6593,.T.);
#6593 = EDGE_LOOP('',(#6594,#6595,#6603,#6609));
#6594 = ORIENTED_EDGE('',*,*,#3201,.F.);
#6595 = ORIENTED_EDGE('',*,*,#6596,.T.);
#6596 = EDGE_CURVE('',#3194,#6597,#6599,.T.);
#6597 = VERTEX_POINT('',#6598);
#6598 = CARTESIAN_POINT('',(-94.,46.,40.));
#6599 = LINE('',#6600,#6601);
#6600 = CARTESIAN_POINT('',(-94.,46.,37.));
#6601 = VECTOR('',#6602,1.);
#6602 = DIRECTION('',(0.,0.,1.));
#6603 = ORIENTED_EDGE('',*,*,#6604,.T.);
#6604 = EDGE_CURVE('',#6597,#6573,#6605,.T.);
#6605 = LINE('',#6606,#6607);
#6606 = CARTESIAN_POINT('',(-97.,46.,40.));
#6607 = VECTOR('',#6608,1.);
#6608 = DIRECTION('',(1.,0.,0.));
#6609 = ORIENTED_EDGE('',*,*,#6572,.F.);
#6610 = PLANE('',#6611);
#6611 = AXIS2_PLACEMENT_3D('',#6612,#6613,#6614);
#6612 = CARTESIAN_POINT('',(-97.,46.,37.));
#6613 = DIRECTION('',(0.,1.,0.));
#6614 = DIRECTION('',(0.,0.,1.));
#6615 = ADVANCED_FACE('',(#6616),#6634,.T.);
#6616 = FACE_BOUND('',#6617,.T.);
#6617 = EDGE_LOOP('',(#6618,#6619,#6627,#6633));
#6618 = ORIENTED_EDGE('',*,*,#3193,.F.);
#6619 = ORIENTED_EDGE('',*,*,#6620,.T.);
#6620 = EDGE_CURVE('',#3186,#6621,#6623,.T.);
#6621 = VERTEX_POINT('',#6622);
#6622 = CARTESIAN_POINT('',(-97.,46.,40.));
#6623 = LINE('',#6624,#6625);
#6624 = CARTESIAN_POINT('',(-97.,46.,37.));
#6625 = VECTOR('',#6626,1.);
#6626 = DIRECTION('',(0.,0.,1.));
#6627 = ORIENTED_EDGE('',*,*,#6628,.T.);
#6628 = EDGE_CURVE('',#6621,#6597,#6629,.T.);
#6629 = LINE('',#6630,#6631);
#6630 = CARTESIAN_POINT('',(-97.,46.,40.));
#6631 = VECTOR('',#6632,1.);
#6632 = DIRECTION('',(1.,0.,0.));
#6633 = ORIENTED_EDGE('',*,*,#6596,.F.);
#6634 = PLANE('',#6635);
#6635 = AXIS2_PLACEMENT_3D('',#6636,#6637,#6638);
#6636 = CARTESIAN_POINT('',(-97.,46.,37.));
#6637 = DIRECTION('',(0.,1.,0.));
#6638 = DIRECTION('',(0.,0.,1.));
#6639 = ADVANCED_FACE('',(#6640),#6658,.F.);
#6640 = FACE_BOUND('',#6641,.F.);
#6641 = EDGE_LOOP('',(#6642,#6650,#6651,#6652));
#6642 = ORIENTED_EDGE('',*,*,#6643,.F.);
#6643 = EDGE_CURVE('',#3178,#6644,#6646,.T.);
#6644 = VERTEX_POINT('',#6645);
#6645 = CARTESIAN_POINT('',(-97.,43.,40.));
#6646 = LINE('',#6647,#6648);
#6647 = CARTESIAN_POINT('',(-97.,43.,37.));
#6648 = VECTOR('',#6649,1.);
#6649 = DIRECTION('',(0.,0.,1.));
#6650 = ORIENTED_EDGE('',*,*,#3185,.T.);
#6651 = ORIENTED_EDGE('',*,*,#6620,.T.);
#6652 = ORIENTED_EDGE('',*,*,#6653,.F.);
#6653 = EDGE_CURVE('',#6644,#6621,#6654,.T.);
#6654 = LINE('',#6655,#6656);
#6655 = CARTESIAN_POINT('',(-97.,43.,40.));
#6656 = VECTOR('',#6657,1.);
#6657 = DIRECTION('',(0.,1.,0.));
#6658 = PLANE('',#6659);
#6659 = AXIS2_PLACEMENT_3D('',#6660,#6661,#6662);
#6660 = CARTESIAN_POINT('',(-97.,43.,37.));
#6661 = DIRECTION('',(1.,0.,0.));
#6662 = DIRECTION('',(0.,0.,1.));
#6663 = ADVANCED_FACE('',(#6664),#6682,.F.);
#6664 = FACE_BOUND('',#6665,.F.);
#6665 = EDGE_LOOP('',(#6666,#6674,#6680,#6681));
#6666 = ORIENTED_EDGE('',*,*,#6667,.F.);
#6667 = EDGE_CURVE('',#6668,#6644,#6670,.T.);
#6668 = VERTEX_POINT('',#6669);
#6669 = CARTESIAN_POINT('',(-97.,-17.,40.));
#6670 = LINE('',#6671,#6672);
#6671 = CARTESIAN_POINT('',(-97.,-22.,40.));
#6672 = VECTOR('',#6673,1.);
#6673 = DIRECTION('',(0.,1.,0.));
#6674 = ORIENTED_EDGE('',*,*,#6675,.T.);
#6675 = EDGE_CURVE('',#6668,#3170,#6676,.T.);
#6676 = LINE('',#6677,#6678);
#6677 = CARTESIAN_POINT('',(-97.,-17.,37.));
#6678 = VECTOR('',#6679,1.);
#6679 = DIRECTION('',(0.,0.,-1.));
#6680 = ORIENTED_EDGE('',*,*,#3177,.T.);
#6681 = ORIENTED_EDGE('',*,*,#6643,.T.);
#6682 = PLANE('',#6683);
#6683 = AXIS2_PLACEMENT_3D('',#6684,#6685,#6686);
#6684 = CARTESIAN_POINT('',(-97.,-22.,37.));
#6685 = DIRECTION('',(1.,0.,0.));
#6686 = DIRECTION('',(0.,0.,1.));
#6687 = ADVANCED_FACE('',(#6688),#6699,.T.);
#6688 = FACE_BOUND('',#6689,.T.);
#6689 = EDGE_LOOP('',(#6690,#6691,#6692,#6698));
#6690 = ORIENTED_EDGE('',*,*,#3169,.F.);
#6691 = ORIENTED_EDGE('',*,*,#4293,.T.);
#6692 = ORIENTED_EDGE('',*,*,#6693,.T.);
#6693 = EDGE_CURVE('',#4294,#6668,#6694,.T.);
#6694 = LINE('',#6695,#6696);
#6695 = CARTESIAN_POINT('',(-106.,-17.,40.));
#6696 = VECTOR('',#6697,1.);
#6697 = DIRECTION('',(1.,0.,0.));
#6698 = ORIENTED_EDGE('',*,*,#6675,.T.);
#6699 = PLANE('',#6700);
#6700 = AXIS2_PLACEMENT_3D('',#6701,#6702,#6703);
#6701 = CARTESIAN_POINT('',(-106.,-17.,37.));
#6702 = DIRECTION('',(0.,1.,0.));
#6703 = DIRECTION('',(0.,0.,1.));
#6704 = ADVANCED_FACE('',(#6705),#6723,.F.);
#6705 = FACE_BOUND('',#6706,.F.);
#6706 = EDGE_LOOP('',(#6707,#6708,#6709,#6717));
#6707 = ORIENTED_EDGE('',*,*,#3162,.F.);
#6708 = ORIENTED_EDGE('',*,*,#4315,.T.);
#6709 = ORIENTED_EDGE('',*,*,#6710,.T.);
#6710 = EDGE_CURVE('',#4316,#6711,#6713,.T.);
#6711 = VERTEX_POINT('',#6712);
#6712 = CARTESIAN_POINT('',(-96.,61.,40.));
#6713 = LINE('',#6714,#6715);
#6714 = CARTESIAN_POINT('',(-106.,61.,40.));
#6715 = VECTOR('',#6716,1.);
#6716 = DIRECTION('',(1.,0.,0.));
#6717 = ORIENTED_EDGE('',*,*,#6718,.F.);
#6718 = EDGE_CURVE('',#3155,#6711,#6719,.T.);
#6719 = LINE('',#6720,#6721);
#6720 = CARTESIAN_POINT('',(-96.,61.,37.));
#6721 = VECTOR('',#6722,1.);
#6722 = DIRECTION('',(0.,0.,1.));
#6723 = PLANE('',#6724);
#6724 = AXIS2_PLACEMENT_3D('',#6725,#6726,#6727);
#6725 = CARTESIAN_POINT('',(-106.,61.,37.));
#6726 = DIRECTION('',(0.,1.,0.));
#6727 = DIRECTION('',(0.,0.,1.));
#6728 = ADVANCED_FACE('',(#6729),#6747,.T.);
#6729 = FACE_BOUND('',#6730,.T.);
#6730 = EDGE_LOOP('',(#6731,#6732,#6733,#6741));
#6731 = ORIENTED_EDGE('',*,*,#6718,.F.);
#6732 = ORIENTED_EDGE('',*,*,#3154,.T.);
#6733 = ORIENTED_EDGE('',*,*,#6734,.T.);
#6734 = EDGE_CURVE('',#3147,#6735,#6737,.T.);
#6735 = VERTEX_POINT('',#6736);
#6736 = CARTESIAN_POINT('',(-96.,66.,40.));
#6737 = LINE('',#6738,#6739);
#6738 = CARTESIAN_POINT('',(-96.,66.,37.));
#6739 = VECTOR('',#6740,1.);
#6740 = DIRECTION('',(0.,0.,1.));
#6741 = ORIENTED_EDGE('',*,*,#6742,.F.);
#6742 = EDGE_CURVE('',#6711,#6735,#6743,.T.);
#6743 = LINE('',#6744,#6745);
#6744 = CARTESIAN_POINT('',(-96.,61.,40.));
#6745 = VECTOR('',#6746,1.);
#6746 = DIRECTION('',(0.,1.,0.));
#6747 = PLANE('',#6748);
#6748 = AXIS2_PLACEMENT_3D('',#6749,#6750,#6751);
#6749 = CARTESIAN_POINT('',(-96.,61.,37.));
#6750 = DIRECTION('',(1.,0.,0.));
#6751 = DIRECTION('',(0.,0.,1.));
#6752 = ADVANCED_FACE('',(#6753),#6772,.T.);
#6753 = FACE_BOUND('',#6754,.T.);
#6754 = EDGE_LOOP('',(#6755,#6756,#6757,#6758,#6766));
#6755 = ORIENTED_EDGE('',*,*,#6734,.F.);
#6756 = ORIENTED_EDGE('',*,*,#3146,.T.);
#6757 = ORIENTED_EDGE('',*,*,#3140,.T.);
#6758 = ORIENTED_EDGE('',*,*,#6759,.T.);
#6759 = EDGE_CURVE('',#3133,#6760,#6762,.T.);
#6760 = VERTEX_POINT('',#6761);
#6761 = CARTESIAN_POINT('',(-96.,76.,40.));
#6762 = LINE('',#6763,#6764);
#6763 = CARTESIAN_POINT('',(-96.,76.,37.));
#6764 = VECTOR('',#6765,1.);
#6765 = DIRECTION('',(0.,0.,1.));
#6766 = ORIENTED_EDGE('',*,*,#6767,.F.);
#6767 = EDGE_CURVE('',#6735,#6760,#6768,.T.);
#6768 = LINE('',#6769,#6770);
#6769 = CARTESIAN_POINT('',(-96.,61.,40.));
#6770 = VECTOR('',#6771,1.);
#6771 = DIRECTION('',(0.,1.,0.));
#6772 = PLANE('',#6773);
#6773 = AXIS2_PLACEMENT_3D('',#6774,#6775,#6776);
#6774 = CARTESIAN_POINT('',(-96.,61.,37.));
#6775 = DIRECTION('',(1.,0.,0.));
#6776 = DIRECTION('',(0.,0.,1.));
#6777 = ADVANCED_FACE('',(#6778),#6789,.T.);
#6778 = FACE_BOUND('',#6779,.T.);
#6779 = EDGE_LOOP('',(#6780,#6781,#6782,#6783));
#6780 = ORIENTED_EDGE('',*,*,#6759,.F.);
#6781 = ORIENTED_EDGE('',*,*,#3132,.T.);
#6782 = ORIENTED_EDGE('',*,*,#4467,.T.);
#6783 = ORIENTED_EDGE('',*,*,#6784,.F.);
#6784 = EDGE_CURVE('',#6760,#4460,#6785,.T.);
#6785 = LINE('',#6786,#6787);
#6786 = CARTESIAN_POINT('',(-96.,61.,40.));
#6787 = VECTOR('',#6788,1.);
#6788 = DIRECTION('',(0.,1.,0.));
#6789 = PLANE('',#6790);
#6790 = AXIS2_PLACEMENT_3D('',#6791,#6792,#6793);
#6791 = CARTESIAN_POINT('',(-96.,61.,37.));
#6792 = DIRECTION('',(1.,0.,0.));
#6793 = DIRECTION('',(0.,0.,1.));
#6794 = ADVANCED_FACE('',(#6795),#6820,.F.);
#6795 = FACE_BOUND('',#6796,.F.);
#6796 = EDGE_LOOP('',(#6797,#6805,#6806,#6814));
#6797 = ORIENTED_EDGE('',*,*,#6798,.F.);
#6798 = EDGE_CURVE('',#3553,#6799,#6801,.T.);
#6799 = VERTEX_POINT('',#6800);
#6800 = CARTESIAN_POINT('',(28.,-29.,40.));
#6801 = LINE('',#6802,#6803);
#6802 = CARTESIAN_POINT('',(28.,-29.,37.));
#6803 = VECTOR('',#6804,1.);
#6804 = DIRECTION('',(0.,0.,1.));
#6805 = ORIENTED_EDGE('',*,*,#3552,.T.);
#6806 = ORIENTED_EDGE('',*,*,#6807,.T.);
#6807 = EDGE_CURVE('',#3555,#6808,#6810,.T.);
#6808 = VERTEX_POINT('',#6809);
#6809 = CARTESIAN_POINT('',(28.,-24.,40.));
#6810 = LINE('',#6811,#6812);
#6811 = CARTESIAN_POINT('',(28.,-24.,37.));
#6812 = VECTOR('',#6813,1.);
#6813 = DIRECTION('',(0.,0.,1.));
#6814 = ORIENTED_EDGE('',*,*,#6815,.F.);
#6815 = EDGE_CURVE('',#6799,#6808,#6816,.T.);
#6816 = LINE('',#6817,#6818);
#6817 = CARTESIAN_POINT('',(28.,-29.,40.));
#6818 = VECTOR('',#6819,1.);
#6819 = DIRECTION('',(0.,1.,0.));
#6820 = PLANE('',#6821);
#6821 = AXIS2_PLACEMENT_3D('',#6822,#6823,#6824);
#6822 = CARTESIAN_POINT('',(28.,-29.,37.));
#6823 = DIRECTION('',(1.,0.,0.));
#6824 = DIRECTION('',(0.,0.,1.));
#6825 = ADVANCED_FACE('',(#6826),#6844,.F.);
#6826 = FACE_BOUND('',#6827,.F.);
#6827 = EDGE_LOOP('',(#6828,#6829,#6830,#6838));
#6828 = ORIENTED_EDGE('',*,*,#3622,.F.);
#6829 = ORIENTED_EDGE('',*,*,#6798,.T.);
#6830 = ORIENTED_EDGE('',*,*,#6831,.T.);
#6831 = EDGE_CURVE('',#6799,#6832,#6834,.T.);
#6832 = VERTEX_POINT('',#6833);
#6833 = CARTESIAN_POINT('',(38.,-29.,40.));
#6834 = LINE('',#6835,#6836);
#6835 = CARTESIAN_POINT('',(28.,-29.,40.));
#6836 = VECTOR('',#6837,1.);
#6837 = DIRECTION('',(1.,0.,0.));
#6838 = ORIENTED_EDGE('',*,*,#6839,.F.);
#6839 = EDGE_CURVE('',#3615,#6832,#6840,.T.);
#6840 = LINE('',#6841,#6842);
#6841 = CARTESIAN_POINT('',(38.,-29.,37.));
#6842 = VECTOR('',#6843,1.);
#6843 = DIRECTION('',(0.,0.,1.));
#6844 = PLANE('',#6845);
#6845 = AXIS2_PLACEMENT_3D('',#6846,#6847,#6848);
#6846 = CARTESIAN_POINT('',(28.,-29.,37.));
#6847 = DIRECTION('',(0.,1.,0.));
#6848 = DIRECTION('',(0.,0.,1.));
#6849 = ADVANCED_FACE('',(#6850),#6869,.F.);
#6850 = FACE_BOUND('',#6851,.F.);
#6851 = EDGE_LOOP('',(#6852,#6853,#6854,#6855,#6863));
#6852 = ORIENTED_EDGE('',*,*,#6807,.F.);
#6853 = ORIENTED_EDGE('',*,*,#3562,.T.);
#6854 = ORIENTED_EDGE('',*,*,#3568,.T.);
#6855 = ORIENTED_EDGE('',*,*,#6856,.T.);
#6856 = EDGE_CURVE('',#3569,#6857,#6859,.T.);
#6857 = VERTEX_POINT('',#6858);
#6858 = CARTESIAN_POINT('',(28.,-14.,40.));
#6859 = LINE('',#6860,#6861);
#6860 = CARTESIAN_POINT('',(28.,-14.,37.));
#6861 = VECTOR('',#6862,1.);
#6862 = DIRECTION('',(0.,0.,1.));
#6863 = ORIENTED_EDGE('',*,*,#6864,.F.);
#6864 = EDGE_CURVE('',#6808,#6857,#6865,.T.);
#6865 = LINE('',#6866,#6867);
#6866 = CARTESIAN_POINT('',(28.,-29.,40.));
#6867 = VECTOR('',#6868,1.);
#6868 = DIRECTION('',(0.,1.,0.));
#6869 = PLANE('',#6870);
#6870 = AXIS2_PLACEMENT_3D('',#6871,#6872,#6873);
#6871 = CARTESIAN_POINT('',(28.,-24.,37.));
#6872 = DIRECTION('',(1.,0.,0.));
#6873 = DIRECTION('',(0.,0.,1.));
#6874 = ADVANCED_FACE('',(#6875),#6893,.T.);
#6875 = FACE_BOUND('',#6876,.T.);
#6876 = EDGE_LOOP('',(#6877,#6878,#6879,#6887));
#6877 = ORIENTED_EDGE('',*,*,#6839,.F.);
#6878 = ORIENTED_EDGE('',*,*,#3614,.T.);
#6879 = ORIENTED_EDGE('',*,*,#6880,.T.);
#6880 = EDGE_CURVE('',#3607,#6881,#6883,.T.);
#6881 = VERTEX_POINT('',#6882);
#6882 = CARTESIAN_POINT('',(38.,-24.,40.));
#6883 = LINE('',#6884,#6885);
#6884 = CARTESIAN_POINT('',(38.,-24.,37.));
#6885 = VECTOR('',#6886,1.);
#6886 = DIRECTION('',(0.,0.,1.));
#6887 = ORIENTED_EDGE('',*,*,#6888,.F.);
#6888 = EDGE_CURVE('',#6832,#6881,#6889,.T.);
#6889 = LINE('',#6890,#6891);
#6890 = CARTESIAN_POINT('',(38.,-29.,40.));
#6891 = VECTOR('',#6892,1.);
#6892 = DIRECTION('',(0.,1.,0.));
#6893 = PLANE('',#6894);
#6894 = AXIS2_PLACEMENT_3D('',#6895,#6896,#6897);
#6895 = CARTESIAN_POINT('',(38.,-29.,37.));
#6896 = DIRECTION('',(1.,0.,0.));
#6897 = DIRECTION('',(0.,0.,1.));
#6898 = ADVANCED_FACE('',(#6899),#6918,.T.);
#6899 = FACE_BOUND('',#6900,.T.);
#6900 = EDGE_LOOP('',(#6901,#6902,#6903,#6904,#6912));
#6901 = ORIENTED_EDGE('',*,*,#6880,.F.);
#6902 = ORIENTED_EDGE('',*,*,#3606,.T.);
#6903 = ORIENTED_EDGE('',*,*,#3600,.T.);
#6904 = ORIENTED_EDGE('',*,*,#6905,.T.);
#6905 = EDGE_CURVE('',#3593,#6906,#6908,.T.);
#6906 = VERTEX_POINT('',#6907);
#6907 = CARTESIAN_POINT('',(38.,-14.,40.));
#6908 = LINE('',#6909,#6910);
#6909 = CARTESIAN_POINT('',(38.,-14.,37.));
#6910 = VECTOR('',#6911,1.);
#6911 = DIRECTION('',(0.,0.,1.));
#6912 = ORIENTED_EDGE('',*,*,#6913,.F.);
#6913 = EDGE_CURVE('',#6881,#6906,#6914,.T.);
#6914 = LINE('',#6915,#6916);
#6915 = CARTESIAN_POINT('',(38.,-29.,40.));
#6916 = VECTOR('',#6917,1.);
#6917 = DIRECTION('',(0.,1.,0.));
#6918 = PLANE('',#6919);
#6919 = AXIS2_PLACEMENT_3D('',#6920,#6921,#6922);
#6920 = CARTESIAN_POINT('',(38.,-24.,37.));
#6921 = DIRECTION('',(1.,0.,0.));
#6922 = DIRECTION('',(0.,0.,1.));
#6923 = ADVANCED_FACE('',(#6924),#6942,.F.);
#6924 = FACE_BOUND('',#6925,.F.);
#6925 = EDGE_LOOP('',(#6926,#6927,#6928,#6936));
#6926 = ORIENTED_EDGE('',*,*,#6856,.F.);
#6927 = ORIENTED_EDGE('',*,*,#3576,.T.);
#6928 = ORIENTED_EDGE('',*,*,#6929,.T.);
#6929 = EDGE_CURVE('',#3577,#6930,#6932,.T.);
#6930 = VERTEX_POINT('',#6931);
#6931 = CARTESIAN_POINT('',(28.,-9.,40.));
#6932 = LINE('',#6933,#6934);
#6933 = CARTESIAN_POINT('',(28.,-9.,37.));
#6934 = VECTOR('',#6935,1.);
#6935 = DIRECTION('',(0.,0.,1.));
#6936 = ORIENTED_EDGE('',*,*,#6937,.F.);
#6937 = EDGE_CURVE('',#6857,#6930,#6938,.T.);
#6938 = LINE('',#6939,#6940);
#6939 = CARTESIAN_POINT('',(28.,-29.,40.));
#6940 = VECTOR('',#6941,1.);
#6941 = DIRECTION('',(0.,1.,0.));
#6942 = PLANE('',#6943);
#6943 = AXIS2_PLACEMENT_3D('',#6944,#6945,#6946);
#6944 = CARTESIAN_POINT('',(28.,-29.,37.));
#6945 = DIRECTION('',(1.,0.,0.));
#6946 = DIRECTION('',(0.,0.,1.));
#6947 = ADVANCED_FACE('',(#6948),#6966,.T.);
#6948 = FACE_BOUND('',#6949,.T.);
#6949 = EDGE_LOOP('',(#6950,#6951,#6952,#6960));
#6950 = ORIENTED_EDGE('',*,*,#3584,.F.);
#6951 = ORIENTED_EDGE('',*,*,#6929,.T.);
#6952 = ORIENTED_EDGE('',*,*,#6953,.T.);
#6953 = EDGE_CURVE('',#6930,#6954,#6956,.T.);
#6954 = VERTEX_POINT('',#6955);
#6955 = CARTESIAN_POINT('',(38.,-9.,40.));
#6956 = LINE('',#6957,#6958);
#6957 = CARTESIAN_POINT('',(28.,-9.,40.));
#6958 = VECTOR('',#6959,1.);
#6959 = DIRECTION('',(1.,0.,0.));
#6960 = ORIENTED_EDGE('',*,*,#6961,.F.);
#6961 = EDGE_CURVE('',#3585,#6954,#6962,.T.);
#6962 = LINE('',#6963,#6964);
#6963 = CARTESIAN_POINT('',(38.,-9.,37.));
#6964 = VECTOR('',#6965,1.);
#6965 = DIRECTION('',(0.,0.,1.));
#6966 = PLANE('',#6967);
#6967 = AXIS2_PLACEMENT_3D('',#6968,#6969,#6970);
#6968 = CARTESIAN_POINT('',(28.,-9.,37.));
#6969 = DIRECTION('',(0.,1.,0.));
#6970 = DIRECTION('',(0.,0.,1.));
#6971 = ADVANCED_FACE('',(#6972),#6983,.T.);
#6972 = FACE_BOUND('',#6973,.T.);
#6973 = EDGE_LOOP('',(#6974,#6975,#6976,#6977));
#6974 = ORIENTED_EDGE('',*,*,#6905,.F.);
#6975 = ORIENTED_EDGE('',*,*,#3592,.T.);
#6976 = ORIENTED_EDGE('',*,*,#6961,.T.);
#6977 = ORIENTED_EDGE('',*,*,#6978,.F.);
#6978 = EDGE_CURVE('',#6906,#6954,#6979,.T.);
#6979 = LINE('',#6980,#6981);
#6980 = CARTESIAN_POINT('',(38.,-29.,40.));
#6981 = VECTOR('',#6982,1.);
#6982 = DIRECTION('',(0.,1.,0.));
#6983 = PLANE('',#6984);
#6984 = AXIS2_PLACEMENT_3D('',#6985,#6986,#6987);
#6985 = CARTESIAN_POINT('',(38.,-29.,37.));
#6986 = DIRECTION('',(1.,0.,0.));
#6987 = DIRECTION('',(0.,0.,1.));
#6988 = ADVANCED_FACE('',(#6989),#7000,.F.);
#6989 = FACE_BOUND('',#6990,.F.);
#6990 = EDGE_LOOP('',(#6991,#6992,#6993,#6999));
#6991 = ORIENTED_EDGE('',*,*,#5011,.F.);
#6992 = ORIENTED_EDGE('',*,*,#3670,.T.);
#6993 = ORIENTED_EDGE('',*,*,#6994,.T.);
#6994 = EDGE_CURVE('',#2608,#6118,#6995,.T.);
#6995 = LINE('',#6996,#6997);
#6996 = CARTESIAN_POINT('',(-52.,-45.,54.));
#6997 = VECTOR('',#6998,1.);
#6998 = DIRECTION('',(1.,0.,0.));
#6999 = ORIENTED_EDGE('',*,*,#6125,.F.);
#7000 = PLANE('',#7001);
#7001 = AXIS2_PLACEMENT_3D('',#7002,#7003,#7004);
#7002 = CARTESIAN_POINT('',(-19.,-45.,32.));
#7003 = DIRECTION('',(0.,1.,0.));
#7004 = DIRECTION('',(0.,0.,1.));
#7005 = ADVANCED_FACE('',(#7006),#7025,.T.);
#7006 = FACE_BOUND('',#7007,.T.);
#7007 = EDGE_LOOP('',(#7008,#7009,#7010,#7011,#7019));
#7008 = ORIENTED_EDGE('',*,*,#3779,.F.);
#7009 = ORIENTED_EDGE('',*,*,#3702,.T.);
#7010 = ORIENTED_EDGE('',*,*,#5623,.T.);
#7011 = ORIENTED_EDGE('',*,*,#7012,.F.);
#7012 = EDGE_CURVE('',#7013,#5616,#7015,.T.);
#7013 = VERTEX_POINT('',#7014);
#7014 = CARTESIAN_POINT('',(-71.,-76.,37.01));
#7015 = LINE('',#7016,#7017);
#7016 = CARTESIAN_POINT('',(-69.005,-76.,39.005));
#7017 = VECTOR('',#7018,1.);
#7018 = DIRECTION('',(0.707106781187,0.,0.707106781187));
#7019 = ORIENTED_EDGE('',*,*,#7020,.F.);
#7020 = EDGE_CURVE('',#3780,#7013,#7021,.T.);
#7021 = LINE('',#7022,#7023);
#7022 = CARTESIAN_POINT('',(-71.,-76.,37.));
#7023 = VECTOR('',#7024,1.);
#7024 = DIRECTION('',(0.,0.,1.));
#7025 = PLANE('',#7026);
#7026 = AXIS2_PLACEMENT_3D('',#7027,#7028,#7029);
#7027 = CARTESIAN_POINT('',(-75.9,-76.,32.));
#7028 = DIRECTION('',(0.,1.,0.));
#7029 = DIRECTION('',(0.,0.,1.));
#7030 = ADVANCED_FACE('',(#7031),#7056,.F.);
#7031 = FACE_BOUND('',#7032,.F.);
#7032 = EDGE_LOOP('',(#7033,#7034,#7042,#7050));
#7033 = ORIENTED_EDGE('',*,*,#3725,.F.);
#7034 = ORIENTED_EDGE('',*,*,#7035,.T.);
#7035 = EDGE_CURVE('',#3726,#7036,#7038,.T.);
#7036 = VERTEX_POINT('',#7037);
#7037 = CARTESIAN_POINT('',(-96.,-22.,40.));
#7038 = LINE('',#7039,#7040);
#7039 = CARTESIAN_POINT('',(-96.,-22.,37.));
#7040 = VECTOR('',#7041,1.);
#7041 = DIRECTION('',(0.,0.,1.));
#7042 = ORIENTED_EDGE('',*,*,#7043,.T.);
#7043 = EDGE_CURVE('',#7036,#7044,#7046,.T.);
#7044 = VERTEX_POINT('',#7045);
#7045 = CARTESIAN_POINT('',(-94.,-22.,40.));
#7046 = LINE('',#7047,#7048);
#7047 = CARTESIAN_POINT('',(-97.,-22.,40.));
#7048 = VECTOR('',#7049,1.);
#7049 = DIRECTION('',(1.,0.,0.));
#7050 = ORIENTED_EDGE('',*,*,#7051,.F.);
#7051 = EDGE_CURVE('',#3728,#7044,#7052,.T.);
#7052 = LINE('',#7053,#7054);
#7053 = CARTESIAN_POINT('',(-94.,-22.,37.));
#7054 = VECTOR('',#7055,1.);
#7055 = DIRECTION('',(0.,0.,1.));
#7056 = PLANE('',#7057);
#7057 = AXIS2_PLACEMENT_3D('',#7058,#7059,#7060);
#7058 = CARTESIAN_POINT('',(-97.,-22.,37.));
#7059 = DIRECTION('',(0.,1.,0.));
#7060 = DIRECTION('',(0.,0.,1.));
#7061 = ADVANCED_FACE('',(#7062),#7087,.T.);
#7062 = FACE_BOUND('',#7063,.T.);
#7063 = EDGE_LOOP('',(#7064,#7074,#7080,#7081));
#7064 = ORIENTED_EDGE('',*,*,#7065,.F.);
#7065 = EDGE_CURVE('',#7066,#7068,#7070,.T.);
#7066 = VERTEX_POINT('',#7067);
#7067 = CARTESIAN_POINT('',(-94.,-22.,34.));
#7068 = VERTEX_POINT('',#7069);
#7069 = CARTESIAN_POINT('',(-85.,-22.,34.));
#7070 = LINE('',#7071,#7072);
#7071 = CARTESIAN_POINT('',(-94.,-22.,34.));
#7072 = VECTOR('',#7073,1.);
#7073 = DIRECTION('',(1.,0.,0.));
#7074 = ORIENTED_EDGE('',*,*,#7075,.T.);
#7075 = EDGE_CURVE('',#7066,#3728,#7076,.T.);
#7076 = LINE('',#7077,#7078);
#7077 = CARTESIAN_POINT('',(-94.,-22.,34.));
#7078 = VECTOR('',#7079,1.);
#7079 = DIRECTION('',(0.,0.,1.));
#7080 = ORIENTED_EDGE('',*,*,#3879,.F.);
#7081 = ORIENTED_EDGE('',*,*,#7082,.F.);
#7082 = EDGE_CURVE('',#7068,#3872,#7083,.T.);
#7083 = LINE('',#7084,#7085);
#7084 = CARTESIAN_POINT('',(-85.,-22.,34.));
#7085 = VECTOR('',#7086,1.);
#7086 = DIRECTION('',(0.,0.,1.));
#7087 = PLANE('',#7088);
#7088 = AXIS2_PLACEMENT_3D('',#7089,#7090,#7091);
#7089 = CARTESIAN_POINT('',(-94.,-22.,34.));
#7090 = DIRECTION('',(0.,1.,0.));
#7091 = DIRECTION('',(0.,0.,1.));
#7092 = ADVANCED_FACE('',(#7093),#7111,.T.);
#7093 = FACE_BOUND('',#7094,.T.);
#7094 = EDGE_LOOP('',(#7095,#7103,#7109,#7110));
#7095 = ORIENTED_EDGE('',*,*,#7096,.F.);
#7096 = EDGE_CURVE('',#7097,#3864,#7099,.T.);
#7097 = VERTEX_POINT('',#7098);
#7098 = CARTESIAN_POINT('',(-85.,-32.,34.));
#7099 = LINE('',#7100,#7101);
#7100 = CARTESIAN_POINT('',(-85.,-32.,34.));
#7101 = VECTOR('',#7102,1.);
#7102 = DIRECTION('',(0.,0.,1.));
#7103 = ORIENTED_EDGE('',*,*,#7104,.T.);
#7104 = EDGE_CURVE('',#7097,#7068,#7105,.T.);
#7105 = LINE('',#7106,#7107);
#7106 = CARTESIAN_POINT('',(-85.,-32.,34.));
#7107 = VECTOR('',#7108,1.);
#7108 = DIRECTION('',(0.,1.,0.));
#7109 = ORIENTED_EDGE('',*,*,#7082,.T.);
#7110 = ORIENTED_EDGE('',*,*,#3871,.F.);
#7111 = PLANE('',#7112);
#7112 = AXIS2_PLACEMENT_3D('',#7113,#7114,#7115);
#7113 = CARTESIAN_POINT('',(-85.,-32.,34.));
#7114 = DIRECTION('',(1.,0.,0.));
#7115 = DIRECTION('',(0.,0.,1.));
#7116 = ADVANCED_FACE('',(#7117),#7135,.T.);
#7117 = FACE_BOUND('',#7118,.T.);
#7118 = EDGE_LOOP('',(#7119,#7127,#7133,#7134));
#7119 = ORIENTED_EDGE('',*,*,#7120,.F.);
#7120 = EDGE_CURVE('',#7121,#3856,#7123,.T.);
#7121 = VERTEX_POINT('',#7122);
#7122 = CARTESIAN_POINT('',(-73.,-32.,34.));
#7123 = LINE('',#7124,#7125);
#7124 = CARTESIAN_POINT('',(-73.,-32.,34.));
#7125 = VECTOR('',#7126,1.);
#7126 = DIRECTION('',(0.,0.,1.));
#7127 = ORIENTED_EDGE('',*,*,#7128,.F.);
#7128 = EDGE_CURVE('',#7097,#7121,#7129,.T.);
#7129 = LINE('',#7130,#7131);
#7130 = CARTESIAN_POINT('',(-85.,-32.,34.));
#7131 = VECTOR('',#7132,1.);
#7132 = DIRECTION('',(1.,0.,0.));
#7133 = ORIENTED_EDGE('',*,*,#7096,.T.);
#7134 = ORIENTED_EDGE('',*,*,#3863,.F.);
#7135 = PLANE('',#7136);
#7136 = AXIS2_PLACEMENT_3D('',#7137,#7138,#7139);
#7137 = CARTESIAN_POINT('',(-85.,-32.,34.));
#7138 = DIRECTION('',(0.,1.,0.));
#7139 = DIRECTION('',(0.,0.,1.));
#7140 = ADVANCED_FACE('',(#7141),#7159,.F.);
#7141 = FACE_BOUND('',#7142,.F.);
#7142 = EDGE_LOOP('',(#7143,#7144,#7152,#7158));
#7143 = ORIENTED_EDGE('',*,*,#7120,.F.);
#7144 = ORIENTED_EDGE('',*,*,#7145,.T.);
#7145 = EDGE_CURVE('',#7121,#7146,#7148,.T.);
#7146 = VERTEX_POINT('',#7147);
#7147 = CARTESIAN_POINT('',(-73.,-22.,34.));
#7148 = LINE('',#7149,#7150);
#7149 = CARTESIAN_POINT('',(-73.,-32.,34.));
#7150 = VECTOR('',#7151,1.);
#7151 = DIRECTION('',(0.,1.,0.));
#7152 = ORIENTED_EDGE('',*,*,#7153,.T.);
#7153 = EDGE_CURVE('',#7146,#3848,#7154,.T.);
#7154 = LINE('',#7155,#7156);
#7155 = CARTESIAN_POINT('',(-73.,-22.,34.));
#7156 = VECTOR('',#7157,1.);
#7157 = DIRECTION('',(0.,0.,1.));
#7158 = ORIENTED_EDGE('',*,*,#3855,.F.);
#7159 = PLANE('',#7160);
#7160 = AXIS2_PLACEMENT_3D('',#7161,#7162,#7163);
#7161 = CARTESIAN_POINT('',(-73.,-32.,34.));
#7162 = DIRECTION('',(1.,0.,0.));
#7163 = DIRECTION('',(0.,0.,1.));
#7164 = ADVANCED_FACE('',(#7165),#7183,.T.);
#7165 = FACE_BOUND('',#7166,.T.);
#7166 = EDGE_LOOP('',(#7167,#7175,#7176,#7177));
#7167 = ORIENTED_EDGE('',*,*,#7168,.F.);
#7168 = EDGE_CURVE('',#7146,#7169,#7171,.T.);
#7169 = VERTEX_POINT('',#7170);
#7170 = CARTESIAN_POINT('',(-64.,-22.,34.));
#7171 = LINE('',#7172,#7173);
#7172 = CARTESIAN_POINT('',(-94.,-22.,34.));
#7173 = VECTOR('',#7174,1.);
#7174 = DIRECTION('',(1.,0.,0.));
#7175 = ORIENTED_EDGE('',*,*,#7153,.T.);
#7176 = ORIENTED_EDGE('',*,*,#3847,.F.);
#7177 = ORIENTED_EDGE('',*,*,#7178,.F.);
#7178 = EDGE_CURVE('',#7169,#3840,#7179,.T.);
#7179 = LINE('',#7180,#7181);
#7180 = CARTESIAN_POINT('',(-64.,-22.,34.));
#7181 = VECTOR('',#7182,1.);
#7182 = DIRECTION('',(0.,0.,1.));
#7183 = PLANE('',#7184);
#7184 = AXIS2_PLACEMENT_3D('',#7185,#7186,#7187);
#7185 = CARTESIAN_POINT('',(-94.,-22.,34.));
#7186 = DIRECTION('',(0.,1.,0.));
#7187 = DIRECTION('',(0.,0.,1.));
#7188 = ADVANCED_FACE('',(#7189),#7214,.F.);
#7189 = FACE_BOUND('',#7190,.F.);
#7190 = EDGE_LOOP('',(#7191,#7192,#7200,#7208));
#7191 = ORIENTED_EDGE('',*,*,#3839,.F.);
#7192 = ORIENTED_EDGE('',*,*,#7193,.T.);
#7193 = EDGE_CURVE('',#3840,#7194,#7196,.T.);
#7194 = VERTEX_POINT('',#7195);
#7195 = CARTESIAN_POINT('',(-64.,-22.,40.));
#7196 = LINE('',#7197,#7198);
#7197 = CARTESIAN_POINT('',(-64.,-22.,37.));
#7198 = VECTOR('',#7199,1.);
#7199 = DIRECTION('',(0.,0.,1.));
#7200 = ORIENTED_EDGE('',*,*,#7201,.T.);
#7201 = EDGE_CURVE('',#7194,#7202,#7204,.T.);
#7202 = VERTEX_POINT('',#7203);
#7203 = CARTESIAN_POINT('',(-62.,-22.,40.));
#7204 = LINE('',#7205,#7206);
#7205 = CARTESIAN_POINT('',(-64.,-22.,40.));
#7206 = VECTOR('',#7207,1.);
#7207 = DIRECTION('',(1.,0.,0.));
#7208 = ORIENTED_EDGE('',*,*,#7209,.F.);
#7209 = EDGE_CURVE('',#3832,#7202,#7210,.T.);
#7210 = LINE('',#7211,#7212);
#7211 = CARTESIAN_POINT('',(-62.,-22.,37.));
#7212 = VECTOR('',#7213,1.);
#7213 = DIRECTION('',(0.,0.,1.));
#7214 = PLANE('',#7215);
#7215 = AXIS2_PLACEMENT_3D('',#7216,#7217,#7218);
#7216 = CARTESIAN_POINT('',(-64.,-22.,37.));
#7217 = DIRECTION('',(0.,1.,0.));
#7218 = DIRECTION('',(0.,0.,1.));
#7219 = ADVANCED_FACE('',(#7220),#7239,.F.);
#7220 = FACE_BOUND('',#7221,.F.);
#7221 = EDGE_LOOP('',(#7222,#7230,#7231,#7232,#7233));
#7222 = ORIENTED_EDGE('',*,*,#7223,.F.);
#7223 = EDGE_CURVE('',#3818,#7224,#7226,.T.);
#7224 = VERTEX_POINT('',#7225);
#7225 = CARTESIAN_POINT('',(-62.,-32.,40.));
#7226 = LINE('',#7227,#7228);
#7227 = CARTESIAN_POINT('',(-62.,-32.,37.));
#7228 = VECTOR('',#7229,1.);
#7229 = DIRECTION('',(0.,0.,1.));
#7230 = ORIENTED_EDGE('',*,*,#3825,.T.);
#7231 = ORIENTED_EDGE('',*,*,#3831,.T.);
#7232 = ORIENTED_EDGE('',*,*,#7209,.T.);
#7233 = ORIENTED_EDGE('',*,*,#7234,.F.);
#7234 = EDGE_CURVE('',#7224,#7202,#7235,.T.);
#7235 = LINE('',#7236,#7237);
#7236 = CARTESIAN_POINT('',(-62.,-37.,40.));
#7237 = VECTOR('',#7238,1.);
#7238 = DIRECTION('',(0.,1.,0.));
#7239 = PLANE('',#7240);
#7240 = AXIS2_PLACEMENT_3D('',#7241,#7242,#7243);
#7241 = CARTESIAN_POINT('',(-62.,-37.,37.));
#7242 = DIRECTION('',(1.,0.,0.));
#7243 = DIRECTION('',(0.,0.,1.));
#7244 = ADVANCED_FACE('',(#7245),#7263,.F.);
#7245 = FACE_BOUND('',#7246,.F.);
#7246 = EDGE_LOOP('',(#7247,#7255,#7256,#7257));
#7247 = ORIENTED_EDGE('',*,*,#7248,.F.);
#7248 = EDGE_CURVE('',#3810,#7249,#7251,.T.);
#7249 = VERTEX_POINT('',#7250);
#7250 = CARTESIAN_POINT('',(-62.,-37.,40.));
#7251 = LINE('',#7252,#7253);
#7252 = CARTESIAN_POINT('',(-62.,-37.,37.));
#7253 = VECTOR('',#7254,1.);
#7254 = DIRECTION('',(0.,0.,1.));
#7255 = ORIENTED_EDGE('',*,*,#3817,.T.);
#7256 = ORIENTED_EDGE('',*,*,#7223,.T.);
#7257 = ORIENTED_EDGE('',*,*,#7258,.F.);
#7258 = EDGE_CURVE('',#7249,#7224,#7259,.T.);
#7259 = LINE('',#7260,#7261);
#7260 = CARTESIAN_POINT('',(-62.,-37.,40.));
#7261 = VECTOR('',#7262,1.);
#7262 = DIRECTION('',(0.,1.,0.));
#7263 = PLANE('',#7264);
#7264 = AXIS2_PLACEMENT_3D('',#7265,#7266,#7267);
#7265 = CARTESIAN_POINT('',(-62.,-37.,37.));
#7266 = DIRECTION('',(1.,0.,0.));
#7267 = DIRECTION('',(0.,0.,1.));
#7268 = ADVANCED_FACE('',(#7269),#7286,.F.);
#7269 = FACE_BOUND('',#7270,.F.);
#7270 = EDGE_LOOP('',(#7271,#7272,#7273,#7279,#7280));
#7271 = ORIENTED_EDGE('',*,*,#3809,.F.);
#7272 = ORIENTED_EDGE('',*,*,#7248,.T.);
#7273 = ORIENTED_EDGE('',*,*,#7274,.T.);
#7274 = EDGE_CURVE('',#7249,#5113,#7275,.T.);
#7275 = LINE('',#7276,#7277);
#7276 = CARTESIAN_POINT('',(-62.,-37.,40.));
#7277 = VECTOR('',#7278,1.);
#7278 = DIRECTION('',(1.,0.,0.));
#7279 = ORIENTED_EDGE('',*,*,#5112,.F.);
#7280 = ORIENTED_EDGE('',*,*,#7281,.F.);
#7281 = EDGE_CURVE('',#3802,#5105,#7282,.T.);
#7282 = LINE('',#7283,#7284);
#7283 = CARTESIAN_POINT('',(-60.9,-37.,37.));
#7284 = VECTOR('',#7285,1.);
#7285 = DIRECTION('',(1.,0.,0.));
#7286 = PLANE('',#7287);
#7287 = AXIS2_PLACEMENT_3D('',#7288,#7289,#7290);
#7288 = CARTESIAN_POINT('',(-62.,-37.,37.));
#7289 = DIRECTION('',(0.,1.,0.));
#7290 = DIRECTION('',(0.,0.,1.));
#7291 = ADVANCED_FACE('',(#7292),#7298,.T.);
#7292 = FACE_BOUND('',#7293,.T.);
#7293 = EDGE_LOOP('',(#7294,#7295,#7296,#7297));
#7294 = ORIENTED_EDGE('',*,*,#3801,.F.);
#7295 = ORIENTED_EDGE('',*,*,#39,.T.);
#7296 = ORIENTED_EDGE('',*,*,#5104,.T.);
#7297 = ORIENTED_EDGE('',*,*,#7281,.F.);
#7298 = PLANE('',#7299);
#7299 = AXIS2_PLACEMENT_3D('',#7300,#7301,#7302);
#7300 = CARTESIAN_POINT('',(-60.9,-45.,37.));
#7301 = DIRECTION('',(0.,0.,1.));
#7302 = DIRECTION('',(1.,0.,0.));
#7303 = ADVANCED_FACE('',(#7304),#7324,.T.);
#7304 = FACE_BOUND('',#7305,.T.);
#7305 = EDGE_LOOP('',(#7306,#7307,#7308,#7309,#7317,#7323));
#7306 = ORIENTED_EDGE('',*,*,#5098,.F.);
#7307 = ORIENTED_EDGE('',*,*,#39,.F.);
#7308 = ORIENTED_EDGE('',*,*,#3795,.F.);
#7309 = ORIENTED_EDGE('',*,*,#7310,.T.);
#7310 = EDGE_CURVE('',#3788,#7311,#7313,.T.);
#7311 = VERTEX_POINT('',#7312);
#7312 = CARTESIAN_POINT('',(-71.,-45.,37.01));
#7313 = LINE('',#7314,#7315);
#7314 = CARTESIAN_POINT('',(-71.,-45.,37.));
#7315 = VECTOR('',#7316,1.);
#7316 = DIRECTION('',(0.,0.,1.));
#7317 = ORIENTED_EDGE('',*,*,#7318,.T.);
#7318 = EDGE_CURVE('',#7311,#4972,#7319,.T.);
#7319 = LINE('',#7320,#7321);
#7320 = CARTESIAN_POINT('',(-69.005,-45.,39.005));
#7321 = VECTOR('',#7322,1.);
#7322 = DIRECTION('',(0.707106781187,0.,0.707106781187));
#7323 = ORIENTED_EDGE('',*,*,#4971,.T.);
#7324 = PLANE('',#7325);
#7325 = AXIS2_PLACEMENT_3D('',#7326,#7327,#7328);
#7326 = CARTESIAN_POINT('',(-71.,-45.,37.));
#7327 = DIRECTION('',(0.,1.,0.));
#7328 = DIRECTION('',(0.,0.,1.));
#7329 = ADVANCED_FACE('',(#7330),#7341,.F.);
#7330 = FACE_BOUND('',#7331,.F.);
#7331 = EDGE_LOOP('',(#7332,#7333,#7334,#7335));
#7332 = ORIENTED_EDGE('',*,*,#7020,.F.);
#7333 = ORIENTED_EDGE('',*,*,#3787,.T.);
#7334 = ORIENTED_EDGE('',*,*,#7310,.T.);
#7335 = ORIENTED_EDGE('',*,*,#7336,.F.);
#7336 = EDGE_CURVE('',#7013,#7311,#7337,.T.);
#7337 = LINE('',#7338,#7339);
#7338 = CARTESIAN_POINT('',(-71.,-76.,37.01));
#7339 = VECTOR('',#7340,1.);
#7340 = DIRECTION('',(0.,1.,0.));
#7341 = PLANE('',#7342);
#7342 = AXIS2_PLACEMENT_3D('',#7343,#7344,#7345);
#7343 = CARTESIAN_POINT('',(-71.,-76.,37.));
#7344 = DIRECTION('',(1.,0.,0.));
#7345 = DIRECTION('',(0.,0.,1.));
#7346 = ADVANCED_FACE('',(#7347),#7438,.T.);
#7347 = FACE_BOUND('',#7348,.T.);
#7348 = EDGE_LOOP('',(#7349,#7359,#7365,#7366,#7367,#7368,#7374,#7375,
    #7376,#7384,#7392,#7400,#7408,#7416,#7424,#7432));
#7349 = ORIENTED_EDGE('',*,*,#7350,.T.);
#7350 = EDGE_CURVE('',#7351,#7353,#7355,.T.);
#7351 = VERTEX_POINT('',#7352);
#7352 = CARTESIAN_POINT('',(-91.,-92.,70.4));
#7353 = VERTEX_POINT('',#7354);
#7354 = CARTESIAN_POINT('',(-91.,-92.,73.));
#7355 = LINE('',#7356,#7357);
#7356 = CARTESIAN_POINT('',(-91.,-92.,68.));
#7357 = VECTOR('',#7358,1.);
#7358 = DIRECTION('',(0.,0.,1.));
#7359 = ORIENTED_EDGE('',*,*,#7360,.T.);
#7360 = EDGE_CURVE('',#7353,#4168,#7361,.T.);
#7361 = LINE('',#7362,#7363);
#7362 = CARTESIAN_POINT('',(-91.,-58.,73.));
#7363 = VECTOR('',#7364,1.);
#7364 = DIRECTION('',(0.,-1.,0.));
#7365 = ORIENTED_EDGE('',*,*,#4167,.F.);
#7366 = ORIENTED_EDGE('',*,*,#3953,.F.);
#7367 = ORIENTED_EDGE('',*,*,#3996,.T.);
#7368 = ORIENTED_EDGE('',*,*,#7369,.F.);
#7369 = EDGE_CURVE('',#3906,#3989,#7370,.T.);
#7370 = LINE('',#7371,#7372);
#7371 = CARTESIAN_POINT('',(-91.,-72.,42.));
#7372 = VECTOR('',#7373,1.);
#7373 = DIRECTION('',(0.,-1.,0.));
#7374 = ORIENTED_EDGE('',*,*,#3913,.F.);
#7375 = ORIENTED_EDGE('',*,*,#3772,.F.);
#7376 = ORIENTED_EDGE('',*,*,#7377,.T.);
#7377 = EDGE_CURVE('',#3765,#7378,#7380,.T.);
#7378 = VERTEX_POINT('',#7379);
#7379 = CARTESIAN_POINT('',(-91.,-58.,73.));
#7380 = LINE('',#7381,#7382);
#7381 = CARTESIAN_POINT('',(-91.,-58.,37.));
#7382 = VECTOR('',#7383,1.);
#7383 = DIRECTION('',(0.,0.,1.));
#7384 = ORIENTED_EDGE('',*,*,#7385,.T.);
#7385 = EDGE_CURVE('',#7378,#7386,#7388,.T.);
#7386 = VERTEX_POINT('',#7387);
#7387 = CARTESIAN_POINT('',(-91.,-74.,73.));
#7388 = LINE('',#7389,#7390);
#7389 = CARTESIAN_POINT('',(-91.,-58.,73.));
#7390 = VECTOR('',#7391,1.);
#7391 = DIRECTION('',(0.,-1.,0.));
#7392 = ORIENTED_EDGE('',*,*,#7393,.F.);
#7393 = EDGE_CURVE('',#7394,#7386,#7396,.T.);
#7394 = VERTEX_POINT('',#7395);
#7395 = CARTESIAN_POINT('',(-91.,-74.,70.4));
#7396 = LINE('',#7397,#7398);
#7397 = CARTESIAN_POINT('',(-91.,-74.,68.));
#7398 = VECTOR('',#7399,1.);
#7399 = DIRECTION('',(0.,0.,1.));
#7400 = ORIENTED_EDGE('',*,*,#7401,.F.);
#7401 = EDGE_CURVE('',#7402,#7394,#7404,.T.);
#7402 = VERTEX_POINT('',#7403);
#7403 = CARTESIAN_POINT('',(-91.,-60.4,70.4));
#7404 = LINE('',#7405,#7406);
#7405 = CARTESIAN_POINT('',(-91.,-60.4,70.4));
#7406 = VECTOR('',#7407,1.);
#7407 = DIRECTION('',(0.,-1.,0.));
#7408 = ORIENTED_EDGE('',*,*,#7409,.F.);
#7409 = EDGE_CURVE('',#7410,#7402,#7412,.T.);
#7410 = VERTEX_POINT('',#7411);
#7411 = CARTESIAN_POINT('',(-91.,-60.4,50.));
#7412 = LINE('',#7413,#7414);
#7413 = CARTESIAN_POINT('',(-91.,-60.4,50.));
#7414 = VECTOR('',#7415,1.);
#7415 = DIRECTION('',(0.,0.,1.));
#7416 = ORIENTED_EDGE('',*,*,#7417,.T.);
#7417 = EDGE_CURVE('',#7410,#7418,#7420,.T.);
#7418 = VERTEX_POINT('',#7419);
#7419 = CARTESIAN_POINT('',(-91.,-105.6,50.));
#7420 = LINE('',#7421,#7422);
#7421 = CARTESIAN_POINT('',(-91.,-60.4,50.));
#7422 = VECTOR('',#7423,1.);
#7423 = DIRECTION('',(0.,-1.,0.));
#7424 = ORIENTED_EDGE('',*,*,#7425,.T.);
#7425 = EDGE_CURVE('',#7418,#7426,#7428,.T.);
#7426 = VERTEX_POINT('',#7427);
#7427 = CARTESIAN_POINT('',(-91.,-105.6,70.4));
#7428 = LINE('',#7429,#7430);
#7429 = CARTESIAN_POINT('',(-91.,-105.6,50.));
#7430 = VECTOR('',#7431,1.);
#7431 = DIRECTION('',(0.,0.,1.));
#7432 = ORIENTED_EDGE('',*,*,#7433,.F.);
#7433 = EDGE_CURVE('',#7351,#7426,#7434,.T.);
#7434 = LINE('',#7435,#7436);
#7435 = CARTESIAN_POINT('',(-91.,-60.4,70.4));
#7436 = VECTOR('',#7437,1.);
#7437 = DIRECTION('',(0.,-1.,0.));
#7438 = PLANE('',#7439);
#7439 = AXIS2_PLACEMENT_3D('',#7440,#7441,#7442);
#7440 = CARTESIAN_POINT('',(-91.,-58.,37.));
#7441 = DIRECTION('',(1.,0.,0.));
#7442 = DIRECTION('',(0.,-1.,0.));
#7443 = ADVANCED_FACE('',(#7444),#7455,.F.);
#7444 = FACE_BOUND('',#7445,.F.);
#7445 = EDGE_LOOP('',(#7446,#7447,#7448,#7449));
#7446 = ORIENTED_EDGE('',*,*,#4190,.F.);
#7447 = ORIENTED_EDGE('',*,*,#3764,.T.);
#7448 = ORIENTED_EDGE('',*,*,#7377,.T.);
#7449 = ORIENTED_EDGE('',*,*,#7450,.F.);
#7450 = EDGE_CURVE('',#4191,#7378,#7451,.T.);
#7451 = LINE('',#7452,#7453);
#7452 = CARTESIAN_POINT('',(-106.,-58.,73.));
#7453 = VECTOR('',#7454,1.);
#7454 = DIRECTION('',(1.,0.,0.));
#7455 = PLANE('',#7456);
#7456 = AXIS2_PLACEMENT_3D('',#7457,#7458,#7459);
#7457 = CARTESIAN_POINT('',(-106.,-58.,37.));
#7458 = DIRECTION('',(0.,-1.,0.));
#7459 = DIRECTION('',(1.,0.,0.));
#7460 = ADVANCED_FACE('',(#7461),#7479,.F.);
#7461 = FACE_BOUND('',#7462,.F.);
#7462 = EDGE_LOOP('',(#7463,#7464,#7465,#7473));
#7463 = ORIENTED_EDGE('',*,*,#3757,.F.);
#7464 = ORIENTED_EDGE('',*,*,#4235,.T.);
#7465 = ORIENTED_EDGE('',*,*,#7466,.T.);
#7466 = EDGE_CURVE('',#4236,#7467,#7469,.T.);
#7467 = VERTEX_POINT('',#7468);
#7468 = CARTESIAN_POINT('',(-96.,-37.,40.));
#7469 = LINE('',#7470,#7471);
#7470 = CARTESIAN_POINT('',(-106.,-37.,40.));
#7471 = VECTOR('',#7472,1.);
#7472 = DIRECTION('',(1.,0.,0.));
#7473 = ORIENTED_EDGE('',*,*,#7474,.F.);
#7474 = EDGE_CURVE('',#3750,#7467,#7475,.T.);
#7475 = LINE('',#7476,#7477);
#7476 = CARTESIAN_POINT('',(-96.,-37.,37.));
#7477 = VECTOR('',#7478,1.);
#7478 = DIRECTION('',(0.,0.,1.));
#7479 = PLANE('',#7480);
#7480 = AXIS2_PLACEMENT_3D('',#7481,#7482,#7483);
#7481 = CARTESIAN_POINT('',(-106.,-37.,37.));
#7482 = DIRECTION('',(0.,1.,0.));
#7483 = DIRECTION('',(0.,0.,1.));
#7484 = ADVANCED_FACE('',(#7485),#7503,.T.);
#7485 = FACE_BOUND('',#7486,.T.);
#7486 = EDGE_LOOP('',(#7487,#7488,#7489,#7497));
#7487 = ORIENTED_EDGE('',*,*,#7474,.F.);
#7488 = ORIENTED_EDGE('',*,*,#3749,.T.);
#7489 = ORIENTED_EDGE('',*,*,#7490,.T.);
#7490 = EDGE_CURVE('',#3742,#7491,#7493,.T.);
#7491 = VERTEX_POINT('',#7492);
#7492 = CARTESIAN_POINT('',(-96.,-32.,40.));
#7493 = LINE('',#7494,#7495);
#7494 = CARTESIAN_POINT('',(-96.,-32.,37.));
#7495 = VECTOR('',#7496,1.);
#7496 = DIRECTION('',(0.,0.,1.));
#7497 = ORIENTED_EDGE('',*,*,#7498,.F.);
#7498 = EDGE_CURVE('',#7467,#7491,#7499,.T.);
#7499 = LINE('',#7500,#7501);
#7500 = CARTESIAN_POINT('',(-96.,-37.,40.));
#7501 = VECTOR('',#7502,1.);
#7502 = DIRECTION('',(0.,1.,0.));
#7503 = PLANE('',#7504);
#7504 = AXIS2_PLACEMENT_3D('',#7505,#7506,#7507);
#7505 = CARTESIAN_POINT('',(-96.,-37.,37.));
#7506 = DIRECTION('',(1.,0.,0.));
#7507 = DIRECTION('',(0.,0.,1.));
#7508 = ADVANCED_FACE('',(#7509),#7521,.T.);
#7509 = FACE_BOUND('',#7510,.T.);
#7510 = EDGE_LOOP('',(#7511,#7512,#7513,#7514,#7515));
#7511 = ORIENTED_EDGE('',*,*,#7490,.F.);
#7512 = ORIENTED_EDGE('',*,*,#3741,.T.);
#7513 = ORIENTED_EDGE('',*,*,#3735,.T.);
#7514 = ORIENTED_EDGE('',*,*,#7035,.T.);
#7515 = ORIENTED_EDGE('',*,*,#7516,.F.);
#7516 = EDGE_CURVE('',#7491,#7036,#7517,.T.);
#7517 = LINE('',#7518,#7519);
#7518 = CARTESIAN_POINT('',(-96.,-37.,40.));
#7519 = VECTOR('',#7520,1.);
#7520 = DIRECTION('',(0.,1.,0.));
#7521 = PLANE('',#7522);
#7522 = AXIS2_PLACEMENT_3D('',#7523,#7524,#7525);
#7523 = CARTESIAN_POINT('',(-96.,-37.,37.));
#7524 = DIRECTION('',(1.,0.,0.));
#7525 = DIRECTION('',(0.,0.,1.));
#7526 = ADVANCED_FACE('',(#7527),#7533,.F.);
#7527 = FACE_BOUND('',#7528,.F.);
#7528 = EDGE_LOOP('',(#7529,#7530,#7531,#7532));
#7529 = ORIENTED_EDGE('',*,*,#3905,.F.);
#7530 = ORIENTED_EDGE('',*,*,#3937,.F.);
#7531 = ORIENTED_EDGE('',*,*,#3988,.T.);
#7532 = ORIENTED_EDGE('',*,*,#7369,.F.);
#7533 = PLANE('',#7534);
#7534 = AXIS2_PLACEMENT_3D('',#7535,#7536,#7537);
#7535 = CARTESIAN_POINT('',(-95.9,-86.,42.));
#7536 = DIRECTION('',(0.,0.,1.));
#7537 = DIRECTION('',(1.,0.,0.));
#7538 = ADVANCED_FACE('',(#7539),#7550,.T.);
#7539 = FACE_BOUND('',#7540,.T.);
#7540 = EDGE_LOOP('',(#7541,#7547,#7548,#7549));
#7541 = ORIENTED_EDGE('',*,*,#7542,.T.);
#7542 = EDGE_CURVE('',#4137,#1362,#7543,.T.);
#7543 = LINE('',#7544,#7545);
#7544 = CARTESIAN_POINT('',(-60.9,-108.,37.));
#7545 = VECTOR('',#7546,1.);
#7546 = DIRECTION('',(0.,1.,0.));
#7547 = ORIENTED_EDGE('',*,*,#3968,.F.);
#7548 = ORIENTED_EDGE('',*,*,#3960,.F.);
#7549 = ORIENTED_EDGE('',*,*,#4136,.T.);
#7550 = PLANE('',#7551);
#7551 = AXIS2_PLACEMENT_3D('',#7552,#7553,#7554);
#7552 = CARTESIAN_POINT('',(-106.,-108.,37.));
#7553 = DIRECTION('',(0.,0.,1.));
#7554 = DIRECTION('',(1.,0.,0.));
#7555 = ADVANCED_FACE('',(#7556),#7575,.F.);
#7556 = FACE_BOUND('',#7557,.F.);
#7557 = EDGE_LOOP('',(#7558,#7566,#7572,#7573,#7574));
#7558 = ORIENTED_EDGE('',*,*,#7559,.F.);
#7559 = EDGE_CURVE('',#7560,#5425,#7562,.T.);
#7560 = VERTEX_POINT('',#7561);
#7561 = CARTESIAN_POINT('',(-60.9,-108.,50.));
#7562 = LINE('',#7563,#7564);
#7563 = CARTESIAN_POINT('',(-60.9,-108.,50.));
#7564 = VECTOR('',#7565,1.);
#7565 = DIRECTION('',(0.,1.,0.));
#7566 = ORIENTED_EDGE('',*,*,#7567,.F.);
#7567 = EDGE_CURVE('',#4137,#7560,#7568,.T.);
#7568 = LINE('',#7569,#7570);
#7569 = CARTESIAN_POINT('',(-60.9,-108.,19.));
#7570 = VECTOR('',#7571,1.);
#7571 = DIRECTION('',(0.,0.,1.));
#7572 = ORIENTED_EDGE('',*,*,#7542,.T.);
#7573 = ORIENTED_EDGE('',*,*,#4020,.T.);
#7574 = ORIENTED_EDGE('',*,*,#5424,.T.);
#7575 = PLANE('',#7576);
#7576 = AXIS2_PLACEMENT_3D('',#7577,#7578,#7579);
#7577 = CARTESIAN_POINT('',(-60.9,-108.,19.));
#7578 = DIRECTION('',(1.,0.,0.));
#7579 = DIRECTION('',(0.,0.,1.));
#7580 = ADVANCED_FACE('',(#7581),#7606,.T.);
#7581 = FACE_BOUND('',#7582,.T.);
#7582 = EDGE_LOOP('',(#7583,#7593,#7599,#7600));
#7583 = ORIENTED_EDGE('',*,*,#7584,.F.);
#7584 = EDGE_CURVE('',#7585,#7587,#7589,.T.);
#7585 = VERTEX_POINT('',#7586);
#7586 = CARTESIAN_POINT('',(-46.9,-99.,22.));
#7587 = VERTEX_POINT('',#7588);
#7588 = CARTESIAN_POINT('',(-46.9,-99.,47.));
#7589 = LINE('',#7590,#7591);
#7590 = CARTESIAN_POINT('',(-46.9,-99.,22.));
#7591 = VECTOR('',#7592,1.);
#7592 = DIRECTION('',(0.,0.,1.));
#7593 = ORIENTED_EDGE('',*,*,#7594,.T.);
#7594 = EDGE_CURVE('',#7585,#4011,#7595,.T.);
#7595 = LINE('',#7596,#7597);
#7596 = CARTESIAN_POINT('',(-46.9,-99.,22.));
#7597 = VECTOR('',#7598,1.);
#7598 = DIRECTION('',(0.,1.,0.));
#7599 = ORIENTED_EDGE('',*,*,#4036,.T.);
#7600 = ORIENTED_EDGE('',*,*,#7601,.F.);
#7601 = EDGE_CURVE('',#7587,#4029,#7602,.T.);
#7602 = LINE('',#7603,#7604);
#7603 = CARTESIAN_POINT('',(-46.9,-99.,47.));
#7604 = VECTOR('',#7605,1.);
#7605 = DIRECTION('',(0.,1.,0.));
#7606 = PLANE('',#7607);
#7607 = AXIS2_PLACEMENT_3D('',#7608,#7609,#7610);
#7608 = CARTESIAN_POINT('',(-46.9,-99.,22.));
#7609 = DIRECTION('',(1.,0.,0.));
#7610 = DIRECTION('',(0.,0.,1.));
#7611 = ADVANCED_FACE('',(#7612),#7631,.F.);
#7612 = FACE_BOUND('',#7613,.T.);
#7613 = EDGE_LOOP('',(#7614,#7615,#7623,#7630));
#7614 = ORIENTED_EDGE('',*,*,#4044,.T.);
#7615 = ORIENTED_EDGE('',*,*,#7616,.T.);
#7616 = EDGE_CURVE('',#4045,#7617,#7619,.T.);
#7617 = VERTEX_POINT('',#7618);
#7618 = CARTESIAN_POINT('',(-51.,-108.,43.));
#7619 = LINE('',#7620,#7621);
#7620 = CARTESIAN_POINT('',(-51.,-88.,43.));
#7621 = VECTOR('',#7622,1.);
#7622 = DIRECTION('',(0.,-1.,0.));
#7623 = ORIENTED_EDGE('',*,*,#7624,.T.);
#7624 = EDGE_CURVE('',#7617,#7617,#7625,.T.);
#7625 = CIRCLE('',#7626,2.);
#7626 = AXIS2_PLACEMENT_3D('',#7627,#7628,#7629);
#7627 = CARTESIAN_POINT('',(-53.,-108.,43.));
#7628 = DIRECTION('',(0.,-1.,0.));
#7629 = DIRECTION('',(1.,0.,0.));
#7630 = ORIENTED_EDGE('',*,*,#7616,.F.);
#7631 = CYLINDRICAL_SURFACE('',#7632,2.);
#7632 = AXIS2_PLACEMENT_3D('',#7633,#7634,#7635);
#7633 = CARTESIAN_POINT('',(-53.,-88.,43.));
#7634 = DIRECTION('',(-0.,1.,-0.));
#7635 = DIRECTION('',(1.,0.,0.));
#7636 = ADVANCED_FACE('',(#7637),#7663,.F.);
#7637 = FACE_BOUND('',#7638,.F.);
#7638 = EDGE_LOOP('',(#7639,#7640,#7648,#7656,#7662));
#7639 = ORIENTED_EDGE('',*,*,#4078,.F.);
#7640 = ORIENTED_EDGE('',*,*,#7641,.F.);
#7641 = EDGE_CURVE('',#7642,#4071,#7644,.T.);
#7642 = VERTEX_POINT('',#7643);
#7643 = CARTESIAN_POINT('',(-60.9,-108.,19.));
#7644 = LINE('',#7645,#7646);
#7645 = CARTESIAN_POINT('',(-60.9,-108.,19.));
#7646 = VECTOR('',#7647,1.);
#7647 = DIRECTION('',(0.,0.,1.));
#7648 = ORIENTED_EDGE('',*,*,#7649,.T.);
#7649 = EDGE_CURVE('',#7642,#7650,#7652,.T.);
#7650 = VERTEX_POINT('',#7651);
#7651 = CARTESIAN_POINT('',(-60.9,-93.,19.));
#7652 = LINE('',#7653,#7654);
#7653 = CARTESIAN_POINT('',(-60.9,-108.,19.));
#7654 = VECTOR('',#7655,1.);
#7655 = DIRECTION('',(0.,1.,0.));
#7656 = ORIENTED_EDGE('',*,*,#7657,.T.);
#7657 = EDGE_CURVE('',#7650,#5302,#7658,.T.);
#7658 = LINE('',#7659,#7660);
#7659 = CARTESIAN_POINT('',(-60.9,-93.,19.));
#7660 = VECTOR('',#7661,1.);
#7661 = DIRECTION('',(0.,0.,1.));
#7662 = ORIENTED_EDGE('',*,*,#5301,.F.);
#7663 = PLANE('',#7664);
#7664 = AXIS2_PLACEMENT_3D('',#7665,#7666,#7667);
#7665 = CARTESIAN_POINT('',(-60.9,-108.,19.));
#7666 = DIRECTION('',(1.,0.,0.));
#7667 = DIRECTION('',(0.,0.,1.));
#7668 = ADVANCED_FACE('',(#7669,#7698,#7701,#7767),#7770,.F.);
#7669 = FACE_BOUND('',#7670,.F.);
#7670 = EDGE_LOOP('',(#7671,#7679,#7680,#7681,#7682,#7683,#7689,#7690,
    #7691,#7692));
#7671 = ORIENTED_EDGE('',*,*,#7672,.F.);
#7672 = EDGE_CURVE('',#7642,#7673,#7675,.T.);
#7673 = VERTEX_POINT('',#7674);
#7674 = CARTESIAN_POINT('',(-6.9,-108.,19.));
#7675 = LINE('',#7676,#7677);
#7676 = CARTESIAN_POINT('',(-60.9,-108.,19.));
#7677 = VECTOR('',#7678,1.);
#7678 = DIRECTION('',(1.,0.,0.));
#7679 = ORIENTED_EDGE('',*,*,#7641,.T.);
#7680 = ORIENTED_EDGE('',*,*,#4120,.T.);
#7681 = ORIENTED_EDGE('',*,*,#4144,.T.);
#7682 = ORIENTED_EDGE('',*,*,#7567,.T.);
#7683 = ORIENTED_EDGE('',*,*,#7684,.T.);
#7684 = EDGE_CURVE('',#7560,#5387,#7685,.T.);
#7685 = LINE('',#7686,#7687);
#7686 = CARTESIAN_POINT('',(-60.9,-108.,50.));
#7687 = VECTOR('',#7688,1.);
#7688 = DIRECTION('',(1.,0.,0.));
#7689 = ORIENTED_EDGE('',*,*,#5396,.F.);
#7690 = ORIENTED_EDGE('',*,*,#4714,.F.);
#7691 = ORIENTED_EDGE('',*,*,#4747,.F.);
#7692 = ORIENTED_EDGE('',*,*,#7693,.F.);
#7693 = EDGE_CURVE('',#7673,#4738,#7694,.T.);
#7694 = LINE('',#7695,#7696);
#7695 = CARTESIAN_POINT('',(-6.9,-108.,19.));
#7696 = VECTOR('',#7697,1.);
#7697 = DIRECTION('',(0.,0.,1.));
#7698 = FACE_BOUND('',#7699,.F.);
#7699 = EDGE_LOOP('',(#7700));
#7700 = ORIENTED_EDGE('',*,*,#7624,.T.);
#7701 = FACE_BOUND('',#7702,.F.);
#7702 = EDGE_LOOP('',(#7703,#7713,#7721,#7729,#7737,#7745,#7753,#7761));
#7703 = ORIENTED_EDGE('',*,*,#7704,.F.);
#7704 = EDGE_CURVE('',#7705,#7707,#7709,.T.);
#7705 = VERTEX_POINT('',#7706);
#7706 = CARTESIAN_POINT('',(-41.9,-108.,47.));
#7707 = VERTEX_POINT('',#7708);
#7708 = CARTESIAN_POINT('',(-26.9,-108.,47.));
#7709 = LINE('',#7710,#7711);
#7710 = CARTESIAN_POINT('',(-51.4,-108.,47.));
#7711 = VECTOR('',#7712,1.);
#7712 = DIRECTION('',(1.,0.,0.));
#7713 = ORIENTED_EDGE('',*,*,#7714,.F.);
#7714 = EDGE_CURVE('',#7715,#7705,#7717,.T.);
#7715 = VERTEX_POINT('',#7716);
#7716 = CARTESIAN_POINT('',(-48.9,-108.,47.));
#7717 = LINE('',#7718,#7719);
#7718 = CARTESIAN_POINT('',(-48.9,-108.,47.));
#7719 = VECTOR('',#7720,1.);
#7720 = DIRECTION('',(1.,0.,0.));
#7721 = ORIENTED_EDGE('',*,*,#7722,.F.);
#7722 = EDGE_CURVE('',#7723,#7715,#7725,.T.);
#7723 = VERTEX_POINT('',#7724);
#7724 = CARTESIAN_POINT('',(-48.9,-108.,22.));
#7725 = LINE('',#7726,#7727);
#7726 = CARTESIAN_POINT('',(-48.9,-108.,22.));
#7727 = VECTOR('',#7728,1.);
#7728 = DIRECTION('',(0.,0.,1.));
#7729 = ORIENTED_EDGE('',*,*,#7730,.T.);
#7730 = EDGE_CURVE('',#7723,#7731,#7733,.T.);
#7731 = VERTEX_POINT('',#7732);
#7732 = CARTESIAN_POINT('',(-41.9,-108.,22.));
#7733 = LINE('',#7734,#7735);
#7734 = CARTESIAN_POINT('',(-48.9,-108.,22.));
#7735 = VECTOR('',#7736,1.);
#7736 = DIRECTION('',(1.,0.,0.));
#7737 = ORIENTED_EDGE('',*,*,#7738,.T.);
#7738 = EDGE_CURVE('',#7731,#7739,#7741,.T.);
#7739 = VERTEX_POINT('',#7740);
#7740 = CARTESIAN_POINT('',(-26.9,-108.,22.));
#7741 = LINE('',#7742,#7743);
#7742 = CARTESIAN_POINT('',(-51.4,-108.,22.));
#7743 = VECTOR('',#7744,1.);
#7744 = DIRECTION('',(1.,0.,0.));
#7745 = ORIENTED_EDGE('',*,*,#7746,.T.);
#7746 = EDGE_CURVE('',#7739,#7747,#7749,.T.);
#7747 = VERTEX_POINT('',#7748);
#7748 = CARTESIAN_POINT('',(-18.9,-108.,22.));
#7749 = LINE('',#7750,#7751);
#7750 = CARTESIAN_POINT('',(-48.9,-108.,22.));
#7751 = VECTOR('',#7752,1.);
#7752 = DIRECTION('',(1.,0.,0.));
#7753 = ORIENTED_EDGE('',*,*,#7754,.T.);
#7754 = EDGE_CURVE('',#7747,#7755,#7757,.T.);
#7755 = VERTEX_POINT('',#7756);
#7756 = CARTESIAN_POINT('',(-18.9,-108.,47.));
#7757 = LINE('',#7758,#7759);
#7758 = CARTESIAN_POINT('',(-18.9,-108.,22.));
#7759 = VECTOR('',#7760,1.);
#7760 = DIRECTION('',(0.,0.,1.));
#7761 = ORIENTED_EDGE('',*,*,#7762,.F.);
#7762 = EDGE_CURVE('',#7707,#7755,#7763,.T.);
#7763 = LINE('',#7764,#7765);
#7764 = CARTESIAN_POINT('',(-48.9,-108.,47.));
#7765 = VECTOR('',#7766,1.);
#7766 = DIRECTION('',(1.,0.,0.));
#7767 = FACE_BOUND('',#7768,.F.);
#7768 = EDGE_LOOP('',(#7769));
#7769 = ORIENTED_EDGE('',*,*,#5479,.T.);
#7770 = PLANE('',#7771);
#7771 = AXIS2_PLACEMENT_3D('',#7772,#7773,#7774);
#7772 = CARTESIAN_POINT('',(-60.9,-108.,19.));
#7773 = DIRECTION('',(0.,1.,0.));
#7774 = DIRECTION('',(0.,0.,1.));
#7775 = ADVANCED_FACE('',(#7776),#7805,.T.);
#7776 = FACE_BOUND('',#7777,.T.);
#7777 = EDGE_LOOP('',(#7778,#7779,#7780,#7781,#7782,#7783,#7791,#7799));
#7778 = ORIENTED_EDGE('',*,*,#7385,.F.);
#7779 = ORIENTED_EDGE('',*,*,#7450,.F.);
#7780 = ORIENTED_EDGE('',*,*,#4198,.T.);
#7781 = ORIENTED_EDGE('',*,*,#4175,.T.);
#7782 = ORIENTED_EDGE('',*,*,#7360,.F.);
#7783 = ORIENTED_EDGE('',*,*,#7784,.F.);
#7784 = EDGE_CURVE('',#7785,#7353,#7787,.T.);
#7785 = VERTEX_POINT('',#7786);
#7786 = CARTESIAN_POINT('',(-96.,-92.,73.));
#7787 = LINE('',#7788,#7789);
#7788 = CARTESIAN_POINT('',(-96.,-92.,73.));
#7789 = VECTOR('',#7790,1.);
#7790 = DIRECTION('',(1.,0.,0.));
#7791 = ORIENTED_EDGE('',*,*,#7792,.F.);
#7792 = EDGE_CURVE('',#7793,#7785,#7795,.T.);
#7793 = VERTEX_POINT('',#7794);
#7794 = CARTESIAN_POINT('',(-96.,-74.,73.));
#7795 = LINE('',#7796,#7797);
#7796 = CARTESIAN_POINT('',(-96.,-74.,73.));
#7797 = VECTOR('',#7798,1.);
#7798 = DIRECTION('',(0.,-1.,0.));
#7799 = ORIENTED_EDGE('',*,*,#7800,.T.);
#7800 = EDGE_CURVE('',#7793,#7386,#7801,.T.);
#7801 = LINE('',#7802,#7803);
#7802 = CARTESIAN_POINT('',(-96.,-74.,73.));
#7803 = VECTOR('',#7804,1.);
#7804 = DIRECTION('',(1.,0.,0.));
#7805 = PLANE('',#7806);
#7806 = AXIS2_PLACEMENT_3D('',#7807,#7808,#7809);
#7807 = CARTESIAN_POINT('',(-106.,-58.,73.));
#7808 = DIRECTION('',(0.,0.,1.));
#7809 = DIRECTION('',(0.,-1.,0.));
#7810 = ADVANCED_FACE('',(#7811),#7830,.F.);
#7811 = FACE_BOUND('',#7812,.T.);
#7812 = EDGE_LOOP('',(#7813,#7822,#7828,#7829));
#7813 = ORIENTED_EDGE('',*,*,#7814,.T.);
#7814 = EDGE_CURVE('',#7815,#7815,#7817,.T.);
#7815 = VERTEX_POINT('',#7816);
#7816 = CARTESIAN_POINT('',(-96.,-104.,60.2));
#7817 = CIRCLE('',#7818,8.);
#7818 = AXIS2_PLACEMENT_3D('',#7819,#7820,#7821);
#7819 = CARTESIAN_POINT('',(-96.,-96.,60.2));
#7820 = DIRECTION('',(1.,0.,2.2E-16));
#7821 = DIRECTION('',(0.,-1.,0.));
#7822 = ORIENTED_EDGE('',*,*,#7823,.T.);
#7823 = EDGE_CURVE('',#7815,#4208,#7824,.T.);
#7824 = LINE('',#7825,#7826);
#7825 = CARTESIAN_POINT('',(-91.,-104.,60.2));
#7826 = VECTOR('',#7827,1.);
#7827 = DIRECTION('',(-1.,0.,0.));
#7828 = ORIENTED_EDGE('',*,*,#4207,.T.);
#7829 = ORIENTED_EDGE('',*,*,#7823,.F.);
#7830 = CYLINDRICAL_SURFACE('',#7831,8.);
#7831 = AXIS2_PLACEMENT_3D('',#7832,#7833,#7834);
#7832 = CARTESIAN_POINT('',(-91.,-96.,60.2));
#7833 = DIRECTION('',(1.,0.,-0.));
#7834 = DIRECTION('',(0.,-1.,0.));
#7835 = ADVANCED_FACE('',(#7836),#7855,.F.);
#7836 = FACE_BOUND('',#7837,.T.);
#7837 = EDGE_LOOP('',(#7838,#7847,#7853,#7854));
#7838 = ORIENTED_EDGE('',*,*,#7839,.T.);
#7839 = EDGE_CURVE('',#7840,#7840,#7842,.T.);
#7840 = VERTEX_POINT('',#7841);
#7841 = CARTESIAN_POINT('',(-96.,-78.,60.2));
#7842 = CIRCLE('',#7843,8.);
#7843 = AXIS2_PLACEMENT_3D('',#7844,#7845,#7846);
#7844 = CARTESIAN_POINT('',(-96.,-70.,60.2));
#7845 = DIRECTION('',(1.,0.,2.2E-16));
#7846 = DIRECTION('',(0.,-1.,0.));
#7847 = ORIENTED_EDGE('',*,*,#7848,.T.);
#7848 = EDGE_CURVE('',#7840,#4219,#7849,.T.);
#7849 = LINE('',#7850,#7851);
#7850 = CARTESIAN_POINT('',(-91.,-78.,60.2));
#7851 = VECTOR('',#7852,1.);
#7852 = DIRECTION('',(-1.,0.,0.));
#7853 = ORIENTED_EDGE('',*,*,#4218,.T.);
#7854 = ORIENTED_EDGE('',*,*,#7848,.F.);
#7855 = CYLINDRICAL_SURFACE('',#7856,8.);
#7856 = AXIS2_PLACEMENT_3D('',#7857,#7858,#7859);
#7857 = CARTESIAN_POINT('',(-91.,-70.,60.2));
#7858 = DIRECTION('',(1.,0.,-0.));
#7859 = DIRECTION('',(0.,-1.,0.));
#7860 = ADVANCED_FACE('',(#7861),#7872,.T.);
#7861 = FACE_BOUND('',#7862,.T.);
#7862 = EDGE_LOOP('',(#7863,#7864,#7865,#7866));
#7863 = ORIENTED_EDGE('',*,*,#4252,.F.);
#7864 = ORIENTED_EDGE('',*,*,#7466,.T.);
#7865 = ORIENTED_EDGE('',*,*,#7498,.T.);
#7866 = ORIENTED_EDGE('',*,*,#7867,.F.);
#7867 = EDGE_CURVE('',#4245,#7491,#7868,.T.);
#7868 = LINE('',#7869,#7870);
#7869 = CARTESIAN_POINT('',(-106.,-32.,40.));
#7870 = VECTOR('',#7871,1.);
#7871 = DIRECTION('',(1.,0.,0.));
#7872 = PLANE('',#7873);
#7873 = AXIS2_PLACEMENT_3D('',#7874,#7875,#7876);
#7874 = CARTESIAN_POINT('',(-106.,-37.,40.));
#7875 = DIRECTION('',(0.,0.,1.));
#7876 = DIRECTION('',(1.,0.,0.));
#7877 = ADVANCED_FACE('',(#7878),#7903,.F.);
#7878 = FACE_BOUND('',#7879,.F.);
#7879 = EDGE_LOOP('',(#7880,#7888,#7889,#7897));
#7880 = ORIENTED_EDGE('',*,*,#7881,.F.);
#7881 = EDGE_CURVE('',#4245,#7882,#7884,.T.);
#7882 = VERTEX_POINT('',#7883);
#7883 = CARTESIAN_POINT('',(-106.,-32.,49.));
#7884 = LINE('',#7885,#7886);
#7885 = CARTESIAN_POINT('',(-106.,-32.,37.));
#7886 = VECTOR('',#7887,1.);
#7887 = DIRECTION('',(0.,0.,1.));
#7888 = ORIENTED_EDGE('',*,*,#4277,.T.);
#7889 = ORIENTED_EDGE('',*,*,#7890,.T.);
#7890 = EDGE_CURVE('',#4270,#7891,#7893,.T.);
#7891 = VERTEX_POINT('',#7892);
#7892 = CARTESIAN_POINT('',(-106.,-22.,49.));
#7893 = LINE('',#7894,#7895);
#7894 = CARTESIAN_POINT('',(-106.,-22.,37.));
#7895 = VECTOR('',#7896,1.);
#7896 = DIRECTION('',(0.,0.,1.));
#7897 = ORIENTED_EDGE('',*,*,#7898,.F.);
#7898 = EDGE_CURVE('',#7882,#7891,#7899,.T.);
#7899 = LINE('',#7900,#7901);
#7900 = CARTESIAN_POINT('',(-106.,-32.,49.));
#7901 = VECTOR('',#7902,1.);
#7902 = DIRECTION('',(0.,1.,0.));
#7903 = PLANE('',#7904);
#7904 = AXIS2_PLACEMENT_3D('',#7905,#7906,#7907);
#7905 = CARTESIAN_POINT('',(-106.,-32.,37.));
#7906 = DIRECTION('',(1.,0.,0.));
#7907 = DIRECTION('',(0.,0.,1.));
#7908 = ADVANCED_FACE('',(#7909),#7927,.T.);
#7909 = FACE_BOUND('',#7910,.T.);
#7910 = EDGE_LOOP('',(#7911,#7912,#7920,#7926));
#7911 = ORIENTED_EDGE('',*,*,#4301,.F.);
#7912 = ORIENTED_EDGE('',*,*,#7913,.T.);
#7913 = EDGE_CURVE('',#4270,#7914,#7916,.T.);
#7914 = VERTEX_POINT('',#7915);
#7915 = CARTESIAN_POINT('',(-97.,-22.,40.));
#7916 = LINE('',#7917,#7918);
#7917 = CARTESIAN_POINT('',(-106.,-22.,40.));
#7918 = VECTOR('',#7919,1.);
#7919 = DIRECTION('',(1.,0.,0.));
#7920 = ORIENTED_EDGE('',*,*,#7921,.T.);
#7921 = EDGE_CURVE('',#7914,#6668,#7922,.T.);
#7922 = LINE('',#7923,#7924);
#7923 = CARTESIAN_POINT('',(-97.,-22.,40.));
#7924 = VECTOR('',#7925,1.);
#7925 = DIRECTION('',(0.,1.,0.));
#7926 = ORIENTED_EDGE('',*,*,#6693,.F.);
#7927 = PLANE('',#7928);
#7928 = AXIS2_PLACEMENT_3D('',#7929,#7930,#7931);
#7929 = CARTESIAN_POINT('',(-106.,-37.,40.));
#7930 = DIRECTION('',(0.,0.,1.));
#7931 = DIRECTION('',(1.,0.,0.));
#7932 = ADVANCED_FACE('',(#7933),#7944,.T.);
#7933 = FACE_BOUND('',#7934,.T.);
#7934 = EDGE_LOOP('',(#7935,#7936,#7937,#7938));
#7935 = ORIENTED_EDGE('',*,*,#4332,.F.);
#7936 = ORIENTED_EDGE('',*,*,#6710,.T.);
#7937 = ORIENTED_EDGE('',*,*,#6742,.T.);
#7938 = ORIENTED_EDGE('',*,*,#7939,.F.);
#7939 = EDGE_CURVE('',#4325,#6735,#7940,.T.);
#7940 = LINE('',#7941,#7942);
#7941 = CARTESIAN_POINT('',(-106.,66.,40.));
#7942 = VECTOR('',#7943,1.);
#7943 = DIRECTION('',(1.,0.,0.));
#7944 = PLANE('',#7945);
#7945 = AXIS2_PLACEMENT_3D('',#7946,#7947,#7948);
#7946 = CARTESIAN_POINT('',(-106.,61.,40.));
#7947 = DIRECTION('',(0.,0.,1.));
#7948 = DIRECTION('',(1.,0.,0.));
#7949 = ADVANCED_FACE('',(#7950),#7975,.F.);
#7950 = FACE_BOUND('',#7951,.F.);
#7951 = EDGE_LOOP('',(#7952,#7960,#7961,#7969));
#7952 = ORIENTED_EDGE('',*,*,#7953,.F.);
#7953 = EDGE_CURVE('',#4325,#7954,#7956,.T.);
#7954 = VERTEX_POINT('',#7955);
#7955 = CARTESIAN_POINT('',(-106.,66.,49.));
#7956 = LINE('',#7957,#7958);
#7957 = CARTESIAN_POINT('',(-106.,66.,37.));
#7958 = VECTOR('',#7959,1.);
#7959 = DIRECTION('',(0.,0.,1.));
#7960 = ORIENTED_EDGE('',*,*,#4357,.T.);
#7961 = ORIENTED_EDGE('',*,*,#7962,.T.);
#7962 = EDGE_CURVE('',#4350,#7963,#7965,.T.);
#7963 = VERTEX_POINT('',#7964);
#7964 = CARTESIAN_POINT('',(-106.,76.,49.));
#7965 = LINE('',#7966,#7967);
#7966 = CARTESIAN_POINT('',(-106.,76.,37.));
#7967 = VECTOR('',#7968,1.);
#7968 = DIRECTION('',(0.,0.,1.));
#7969 = ORIENTED_EDGE('',*,*,#7970,.F.);
#7970 = EDGE_CURVE('',#7954,#7963,#7971,.T.);
#7971 = LINE('',#7972,#7973);
#7972 = CARTESIAN_POINT('',(-106.,66.,49.));
#7973 = VECTOR('',#7974,1.);
#7974 = DIRECTION('',(0.,1.,0.));
#7975 = PLANE('',#7976);
#7976 = AXIS2_PLACEMENT_3D('',#7977,#7978,#7979);
#7977 = CARTESIAN_POINT('',(-106.,66.,37.));
#7978 = DIRECTION('',(1.,0.,0.));
#7979 = DIRECTION('',(0.,0.,1.));
#7980 = ADVANCED_FACE('',(#7981),#8002,.T.);
#7981 = FACE_BOUND('',#7982,.F.);
#7982 = EDGE_LOOP('',(#7983,#7992,#7998,#7999,#8000,#8001));
#7983 = ORIENTED_EDGE('',*,*,#7984,.F.);
#7984 = EDGE_CURVE('',#7985,#7985,#7987,.T.);
#7985 = VERTEX_POINT('',#7986);
#7986 = CARTESIAN_POINT('',(-94.,-10.,15.1));
#7987 = CIRCLE('',#7988,4.);
#7988 = AXIS2_PLACEMENT_3D('',#7989,#7990,#7991);
#7989 = CARTESIAN_POINT('',(-98.,-10.,15.1));
#7990 = DIRECTION('',(0.,0.,1.));
#7991 = DIRECTION('',(1.,0.,0.));
#7992 = ORIENTED_EDGE('',*,*,#7993,.T.);
#7993 = EDGE_CURVE('',#7985,#4408,#7994,.T.);
#7994 = LINE('',#7995,#7996);
#7995 = CARTESIAN_POINT('',(-94.,-10.,15.1));
#7996 = VECTOR('',#7997,1.);
#7997 = DIRECTION('',(0.,0.,1.));
#7998 = ORIENTED_EDGE('',*,*,#4407,.T.);
#7999 = ORIENTED_EDGE('',*,*,#4391,.T.);
#8000 = ORIENTED_EDGE('',*,*,#4416,.T.);
#8001 = ORIENTED_EDGE('',*,*,#7993,.F.);
#8002 = CYLINDRICAL_SURFACE('',#8003,4.);
#8003 = AXIS2_PLACEMENT_3D('',#8004,#8005,#8006);
#8004 = CARTESIAN_POINT('',(-98.,-10.,15.1));
#8005 = DIRECTION('',(-0.,-0.,-1.));
#8006 = DIRECTION('',(1.,0.,0.));
#8007 = ADVANCED_FACE('',(#8008),#8019,.T.);
#8008 = FACE_BOUND('',#8009,.T.);
#8009 = EDGE_LOOP('',(#8010,#8011,#8017,#8018));
#8010 = ORIENTED_EDGE('',*,*,#4443,.F.);
#8011 = ORIENTED_EDGE('',*,*,#8012,.T.);
#8012 = EDGE_CURVE('',#4350,#6760,#8013,.T.);
#8013 = LINE('',#8014,#8015);
#8014 = CARTESIAN_POINT('',(-106.,76.,40.));
#8015 = VECTOR('',#8016,1.);
#8016 = DIRECTION('',(1.,0.,0.));
#8017 = ORIENTED_EDGE('',*,*,#6784,.T.);
#8018 = ORIENTED_EDGE('',*,*,#4459,.F.);
#8019 = PLANE('',#8020);
#8020 = AXIS2_PLACEMENT_3D('',#8021,#8022,#8023);
#8021 = CARTESIAN_POINT('',(-106.,61.,40.));
#8022 = DIRECTION('',(0.,0.,1.));
#8023 = DIRECTION('',(1.,0.,0.));
#8024 = ADVANCED_FACE('',(#8025),#8043,.T.);
#8025 = FACE_BOUND('',#8026,.T.);
#8026 = EDGE_LOOP('',(#8027,#8028,#8036,#8042));
#8027 = ORIENTED_EDGE('',*,*,#5684,.F.);
#8028 = ORIENTED_EDGE('',*,*,#8029,.T.);
#8029 = EDGE_CURVE('',#5675,#8030,#8032,.T.);
#8030 = VERTEX_POINT('',#8031);
#8031 = CARTESIAN_POINT('',(-52.,76.,40.));
#8032 = LINE('',#8033,#8034);
#8033 = CARTESIAN_POINT('',(-62.,76.,40.));
#8034 = VECTOR('',#8035,1.);
#8035 = DIRECTION('',(1.,0.,0.));
#8036 = ORIENTED_EDGE('',*,*,#8037,.T.);
#8037 = EDGE_CURVE('',#8030,#4491,#8038,.T.);
#8038 = LINE('',#8039,#8040);
#8039 = CARTESIAN_POINT('',(-52.,61.,40.));
#8040 = VECTOR('',#8041,1.);
#8041 = DIRECTION('',(0.,1.,0.));
#8042 = ORIENTED_EDGE('',*,*,#4490,.F.);
#8043 = PLANE('',#8044);
#8044 = AXIS2_PLACEMENT_3D('',#8045,#8046,#8047);
#8045 = CARTESIAN_POINT('',(-62.,61.,40.));
#8046 = DIRECTION('',(0.,0.,1.));
#8047 = DIRECTION('',(1.,0.,0.));
#8048 = ADVANCED_FACE('',(#8049),#8060,.T.);
#8049 = FACE_BOUND('',#8050,.T.);
#8050 = EDGE_LOOP('',(#8051,#8052,#8058,#8059));
#8051 = ORIENTED_EDGE('',*,*,#8037,.F.);
#8052 = ORIENTED_EDGE('',*,*,#8053,.T.);
#8053 = EDGE_CURVE('',#8030,#5823,#8054,.T.);
#8054 = LINE('',#8055,#8056);
#8055 = CARTESIAN_POINT('',(-52.,76.,40.));
#8056 = VECTOR('',#8057,1.);
#8057 = DIRECTION('',(1.,0.,0.));
#8058 = ORIENTED_EDGE('',*,*,#5847,.T.);
#8059 = ORIENTED_EDGE('',*,*,#4514,.F.);
#8060 = PLANE('',#8061);
#8061 = AXIS2_PLACEMENT_3D('',#8062,#8063,#8064);
#8062 = CARTESIAN_POINT('',(-52.,61.,40.));
#8063 = DIRECTION('',(0.,0.,1.));
#8064 = DIRECTION('',(1.,0.,0.));
#8065 = ADVANCED_FACE('',(#8066),#8077,.T.);
#8066 = FACE_BOUND('',#8067,.T.);
#8067 = EDGE_LOOP('',(#8068,#8069,#8075,#8076));
#8068 = ORIENTED_EDGE('',*,*,#5871,.F.);
#8069 = ORIENTED_EDGE('',*,*,#8070,.T.);
#8070 = EDGE_CURVE('',#5862,#5986,#8071,.T.);
#8071 = LINE('',#8072,#8073);
#8072 = CARTESIAN_POINT('',(28.,76.,40.));
#8073 = VECTOR('',#8074,1.);
#8074 = DIRECTION('',(1.,0.,0.));
#8075 = ORIENTED_EDGE('',*,*,#6010,.T.);
#8076 = ORIENTED_EDGE('',*,*,#4545,.F.);
#8077 = PLANE('',#8078);
#8078 = AXIS2_PLACEMENT_3D('',#8079,#8080,#8081);
#8079 = CARTESIAN_POINT('',(28.,61.,40.));
#8080 = DIRECTION('',(0.,0.,1.));
#8081 = DIRECTION('',(1.,0.,0.));
#8082 = ADVANCED_FACE('',(#8083),#8112,.T.);
#8083 = FACE_BOUND('',#8084,.T.);
#8084 = EDGE_LOOP('',(#8085,#8086,#8087,#8088,#8096,#8104,#8110,#8111));
#8085 = ORIENTED_EDGE('',*,*,#4576,.F.);
#8086 = ORIENTED_EDGE('',*,*,#6027,.F.);
#8087 = ORIENTED_EDGE('',*,*,#5530,.T.);
#8088 = ORIENTED_EDGE('',*,*,#8089,.T.);
#8089 = EDGE_CURVE('',#5531,#8090,#8092,.T.);
#8090 = VERTEX_POINT('',#8091);
#8091 = CARTESIAN_POINT('',(28.2,-74.,73.));
#8092 = LINE('',#8093,#8094);
#8093 = CARTESIAN_POINT('',(23.2,-74.,73.));
#8094 = VECTOR('',#8095,1.);
#8095 = DIRECTION('',(1.,0.,0.));
#8096 = ORIENTED_EDGE('',*,*,#8097,.T.);
#8097 = EDGE_CURVE('',#8090,#8098,#8100,.T.);
#8098 = VERTEX_POINT('',#8099);
#8099 = CARTESIAN_POINT('',(28.2,-92.,73.));
#8100 = LINE('',#8101,#8102);
#8101 = CARTESIAN_POINT('',(28.2,-74.,73.));
#8102 = VECTOR('',#8103,1.);
#8103 = DIRECTION('',(0.,-1.,0.));
#8104 = ORIENTED_EDGE('',*,*,#8105,.F.);
#8105 = EDGE_CURVE('',#5498,#8098,#8106,.T.);
#8106 = LINE('',#8107,#8108);
#8107 = CARTESIAN_POINT('',(23.2,-92.,73.));
#8108 = VECTOR('',#8109,1.);
#8109 = DIRECTION('',(1.,0.,0.));
#8110 = ORIENTED_EDGE('',*,*,#5505,.T.);
#8111 = ORIENTED_EDGE('',*,*,#4692,.T.);
#8112 = PLANE('',#8113);
#8113 = AXIS2_PLACEMENT_3D('',#8114,#8115,#8116);
#8114 = CARTESIAN_POINT('',(23.2,-58.,73.));
#8115 = DIRECTION('',(0.,0.,1.));
#8116 = DIRECTION('',(0.,-1.,0.));
#8117 = ADVANCED_FACE('',(#8118),#8137,.F.);
#8118 = FACE_BOUND('',#8119,.T.);
#8119 = EDGE_LOOP('',(#8120,#8129,#8135,#8136));
#8120 = ORIENTED_EDGE('',*,*,#8121,.T.);
#8121 = EDGE_CURVE('',#8122,#8122,#8124,.T.);
#8122 = VERTEX_POINT('',#8123);
#8123 = CARTESIAN_POINT('',(28.2,-88.,60.2));
#8124 = CIRCLE('',#8125,8.);
#8125 = AXIS2_PLACEMENT_3D('',#8126,#8127,#8128);
#8126 = CARTESIAN_POINT('',(28.2,-96.,60.2));
#8127 = DIRECTION('',(-1.,0.,2.2E-16));
#8128 = DIRECTION('',(0.,1.,0.));
#8129 = ORIENTED_EDGE('',*,*,#8130,.T.);
#8130 = EDGE_CURVE('',#8122,#4593,#8131,.T.);
#8131 = LINE('',#8132,#8133);
#8132 = CARTESIAN_POINT('',(23.2,-88.,60.2));
#8133 = VECTOR('',#8134,1.);
#8134 = DIRECTION('',(1.,0.,0.));
#8135 = ORIENTED_EDGE('',*,*,#4592,.T.);
#8136 = ORIENTED_EDGE('',*,*,#8130,.F.);
#8137 = CYLINDRICAL_SURFACE('',#8138,8.);
#8138 = AXIS2_PLACEMENT_3D('',#8139,#8140,#8141);
#8139 = CARTESIAN_POINT('',(23.2,-96.,60.2));
#8140 = DIRECTION('',(-1.,-0.,-0.));
#8141 = DIRECTION('',(0.,1.,0.));
#8142 = ADVANCED_FACE('',(#8143),#8162,.F.);
#8143 = FACE_BOUND('',#8144,.T.);
#8144 = EDGE_LOOP('',(#8145,#8154,#8160,#8161));
#8145 = ORIENTED_EDGE('',*,*,#8146,.T.);
#8146 = EDGE_CURVE('',#8147,#8147,#8149,.T.);
#8147 = VERTEX_POINT('',#8148);
#8148 = CARTESIAN_POINT('',(28.2,-62.,60.2));
#8149 = CIRCLE('',#8150,8.);
#8150 = AXIS2_PLACEMENT_3D('',#8151,#8152,#8153);
#8151 = CARTESIAN_POINT('',(28.2,-70.,60.2));
#8152 = DIRECTION('',(-1.,0.,2.2E-16));
#8153 = DIRECTION('',(0.,1.,0.));
#8154 = ORIENTED_EDGE('',*,*,#8155,.T.);
#8155 = EDGE_CURVE('',#8147,#4604,#8156,.T.);
#8156 = LINE('',#8157,#8158);
#8157 = CARTESIAN_POINT('',(23.2,-62.,60.2));
#8158 = VECTOR('',#8159,1.);
#8159 = DIRECTION('',(1.,0.,0.));
#8160 = ORIENTED_EDGE('',*,*,#4603,.T.);
#8161 = ORIENTED_EDGE('',*,*,#8155,.F.);
#8162 = CYLINDRICAL_SURFACE('',#8163,8.);
#8163 = AXIS2_PLACEMENT_3D('',#8164,#8165,#8166);
#8164 = CARTESIAN_POINT('',(23.2,-70.,60.2));
#8165 = DIRECTION('',(-1.,-0.,-0.));
#8166 = DIRECTION('',(0.,1.,0.));
#8167 = ADVANCED_FACE('',(#8168),#8189,.T.);
#8168 = FACE_BOUND('',#8169,.F.);
#8169 = EDGE_LOOP('',(#8170,#8179,#8185,#8186,#8187,#8188));
#8170 = ORIENTED_EDGE('',*,*,#8171,.F.);
#8171 = EDGE_CURVE('',#8172,#8172,#8174,.T.);
#8172 = VERTEX_POINT('',#8173);
#8173 = CARTESIAN_POINT('',(34.2,-10.,15.1));
#8174 = CIRCLE('',#8175,4.);
#8175 = AXIS2_PLACEMENT_3D('',#8176,#8177,#8178);
#8176 = CARTESIAN_POINT('',(30.2,-10.,15.1));
#8177 = DIRECTION('',(0.,0.,1.));
#8178 = DIRECTION('',(1.,0.,0.));
#8179 = ORIENTED_EDGE('',*,*,#8180,.T.);
#8180 = EDGE_CURVE('',#8172,#4657,#8181,.T.);
#8181 = LINE('',#8182,#8183);
#8182 = CARTESIAN_POINT('',(34.2,-10.,15.1));
#8183 = VECTOR('',#8184,1.);
#8184 = DIRECTION('',(0.,0.,1.));
#8185 = ORIENTED_EDGE('',*,*,#4656,.T.);
#8186 = ORIENTED_EDGE('',*,*,#4640,.T.);
#8187 = ORIENTED_EDGE('',*,*,#4665,.T.);
#8188 = ORIENTED_EDGE('',*,*,#8180,.F.);
#8189 = CYLINDRICAL_SURFACE('',#8190,4.);
#8190 = AXIS2_PLACEMENT_3D('',#8191,#8192,#8193);
#8191 = CARTESIAN_POINT('',(30.2,-10.,15.1));
#8192 = DIRECTION('',(-0.,-0.,-1.));
#8193 = DIRECTION('',(1.,0.,0.));
#8194 = ADVANCED_FACE('',(#8195),#8214,.T.);
#8195 = FACE_BOUND('',#8196,.T.);
#8196 = EDGE_LOOP('',(#8197,#8198,#8199,#8207,#8213));
#8197 = ORIENTED_EDGE('',*,*,#4787,.F.);
#8198 = ORIENTED_EDGE('',*,*,#7693,.F.);
#8199 = ORIENTED_EDGE('',*,*,#8200,.T.);
#8200 = EDGE_CURVE('',#7673,#8201,#8203,.T.);
#8201 = VERTEX_POINT('',#8202);
#8202 = CARTESIAN_POINT('',(-6.9,-93.,19.));
#8203 = LINE('',#8204,#8205);
#8204 = CARTESIAN_POINT('',(-6.9,-108.,19.));
#8205 = VECTOR('',#8206,1.);
#8206 = DIRECTION('',(0.,1.,0.));
#8207 = ORIENTED_EDGE('',*,*,#8208,.T.);
#8208 = EDGE_CURVE('',#8201,#5334,#8209,.T.);
#8209 = LINE('',#8210,#8211);
#8210 = CARTESIAN_POINT('',(-6.9,-93.,19.));
#8211 = VECTOR('',#8212,1.);
#8212 = DIRECTION('',(0.,0.,1.));
#8213 = ORIENTED_EDGE('',*,*,#5333,.F.);
#8214 = PLANE('',#8215);
#8215 = AXIS2_PLACEMENT_3D('',#8216,#8217,#8218);
#8216 = CARTESIAN_POINT('',(-6.9,-108.,19.));
#8217 = DIRECTION('',(1.,0.,0.));
#8218 = DIRECTION('',(0.,0.,1.));
#8219 = ADVANCED_FACE('',(#8220),#8239,.F.);
#8220 = FACE_BOUND('',#8221,.T.);
#8221 = EDGE_LOOP('',(#8222,#8223,#8231,#8238));
#8222 = ORIENTED_EDGE('',*,*,#4807,.T.);
#8223 = ORIENTED_EDGE('',*,*,#8224,.T.);
#8224 = EDGE_CURVE('',#4808,#8225,#8227,.T.);
#8225 = VERTEX_POINT('',#8226);
#8226 = CARTESIAN_POINT('',(-99.,-27.,49.));
#8227 = LINE('',#8228,#8229);
#8228 = CARTESIAN_POINT('',(-99.,-27.,32.));
#8229 = VECTOR('',#8230,1.);
#8230 = DIRECTION('',(0.,0.,1.));
#8231 = ORIENTED_EDGE('',*,*,#8232,.F.);
#8232 = EDGE_CURVE('',#8225,#8225,#8233,.T.);
#8233 = CIRCLE('',#8234,2.);
#8234 = AXIS2_PLACEMENT_3D('',#8235,#8236,#8237);
#8235 = CARTESIAN_POINT('',(-101.,-27.,49.));
#8236 = DIRECTION('',(0.,0.,-1.));
#8237 = DIRECTION('',(1.,0.,0.));
#8238 = ORIENTED_EDGE('',*,*,#8224,.F.);
#8239 = CYLINDRICAL_SURFACE('',#8240,2.);
#8240 = AXIS2_PLACEMENT_3D('',#8241,#8242,#8243);
#8241 = CARTESIAN_POINT('',(-101.,-27.,32.));
#8242 = DIRECTION('',(-0.,-0.,-1.));
#8243 = DIRECTION('',(1.,0.,0.));
#8244 = ADVANCED_FACE('',(#8245),#8264,.F.);
#8245 = FACE_BOUND('',#8246,.T.);
#8246 = EDGE_LOOP('',(#8247,#8248,#8256,#8263));
#8247 = ORIENTED_EDGE('',*,*,#4828,.T.);
#8248 = ORIENTED_EDGE('',*,*,#8249,.T.);
#8249 = EDGE_CURVE('',#4829,#8250,#8252,.T.);
#8250 = VERTEX_POINT('',#8251);
#8251 = CARTESIAN_POINT('',(-55.,-27.,49.));
#8252 = LINE('',#8253,#8254);
#8253 = CARTESIAN_POINT('',(-55.,-27.,32.));
#8254 = VECTOR('',#8255,1.);
#8255 = DIRECTION('',(0.,0.,1.));
#8256 = ORIENTED_EDGE('',*,*,#8257,.F.);
#8257 = EDGE_CURVE('',#8250,#8250,#8258,.T.);
#8258 = CIRCLE('',#8259,2.);
#8259 = AXIS2_PLACEMENT_3D('',#8260,#8261,#8262);
#8260 = CARTESIAN_POINT('',(-57.,-27.,49.));
#8261 = DIRECTION('',(0.,0.,-1.));
#8262 = DIRECTION('',(1.,0.,0.));
#8263 = ORIENTED_EDGE('',*,*,#8249,.F.);
#8264 = CYLINDRICAL_SURFACE('',#8265,2.);
#8265 = AXIS2_PLACEMENT_3D('',#8266,#8267,#8268);
#8266 = CARTESIAN_POINT('',(-57.,-27.,32.));
#8267 = DIRECTION('',(-0.,-0.,-1.));
#8268 = DIRECTION('',(1.,0.,0.));
#8269 = ADVANCED_FACE('',(#8270),#8289,.F.);
#8270 = FACE_BOUND('',#8271,.T.);
#8271 = EDGE_LOOP('',(#8272,#8273,#8281,#8288));
#8272 = ORIENTED_EDGE('',*,*,#4849,.T.);
#8273 = ORIENTED_EDGE('',*,*,#8274,.T.);
#8274 = EDGE_CURVE('',#4850,#8275,#8277,.T.);
#8275 = VERTEX_POINT('',#8276);
#8276 = CARTESIAN_POINT('',(-45.,-19.,57.));
#8277 = LINE('',#8278,#8279);
#8278 = CARTESIAN_POINT('',(-45.,-19.,32.));
#8279 = VECTOR('',#8280,1.);
#8280 = DIRECTION('',(0.,0.,1.));
#8281 = ORIENTED_EDGE('',*,*,#8282,.T.);
#8282 = EDGE_CURVE('',#8275,#8275,#8283,.T.);
#8283 = CIRCLE('',#8284,2.);
#8284 = AXIS2_PLACEMENT_3D('',#8285,#8286,#8287);
#8285 = CARTESIAN_POINT('',(-47.,-19.,57.));
#8286 = DIRECTION('',(0.,0.,1.));
#8287 = DIRECTION('',(1.,0.,0.));
#8288 = ORIENTED_EDGE('',*,*,#8274,.F.);
#8289 = CYLINDRICAL_SURFACE('',#8290,2.);
#8290 = AXIS2_PLACEMENT_3D('',#8291,#8292,#8293);
#8291 = CARTESIAN_POINT('',(-47.,-19.,32.));
#8292 = DIRECTION('',(-0.,-0.,-1.));
#8293 = DIRECTION('',(1.,0.,0.));
#8294 = ADVANCED_FACE('',(#8295),#8314,.F.);
#8295 = FACE_BOUND('',#8296,.T.);
#8296 = EDGE_LOOP('',(#8297,#8298,#8306,#8313));
#8297 = ORIENTED_EDGE('',*,*,#4870,.T.);
#8298 = ORIENTED_EDGE('',*,*,#8299,.T.);
#8299 = EDGE_CURVE('',#4871,#8300,#8302,.T.);
#8300 = VERTEX_POINT('',#8301);
#8301 = CARTESIAN_POINT('',(35.,-19.,57.));
#8302 = LINE('',#8303,#8304);
#8303 = CARTESIAN_POINT('',(35.,-19.,32.));
#8304 = VECTOR('',#8305,1.);
#8305 = DIRECTION('',(0.,0.,1.));
#8306 = ORIENTED_EDGE('',*,*,#8307,.T.);
#8307 = EDGE_CURVE('',#8300,#8300,#8308,.T.);
#8308 = CIRCLE('',#8309,2.);
#8309 = AXIS2_PLACEMENT_3D('',#8310,#8311,#8312);
#8310 = CARTESIAN_POINT('',(33.,-19.,57.));
#8311 = DIRECTION('',(0.,0.,1.));
#8312 = DIRECTION('',(1.,0.,0.));
#8313 = ORIENTED_EDGE('',*,*,#8299,.F.);
#8314 = CYLINDRICAL_SURFACE('',#8315,2.);
#8315 = AXIS2_PLACEMENT_3D('',#8316,#8317,#8318);
#8316 = CARTESIAN_POINT('',(33.,-19.,32.));
#8317 = DIRECTION('',(-0.,-0.,-1.));
#8318 = DIRECTION('',(1.,0.,0.));
#8319 = ADVANCED_FACE('',(#8320),#8339,.F.);
#8320 = FACE_BOUND('',#8321,.T.);
#8321 = EDGE_LOOP('',(#8322,#8323,#8331,#8338));
#8322 = ORIENTED_EDGE('',*,*,#4891,.T.);
#8323 = ORIENTED_EDGE('',*,*,#8324,.T.);
#8324 = EDGE_CURVE('',#4892,#8325,#8327,.T.);
#8325 = VERTEX_POINT('',#8326);
#8326 = CARTESIAN_POINT('',(-99.,71.,49.));
#8327 = LINE('',#8328,#8329);
#8328 = CARTESIAN_POINT('',(-99.,71.,32.));
#8329 = VECTOR('',#8330,1.);
#8330 = DIRECTION('',(0.,0.,1.));
#8331 = ORIENTED_EDGE('',*,*,#8332,.F.);
#8332 = EDGE_CURVE('',#8325,#8325,#8333,.T.);
#8333 = CIRCLE('',#8334,2.);
#8334 = AXIS2_PLACEMENT_3D('',#8335,#8336,#8337);
#8335 = CARTESIAN_POINT('',(-101.,71.,49.));
#8336 = DIRECTION('',(0.,0.,-1.));
#8337 = DIRECTION('',(1.,0.,0.));
#8338 = ORIENTED_EDGE('',*,*,#8324,.F.);
#8339 = CYLINDRICAL_SURFACE('',#8340,2.);
#8340 = AXIS2_PLACEMENT_3D('',#8341,#8342,#8343);
#8341 = CARTESIAN_POINT('',(-101.,71.,32.));
#8342 = DIRECTION('',(-0.,-0.,-1.));
#8343 = DIRECTION('',(1.,0.,0.));
#8344 = ADVANCED_FACE('',(#8345),#8364,.F.);
#8345 = FACE_BOUND('',#8346,.T.);
#8346 = EDGE_LOOP('',(#8347,#8348,#8356,#8363));
#8347 = ORIENTED_EDGE('',*,*,#4912,.T.);
#8348 = ORIENTED_EDGE('',*,*,#8349,.T.);
#8349 = EDGE_CURVE('',#4913,#8350,#8352,.T.);
#8350 = VERTEX_POINT('',#8351);
#8351 = CARTESIAN_POINT('',(-55.,71.,49.));
#8352 = LINE('',#8353,#8354);
#8353 = CARTESIAN_POINT('',(-55.,71.,32.));
#8354 = VECTOR('',#8355,1.);
#8355 = DIRECTION('',(0.,0.,1.));
#8356 = ORIENTED_EDGE('',*,*,#8357,.F.);
#8357 = EDGE_CURVE('',#8350,#8350,#8358,.T.);
#8358 = CIRCLE('',#8359,2.);
#8359 = AXIS2_PLACEMENT_3D('',#8360,#8361,#8362);
#8360 = CARTESIAN_POINT('',(-57.,71.,49.));
#8361 = DIRECTION('',(0.,0.,-1.));
#8362 = DIRECTION('',(1.,0.,0.));
#8363 = ORIENTED_EDGE('',*,*,#8349,.F.);
#8364 = CYLINDRICAL_SURFACE('',#8365,2.);
#8365 = AXIS2_PLACEMENT_3D('',#8366,#8367,#8368);
#8366 = CARTESIAN_POINT('',(-57.,71.,32.));
#8367 = DIRECTION('',(-0.,-0.,-1.));
#8368 = DIRECTION('',(1.,0.,0.));
#8369 = ADVANCED_FACE('',(#8370),#8389,.F.);
#8370 = FACE_BOUND('',#8371,.T.);
#8371 = EDGE_LOOP('',(#8372,#8373,#8381,#8388));
#8372 = ORIENTED_EDGE('',*,*,#4933,.T.);
#8373 = ORIENTED_EDGE('',*,*,#8374,.T.);
#8374 = EDGE_CURVE('',#4934,#8375,#8377,.T.);
#8375 = VERTEX_POINT('',#8376);
#8376 = CARTESIAN_POINT('',(-45.,71.,57.));
#8377 = LINE('',#8378,#8379);
#8378 = CARTESIAN_POINT('',(-45.,71.,32.));
#8379 = VECTOR('',#8380,1.);
#8380 = DIRECTION('',(0.,0.,1.));
#8381 = ORIENTED_EDGE('',*,*,#8382,.T.);
#8382 = EDGE_CURVE('',#8375,#8375,#8383,.T.);
#8383 = CIRCLE('',#8384,2.);
#8384 = AXIS2_PLACEMENT_3D('',#8385,#8386,#8387);
#8385 = CARTESIAN_POINT('',(-47.,71.,57.));
#8386 = DIRECTION('',(0.,0.,1.));
#8387 = DIRECTION('',(1.,0.,0.));
#8388 = ORIENTED_EDGE('',*,*,#8374,.F.);
#8389 = CYLINDRICAL_SURFACE('',#8390,2.);
#8390 = AXIS2_PLACEMENT_3D('',#8391,#8392,#8393);
#8391 = CARTESIAN_POINT('',(-47.,71.,32.));
#8392 = DIRECTION('',(-0.,-0.,-1.));
#8393 = DIRECTION('',(1.,0.,0.));
#8394 = ADVANCED_FACE('',(#8395),#8414,.F.);
#8395 = FACE_BOUND('',#8396,.T.);
#8396 = EDGE_LOOP('',(#8397,#8398,#8406,#8413));
#8397 = ORIENTED_EDGE('',*,*,#4954,.T.);
#8398 = ORIENTED_EDGE('',*,*,#8399,.T.);
#8399 = EDGE_CURVE('',#4955,#8400,#8402,.T.);
#8400 = VERTEX_POINT('',#8401);
#8401 = CARTESIAN_POINT('',(35.,71.,57.));
#8402 = LINE('',#8403,#8404);
#8403 = CARTESIAN_POINT('',(35.,71.,32.));
#8404 = VECTOR('',#8405,1.);
#8405 = DIRECTION('',(0.,0.,1.));
#8406 = ORIENTED_EDGE('',*,*,#8407,.T.);
#8407 = EDGE_CURVE('',#8400,#8400,#8408,.T.);
#8408 = CIRCLE('',#8409,2.);
#8409 = AXIS2_PLACEMENT_3D('',#8410,#8411,#8412);
#8410 = CARTESIAN_POINT('',(33.,71.,57.));
#8411 = DIRECTION('',(0.,0.,1.));
#8412 = DIRECTION('',(1.,0.,0.));
#8413 = ORIENTED_EDGE('',*,*,#8399,.F.);
#8414 = CYLINDRICAL_SURFACE('',#8415,2.);
#8415 = AXIS2_PLACEMENT_3D('',#8416,#8417,#8418);
#8416 = CARTESIAN_POINT('',(33.,71.,32.));
#8417 = DIRECTION('',(-0.,-0.,-1.));
#8418 = DIRECTION('',(1.,0.,0.));
#8419 = ADVANCED_FACE('',(#8420),#8432,.F.);
#8420 = FACE_BOUND('',#8421,.F.);
#8421 = EDGE_LOOP('',(#8422,#8423,#8424,#8425,#8426));
#8422 = ORIENTED_EDGE('',*,*,#7012,.F.);
#8423 = ORIENTED_EDGE('',*,*,#7336,.T.);
#8424 = ORIENTED_EDGE('',*,*,#7318,.T.);
#8425 = ORIENTED_EDGE('',*,*,#4979,.F.);
#8426 = ORIENTED_EDGE('',*,*,#8427,.F.);
#8427 = EDGE_CURVE('',#5616,#4980,#8428,.T.);
#8428 = LINE('',#8429,#8430);
#8429 = CARTESIAN_POINT('',(-69.005,-76.,39.005));
#8430 = VECTOR('',#8431,1.);
#8431 = DIRECTION('',(0.707106781187,0.,0.707106781187));
#8432 = PLANE('',#8433);
#8433 = AXIS2_PLACEMENT_3D('',#8434,#8435,#8436);
#8434 = CARTESIAN_POINT('',(-67.005,-76.,41.005));
#8435 = DIRECTION('',(0.707106781187,0.,-0.707106781187));
#8436 = DIRECTION('',(0.,1.,0.));
#8437 = ADVANCED_FACE('',(#8438),#8450,.T.);
#8438 = FACE_BOUND('',#8439,.F.);
#8439 = EDGE_LOOP('',(#8440,#8446,#8447,#8448,#8449));
#8440 = ORIENTED_EDGE('',*,*,#8441,.F.);
#8441 = EDGE_CURVE('',#4988,#5608,#8442,.T.);
#8442 = LINE('',#8443,#8444);
#8443 = CARTESIAN_POINT('',(-17.495,-76.,57.505));
#8444 = VECTOR('',#8445,1.);
#8445 = DIRECTION('',(0.707106781187,0.,-0.707106781187));
#8446 = ORIENTED_EDGE('',*,*,#4995,.T.);
#8447 = ORIENTED_EDGE('',*,*,#6075,.T.);
#8448 = ORIENTED_EDGE('',*,*,#6051,.F.);
#8449 = ORIENTED_EDGE('',*,*,#5659,.F.);
#8450 = PLANE('',#8451);
#8451 = AXIS2_PLACEMENT_3D('',#8452,#8453,#8454);
#8452 = CARTESIAN_POINT('',(-0.995,-76.,41.005));
#8453 = DIRECTION('',(0.707106781187,8.E-17,0.707106781187));
#8454 = DIRECTION('',(5.656854249492E-17,-1.,5.656854249492E-17));
#8455 = ADVANCED_FACE('',(#8456),#8462,.F.);
#8456 = FACE_BOUND('',#8457,.F.);
#8457 = EDGE_LOOP('',(#8458,#8459,#8460,#8461));
#8458 = ORIENTED_EDGE('',*,*,#8441,.T.);
#8459 = ORIENTED_EDGE('',*,*,#5615,.F.);
#8460 = ORIENTED_EDGE('',*,*,#8427,.T.);
#8461 = ORIENTED_EDGE('',*,*,#4987,.T.);
#8462 = PLANE('',#8463);
#8463 = AXIS2_PLACEMENT_3D('',#8464,#8465,#8466);
#8464 = CARTESIAN_POINT('',(-71.,-76.,37.));
#8465 = DIRECTION('',(0.,1.,0.));
#8466 = DIRECTION('',(0.,0.,1.));
#8467 = ADVANCED_FACE('',(#8468),#8474,.T.);
#8468 = FACE_BOUND('',#8469,.T.);
#8469 = EDGE_LOOP('',(#8470,#8471,#8472,#8473));
#8470 = ORIENTED_EDGE('',*,*,#5199,.F.);
#8471 = ORIENTED_EDGE('',*,*,#5222,.T.);
#8472 = ORIENTED_EDGE('',*,*,#5027,.T.);
#8473 = ORIENTED_EDGE('',*,*,#5253,.F.);
#8474 = PLANE('',#8475);
#8475 = AXIS2_PLACEMENT_3D('',#8476,#8477,#8478);
#8476 = CARTESIAN_POINT('',(-47.,-48.,44.));
#8477 = DIRECTION('',(1.,0.,0.));
#8478 = DIRECTION('',(0.,-1.,0.));
#8479 = ADVANCED_FACE('',(#8480),#8486,.F.);
#8480 = FACE_BOUND('',#8481,.F.);
#8481 = EDGE_LOOP('',(#8482,#8483,#8484,#8485));
#8482 = ORIENTED_EDGE('',*,*,#5287,.F.);
#8483 = ORIENTED_EDGE('',*,*,#5238,.T.);
#8484 = ORIENTED_EDGE('',*,*,#5045,.T.);
#8485 = ORIENTED_EDGE('',*,*,#5269,.F.);
#8486 = PLANE('',#8487);
#8487 = AXIS2_PLACEMENT_3D('',#8488,#8489,#8490);
#8488 = CARTESIAN_POINT('',(-22.,-48.,44.));
#8489 = DIRECTION('',(1.,0.,0.));
#8490 = DIRECTION('',(0.,-1.,0.));
#8491 = ADVANCED_FACE('',(#8492),#8517,.T.);
#8492 = FACE_BOUND('',#8493,.T.);
#8493 = EDGE_LOOP('',(#8494,#8502,#8503,#8511));
#8494 = ORIENTED_EDGE('',*,*,#8495,.F.);
#8495 = EDGE_CURVE('',#5069,#8496,#8498,.T.);
#8496 = VERTEX_POINT('',#8497);
#8497 = CARTESIAN_POINT('',(-52.,-24.,57.));
#8498 = LINE('',#8499,#8500);
#8499 = CARTESIAN_POINT('',(-52.,-45.,57.));
#8500 = VECTOR('',#8501,1.);
#8501 = DIRECTION('',(0.,1.,0.));
#8502 = ORIENTED_EDGE('',*,*,#5076,.T.);
#8503 = ORIENTED_EDGE('',*,*,#8504,.T.);
#8504 = EDGE_CURVE('',#5077,#8505,#8507,.T.);
#8505 = VERTEX_POINT('',#8506);
#8506 = CARTESIAN_POINT('',(-49.,-24.,57.));
#8507 = LINE('',#8508,#8509);
#8508 = CARTESIAN_POINT('',(-49.,-45.,57.));
#8509 = VECTOR('',#8510,1.);
#8510 = DIRECTION('',(0.,1.,0.));
#8511 = ORIENTED_EDGE('',*,*,#8512,.F.);
#8512 = EDGE_CURVE('',#8496,#8505,#8513,.T.);
#8513 = LINE('',#8514,#8515);
#8514 = CARTESIAN_POINT('',(-52.,-24.,57.));
#8515 = VECTOR('',#8516,1.);
#8516 = DIRECTION('',(1.,0.,0.));
#8517 = PLANE('',#8518);
#8518 = AXIS2_PLACEMENT_3D('',#8519,#8520,#8521);
#8519 = CARTESIAN_POINT('',(-52.,-45.,57.));
#8520 = DIRECTION('',(0.,0.,1.));
#8521 = DIRECTION('',(1.,0.,0.));
#8522 = ADVANCED_FACE('',(#8523),#8534,.F.);
#8523 = FACE_BOUND('',#8524,.F.);
#8524 = EDGE_LOOP('',(#8525,#8526,#8527,#8533));
#8525 = ORIENTED_EDGE('',*,*,#5068,.F.);
#8526 = ORIENTED_EDGE('',*,*,#5152,.T.);
#8527 = ORIENTED_EDGE('',*,*,#8528,.T.);
#8528 = EDGE_CURVE('',#5145,#8496,#8529,.T.);
#8529 = LINE('',#8530,#8531);
#8530 = CARTESIAN_POINT('',(-52.,-24.,54.));
#8531 = VECTOR('',#8532,1.);
#8532 = DIRECTION('',(0.,0.,1.));
#8533 = ORIENTED_EDGE('',*,*,#8495,.F.);
#8534 = PLANE('',#8535);
#8535 = AXIS2_PLACEMENT_3D('',#8536,#8537,#8538);
#8536 = CARTESIAN_POINT('',(-52.,-45.,54.));
#8537 = DIRECTION('',(1.,0.,0.));
#8538 = DIRECTION('',(0.,0.,1.));
#8539 = ADVANCED_FACE('',(#8540),#8581,.F.);
#8540 = FACE_BOUND('',#8541,.F.);
#8541 = EDGE_LOOP('',(#8542,#8543,#8551,#8559,#8565,#8566,#8574,#8580));
#8542 = ORIENTED_EDGE('',*,*,#5144,.F.);
#8543 = ORIENTED_EDGE('',*,*,#8544,.T.);
#8544 = EDGE_CURVE('',#5137,#8545,#8547,.T.);
#8545 = VERTEX_POINT('',#8546);
#8546 = CARTESIAN_POINT('',(-52.,-22.,49.));
#8547 = LINE('',#8548,#8549);
#8548 = CARTESIAN_POINT('',(-52.,-32.,49.));
#8549 = VECTOR('',#8550,1.);
#8550 = DIRECTION('',(0.,1.,0.));
#8551 = ORIENTED_EDGE('',*,*,#8552,.F.);
#8552 = EDGE_CURVE('',#8553,#8545,#8555,.T.);
#8553 = VERTEX_POINT('',#8554);
#8554 = CARTESIAN_POINT('',(-52.,-22.,40.));
#8555 = LINE('',#8556,#8557);
#8556 = CARTESIAN_POINT('',(-52.,-22.,37.));
#8557 = VECTOR('',#8558,1.);
#8558 = DIRECTION('',(0.,0.,1.));
#8559 = ORIENTED_EDGE('',*,*,#8560,.T.);
#8560 = EDGE_CURVE('',#8553,#6476,#8561,.T.);
#8561 = LINE('',#8562,#8563);
#8562 = CARTESIAN_POINT('',(-52.,-29.,40.));
#8563 = VECTOR('',#8564,1.);
#8564 = DIRECTION('',(0.,1.,0.));
#8565 = ORIENTED_EDGE('',*,*,#6485,.T.);
#8566 = ORIENTED_EDGE('',*,*,#8567,.T.);
#8567 = EDGE_CURVE('',#6452,#8568,#8570,.T.);
#8568 = VERTEX_POINT('',#8569);
#8569 = CARTESIAN_POINT('',(-52.,-14.,57.));
#8570 = LINE('',#8571,#8572);
#8571 = CARTESIAN_POINT('',(-52.,-14.,37.));
#8572 = VECTOR('',#8573,1.);
#8573 = DIRECTION('',(0.,0.,1.));
#8574 = ORIENTED_EDGE('',*,*,#8575,.F.);
#8575 = EDGE_CURVE('',#8496,#8568,#8576,.T.);
#8576 = LINE('',#8577,#8578);
#8577 = CARTESIAN_POINT('',(-52.,-24.,57.));
#8578 = VECTOR('',#8579,1.);
#8579 = DIRECTION('',(0.,1.,0.));
#8580 = ORIENTED_EDGE('',*,*,#8528,.F.);
#8581 = PLANE('',#8582);
#8582 = AXIS2_PLACEMENT_3D('',#8583,#8584,#8585);
#8583 = CARTESIAN_POINT('',(-52.,-24.,37.));
#8584 = DIRECTION('',(1.,0.,0.));
#8585 = DIRECTION('',(0.,0.,1.));
#8586 = ADVANCED_FACE('',(#8587,#8613),#8616,.T.);
#8587 = FACE_BOUND('',#8588,.T.);
#8588 = EDGE_LOOP('',(#8589,#8599,#8605,#8606,#8607));
#8589 = ORIENTED_EDGE('',*,*,#8590,.F.);
#8590 = EDGE_CURVE('',#8591,#8593,#8595,.T.);
#8591 = VERTEX_POINT('',#8592);
#8592 = CARTESIAN_POINT('',(-62.,-32.,49.));
#8593 = VERTEX_POINT('',#8594);
#8594 = CARTESIAN_POINT('',(-62.,-22.,49.));
#8595 = LINE('',#8596,#8597);
#8596 = CARTESIAN_POINT('',(-62.,-32.,49.));
#8597 = VECTOR('',#8598,1.);
#8598 = DIRECTION('',(0.,1.,0.));
#8599 = ORIENTED_EDGE('',*,*,#8600,.T.);
#8600 = EDGE_CURVE('',#8591,#5129,#8601,.T.);
#8601 = LINE('',#8602,#8603);
#8602 = CARTESIAN_POINT('',(-62.,-32.,49.));
#8603 = VECTOR('',#8604,1.);
#8604 = DIRECTION('',(1.,0.,0.));
#8605 = ORIENTED_EDGE('',*,*,#5136,.T.);
#8606 = ORIENTED_EDGE('',*,*,#8544,.T.);
#8607 = ORIENTED_EDGE('',*,*,#8608,.F.);
#8608 = EDGE_CURVE('',#8593,#8545,#8609,.T.);
#8609 = LINE('',#8610,#8611);
#8610 = CARTESIAN_POINT('',(-62.,-22.,49.));
#8611 = VECTOR('',#8612,1.);
#8612 = DIRECTION('',(1.,0.,0.));
#8613 = FACE_BOUND('',#8614,.T.);
#8614 = EDGE_LOOP('',(#8615));
#8615 = ORIENTED_EDGE('',*,*,#8257,.T.);
#8616 = PLANE('',#8617);
#8617 = AXIS2_PLACEMENT_3D('',#8618,#8619,#8620);
#8618 = CARTESIAN_POINT('',(-62.,-32.,49.));
#8619 = DIRECTION('',(0.,0.,1.));
#8620 = DIRECTION('',(1.,0.,0.));
#8621 = ADVANCED_FACE('',(#8622),#8638,.F.);
#8622 = FACE_BOUND('',#8623,.F.);
#8623 = EDGE_LOOP('',(#8624,#8630,#8636,#8637));
#8624 = ORIENTED_EDGE('',*,*,#8625,.F.);
#8625 = EDGE_CURVE('',#7224,#5121,#8626,.T.);
#8626 = LINE('',#8627,#8628);
#8627 = CARTESIAN_POINT('',(-62.,-32.,40.));
#8628 = VECTOR('',#8629,1.);
#8629 = DIRECTION('',(1.,0.,0.));
#8630 = ORIENTED_EDGE('',*,*,#8631,.T.);
#8631 = EDGE_CURVE('',#7224,#8591,#8632,.T.);
#8632 = LINE('',#8633,#8634);
#8633 = CARTESIAN_POINT('',(-62.,-32.,37.));
#8634 = VECTOR('',#8635,1.);
#8635 = DIRECTION('',(0.,0.,1.));
#8636 = ORIENTED_EDGE('',*,*,#8600,.T.);
#8637 = ORIENTED_EDGE('',*,*,#5128,.F.);
#8638 = PLANE('',#8639);
#8639 = AXIS2_PLACEMENT_3D('',#8640,#8641,#8642);
#8640 = CARTESIAN_POINT('',(-62.,-32.,37.));
#8641 = DIRECTION('',(0.,1.,0.));
#8642 = DIRECTION('',(0.,0.,1.));
#8643 = ADVANCED_FACE('',(#8644),#8650,.T.);
#8644 = FACE_BOUND('',#8645,.T.);
#8645 = EDGE_LOOP('',(#8646,#8647,#8648,#8649));
#8646 = ORIENTED_EDGE('',*,*,#7258,.F.);
#8647 = ORIENTED_EDGE('',*,*,#7274,.T.);
#8648 = ORIENTED_EDGE('',*,*,#5120,.T.);
#8649 = ORIENTED_EDGE('',*,*,#8625,.F.);
#8650 = PLANE('',#8651);
#8651 = AXIS2_PLACEMENT_3D('',#8652,#8653,#8654);
#8652 = CARTESIAN_POINT('',(-62.,-37.,40.));
#8653 = DIRECTION('',(0.,0.,1.));
#8654 = DIRECTION('',(1.,0.,0.));
#8655 = ADVANCED_FACE('',(#8656),#8674,.F.);
#8656 = FACE_BOUND('',#8657,.F.);
#8657 = EDGE_LOOP('',(#8658,#8659,#8660,#8668));
#8658 = ORIENTED_EDGE('',*,*,#6994,.F.);
#8659 = ORIENTED_EDGE('',*,*,#5177,.T.);
#8660 = ORIENTED_EDGE('',*,*,#8661,.T.);
#8661 = EDGE_CURVE('',#5170,#8662,#8664,.T.);
#8662 = VERTEX_POINT('',#8663);
#8663 = CARTESIAN_POINT('',(-16.,-45.,57.));
#8664 = LINE('',#8665,#8666);
#8665 = CARTESIAN_POINT('',(-52.,-45.,57.));
#8666 = VECTOR('',#8667,1.);
#8667 = DIRECTION('',(1.,0.,0.));
#8668 = ORIENTED_EDGE('',*,*,#8669,.F.);
#8669 = EDGE_CURVE('',#6118,#8662,#8670,.T.);
#8670 = LINE('',#8671,#8672);
#8671 = CARTESIAN_POINT('',(-16.,-45.,54.));
#8672 = VECTOR('',#8673,1.);
#8673 = DIRECTION('',(0.,0.,1.));
#8674 = PLANE('',#8675);
#8675 = AXIS2_PLACEMENT_3D('',#8676,#8677,#8678);
#8676 = CARTESIAN_POINT('',(-52.,-45.,54.));
#8677 = DIRECTION('',(0.,1.,0.));
#8678 = DIRECTION('',(0.,0.,1.));
#8679 = ADVANCED_FACE('',(#8680),#8706,.T.);
#8680 = FACE_BOUND('',#8681,.T.);
#8681 = EDGE_LOOP('',(#8682,#8683,#8684,#8692,#8700));
#8682 = ORIENTED_EDGE('',*,*,#8504,.F.);
#8683 = ORIENTED_EDGE('',*,*,#5169,.T.);
#8684 = ORIENTED_EDGE('',*,*,#8685,.T.);
#8685 = EDGE_CURVE('',#5170,#8686,#8688,.T.);
#8686 = VERTEX_POINT('',#8687);
#8687 = CARTESIAN_POINT('',(-19.,-24.,57.));
#8688 = LINE('',#8689,#8690);
#8689 = CARTESIAN_POINT('',(-19.,-45.,57.));
#8690 = VECTOR('',#8691,1.);
#8691 = DIRECTION('',(0.,1.,0.));
#8692 = ORIENTED_EDGE('',*,*,#8693,.F.);
#8693 = EDGE_CURVE('',#8694,#8686,#8696,.T.);
#8694 = VERTEX_POINT('',#8695);
#8695 = CARTESIAN_POINT('',(-42.,-24.,57.));
#8696 = LINE('',#8697,#8698);
#8697 = CARTESIAN_POINT('',(-52.,-24.,57.));
#8698 = VECTOR('',#8699,1.);
#8699 = DIRECTION('',(1.,0.,0.));
#8700 = ORIENTED_EDGE('',*,*,#8701,.F.);
#8701 = EDGE_CURVE('',#8505,#8694,#8702,.T.);
#8702 = LINE('',#8703,#8704);
#8703 = CARTESIAN_POINT('',(-52.,-24.,57.));
#8704 = VECTOR('',#8705,1.);
#8705 = DIRECTION('',(1.,0.,0.));
#8706 = PLANE('',#8707);
#8707 = AXIS2_PLACEMENT_3D('',#8708,#8709,#8710);
#8708 = CARTESIAN_POINT('',(-52.,-45.,57.));
#8709 = DIRECTION('',(0.,0.,1.));
#8710 = DIRECTION('',(1.,0.,0.));
#8711 = ADVANCED_FACE('',(#8712),#8723,.T.);
#8712 = FACE_BOUND('',#8713,.T.);
#8713 = EDGE_LOOP('',(#8714,#8715,#8721,#8722));
#8714 = ORIENTED_EDGE('',*,*,#8208,.F.);
#8715 = ORIENTED_EDGE('',*,*,#8716,.F.);
#8716 = EDGE_CURVE('',#7650,#8201,#8717,.T.);
#8717 = LINE('',#8718,#8719);
#8718 = CARTESIAN_POINT('',(-60.9,-93.,19.));
#8719 = VECTOR('',#8720,1.);
#8720 = DIRECTION('',(1.,0.,0.));
#8721 = ORIENTED_EDGE('',*,*,#7657,.T.);
#8722 = ORIENTED_EDGE('',*,*,#5341,.T.);
#8723 = PLANE('',#8724);
#8724 = AXIS2_PLACEMENT_3D('',#8725,#8726,#8727);
#8725 = CARTESIAN_POINT('',(-60.9,-93.,19.));
#8726 = DIRECTION('',(0.,1.,0.));
#8727 = DIRECTION('',(0.,0.,1.));
#8728 = ADVANCED_FACE('',(#8729),#8747,.T.);
#8729 = FACE_BOUND('',#8730,.T.);
#8730 = EDGE_LOOP('',(#8731,#8732,#8733,#8741));
#8731 = ORIENTED_EDGE('',*,*,#5310,.F.);
#8732 = ORIENTED_EDGE('',*,*,#7594,.F.);
#8733 = ORIENTED_EDGE('',*,*,#8734,.T.);
#8734 = EDGE_CURVE('',#7585,#8735,#8737,.T.);
#8735 = VERTEX_POINT('',#8736);
#8736 = CARTESIAN_POINT('',(-41.9,-99.,22.));
#8737 = LINE('',#8738,#8739);
#8738 = CARTESIAN_POINT('',(-46.9,-99.,22.));
#8739 = VECTOR('',#8740,1.);
#8740 = DIRECTION('',(1.,0.,0.));
#8741 = ORIENTED_EDGE('',*,*,#8742,.T.);
#8742 = EDGE_CURVE('',#8735,#5311,#8743,.T.);
#8743 = LINE('',#8744,#8745);
#8744 = CARTESIAN_POINT('',(-41.9,-113.,22.));
#8745 = VECTOR('',#8746,1.);
#8746 = DIRECTION('',(0.,1.,0.));
#8747 = PLANE('',#8748);
#8748 = AXIS2_PLACEMENT_3D('',#8749,#8750,#8751);
#8749 = CARTESIAN_POINT('',(-46.9,-99.,22.));
#8750 = DIRECTION('',(0.,0.,1.));
#8751 = DIRECTION('',(1.,0.,0.));
#8752 = ADVANCED_FACE('',(#8753),#8771,.T.);
#8753 = FACE_BOUND('',#8754,.T.);
#8754 = EDGE_LOOP('',(#8755,#8756,#8764,#8770));
#8755 = ORIENTED_EDGE('',*,*,#8742,.F.);
#8756 = ORIENTED_EDGE('',*,*,#8757,.T.);
#8757 = EDGE_CURVE('',#8735,#8758,#8760,.T.);
#8758 = VERTEX_POINT('',#8759);
#8759 = CARTESIAN_POINT('',(-26.9,-99.,22.));
#8760 = LINE('',#8761,#8762);
#8761 = CARTESIAN_POINT('',(-46.9,-99.,22.));
#8762 = VECTOR('',#8763,1.);
#8763 = DIRECTION('',(1.,0.,0.));
#8764 = ORIENTED_EDGE('',*,*,#8765,.T.);
#8765 = EDGE_CURVE('',#8758,#5319,#8766,.T.);
#8766 = LINE('',#8767,#8768);
#8767 = CARTESIAN_POINT('',(-26.9,-113.,22.));
#8768 = VECTOR('',#8769,1.);
#8769 = DIRECTION('',(0.,1.,0.));
#8770 = ORIENTED_EDGE('',*,*,#5318,.F.);
#8771 = PLANE('',#8772);
#8772 = AXIS2_PLACEMENT_3D('',#8773,#8774,#8775);
#8773 = CARTESIAN_POINT('',(-41.9,-113.,22.));
#8774 = DIRECTION('',(0.,0.,1.));
#8775 = DIRECTION('',(1.,0.,0.));
#8776 = ADVANCED_FACE('',(#8777),#8788,.T.);
#8777 = FACE_BOUND('',#8778,.T.);
#8778 = EDGE_LOOP('',(#8779,#8780,#8781,#8787));
#8779 = ORIENTED_EDGE('',*,*,#5326,.F.);
#8780 = ORIENTED_EDGE('',*,*,#8765,.F.);
#8781 = ORIENTED_EDGE('',*,*,#8782,.T.);
#8782 = EDGE_CURVE('',#8758,#5356,#8783,.T.);
#8783 = LINE('',#8784,#8785);
#8784 = CARTESIAN_POINT('',(-46.9,-99.,22.));
#8785 = VECTOR('',#8786,1.);
#8786 = DIRECTION('',(1.,0.,0.));
#8787 = ORIENTED_EDGE('',*,*,#5365,.T.);
#8788 = PLANE('',#8789);
#8789 = AXIS2_PLACEMENT_3D('',#8790,#8791,#8792);
#8790 = CARTESIAN_POINT('',(-46.9,-99.,22.));
#8791 = DIRECTION('',(0.,0.,1.));
#8792 = DIRECTION('',(1.,0.,0.));
#8793 = ADVANCED_FACE('',(#8794),#8812,.T.);
#8794 = FACE_BOUND('',#8795,.T.);
#8795 = EDGE_LOOP('',(#8796,#8797,#8805,#8811));
#8796 = ORIENTED_EDGE('',*,*,#8782,.F.);
#8797 = ORIENTED_EDGE('',*,*,#8798,.T.);
#8798 = EDGE_CURVE('',#8758,#8799,#8801,.T.);
#8799 = VERTEX_POINT('',#8800);
#8800 = CARTESIAN_POINT('',(-26.9,-99.,47.));
#8801 = LINE('',#8802,#8803);
#8802 = CARTESIAN_POINT('',(-26.9,-99.,22.));
#8803 = VECTOR('',#8804,1.);
#8804 = DIRECTION('',(0.,0.,1.));
#8805 = ORIENTED_EDGE('',*,*,#8806,.T.);
#8806 = EDGE_CURVE('',#8799,#5358,#8807,.T.);
#8807 = LINE('',#8808,#8809);
#8808 = CARTESIAN_POINT('',(-46.9,-99.,47.));
#8809 = VECTOR('',#8810,1.);
#8810 = DIRECTION('',(1.,0.,0.));
#8811 = ORIENTED_EDGE('',*,*,#5355,.F.);
#8812 = PLANE('',#8813);
#8813 = AXIS2_PLACEMENT_3D('',#8814,#8815,#8816);
#8814 = CARTESIAN_POINT('',(-46.9,-99.,22.));
#8815 = DIRECTION('',(0.,1.,0.));
#8816 = DIRECTION('',(0.,0.,1.));
#8817 = ADVANCED_FACE('',(#8818),#8829,.F.);
#8818 = FACE_BOUND('',#8819,.F.);
#8819 = EDGE_LOOP('',(#8820,#8821,#8827,#8828));
#8820 = ORIENTED_EDGE('',*,*,#5440,.F.);
#8821 = ORIENTED_EDGE('',*,*,#8822,.F.);
#8822 = EDGE_CURVE('',#8799,#5441,#8823,.T.);
#8823 = LINE('',#8824,#8825);
#8824 = CARTESIAN_POINT('',(-26.9,-113.,47.));
#8825 = VECTOR('',#8826,1.);
#8826 = DIRECTION('',(0.,1.,0.));
#8827 = ORIENTED_EDGE('',*,*,#8806,.T.);
#8828 = ORIENTED_EDGE('',*,*,#5372,.T.);
#8829 = PLANE('',#8830);
#8830 = AXIS2_PLACEMENT_3D('',#8831,#8832,#8833);
#8831 = CARTESIAN_POINT('',(-46.9,-99.,47.));
#8832 = DIRECTION('',(0.,0.,1.));
#8833 = DIRECTION('',(1.,0.,0.));
#8834 = ADVANCED_FACE('',(#8835),#8841,.T.);
#8835 = FACE_BOUND('',#8836,.T.);
#8836 = EDGE_LOOP('',(#8837,#8838,#8839,#8840));
#8837 = ORIENTED_EDGE('',*,*,#7559,.F.);
#8838 = ORIENTED_EDGE('',*,*,#7684,.T.);
#8839 = ORIENTED_EDGE('',*,*,#5386,.T.);
#8840 = ORIENTED_EDGE('',*,*,#5432,.F.);
#8841 = PLANE('',#8842);
#8842 = AXIS2_PLACEMENT_3D('',#8843,#8844,#8845);
#8843 = CARTESIAN_POINT('',(-60.9,-108.,50.));
#8844 = DIRECTION('',(0.,0.,1.));
#8845 = DIRECTION('',(1.,0.,0.));
#8846 = ADVANCED_FACE('',(#8847),#8865,.F.);
#8847 = FACE_BOUND('',#8848,.F.);
#8848 = EDGE_LOOP('',(#8849,#8850,#8851,#8859));
#8849 = ORIENTED_EDGE('',*,*,#5456,.F.);
#8850 = ORIENTED_EDGE('',*,*,#7601,.F.);
#8851 = ORIENTED_EDGE('',*,*,#8852,.T.);
#8852 = EDGE_CURVE('',#7587,#8853,#8855,.T.);
#8853 = VERTEX_POINT('',#8854);
#8854 = CARTESIAN_POINT('',(-41.9,-99.,47.));
#8855 = LINE('',#8856,#8857);
#8856 = CARTESIAN_POINT('',(-46.9,-99.,47.));
#8857 = VECTOR('',#8858,1.);
#8858 = DIRECTION('',(1.,0.,0.));
#8859 = ORIENTED_EDGE('',*,*,#8860,.T.);
#8860 = EDGE_CURVE('',#8853,#5449,#8861,.T.);
#8861 = LINE('',#8862,#8863);
#8862 = CARTESIAN_POINT('',(-41.9,-113.,47.));
#8863 = VECTOR('',#8864,1.);
#8864 = DIRECTION('',(0.,1.,0.));
#8865 = PLANE('',#8866);
#8866 = AXIS2_PLACEMENT_3D('',#8867,#8868,#8869);
#8867 = CARTESIAN_POINT('',(-46.9,-99.,47.));
#8868 = DIRECTION('',(0.,0.,1.));
#8869 = DIRECTION('',(1.,0.,0.));
#8870 = ADVANCED_FACE('',(#8871),#8882,.F.);
#8871 = FACE_BOUND('',#8872,.F.);
#8872 = EDGE_LOOP('',(#8873,#8874,#8880,#8881));
#8873 = ORIENTED_EDGE('',*,*,#8860,.F.);
#8874 = ORIENTED_EDGE('',*,*,#8875,.T.);
#8875 = EDGE_CURVE('',#8853,#8799,#8876,.T.);
#8876 = LINE('',#8877,#8878);
#8877 = CARTESIAN_POINT('',(-46.9,-99.,47.));
#8878 = VECTOR('',#8879,1.);
#8879 = DIRECTION('',(1.,0.,0.));
#8880 = ORIENTED_EDGE('',*,*,#8822,.T.);
#8881 = ORIENTED_EDGE('',*,*,#5448,.F.);
#8882 = PLANE('',#8883);
#8883 = AXIS2_PLACEMENT_3D('',#8884,#8885,#8886);
#8884 = CARTESIAN_POINT('',(-41.9,-113.,47.));
#8885 = DIRECTION('',(0.,0.,1.));
#8886 = DIRECTION('',(1.,0.,0.));
#8887 = ADVANCED_FACE('',(#8888),#8906,.F.);
#8888 = FACE_BOUND('',#8889,.F.);
#8889 = EDGE_LOOP('',(#8890,#8891,#8899,#8905));
#8890 = ORIENTED_EDGE('',*,*,#5495,.F.);
#8891 = ORIENTED_EDGE('',*,*,#8892,.F.);
#8892 = EDGE_CURVE('',#8893,#5496,#8895,.T.);
#8893 = VERTEX_POINT('',#8894);
#8894 = CARTESIAN_POINT('',(28.2,-92.,70.4));
#8895 = LINE('',#8896,#8897);
#8896 = CARTESIAN_POINT('',(25.7,-92.,70.4));
#8897 = VECTOR('',#8898,1.);
#8898 = DIRECTION('',(-1.,0.,0.));
#8899 = ORIENTED_EDGE('',*,*,#8900,.T.);
#8900 = EDGE_CURVE('',#8893,#8098,#8901,.T.);
#8901 = LINE('',#8902,#8903);
#8902 = CARTESIAN_POINT('',(28.2,-92.,68.));
#8903 = VECTOR('',#8904,1.);
#8904 = DIRECTION('',(0.,0.,1.));
#8905 = ORIENTED_EDGE('',*,*,#8105,.F.);
#8906 = PLANE('',#8907);
#8907 = AXIS2_PLACEMENT_3D('',#8908,#8909,#8910);
#8908 = CARTESIAN_POINT('',(23.2,-92.,68.));
#8909 = DIRECTION('',(0.,-1.,0.));
#8910 = DIRECTION('',(1.,0.,0.));
#8911 = ADVANCED_FACE('',(#8912),#8930,.F.);
#8912 = FACE_BOUND('',#8913,.F.);
#8913 = EDGE_LOOP('',(#8914,#8922,#8928,#8929));
#8914 = ORIENTED_EDGE('',*,*,#8915,.F.);
#8915 = EDGE_CURVE('',#8916,#5571,#8918,.T.);
#8916 = VERTEX_POINT('',#8917);
#8917 = CARTESIAN_POINT('',(28.2,-105.6,70.4));
#8918 = LINE('',#8919,#8920);
#8919 = CARTESIAN_POINT('',(28.2,-105.6,70.4));
#8920 = VECTOR('',#8921,1.);
#8921 = DIRECTION('',(-1.,0.,0.));
#8922 = ORIENTED_EDGE('',*,*,#8923,.T.);
#8923 = EDGE_CURVE('',#8916,#8893,#8924,.T.);
#8924 = LINE('',#8925,#8926);
#8925 = CARTESIAN_POINT('',(28.2,-105.6,70.4));
#8926 = VECTOR('',#8927,1.);
#8927 = DIRECTION('',(0.,1.,0.));
#8928 = ORIENTED_EDGE('',*,*,#8892,.T.);
#8929 = ORIENTED_EDGE('',*,*,#5578,.F.);
#8930 = PLANE('',#8931);
#8931 = AXIS2_PLACEMENT_3D('',#8932,#8933,#8934);
#8932 = CARTESIAN_POINT('',(28.2,-105.6,70.4));
#8933 = DIRECTION('',(0.,0.,1.));
#8934 = DIRECTION('',(0.,1.,0.));
#8935 = ADVANCED_FACE('',(#8936),#8954,.T.);
#8936 = FACE_BOUND('',#8937,.T.);
#8937 = EDGE_LOOP('',(#8938,#8946,#8952,#8953));
#8938 = ORIENTED_EDGE('',*,*,#8939,.F.);
#8939 = EDGE_CURVE('',#8940,#8916,#8942,.T.);
#8940 = VERTEX_POINT('',#8941);
#8941 = CARTESIAN_POINT('',(28.2,-105.6,50.));
#8942 = LINE('',#8943,#8944);
#8943 = CARTESIAN_POINT('',(28.2,-105.6,50.));
#8944 = VECTOR('',#8945,1.);
#8945 = DIRECTION('',(0.,0.,1.));
#8946 = ORIENTED_EDGE('',*,*,#8947,.T.);
#8947 = EDGE_CURVE('',#8940,#5563,#8948,.T.);
#8948 = LINE('',#8949,#8950);
#8949 = CARTESIAN_POINT('',(28.2,-105.6,50.));
#8950 = VECTOR('',#8951,1.);
#8951 = DIRECTION('',(-1.,0.,0.));
#8952 = ORIENTED_EDGE('',*,*,#5570,.T.);
#8953 = ORIENTED_EDGE('',*,*,#8915,.F.);
#8954 = PLANE('',#8955);
#8955 = AXIS2_PLACEMENT_3D('',#8956,#8957,#8958);
#8956 = CARTESIAN_POINT('',(28.2,-105.6,50.));
#8957 = DIRECTION('',(0.,1.,0.));
#8958 = DIRECTION('',(0.,0.,1.));
#8959 = ADVANCED_FACE('',(#8960),#8978,.T.);
#8960 = FACE_BOUND('',#8961,.T.);
#8961 = EDGE_LOOP('',(#8962,#8963,#8971,#8977));
#8962 = ORIENTED_EDGE('',*,*,#8947,.F.);
#8963 = ORIENTED_EDGE('',*,*,#8964,.T.);
#8964 = EDGE_CURVE('',#8940,#8965,#8967,.T.);
#8965 = VERTEX_POINT('',#8966);
#8966 = CARTESIAN_POINT('',(28.2,-60.4,50.));
#8967 = LINE('',#8968,#8969);
#8968 = CARTESIAN_POINT('',(28.2,-105.6,50.));
#8969 = VECTOR('',#8970,1.);
#8970 = DIRECTION('',(0.,1.,0.));
#8971 = ORIENTED_EDGE('',*,*,#8972,.T.);
#8972 = EDGE_CURVE('',#8965,#5555,#8973,.T.);
#8973 = LINE('',#8974,#8975);
#8974 = CARTESIAN_POINT('',(28.2,-60.4,50.));
#8975 = VECTOR('',#8976,1.);
#8976 = DIRECTION('',(-1.,0.,0.));
#8977 = ORIENTED_EDGE('',*,*,#5562,.F.);
#8978 = PLANE('',#8979);
#8979 = AXIS2_PLACEMENT_3D('',#8980,#8981,#8982);
#8980 = CARTESIAN_POINT('',(28.2,-105.6,50.));
#8981 = DIRECTION('',(0.,0.,1.));
#8982 = DIRECTION('',(0.,1.,0.));
#8983 = ADVANCED_FACE('',(#8984),#9002,.F.);
#8984 = FACE_BOUND('',#8985,.F.);
#8985 = EDGE_LOOP('',(#8986,#8994,#8995,#8996));
#8986 = ORIENTED_EDGE('',*,*,#8987,.F.);
#8987 = EDGE_CURVE('',#8965,#8988,#8990,.T.);
#8988 = VERTEX_POINT('',#8989);
#8989 = CARTESIAN_POINT('',(28.2,-60.4,70.4));
#8990 = LINE('',#8991,#8992);
#8991 = CARTESIAN_POINT('',(28.2,-60.4,50.));
#8992 = VECTOR('',#8993,1.);
#8993 = DIRECTION('',(0.,0.,1.));
#8994 = ORIENTED_EDGE('',*,*,#8972,.T.);
#8995 = ORIENTED_EDGE('',*,*,#5554,.T.);
#8996 = ORIENTED_EDGE('',*,*,#8997,.F.);
#8997 = EDGE_CURVE('',#8988,#5547,#8998,.T.);
#8998 = LINE('',#8999,#9000);
#8999 = CARTESIAN_POINT('',(28.2,-60.4,70.4));
#9000 = VECTOR('',#9001,1.);
#9001 = DIRECTION('',(-1.,0.,0.));
#9002 = PLANE('',#9003);
#9003 = AXIS2_PLACEMENT_3D('',#9004,#9005,#9006);
#9004 = CARTESIAN_POINT('',(28.2,-60.4,50.));
#9005 = DIRECTION('',(0.,1.,0.));
#9006 = DIRECTION('',(0.,0.,1.));
#9007 = ADVANCED_FACE('',(#9008),#9026,.F.);
#9008 = FACE_BOUND('',#9009,.F.);
#9009 = EDGE_LOOP('',(#9010,#9018,#9024,#9025));
#9010 = ORIENTED_EDGE('',*,*,#9011,.F.);
#9011 = EDGE_CURVE('',#9012,#5539,#9014,.T.);
#9012 = VERTEX_POINT('',#9013);
#9013 = CARTESIAN_POINT('',(28.2,-74.,70.4));
#9014 = LINE('',#9015,#9016);
#9015 = CARTESIAN_POINT('',(25.7,-74.,70.4));
#9016 = VECTOR('',#9017,1.);
#9017 = DIRECTION('',(-1.,0.,0.));
#9018 = ORIENTED_EDGE('',*,*,#9019,.T.);
#9019 = EDGE_CURVE('',#9012,#8988,#9020,.T.);
#9020 = LINE('',#9021,#9022);
#9021 = CARTESIAN_POINT('',(28.2,-105.6,70.4));
#9022 = VECTOR('',#9023,1.);
#9023 = DIRECTION('',(0.,1.,0.));
#9024 = ORIENTED_EDGE('',*,*,#8997,.T.);
#9025 = ORIENTED_EDGE('',*,*,#5546,.F.);
#9026 = PLANE('',#9027);
#9027 = AXIS2_PLACEMENT_3D('',#9028,#9029,#9030);
#9028 = CARTESIAN_POINT('',(28.2,-105.6,70.4));
#9029 = DIRECTION('',(0.,0.,1.));
#9030 = DIRECTION('',(0.,1.,0.));
#9031 = ADVANCED_FACE('',(#9032),#9043,.T.);
#9032 = FACE_BOUND('',#9033,.T.);
#9033 = EDGE_LOOP('',(#9034,#9035,#9036,#9042));
#9034 = ORIENTED_EDGE('',*,*,#5538,.F.);
#9035 = ORIENTED_EDGE('',*,*,#9011,.F.);
#9036 = ORIENTED_EDGE('',*,*,#9037,.T.);
#9037 = EDGE_CURVE('',#9012,#8090,#9038,.T.);
#9038 = LINE('',#9039,#9040);
#9039 = CARTESIAN_POINT('',(28.2,-74.,68.));
#9040 = VECTOR('',#9041,1.);
#9041 = DIRECTION('',(0.,0.,1.));
#9042 = ORIENTED_EDGE('',*,*,#8089,.F.);
#9043 = PLANE('',#9044);
#9044 = AXIS2_PLACEMENT_3D('',#9045,#9046,#9047);
#9045 = CARTESIAN_POINT('',(23.2,-74.,68.));
#9046 = DIRECTION('',(0.,-1.,0.));
#9047 = DIRECTION('',(1.,0.,0.));
#9048 = ADVANCED_FACE('',(#9049),#9074,.F.);
#9049 = FACE_BOUND('',#9050,.F.);
#9050 = EDGE_LOOP('',(#9051,#9059,#9060,#9068));
#9051 = ORIENTED_EDGE('',*,*,#9052,.F.);
#9052 = EDGE_CURVE('',#5699,#9053,#9055,.T.);
#9053 = VERTEX_POINT('',#9054);
#9054 = CARTESIAN_POINT('',(-62.,66.,49.));
#9055 = LINE('',#9056,#9057);
#9056 = CARTESIAN_POINT('',(-62.,66.,37.));
#9057 = VECTOR('',#9058,1.);
#9058 = DIRECTION('',(0.,0.,1.));
#9059 = ORIENTED_EDGE('',*,*,#5709,.T.);
#9060 = ORIENTED_EDGE('',*,*,#9061,.T.);
#9061 = EDGE_CURVE('',#5675,#9062,#9064,.T.);
#9062 = VERTEX_POINT('',#9063);
#9063 = CARTESIAN_POINT('',(-62.,76.,49.));
#9064 = LINE('',#9065,#9066);
#9065 = CARTESIAN_POINT('',(-62.,76.,37.));
#9066 = VECTOR('',#9067,1.);
#9067 = DIRECTION('',(0.,0.,1.));
#9068 = ORIENTED_EDGE('',*,*,#9069,.F.);
#9069 = EDGE_CURVE('',#9053,#9062,#9070,.T.);
#9070 = LINE('',#9071,#9072);
#9071 = CARTESIAN_POINT('',(-62.,66.,49.));
#9072 = VECTOR('',#9073,1.);
#9073 = DIRECTION('',(0.,1.,0.));
#9074 = PLANE('',#9075);
#9075 = AXIS2_PLACEMENT_3D('',#9076,#9077,#9078);
#9076 = CARTESIAN_POINT('',(-62.,66.,37.));
#9077 = DIRECTION('',(1.,0.,0.));
#9078 = DIRECTION('',(0.,0.,1.));
#9079 = ADVANCED_FACE('',(#9080),#9098,.T.);
#9080 = FACE_BOUND('',#9081,.T.);
#9081 = EDGE_LOOP('',(#9082,#9083,#9084,#9092));
#9082 = ORIENTED_EDGE('',*,*,#5733,.F.);
#9083 = ORIENTED_EDGE('',*,*,#5749,.T.);
#9084 = ORIENTED_EDGE('',*,*,#9085,.T.);
#9085 = EDGE_CURVE('',#5750,#9086,#9088,.T.);
#9086 = VERTEX_POINT('',#9087);
#9087 = CARTESIAN_POINT('',(-52.,66.,40.));
#9088 = LINE('',#9089,#9090);
#9089 = CARTESIAN_POINT('',(-52.,61.,40.));
#9090 = VECTOR('',#9091,1.);
#9091 = DIRECTION('',(0.,1.,0.));
#9092 = ORIENTED_EDGE('',*,*,#9093,.F.);
#9093 = EDGE_CURVE('',#5699,#9086,#9094,.T.);
#9094 = LINE('',#9095,#9096);
#9095 = CARTESIAN_POINT('',(-62.,66.,40.));
#9096 = VECTOR('',#9097,1.);
#9097 = DIRECTION('',(1.,0.,0.));
#9098 = PLANE('',#9099);
#9099 = AXIS2_PLACEMENT_3D('',#9100,#9101,#9102);
#9100 = CARTESIAN_POINT('',(-62.,61.,40.));
#9101 = DIRECTION('',(0.,0.,1.));
#9102 = DIRECTION('',(1.,0.,0.));
#9103 = ADVANCED_FACE('',(#9104),#9115,.T.);
#9104 = FACE_BOUND('',#9105,.T.);
#9105 = EDGE_LOOP('',(#9106,#9107,#9108,#9109));
#9106 = ORIENTED_EDGE('',*,*,#9085,.F.);
#9107 = ORIENTED_EDGE('',*,*,#5773,.T.);
#9108 = ORIENTED_EDGE('',*,*,#5805,.T.);
#9109 = ORIENTED_EDGE('',*,*,#9110,.F.);
#9110 = EDGE_CURVE('',#9086,#5798,#9111,.T.);
#9111 = LINE('',#9112,#9113);
#9112 = CARTESIAN_POINT('',(-52.,66.,40.));
#9113 = VECTOR('',#9114,1.);
#9114 = DIRECTION('',(1.,0.,0.));
#9115 = PLANE('',#9116);
#9116 = AXIS2_PLACEMENT_3D('',#9117,#9118,#9119);
#9117 = CARTESIAN_POINT('',(-52.,61.,40.));
#9118 = DIRECTION('',(0.,0.,1.));
#9119 = DIRECTION('',(1.,0.,0.));
#9120 = ADVANCED_FACE('',(#9121),#9146,.T.);
#9121 = FACE_BOUND('',#9122,.T.);
#9122 = EDGE_LOOP('',(#9123,#9131,#9132,#9140));
#9123 = ORIENTED_EDGE('',*,*,#9124,.F.);
#9124 = EDGE_CURVE('',#5798,#9125,#9127,.T.);
#9125 = VERTEX_POINT('',#9126);
#9126 = CARTESIAN_POINT('',(-42.,66.,57.));
#9127 = LINE('',#9128,#9129);
#9128 = CARTESIAN_POINT('',(-42.,66.,37.));
#9129 = VECTOR('',#9130,1.);
#9130 = DIRECTION('',(0.,0.,1.));
#9131 = ORIENTED_EDGE('',*,*,#5830,.T.);
#9132 = ORIENTED_EDGE('',*,*,#9133,.T.);
#9133 = EDGE_CURVE('',#5823,#9134,#9136,.T.);
#9134 = VERTEX_POINT('',#9135);
#9135 = CARTESIAN_POINT('',(-42.,76.,57.));
#9136 = LINE('',#9137,#9138);
#9137 = CARTESIAN_POINT('',(-42.,76.,37.));
#9138 = VECTOR('',#9139,1.);
#9139 = DIRECTION('',(0.,0.,1.));
#9140 = ORIENTED_EDGE('',*,*,#9141,.F.);
#9141 = EDGE_CURVE('',#9125,#9134,#9142,.T.);
#9142 = LINE('',#9143,#9144);
#9143 = CARTESIAN_POINT('',(-42.,66.,57.));
#9144 = VECTOR('',#9145,1.);
#9145 = DIRECTION('',(0.,1.,0.));
#9146 = PLANE('',#9147);
#9147 = AXIS2_PLACEMENT_3D('',#9148,#9149,#9150);
#9148 = CARTESIAN_POINT('',(-42.,66.,37.));
#9149 = DIRECTION('',(1.,0.,0.));
#9150 = DIRECTION('',(0.,0.,1.));
#9151 = ADVANCED_FACE('',(#9152),#9177,.F.);
#9152 = FACE_BOUND('',#9153,.F.);
#9153 = EDGE_LOOP('',(#9154,#9162,#9163,#9171));
#9154 = ORIENTED_EDGE('',*,*,#9155,.F.);
#9155 = EDGE_CURVE('',#5886,#9156,#9158,.T.);
#9156 = VERTEX_POINT('',#9157);
#9157 = CARTESIAN_POINT('',(28.,66.,57.));
#9158 = LINE('',#9159,#9160);
#9159 = CARTESIAN_POINT('',(28.,66.,37.));
#9160 = VECTOR('',#9161,1.);
#9161 = DIRECTION('',(0.,0.,1.));
#9162 = ORIENTED_EDGE('',*,*,#5896,.T.);
#9163 = ORIENTED_EDGE('',*,*,#9164,.T.);
#9164 = EDGE_CURVE('',#5862,#9165,#9167,.T.);
#9165 = VERTEX_POINT('',#9166);
#9166 = CARTESIAN_POINT('',(28.,76.,57.));
#9167 = LINE('',#9168,#9169);
#9168 = CARTESIAN_POINT('',(28.,76.,37.));
#9169 = VECTOR('',#9170,1.);
#9170 = DIRECTION('',(0.,0.,1.));
#9171 = ORIENTED_EDGE('',*,*,#9172,.F.);
#9172 = EDGE_CURVE('',#9156,#9165,#9173,.T.);
#9173 = LINE('',#9174,#9175);
#9174 = CARTESIAN_POINT('',(28.,66.,57.));
#9175 = VECTOR('',#9176,1.);
#9176 = DIRECTION('',(0.,1.,0.));
#9177 = PLANE('',#9178);
#9178 = AXIS2_PLACEMENT_3D('',#9179,#9180,#9181);
#9179 = CARTESIAN_POINT('',(28.,66.,37.));
#9180 = DIRECTION('',(1.,0.,0.));
#9181 = DIRECTION('',(0.,0.,1.));
#9182 = ADVANCED_FACE('',(#9183),#9194,.T.);
#9183 = FACE_BOUND('',#9184,.T.);
#9184 = EDGE_LOOP('',(#9185,#9186,#9187,#9188));
#9185 = ORIENTED_EDGE('',*,*,#5920,.F.);
#9186 = ORIENTED_EDGE('',*,*,#5936,.T.);
#9187 = ORIENTED_EDGE('',*,*,#5968,.T.);
#9188 = ORIENTED_EDGE('',*,*,#9189,.F.);
#9189 = EDGE_CURVE('',#5886,#5961,#9190,.T.);
#9190 = LINE('',#9191,#9192);
#9191 = CARTESIAN_POINT('',(28.,66.,40.));
#9192 = VECTOR('',#9193,1.);
#9193 = DIRECTION('',(1.,0.,0.));
#9194 = PLANE('',#9195);
#9195 = AXIS2_PLACEMENT_3D('',#9196,#9197,#9198);
#9196 = CARTESIAN_POINT('',(28.,61.,40.));
#9197 = DIRECTION('',(0.,0.,1.));
#9198 = DIRECTION('',(1.,0.,0.));
#9199 = ADVANCED_FACE('',(#9200),#9225,.T.);
#9200 = FACE_BOUND('',#9201,.T.);
#9201 = EDGE_LOOP('',(#9202,#9210,#9211,#9219));
#9202 = ORIENTED_EDGE('',*,*,#9203,.F.);
#9203 = EDGE_CURVE('',#5961,#9204,#9206,.T.);
#9204 = VERTEX_POINT('',#9205);
#9205 = CARTESIAN_POINT('',(38.,66.,57.));
#9206 = LINE('',#9207,#9208);
#9207 = CARTESIAN_POINT('',(38.,66.,37.));
#9208 = VECTOR('',#9209,1.);
#9209 = DIRECTION('',(0.,0.,1.));
#9210 = ORIENTED_EDGE('',*,*,#5993,.T.);
#9211 = ORIENTED_EDGE('',*,*,#9212,.T.);
#9212 = EDGE_CURVE('',#5986,#9213,#9215,.T.);
#9213 = VERTEX_POINT('',#9214);
#9214 = CARTESIAN_POINT('',(38.,76.,57.));
#9215 = LINE('',#9216,#9217);
#9216 = CARTESIAN_POINT('',(38.,76.,37.));
#9217 = VECTOR('',#9218,1.);
#9218 = DIRECTION('',(0.,0.,1.));
#9219 = ORIENTED_EDGE('',*,*,#9220,.F.);
#9220 = EDGE_CURVE('',#9204,#9213,#9221,.T.);
#9221 = LINE('',#9222,#9223);
#9222 = CARTESIAN_POINT('',(38.,66.,57.));
#9223 = VECTOR('',#9224,1.);
#9224 = DIRECTION('',(0.,1.,0.));
#9225 = PLANE('',#9226);
#9226 = AXIS2_PLACEMENT_3D('',#9227,#9228,#9229);
#9227 = CARTESIAN_POINT('',(38.,66.,37.));
#9228 = DIRECTION('',(1.,0.,0.));
#9229 = DIRECTION('',(0.,0.,1.));
#9230 = ADVANCED_FACE('',(#9231),#9242,.T.);
#9231 = FACE_BOUND('',#9232,.T.);
#9232 = EDGE_LOOP('',(#9233,#9234,#9235,#9236));
#9233 = ORIENTED_EDGE('',*,*,#8669,.F.);
#9234 = ORIENTED_EDGE('',*,*,#6117,.T.);
#9235 = ORIENTED_EDGE('',*,*,#6141,.T.);
#9236 = ORIENTED_EDGE('',*,*,#9237,.F.);
#9237 = EDGE_CURVE('',#8662,#6142,#9238,.T.);
#9238 = LINE('',#9239,#9240);
#9239 = CARTESIAN_POINT('',(-16.,-45.,57.));
#9240 = VECTOR('',#9241,1.);
#9241 = DIRECTION('',(0.,1.,0.));
#9242 = PLANE('',#9243);
#9243 = AXIS2_PLACEMENT_3D('',#9244,#9245,#9246);
#9244 = CARTESIAN_POINT('',(-16.,-45.,54.));
#9245 = DIRECTION('',(1.,0.,0.));
#9246 = DIRECTION('',(0.,0.,1.));
#9247 = ADVANCED_FACE('',(#9248),#9281,.T.);
#9248 = FACE_BOUND('',#9249,.T.);
#9249 = EDGE_LOOP('',(#9250,#9256,#9257,#9263,#9264,#9265,#9273,#9279,
    #9280));
#9250 = ORIENTED_EDGE('',*,*,#9251,.F.);
#9251 = EDGE_CURVE('',#8694,#6390,#9252,.T.);
#9252 = LINE('',#9253,#9254);
#9253 = CARTESIAN_POINT('',(-42.,-24.,57.));
#9254 = VECTOR('',#9255,1.);
#9255 = DIRECTION('',(0.,1.,0.));
#9256 = ORIENTED_EDGE('',*,*,#8693,.T.);
#9257 = ORIENTED_EDGE('',*,*,#9258,.T.);
#9258 = EDGE_CURVE('',#8686,#6142,#9259,.T.);
#9259 = LINE('',#9260,#9261);
#9260 = CARTESIAN_POINT('',(-52.,-24.,57.));
#9261 = VECTOR('',#9262,1.);
#9262 = DIRECTION('',(1.,0.,0.));
#9263 = ORIENTED_EDGE('',*,*,#6149,.T.);
#9264 = ORIENTED_EDGE('',*,*,#6181,.T.);
#9265 = ORIENTED_EDGE('',*,*,#9266,.F.);
#9266 = EDGE_CURVE('',#9267,#6174,#9269,.T.);
#9267 = VERTEX_POINT('',#9268);
#9268 = CARTESIAN_POINT('',(-3.,59.,57.));
#9269 = LINE('',#9270,#9271);
#9270 = CARTESIAN_POINT('',(-3.,59.,57.));
#9271 = VECTOR('',#9272,1.);
#9272 = DIRECTION('',(1.,0.,0.));
#9273 = ORIENTED_EDGE('',*,*,#9274,.F.);
#9274 = EDGE_CURVE('',#6357,#9267,#9275,.T.);
#9275 = LINE('',#9276,#9277);
#9276 = CARTESIAN_POINT('',(-9.,59.,57.));
#9277 = VECTOR('',#9278,1.);
#9278 = DIRECTION('',(1.,0.,0.));
#9279 = ORIENTED_EDGE('',*,*,#6356,.F.);
#9280 = ORIENTED_EDGE('',*,*,#6413,.F.);
#9281 = PLANE('',#9282);
#9282 = AXIS2_PLACEMENT_3D('',#9283,#9284,#9285);
#9283 = CARTESIAN_POINT('',(-42.,-24.,57.));
#9284 = DIRECTION('',(0.,0.,1.));
#9285 = DIRECTION('',(1.,0.,0.));
#9286 = ADVANCED_FACE('',(#9287),#9298,.T.);
#9287 = FACE_BOUND('',#9288,.T.);
#9288 = EDGE_LOOP('',(#9289,#9295,#9296,#9297));
#9289 = ORIENTED_EDGE('',*,*,#9290,.F.);
#9290 = EDGE_CURVE('',#9267,#6229,#9291,.T.);
#9291 = LINE('',#9292,#9293);
#9292 = CARTESIAN_POINT('',(-3.,59.,57.));
#9293 = VECTOR('',#9294,1.);
#9294 = DIRECTION('',(0.,1.,0.));
#9295 = ORIENTED_EDGE('',*,*,#9266,.T.);
#9296 = ORIENTED_EDGE('',*,*,#6205,.T.);
#9297 = ORIENTED_EDGE('',*,*,#6236,.F.);
#9298 = PLANE('',#9299);
#9299 = AXIS2_PLACEMENT_3D('',#9300,#9301,#9302);
#9300 = CARTESIAN_POINT('',(-3.,59.,57.));
#9301 = DIRECTION('',(0.,0.,1.));
#9302 = DIRECTION('',(1.,0.,0.));
#9303 = ADVANCED_FACE('',(#9304),#9329,.T.);
#9304 = FACE_BOUND('',#9305,.T.);
#9305 = EDGE_LOOP('',(#9306,#9314,#9322,#9328));
#9306 = ORIENTED_EDGE('',*,*,#9307,.F.);
#9307 = EDGE_CURVE('',#9308,#6221,#9310,.T.);
#9308 = VERTEX_POINT('',#9309);
#9309 = CARTESIAN_POINT('',(-9.,63.,54.));
#9310 = LINE('',#9311,#9312);
#9311 = CARTESIAN_POINT('',(-9.,63.,54.));
#9312 = VECTOR('',#9313,1.);
#9313 = DIRECTION('',(1.,0.,0.));
#9314 = ORIENTED_EDGE('',*,*,#9315,.T.);
#9315 = EDGE_CURVE('',#9308,#9316,#9318,.T.);
#9316 = VERTEX_POINT('',#9317);
#9317 = CARTESIAN_POINT('',(-9.,63.,57.));
#9318 = LINE('',#9319,#9320);
#9319 = CARTESIAN_POINT('',(-9.,63.,54.));
#9320 = VECTOR('',#9321,1.);
#9321 = DIRECTION('',(0.,0.,1.));
#9322 = ORIENTED_EDGE('',*,*,#9323,.T.);
#9323 = EDGE_CURVE('',#9316,#6229,#9324,.T.);
#9324 = LINE('',#9325,#9326);
#9325 = CARTESIAN_POINT('',(-9.,63.,57.));
#9326 = VECTOR('',#9327,1.);
#9327 = DIRECTION('',(1.,0.,0.));
#9328 = ORIENTED_EDGE('',*,*,#6228,.F.);
#9329 = PLANE('',#9330);
#9330 = AXIS2_PLACEMENT_3D('',#9331,#9332,#9333);
#9331 = CARTESIAN_POINT('',(-9.,63.,54.));
#9332 = DIRECTION('',(0.,1.,0.));
#9333 = DIRECTION('',(0.,0.,1.));
#9334 = ADVANCED_FACE('',(#9335),#9351,.F.);
#9335 = FACE_BOUND('',#9336,.F.);
#9336 = EDGE_LOOP('',(#9337,#9343,#9349,#9350));
#9337 = ORIENTED_EDGE('',*,*,#9338,.F.);
#9338 = EDGE_CURVE('',#6365,#9308,#9339,.T.);
#9339 = LINE('',#9340,#9341);
#9340 = CARTESIAN_POINT('',(-9.,59.,54.));
#9341 = VECTOR('',#9342,1.);
#9342 = DIRECTION('',(0.,1.,0.));
#9343 = ORIENTED_EDGE('',*,*,#9344,.T.);
#9344 = EDGE_CURVE('',#6365,#6252,#9345,.T.);
#9345 = LINE('',#9346,#9347);
#9346 = CARTESIAN_POINT('',(-9.,59.,54.));
#9347 = VECTOR('',#9348,1.);
#9348 = DIRECTION('',(1.,0.,0.));
#9349 = ORIENTED_EDGE('',*,*,#6261,.T.);
#9350 = ORIENTED_EDGE('',*,*,#9307,.F.);
#9351 = PLANE('',#9352);
#9352 = AXIS2_PLACEMENT_3D('',#9353,#9354,#9355);
#9353 = CARTESIAN_POINT('',(-9.,59.,54.));
#9354 = DIRECTION('',(0.,0.,1.));
#9355 = DIRECTION('',(1.,0.,0.));
#9356 = ADVANCED_FACE('',(#9357),#9364,.F.);
#9357 = FACE_BOUND('',#9358,.F.);
#9358 = EDGE_LOOP('',(#9359,#9360,#9361,#9362,#9363));
#9359 = ORIENTED_EDGE('',*,*,#6333,.F.);
#9360 = ORIENTED_EDGE('',*,*,#6308,.T.);
#9361 = ORIENTED_EDGE('',*,*,#6285,.T.);
#9362 = ORIENTED_EDGE('',*,*,#9344,.F.);
#9363 = ORIENTED_EDGE('',*,*,#6372,.F.);
#9364 = PLANE('',#9365);
#9365 = AXIS2_PLACEMENT_3D('',#9366,#9367,#9368);
#9366 = CARTESIAN_POINT('',(-39.,-21.,54.));
#9367 = DIRECTION('',(0.,0.,1.));
#9368 = DIRECTION('',(1.,0.,0.));
#9369 = ADVANCED_FACE('',(#9370),#9381,.F.);
#9370 = FACE_BOUND('',#9371,.F.);
#9371 = EDGE_LOOP('',(#9372,#9373,#9374,#9375));
#9372 = ORIENTED_EDGE('',*,*,#6364,.F.);
#9373 = ORIENTED_EDGE('',*,*,#9338,.T.);
#9374 = ORIENTED_EDGE('',*,*,#9315,.T.);
#9375 = ORIENTED_EDGE('',*,*,#9376,.F.);
#9376 = EDGE_CURVE('',#6357,#9316,#9377,.T.);
#9377 = LINE('',#9378,#9379);
#9378 = CARTESIAN_POINT('',(-9.,59.,57.));
#9379 = VECTOR('',#9380,1.);
#9380 = DIRECTION('',(0.,1.,0.));
#9381 = PLANE('',#9382);
#9382 = AXIS2_PLACEMENT_3D('',#9383,#9384,#9385);
#9383 = CARTESIAN_POINT('',(-9.,59.,54.));
#9384 = DIRECTION('',(1.,0.,0.));
#9385 = DIRECTION('',(0.,0.,1.));
#9386 = ADVANCED_FACE('',(#9387),#9403,.T.);
#9387 = FACE_BOUND('',#9388,.T.);
#9388 = EDGE_LOOP('',(#9389,#9395,#9396,#9402));
#9389 = ORIENTED_EDGE('',*,*,#9390,.F.);
#9390 = EDGE_CURVE('',#6452,#6388,#9391,.T.);
#9391 = LINE('',#9392,#9393);
#9392 = CARTESIAN_POINT('',(-52.,-14.,40.));
#9393 = VECTOR('',#9394,1.);
#9394 = DIRECTION('',(1.,0.,0.));
#9395 = ORIENTED_EDGE('',*,*,#8567,.T.);
#9396 = ORIENTED_EDGE('',*,*,#9397,.T.);
#9397 = EDGE_CURVE('',#8568,#6390,#9398,.T.);
#9398 = LINE('',#9399,#9400);
#9399 = CARTESIAN_POINT('',(-52.,-14.,57.));
#9400 = VECTOR('',#9401,1.);
#9401 = DIRECTION('',(1.,0.,0.));
#9402 = ORIENTED_EDGE('',*,*,#6387,.F.);
#9403 = PLANE('',#9404);
#9404 = AXIS2_PLACEMENT_3D('',#9405,#9406,#9407);
#9405 = CARTESIAN_POINT('',(-52.,-14.,37.));
#9406 = DIRECTION('',(0.,1.,0.));
#9407 = DIRECTION('',(0.,0.,1.));
#9408 = ADVANCED_FACE('',(#9409),#9415,.T.);
#9409 = FACE_BOUND('',#9410,.T.);
#9410 = EDGE_LOOP('',(#9411,#9412,#9413,#9414));
#9411 = ORIENTED_EDGE('',*,*,#6461,.F.);
#9412 = ORIENTED_EDGE('',*,*,#9390,.T.);
#9413 = ORIENTED_EDGE('',*,*,#6397,.T.);
#9414 = ORIENTED_EDGE('',*,*,#6436,.F.);
#9415 = PLANE('',#9416);
#9416 = AXIS2_PLACEMENT_3D('',#9417,#9418,#9419);
#9417 = CARTESIAN_POINT('',(-52.,-29.,40.));
#9418 = DIRECTION('',(0.,0.,1.));
#9419 = DIRECTION('',(1.,0.,0.));
#9420 = ADVANCED_FACE('',(#9421),#9439,.T.);
#9421 = FACE_BOUND('',#9422,.T.);
#9422 = EDGE_LOOP('',(#9423,#9431,#9437,#9438));
#9423 = ORIENTED_EDGE('',*,*,#9424,.F.);
#9424 = EDGE_CURVE('',#9425,#6501,#9427,.T.);
#9425 = VERTEX_POINT('',#9426);
#9426 = CARTESIAN_POINT('',(-61.,-22.,40.));
#9427 = LINE('',#9428,#9429);
#9428 = CARTESIAN_POINT('',(-61.,-22.,40.));
#9429 = VECTOR('',#9430,1.);
#9430 = DIRECTION('',(0.,1.,0.));
#9431 = ORIENTED_EDGE('',*,*,#9432,.T.);
#9432 = EDGE_CURVE('',#9425,#8553,#9433,.T.);
#9433 = LINE('',#9434,#9435);
#9434 = CARTESIAN_POINT('',(-62.,-22.,40.));
#9435 = VECTOR('',#9436,1.);
#9436 = DIRECTION('',(1.,0.,0.));
#9437 = ORIENTED_EDGE('',*,*,#8560,.T.);
#9438 = ORIENTED_EDGE('',*,*,#6508,.F.);
#9439 = PLANE('',#9440);
#9440 = AXIS2_PLACEMENT_3D('',#9441,#9442,#9443);
#9441 = CARTESIAN_POINT('',(-62.,-37.,40.));
#9442 = DIRECTION('',(0.,0.,1.));
#9443 = DIRECTION('',(1.,0.,0.));
#9444 = ADVANCED_FACE('',(#9445),#9477,.T.);
#9445 = FACE_BOUND('',#9446,.T.);
#9446 = EDGE_LOOP('',(#9447,#9455,#9456,#9464,#9470,#9471));
#9447 = ORIENTED_EDGE('',*,*,#9448,.F.);
#9448 = EDGE_CURVE('',#7194,#9449,#9451,.T.);
#9449 = VERTEX_POINT('',#9450);
#9450 = CARTESIAN_POINT('',(-64.,43.,40.));
#9451 = LINE('',#9452,#9453);
#9452 = CARTESIAN_POINT('',(-64.,-22.,40.));
#9453 = VECTOR('',#9454,1.);
#9454 = DIRECTION('',(0.,1.,0.));
#9455 = ORIENTED_EDGE('',*,*,#7201,.T.);
#9456 = ORIENTED_EDGE('',*,*,#9457,.T.);
#9457 = EDGE_CURVE('',#7202,#9458,#9460,.T.);
#9458 = VERTEX_POINT('',#9459);
#9459 = CARTESIAN_POINT('',(-62.,-17.,40.));
#9460 = LINE('',#9461,#9462);
#9461 = CARTESIAN_POINT('',(-62.,-37.,40.));
#9462 = VECTOR('',#9463,1.);
#9463 = DIRECTION('',(0.,1.,0.));
#9464 = ORIENTED_EDGE('',*,*,#9465,.T.);
#9465 = EDGE_CURVE('',#9458,#6501,#9466,.T.);
#9466 = LINE('',#9467,#9468);
#9467 = CARTESIAN_POINT('',(-62.,-17.,40.));
#9468 = VECTOR('',#9469,1.);
#9469 = DIRECTION('',(1.,0.,0.));
#9470 = ORIENTED_EDGE('',*,*,#6523,.T.);
#9471 = ORIENTED_EDGE('',*,*,#9472,.F.);
#9472 = EDGE_CURVE('',#9449,#6524,#9473,.T.);
#9473 = LINE('',#9474,#9475);
#9474 = CARTESIAN_POINT('',(-97.,43.,40.));
#9475 = VECTOR('',#9476,1.);
#9476 = DIRECTION('',(1.,0.,0.));
#9477 = PLANE('',#9478);
#9478 = AXIS2_PLACEMENT_3D('',#9479,#9480,#9481);
#9479 = CARTESIAN_POINT('',(-64.,-22.,40.));
#9480 = DIRECTION('',(0.,0.,1.));
#9481 = DIRECTION('',(1.,0.,0.));
#9482 = ADVANCED_FACE('',(#9483),#9494,.T.);
#9483 = FACE_BOUND('',#9484,.T.);
#9484 = EDGE_LOOP('',(#9485,#9491,#9492,#9493));
#9485 = ORIENTED_EDGE('',*,*,#9486,.F.);
#9486 = EDGE_CURVE('',#9449,#6573,#9487,.T.);
#9487 = LINE('',#9488,#9489);
#9488 = CARTESIAN_POINT('',(-64.,-22.,40.));
#9489 = VECTOR('',#9490,1.);
#9490 = DIRECTION('',(0.,1.,0.));
#9491 = ORIENTED_EDGE('',*,*,#9472,.T.);
#9492 = ORIENTED_EDGE('',*,*,#6547,.T.);
#9493 = ORIENTED_EDGE('',*,*,#6580,.F.);
#9494 = PLANE('',#9495);
#9495 = AXIS2_PLACEMENT_3D('',#9496,#9497,#9498);
#9496 = CARTESIAN_POINT('',(-64.,-22.,40.));
#9497 = DIRECTION('',(0.,0.,1.));
#9498 = DIRECTION('',(1.,0.,0.));
#9499 = ADVANCED_FACE('',(#9500),#9518,.T.);
#9500 = FACE_BOUND('',#9501,.T.);
#9501 = EDGE_LOOP('',(#9502,#9510,#9516,#9517));
#9502 = ORIENTED_EDGE('',*,*,#9503,.F.);
#9503 = EDGE_CURVE('',#9504,#6597,#9506,.T.);
#9504 = VERTEX_POINT('',#9505);
#9505 = CARTESIAN_POINT('',(-94.,43.,40.));
#9506 = LINE('',#9507,#9508);
#9507 = CARTESIAN_POINT('',(-94.,-22.,40.));
#9508 = VECTOR('',#9509,1.);
#9509 = DIRECTION('',(0.,1.,0.));
#9510 = ORIENTED_EDGE('',*,*,#9511,.T.);
#9511 = EDGE_CURVE('',#9504,#9449,#9512,.T.);
#9512 = LINE('',#9513,#9514);
#9513 = CARTESIAN_POINT('',(-97.,43.,40.));
#9514 = VECTOR('',#9515,1.);
#9515 = DIRECTION('',(1.,0.,0.));
#9516 = ORIENTED_EDGE('',*,*,#9486,.T.);
#9517 = ORIENTED_EDGE('',*,*,#6604,.F.);
#9518 = PLANE('',#9519);
#9519 = AXIS2_PLACEMENT_3D('',#9520,#9521,#9522);
#9520 = CARTESIAN_POINT('',(-97.,43.,40.));
#9521 = DIRECTION('',(0.,0.,1.));
#9522 = DIRECTION('',(1.,0.,0.));
#9523 = ADVANCED_FACE('',(#9524),#9535,.T.);
#9524 = FACE_BOUND('',#9525,.T.);
#9525 = EDGE_LOOP('',(#9526,#9527,#9533,#9534));
#9526 = ORIENTED_EDGE('',*,*,#6653,.F.);
#9527 = ORIENTED_EDGE('',*,*,#9528,.T.);
#9528 = EDGE_CURVE('',#6644,#9504,#9529,.T.);
#9529 = LINE('',#9530,#9531);
#9530 = CARTESIAN_POINT('',(-97.,43.,40.));
#9531 = VECTOR('',#9532,1.);
#9532 = DIRECTION('',(1.,0.,0.));
#9533 = ORIENTED_EDGE('',*,*,#9503,.T.);
#9534 = ORIENTED_EDGE('',*,*,#6628,.F.);
#9535 = PLANE('',#9536);
#9536 = AXIS2_PLACEMENT_3D('',#9537,#9538,#9539);
#9537 = CARTESIAN_POINT('',(-97.,43.,40.));
#9538 = DIRECTION('',(0.,0.,1.));
#9539 = DIRECTION('',(1.,0.,0.));
#9540 = ADVANCED_FACE('',(#9541),#9566,.T.);
#9541 = FACE_BOUND('',#9542,.T.);
#9542 = EDGE_LOOP('',(#9543,#9544,#9552,#9558,#9559,#9565));
#9543 = ORIENTED_EDGE('',*,*,#6667,.F.);
#9544 = ORIENTED_EDGE('',*,*,#9545,.T.);
#9545 = EDGE_CURVE('',#6668,#9546,#9548,.T.);
#9546 = VERTEX_POINT('',#9547);
#9547 = CARTESIAN_POINT('',(-96.,-17.,40.));
#9548 = LINE('',#9549,#9550);
#9549 = CARTESIAN_POINT('',(-106.,-17.,40.));
#9550 = VECTOR('',#9551,1.);
#9551 = DIRECTION('',(1.,0.,0.));
#9552 = ORIENTED_EDGE('',*,*,#9553,.F.);
#9553 = EDGE_CURVE('',#7036,#9546,#9554,.T.);
#9554 = LINE('',#9555,#9556);
#9555 = CARTESIAN_POINT('',(-96.,-37.,40.));
#9556 = VECTOR('',#9557,1.);
#9557 = DIRECTION('',(0.,1.,0.));
#9558 = ORIENTED_EDGE('',*,*,#7043,.T.);
#9559 = ORIENTED_EDGE('',*,*,#9560,.T.);
#9560 = EDGE_CURVE('',#7044,#9504,#9561,.T.);
#9561 = LINE('',#9562,#9563);
#9562 = CARTESIAN_POINT('',(-94.,-22.,40.));
#9563 = VECTOR('',#9564,1.);
#9564 = DIRECTION('',(0.,1.,0.));
#9565 = ORIENTED_EDGE('',*,*,#9528,.F.);
#9566 = PLANE('',#9567);
#9567 = AXIS2_PLACEMENT_3D('',#9568,#9569,#9570);
#9568 = CARTESIAN_POINT('',(-97.,-22.,40.));
#9569 = DIRECTION('',(0.,0.,1.));
#9570 = DIRECTION('',(1.,0.,0.));
#9571 = ADVANCED_FACE('',(#9572),#9597,.T.);
#9572 = FACE_BOUND('',#9573,.T.);
#9573 = EDGE_LOOP('',(#9574,#9582,#9583,#9591));
#9574 = ORIENTED_EDGE('',*,*,#9575,.F.);
#9575 = EDGE_CURVE('',#6735,#9576,#9578,.T.);
#9576 = VERTEX_POINT('',#9577);
#9577 = CARTESIAN_POINT('',(-96.,66.,49.));
#9578 = LINE('',#9579,#9580);
#9579 = CARTESIAN_POINT('',(-96.,66.,37.));
#9580 = VECTOR('',#9581,1.);
#9581 = DIRECTION('',(0.,0.,1.));
#9582 = ORIENTED_EDGE('',*,*,#6767,.T.);
#9583 = ORIENTED_EDGE('',*,*,#9584,.T.);
#9584 = EDGE_CURVE('',#6760,#9585,#9587,.T.);
#9585 = VERTEX_POINT('',#9586);
#9586 = CARTESIAN_POINT('',(-96.,76.,49.));
#9587 = LINE('',#9588,#9589);
#9588 = CARTESIAN_POINT('',(-96.,76.,37.));
#9589 = VECTOR('',#9590,1.);
#9590 = DIRECTION('',(0.,0.,1.));
#9591 = ORIENTED_EDGE('',*,*,#9592,.F.);
#9592 = EDGE_CURVE('',#9576,#9585,#9593,.T.);
#9593 = LINE('',#9594,#9595);
#9594 = CARTESIAN_POINT('',(-96.,66.,49.));
#9595 = VECTOR('',#9596,1.);
#9596 = DIRECTION('',(0.,1.,0.));
#9597 = PLANE('',#9598);
#9598 = AXIS2_PLACEMENT_3D('',#9599,#9600,#9601);
#9599 = CARTESIAN_POINT('',(-96.,66.,37.));
#9600 = DIRECTION('',(1.,0.,0.));
#9601 = DIRECTION('',(0.,0.,1.));
#9602 = ADVANCED_FACE('',(#9603),#9614,.T.);
#9603 = FACE_BOUND('',#9604,.T.);
#9604 = EDGE_LOOP('',(#9605,#9606,#9607,#9608));
#9605 = ORIENTED_EDGE('',*,*,#6815,.F.);
#9606 = ORIENTED_EDGE('',*,*,#6831,.T.);
#9607 = ORIENTED_EDGE('',*,*,#6888,.T.);
#9608 = ORIENTED_EDGE('',*,*,#9609,.F.);
#9609 = EDGE_CURVE('',#6808,#6881,#9610,.T.);
#9610 = LINE('',#9611,#9612);
#9611 = CARTESIAN_POINT('',(28.,-24.,40.));
#9612 = VECTOR('',#9613,1.);
#9613 = DIRECTION('',(1.,0.,0.));
#9614 = PLANE('',#9615);
#9615 = AXIS2_PLACEMENT_3D('',#9616,#9617,#9618);
#9616 = CARTESIAN_POINT('',(28.,-29.,40.));
#9617 = DIRECTION('',(0.,0.,1.));
#9618 = DIRECTION('',(1.,0.,0.));
#9619 = ADVANCED_FACE('',(#9620),#9645,.F.);
#9620 = FACE_BOUND('',#9621,.F.);
#9621 = EDGE_LOOP('',(#9622,#9630,#9631,#9639));
#9622 = ORIENTED_EDGE('',*,*,#9623,.F.);
#9623 = EDGE_CURVE('',#6808,#9624,#9626,.T.);
#9624 = VERTEX_POINT('',#9625);
#9625 = CARTESIAN_POINT('',(28.,-24.,57.));
#9626 = LINE('',#9627,#9628);
#9627 = CARTESIAN_POINT('',(28.,-24.,37.));
#9628 = VECTOR('',#9629,1.);
#9629 = DIRECTION('',(0.,0.,1.));
#9630 = ORIENTED_EDGE('',*,*,#6864,.T.);
#9631 = ORIENTED_EDGE('',*,*,#9632,.T.);
#9632 = EDGE_CURVE('',#6857,#9633,#9635,.T.);
#9633 = VERTEX_POINT('',#9634);
#9634 = CARTESIAN_POINT('',(28.,-14.,57.));
#9635 = LINE('',#9636,#9637);
#9636 = CARTESIAN_POINT('',(28.,-14.,37.));
#9637 = VECTOR('',#9638,1.);
#9638 = DIRECTION('',(0.,0.,1.));
#9639 = ORIENTED_EDGE('',*,*,#9640,.F.);
#9640 = EDGE_CURVE('',#9624,#9633,#9641,.T.);
#9641 = LINE('',#9642,#9643);
#9642 = CARTESIAN_POINT('',(28.,-24.,57.));
#9643 = VECTOR('',#9644,1.);
#9644 = DIRECTION('',(0.,1.,0.));
#9645 = PLANE('',#9646);
#9646 = AXIS2_PLACEMENT_3D('',#9647,#9648,#9649);
#9647 = CARTESIAN_POINT('',(28.,-24.,37.));
#9648 = DIRECTION('',(1.,0.,0.));
#9649 = DIRECTION('',(0.,0.,1.));
#9650 = ADVANCED_FACE('',(#9651),#9676,.T.);
#9651 = FACE_BOUND('',#9652,.T.);
#9652 = EDGE_LOOP('',(#9653,#9661,#9662,#9670));
#9653 = ORIENTED_EDGE('',*,*,#9654,.F.);
#9654 = EDGE_CURVE('',#6881,#9655,#9657,.T.);
#9655 = VERTEX_POINT('',#9656);
#9656 = CARTESIAN_POINT('',(38.,-24.,57.));
#9657 = LINE('',#9658,#9659);
#9658 = CARTESIAN_POINT('',(38.,-24.,37.));
#9659 = VECTOR('',#9660,1.);
#9660 = DIRECTION('',(0.,0.,1.));
#9661 = ORIENTED_EDGE('',*,*,#6913,.T.);
#9662 = ORIENTED_EDGE('',*,*,#9663,.T.);
#9663 = EDGE_CURVE('',#6906,#9664,#9666,.T.);
#9664 = VERTEX_POINT('',#9665);
#9665 = CARTESIAN_POINT('',(38.,-14.,57.));
#9666 = LINE('',#9667,#9668);
#9667 = CARTESIAN_POINT('',(38.,-14.,37.));
#9668 = VECTOR('',#9669,1.);
#9669 = DIRECTION('',(0.,0.,1.));
#9670 = ORIENTED_EDGE('',*,*,#9671,.F.);
#9671 = EDGE_CURVE('',#9655,#9664,#9672,.T.);
#9672 = LINE('',#9673,#9674);
#9673 = CARTESIAN_POINT('',(38.,-24.,57.));
#9674 = VECTOR('',#9675,1.);
#9675 = DIRECTION('',(0.,1.,0.));
#9676 = PLANE('',#9677);
#9677 = AXIS2_PLACEMENT_3D('',#9678,#9679,#9680);
#9678 = CARTESIAN_POINT('',(38.,-24.,37.));
#9679 = DIRECTION('',(1.,0.,0.));
#9680 = DIRECTION('',(0.,0.,1.));
#9681 = ADVANCED_FACE('',(#9682),#9693,.T.);
#9682 = FACE_BOUND('',#9683,.T.);
#9683 = EDGE_LOOP('',(#9684,#9685,#9691,#9692));
#9684 = ORIENTED_EDGE('',*,*,#6937,.F.);
#9685 = ORIENTED_EDGE('',*,*,#9686,.T.);
#9686 = EDGE_CURVE('',#6857,#6906,#9687,.T.);
#9687 = LINE('',#9688,#9689);
#9688 = CARTESIAN_POINT('',(28.,-14.,40.));
#9689 = VECTOR('',#9690,1.);
#9690 = DIRECTION('',(1.,0.,0.));
#9691 = ORIENTED_EDGE('',*,*,#6978,.T.);
#9692 = ORIENTED_EDGE('',*,*,#6953,.F.);
#9693 = PLANE('',#9694);
#9694 = AXIS2_PLACEMENT_3D('',#9695,#9696,#9697);
#9695 = CARTESIAN_POINT('',(28.,-29.,40.));
#9696 = DIRECTION('',(0.,0.,1.));
#9697 = DIRECTION('',(1.,0.,0.));
#9698 = ADVANCED_FACE('',(#9699),#9717,.T.);
#9699 = FACE_BOUND('',#9700,.T.);
#9700 = EDGE_LOOP('',(#9701,#9702,#9703,#9711));
#9701 = ORIENTED_EDGE('',*,*,#9560,.F.);
#9702 = ORIENTED_EDGE('',*,*,#7051,.F.);
#9703 = ORIENTED_EDGE('',*,*,#9704,.T.);
#9704 = EDGE_CURVE('',#3728,#9705,#9707,.T.);
#9705 = VERTEX_POINT('',#9706);
#9706 = CARTESIAN_POINT('',(-94.,43.,37.));
#9707 = LINE('',#9708,#9709);
#9708 = CARTESIAN_POINT('',(-94.,-65.,37.));
#9709 = VECTOR('',#9710,1.);
#9710 = DIRECTION('',(0.,1.,0.));
#9711 = ORIENTED_EDGE('',*,*,#9712,.F.);
#9712 = EDGE_CURVE('',#9504,#9705,#9713,.T.);
#9713 = LINE('',#9714,#9715);
#9714 = CARTESIAN_POINT('',(-94.,43.,37.));
#9715 = VECTOR('',#9716,1.);
#9716 = DIRECTION('',(0.,0.,-1.));
#9717 = PLANE('',#9718);
#9718 = AXIS2_PLACEMENT_3D('',#9719,#9720,#9721);
#9719 = CARTESIAN_POINT('',(-94.,-22.,37.));
#9720 = DIRECTION('',(1.,0.,0.));
#9721 = DIRECTION('',(0.,0.,1.));
#9722 = ADVANCED_FACE('',(#9723),#9755,.T.);
#9723 = FACE_BOUND('',#9724,.T.);
#9724 = EDGE_LOOP('',(#9725,#9733,#9734,#9740,#9741,#9749));
#9725 = ORIENTED_EDGE('',*,*,#9726,.F.);
#9726 = EDGE_CURVE('',#7066,#9727,#9729,.T.);
#9727 = VERTEX_POINT('',#9728);
#9728 = CARTESIAN_POINT('',(-94.,43.,34.));
#9729 = LINE('',#9730,#9731);
#9730 = CARTESIAN_POINT('',(-94.,-22.,34.));
#9731 = VECTOR('',#9732,1.);
#9732 = DIRECTION('',(0.,1.,0.));
#9733 = ORIENTED_EDGE('',*,*,#7065,.T.);
#9734 = ORIENTED_EDGE('',*,*,#9735,.T.);
#9735 = EDGE_CURVE('',#7068,#7146,#9736,.T.);
#9736 = LINE('',#9737,#9738);
#9737 = CARTESIAN_POINT('',(-94.,-22.,34.));
#9738 = VECTOR('',#9739,1.);
#9739 = DIRECTION('',(1.,0.,0.));
#9740 = ORIENTED_EDGE('',*,*,#7168,.T.);
#9741 = ORIENTED_EDGE('',*,*,#9742,.T.);
#9742 = EDGE_CURVE('',#7169,#9743,#9745,.T.);
#9743 = VERTEX_POINT('',#9744);
#9744 = CARTESIAN_POINT('',(-64.,43.,34.));
#9745 = LINE('',#9746,#9747);
#9746 = CARTESIAN_POINT('',(-64.,-22.,34.));
#9747 = VECTOR('',#9748,1.);
#9748 = DIRECTION('',(0.,1.,0.));
#9749 = ORIENTED_EDGE('',*,*,#9750,.F.);
#9750 = EDGE_CURVE('',#9727,#9743,#9751,.T.);
#9751 = LINE('',#9752,#9753);
#9752 = CARTESIAN_POINT('',(-94.,43.,34.));
#9753 = VECTOR('',#9754,1.);
#9754 = DIRECTION('',(1.,0.,0.));
#9755 = PLANE('',#9756);
#9756 = AXIS2_PLACEMENT_3D('',#9757,#9758,#9759);
#9757 = CARTESIAN_POINT('',(-94.,-22.,34.));
#9758 = DIRECTION('',(0.,0.,1.));
#9759 = DIRECTION('',(1.,0.,0.));
#9760 = ADVANCED_FACE('',(#9761),#9772,.T.);
#9761 = FACE_BOUND('',#9762,.T.);
#9762 = EDGE_LOOP('',(#9763,#9764,#9765,#9771));
#9763 = ORIENTED_EDGE('',*,*,#7075,.F.);
#9764 = ORIENTED_EDGE('',*,*,#9726,.T.);
#9765 = ORIENTED_EDGE('',*,*,#9766,.T.);
#9766 = EDGE_CURVE('',#9727,#9705,#9767,.T.);
#9767 = LINE('',#9768,#9769);
#9768 = CARTESIAN_POINT('',(-94.,43.,34.));
#9769 = VECTOR('',#9770,1.);
#9770 = DIRECTION('',(0.,0.,1.));
#9771 = ORIENTED_EDGE('',*,*,#9704,.F.);
#9772 = PLANE('',#9773);
#9773 = AXIS2_PLACEMENT_3D('',#9774,#9775,#9776);
#9774 = CARTESIAN_POINT('',(-94.,-22.,34.));
#9775 = DIRECTION('',(1.,0.,0.));
#9776 = DIRECTION('',(0.,0.,1.));
#9777 = ADVANCED_FACE('',(#9778),#9784,.T.);
#9778 = FACE_BOUND('',#9779,.T.);
#9779 = EDGE_LOOP('',(#9780,#9781,#9782,#9783));
#9780 = ORIENTED_EDGE('',*,*,#7104,.F.);
#9781 = ORIENTED_EDGE('',*,*,#7128,.T.);
#9782 = ORIENTED_EDGE('',*,*,#7145,.T.);
#9783 = ORIENTED_EDGE('',*,*,#9735,.F.);
#9784 = PLANE('',#9785);
#9785 = AXIS2_PLACEMENT_3D('',#9786,#9787,#9788);
#9786 = CARTESIAN_POINT('',(-85.,-32.,34.));
#9787 = DIRECTION('',(0.,0.,1.));
#9788 = DIRECTION('',(1.,0.,0.));
#9789 = ADVANCED_FACE('',(#9790),#9808,.F.);
#9790 = FACE_BOUND('',#9791,.F.);
#9791 = EDGE_LOOP('',(#9792,#9793,#9794,#9802));
#9792 = ORIENTED_EDGE('',*,*,#7178,.F.);
#9793 = ORIENTED_EDGE('',*,*,#9742,.T.);
#9794 = ORIENTED_EDGE('',*,*,#9795,.T.);
#9795 = EDGE_CURVE('',#9743,#9796,#9798,.T.);
#9796 = VERTEX_POINT('',#9797);
#9797 = CARTESIAN_POINT('',(-64.,43.,37.));
#9798 = LINE('',#9799,#9800);
#9799 = CARTESIAN_POINT('',(-64.,43.,34.));
#9800 = VECTOR('',#9801,1.);
#9801 = DIRECTION('',(0.,0.,1.));
#9802 = ORIENTED_EDGE('',*,*,#9803,.F.);
#9803 = EDGE_CURVE('',#3840,#9796,#9804,.T.);
#9804 = LINE('',#9805,#9806);
#9805 = CARTESIAN_POINT('',(-64.,-65.,37.));
#9806 = VECTOR('',#9807,1.);
#9807 = DIRECTION('',(0.,1.,0.));
#9808 = PLANE('',#9809);
#9809 = AXIS2_PLACEMENT_3D('',#9810,#9811,#9812);
#9810 = CARTESIAN_POINT('',(-64.,-22.,34.));
#9811 = DIRECTION('',(1.,0.,0.));
#9812 = DIRECTION('',(0.,0.,1.));
#9813 = ADVANCED_FACE('',(#9814),#9825,.F.);
#9814 = FACE_BOUND('',#9815,.F.);
#9815 = EDGE_LOOP('',(#9816,#9817,#9818,#9819));
#9816 = ORIENTED_EDGE('',*,*,#9448,.F.);
#9817 = ORIENTED_EDGE('',*,*,#7193,.F.);
#9818 = ORIENTED_EDGE('',*,*,#9803,.T.);
#9819 = ORIENTED_EDGE('',*,*,#9820,.T.);
#9820 = EDGE_CURVE('',#9796,#9449,#9821,.T.);
#9821 = LINE('',#9822,#9823);
#9822 = CARTESIAN_POINT('',(-64.,43.,37.));
#9823 = VECTOR('',#9824,1.);
#9824 = DIRECTION('',(0.,0.,1.));
#9825 = PLANE('',#9826);
#9826 = AXIS2_PLACEMENT_3D('',#9827,#9828,#9829);
#9827 = CARTESIAN_POINT('',(-64.,-22.,37.));
#9828 = DIRECTION('',(1.,0.,0.));
#9829 = DIRECTION('',(0.,0.,1.));
#9830 = ADVANCED_FACE('',(#9831),#9842,.F.);
#9831 = FACE_BOUND('',#9832,.F.);
#9832 = EDGE_LOOP('',(#9833,#9834,#9835,#9841));
#9833 = ORIENTED_EDGE('',*,*,#8631,.F.);
#9834 = ORIENTED_EDGE('',*,*,#7234,.T.);
#9835 = ORIENTED_EDGE('',*,*,#9836,.T.);
#9836 = EDGE_CURVE('',#7202,#8593,#9837,.T.);
#9837 = LINE('',#9838,#9839);
#9838 = CARTESIAN_POINT('',(-62.,-22.,37.));
#9839 = VECTOR('',#9840,1.);
#9840 = DIRECTION('',(0.,0.,1.));
#9841 = ORIENTED_EDGE('',*,*,#8590,.F.);
#9842 = PLANE('',#9843);
#9843 = AXIS2_PLACEMENT_3D('',#9844,#9845,#9846);
#9844 = CARTESIAN_POINT('',(-62.,-32.,37.));
#9845 = DIRECTION('',(1.,0.,0.));
#9846 = DIRECTION('',(0.,0.,1.));
#9847 = ADVANCED_FACE('',(#9848),#9866,.F.);
#9848 = FACE_BOUND('',#9849,.F.);
#9849 = EDGE_LOOP('',(#9850,#9858,#9864,#9865));
#9850 = ORIENTED_EDGE('',*,*,#9851,.F.);
#9851 = EDGE_CURVE('',#9852,#7785,#9854,.T.);
#9852 = VERTEX_POINT('',#9853);
#9853 = CARTESIAN_POINT('',(-96.,-92.,70.4));
#9854 = LINE('',#9855,#9856);
#9855 = CARTESIAN_POINT('',(-96.,-92.,68.));
#9856 = VECTOR('',#9857,1.);
#9857 = DIRECTION('',(0.,0.,1.));
#9858 = ORIENTED_EDGE('',*,*,#9859,.F.);
#9859 = EDGE_CURVE('',#7351,#9852,#9860,.T.);
#9860 = LINE('',#9861,#9862);
#9861 = CARTESIAN_POINT('',(-96.,-92.,70.4));
#9862 = VECTOR('',#9863,1.);
#9863 = DIRECTION('',(-1.,0.,0.));
#9864 = ORIENTED_EDGE('',*,*,#7350,.T.);
#9865 = ORIENTED_EDGE('',*,*,#7784,.F.);
#9866 = PLANE('',#9867);
#9867 = AXIS2_PLACEMENT_3D('',#9868,#9869,#9870);
#9868 = CARTESIAN_POINT('',(-96.,-92.,68.));
#9869 = DIRECTION('',(0.,-1.,0.));
#9870 = DIRECTION('',(1.,0.,0.));
#9871 = ADVANCED_FACE('',(#9872),#9890,.F.);
#9872 = FACE_BOUND('',#9873,.F.);
#9873 = EDGE_LOOP('',(#9874,#9875,#9883,#9889));
#9874 = ORIENTED_EDGE('',*,*,#9859,.T.);
#9875 = ORIENTED_EDGE('',*,*,#9876,.T.);
#9876 = EDGE_CURVE('',#9852,#9877,#9879,.T.);
#9877 = VERTEX_POINT('',#9878);
#9878 = CARTESIAN_POINT('',(-96.,-105.6,70.4));
#9879 = LINE('',#9880,#9881);
#9880 = CARTESIAN_POINT('',(-96.,-60.4,70.4));
#9881 = VECTOR('',#9882,1.);
#9882 = DIRECTION('',(0.,-1.,0.));
#9883 = ORIENTED_EDGE('',*,*,#9884,.T.);
#9884 = EDGE_CURVE('',#9877,#7426,#9885,.T.);
#9885 = LINE('',#9886,#9887);
#9886 = CARTESIAN_POINT('',(-96.,-105.6,70.4));
#9887 = VECTOR('',#9888,1.);
#9888 = DIRECTION('',(1.,0.,0.));
#9889 = ORIENTED_EDGE('',*,*,#7433,.F.);
#9890 = PLANE('',#9891);
#9891 = AXIS2_PLACEMENT_3D('',#9892,#9893,#9894);
#9892 = CARTESIAN_POINT('',(-96.,-60.4,70.4));
#9893 = DIRECTION('',(0.,0.,1.));
#9894 = DIRECTION('',(0.,-1.,0.));
#9895 = ADVANCED_FACE('',(#9896),#9914,.F.);
#9896 = FACE_BOUND('',#9897,.F.);
#9897 = EDGE_LOOP('',(#9898,#9906,#9912,#9913));
#9898 = ORIENTED_EDGE('',*,*,#9899,.F.);
#9899 = EDGE_CURVE('',#9900,#9877,#9902,.T.);
#9900 = VERTEX_POINT('',#9901);
#9901 = CARTESIAN_POINT('',(-96.,-105.6,50.));
#9902 = LINE('',#9903,#9904);
#9903 = CARTESIAN_POINT('',(-96.,-105.6,50.));
#9904 = VECTOR('',#9905,1.);
#9905 = DIRECTION('',(0.,0.,1.));
#9906 = ORIENTED_EDGE('',*,*,#9907,.T.);
#9907 = EDGE_CURVE('',#9900,#7418,#9908,.T.);
#9908 = LINE('',#9909,#9910);
#9909 = CARTESIAN_POINT('',(-96.,-105.6,50.));
#9910 = VECTOR('',#9911,1.);
#9911 = DIRECTION('',(1.,0.,0.));
#9912 = ORIENTED_EDGE('',*,*,#7425,.T.);
#9913 = ORIENTED_EDGE('',*,*,#9884,.F.);
#9914 = PLANE('',#9915);
#9915 = AXIS2_PLACEMENT_3D('',#9916,#9917,#9918);
#9916 = CARTESIAN_POINT('',(-96.,-105.6,50.));
#9917 = DIRECTION('',(0.,-1.,0.));
#9918 = DIRECTION('',(0.,0.,1.));
#9919 = ADVANCED_FACE('',(#9920),#9938,.T.);
#9920 = FACE_BOUND('',#9921,.T.);
#9921 = EDGE_LOOP('',(#9922,#9930,#9936,#9937));
#9922 = ORIENTED_EDGE('',*,*,#9923,.F.);
#9923 = EDGE_CURVE('',#9924,#7410,#9926,.T.);
#9924 = VERTEX_POINT('',#9925);
#9925 = CARTESIAN_POINT('',(-96.,-60.4,50.));
#9926 = LINE('',#9927,#9928);
#9927 = CARTESIAN_POINT('',(-96.,-60.4,50.));
#9928 = VECTOR('',#9929,1.);
#9929 = DIRECTION('',(1.,0.,0.));
#9930 = ORIENTED_EDGE('',*,*,#9931,.T.);
#9931 = EDGE_CURVE('',#9924,#9900,#9932,.T.);
#9932 = LINE('',#9933,#9934);
#9933 = CARTESIAN_POINT('',(-96.,-60.4,50.));
#9934 = VECTOR('',#9935,1.);
#9935 = DIRECTION('',(0.,-1.,0.));
#9936 = ORIENTED_EDGE('',*,*,#9907,.T.);
#9937 = ORIENTED_EDGE('',*,*,#7417,.F.);
#9938 = PLANE('',#9939);
#9939 = AXIS2_PLACEMENT_3D('',#9940,#9941,#9942);
#9940 = CARTESIAN_POINT('',(-96.,-60.4,50.));
#9941 = DIRECTION('',(0.,0.,1.));
#9942 = DIRECTION('',(0.,-1.,0.));
#9943 = ADVANCED_FACE('',(#9944),#9962,.T.);
#9944 = FACE_BOUND('',#9945,.T.);
#9945 = EDGE_LOOP('',(#9946,#9954,#9955,#9956));
#9946 = ORIENTED_EDGE('',*,*,#9947,.F.);
#9947 = EDGE_CURVE('',#9924,#9948,#9950,.T.);
#9948 = VERTEX_POINT('',#9949);
#9949 = CARTESIAN_POINT('',(-96.,-60.4,70.4));
#9950 = LINE('',#9951,#9952);
#9951 = CARTESIAN_POINT('',(-96.,-60.4,50.));
#9952 = VECTOR('',#9953,1.);
#9953 = DIRECTION('',(0.,0.,1.));
#9954 = ORIENTED_EDGE('',*,*,#9923,.T.);
#9955 = ORIENTED_EDGE('',*,*,#7409,.T.);
#9956 = ORIENTED_EDGE('',*,*,#9957,.F.);
#9957 = EDGE_CURVE('',#9948,#7402,#9958,.T.);
#9958 = LINE('',#9959,#9960);
#9959 = CARTESIAN_POINT('',(-96.,-60.4,70.4));
#9960 = VECTOR('',#9961,1.);
#9961 = DIRECTION('',(1.,0.,0.));
#9962 = PLANE('',#9963);
#9963 = AXIS2_PLACEMENT_3D('',#9964,#9965,#9966);
#9964 = CARTESIAN_POINT('',(-96.,-60.4,50.));
#9965 = DIRECTION('',(0.,-1.,0.));
#9966 = DIRECTION('',(0.,0.,1.));
#9967 = ADVANCED_FACE('',(#9968),#9986,.F.);
#9968 = FACE_BOUND('',#9969,.F.);
#9969 = EDGE_LOOP('',(#9970,#9971,#9979,#9985));
#9970 = ORIENTED_EDGE('',*,*,#9957,.F.);
#9971 = ORIENTED_EDGE('',*,*,#9972,.T.);
#9972 = EDGE_CURVE('',#9948,#9973,#9975,.T.);
#9973 = VERTEX_POINT('',#9974);
#9974 = CARTESIAN_POINT('',(-96.,-74.,70.4));
#9975 = LINE('',#9976,#9977);
#9976 = CARTESIAN_POINT('',(-96.,-60.4,70.4));
#9977 = VECTOR('',#9978,1.);
#9978 = DIRECTION('',(0.,-1.,0.));
#9979 = ORIENTED_EDGE('',*,*,#9980,.F.);
#9980 = EDGE_CURVE('',#7394,#9973,#9981,.T.);
#9981 = LINE('',#9982,#9983);
#9982 = CARTESIAN_POINT('',(-96.,-74.,70.4));
#9983 = VECTOR('',#9984,1.);
#9984 = DIRECTION('',(-1.,0.,0.));
#9985 = ORIENTED_EDGE('',*,*,#7401,.F.);
#9986 = PLANE('',#9987);
#9987 = AXIS2_PLACEMENT_3D('',#9988,#9989,#9990);
#9988 = CARTESIAN_POINT('',(-96.,-60.4,70.4));
#9989 = DIRECTION('',(0.,0.,1.));
#9990 = DIRECTION('',(0.,-1.,0.));
#9991 = ADVANCED_FACE('',(#9992),#10003,.T.);
#9992 = FACE_BOUND('',#9993,.T.);
#9993 = EDGE_LOOP('',(#9994,#10000,#10001,#10002));
#9994 = ORIENTED_EDGE('',*,*,#9995,.F.);
#9995 = EDGE_CURVE('',#9973,#7793,#9996,.T.);
#9996 = LINE('',#9997,#9998);
#9997 = CARTESIAN_POINT('',(-96.,-74.,68.));
#9998 = VECTOR('',#9999,1.);
#9999 = DIRECTION('',(0.,0.,1.));
#10000 = ORIENTED_EDGE('',*,*,#9980,.F.);
#10001 = ORIENTED_EDGE('',*,*,#7393,.T.);
#10002 = ORIENTED_EDGE('',*,*,#7800,.F.);
#10003 = PLANE('',#10004);
#10004 = AXIS2_PLACEMENT_3D('',#10005,#10006,#10007);
#10005 = CARTESIAN_POINT('',(-96.,-74.,68.));
#10006 = DIRECTION('',(0.,-1.,0.));
#10007 = DIRECTION('',(1.,0.,0.));
#10008 = ADVANCED_FACE('',(#10009),#10034,.T.);
#10009 = FACE_BOUND('',#10010,.T.);
#10010 = EDGE_LOOP('',(#10011,#10019,#10020,#10028));
#10011 = ORIENTED_EDGE('',*,*,#10012,.F.);
#10012 = EDGE_CURVE('',#7491,#10013,#10015,.T.);
#10013 = VERTEX_POINT('',#10014);
#10014 = CARTESIAN_POINT('',(-96.,-32.,49.));
#10015 = LINE('',#10016,#10017);
#10016 = CARTESIAN_POINT('',(-96.,-32.,37.));
#10017 = VECTOR('',#10018,1.);
#10018 = DIRECTION('',(0.,0.,1.));
#10019 = ORIENTED_EDGE('',*,*,#7516,.T.);
#10020 = ORIENTED_EDGE('',*,*,#10021,.T.);
#10021 = EDGE_CURVE('',#7036,#10022,#10024,.T.);
#10022 = VERTEX_POINT('',#10023);
#10023 = CARTESIAN_POINT('',(-96.,-22.,49.));
#10024 = LINE('',#10025,#10026);
#10025 = CARTESIAN_POINT('',(-96.,-22.,37.));
#10026 = VECTOR('',#10027,1.);
#10027 = DIRECTION('',(0.,0.,1.));
#10028 = ORIENTED_EDGE('',*,*,#10029,.F.);
#10029 = EDGE_CURVE('',#10013,#10022,#10030,.T.);
#10030 = LINE('',#10031,#10032);
#10031 = CARTESIAN_POINT('',(-96.,-32.,49.));
#10032 = VECTOR('',#10033,1.);
#10033 = DIRECTION('',(0.,1.,0.));
#10034 = PLANE('',#10035);
#10035 = AXIS2_PLACEMENT_3D('',#10036,#10037,#10038);
#10036 = CARTESIAN_POINT('',(-96.,-32.,37.));
#10037 = DIRECTION('',(1.,0.,0.));
#10038 = DIRECTION('',(0.,0.,1.));
#10039 = ADVANCED_FACE('',(#10040),#10051,.T.);
#10040 = FACE_BOUND('',#10041,.T.);
#10041 = EDGE_LOOP('',(#10042,#10043,#10044,#10045));
#10042 = ORIENTED_EDGE('',*,*,#8734,.F.);
#10043 = ORIENTED_EDGE('',*,*,#7584,.T.);
#10044 = ORIENTED_EDGE('',*,*,#8852,.T.);
#10045 = ORIENTED_EDGE('',*,*,#10046,.F.);
#10046 = EDGE_CURVE('',#8735,#8853,#10047,.T.);
#10047 = LINE('',#10048,#10049);
#10048 = CARTESIAN_POINT('',(-41.9,-99.,22.));
#10049 = VECTOR('',#10050,1.);
#10050 = DIRECTION('',(0.,0.,1.));
#10051 = PLANE('',#10052);
#10052 = AXIS2_PLACEMENT_3D('',#10053,#10054,#10055);
#10053 = CARTESIAN_POINT('',(-46.9,-99.,22.));
#10054 = DIRECTION('',(0.,1.,0.));
#10055 = DIRECTION('',(0.,0.,1.));
#10056 = ADVANCED_FACE('',(#10057),#10063,.F.);
#10057 = FACE_BOUND('',#10058,.F.);
#10058 = EDGE_LOOP('',(#10059,#10060,#10061,#10062));
#10059 = ORIENTED_EDGE('',*,*,#7649,.F.);
#10060 = ORIENTED_EDGE('',*,*,#7672,.T.);
#10061 = ORIENTED_EDGE('',*,*,#8200,.T.);
#10062 = ORIENTED_EDGE('',*,*,#8716,.F.);
#10063 = PLANE('',#10064);
#10064 = AXIS2_PLACEMENT_3D('',#10065,#10066,#10067);
#10065 = CARTESIAN_POINT('',(-60.9,-108.,19.));
#10066 = DIRECTION('',(0.,0.,1.));
#10067 = DIRECTION('',(1.,0.,0.));
#10068 = ADVANCED_FACE('',(#10069),#10094,.F.);
#10069 = FACE_BOUND('',#10070,.F.);
#10070 = EDGE_LOOP('',(#10071,#10079,#10080,#10088));
#10071 = ORIENTED_EDGE('',*,*,#10072,.F.);
#10072 = EDGE_CURVE('',#7705,#10073,#10075,.T.);
#10073 = VERTEX_POINT('',#10074);
#10074 = CARTESIAN_POINT('',(-41.9,-103.,47.));
#10075 = LINE('',#10076,#10077);
#10076 = CARTESIAN_POINT('',(-41.9,-113.,47.));
#10077 = VECTOR('',#10078,1.);
#10078 = DIRECTION('',(0.,1.,0.));
#10079 = ORIENTED_EDGE('',*,*,#7704,.T.);
#10080 = ORIENTED_EDGE('',*,*,#10081,.T.);
#10081 = EDGE_CURVE('',#7707,#10082,#10084,.T.);
#10082 = VERTEX_POINT('',#10083);
#10083 = CARTESIAN_POINT('',(-26.9,-103.,47.));
#10084 = LINE('',#10085,#10086);
#10085 = CARTESIAN_POINT('',(-26.9,-113.,47.));
#10086 = VECTOR('',#10087,1.);
#10087 = DIRECTION('',(0.,1.,0.));
#10088 = ORIENTED_EDGE('',*,*,#10089,.F.);
#10089 = EDGE_CURVE('',#10073,#10082,#10090,.T.);
#10090 = LINE('',#10091,#10092);
#10091 = CARTESIAN_POINT('',(-48.9,-103.,47.));
#10092 = VECTOR('',#10093,1.);
#10093 = DIRECTION('',(1.,0.,0.));
#10094 = PLANE('',#10095);
#10095 = AXIS2_PLACEMENT_3D('',#10096,#10097,#10098);
#10096 = CARTESIAN_POINT('',(-41.9,-113.,47.));
#10097 = DIRECTION('',(0.,0.,1.));
#10098 = DIRECTION('',(1.,0.,0.));
#10099 = ADVANCED_FACE('',(#10100),#10118,.F.);
#10100 = FACE_BOUND('',#10101,.F.);
#10101 = EDGE_LOOP('',(#10102,#10103,#10104,#10112));
#10102 = ORIENTED_EDGE('',*,*,#10081,.F.);
#10103 = ORIENTED_EDGE('',*,*,#7762,.T.);
#10104 = ORIENTED_EDGE('',*,*,#10105,.T.);
#10105 = EDGE_CURVE('',#7755,#10106,#10108,.T.);
#10106 = VERTEX_POINT('',#10107);
#10107 = CARTESIAN_POINT('',(-18.9,-103.,47.));
#10108 = LINE('',#10109,#10110);
#10109 = CARTESIAN_POINT('',(-18.9,-108.,47.));
#10110 = VECTOR('',#10111,1.);
#10111 = DIRECTION('',(0.,1.,0.));
#10112 = ORIENTED_EDGE('',*,*,#10113,.F.);
#10113 = EDGE_CURVE('',#10082,#10106,#10114,.T.);
#10114 = LINE('',#10115,#10116);
#10115 = CARTESIAN_POINT('',(-48.9,-103.,47.));
#10116 = VECTOR('',#10117,1.);
#10117 = DIRECTION('',(1.,0.,0.));
#10118 = PLANE('',#10119);
#10119 = AXIS2_PLACEMENT_3D('',#10120,#10121,#10122);
#10120 = CARTESIAN_POINT('',(-48.9,-108.,47.));
#10121 = DIRECTION('',(0.,0.,1.));
#10122 = DIRECTION('',(1.,0.,0.));
#10123 = ADVANCED_FACE('',(#10124),#10142,.F.);
#10124 = FACE_BOUND('',#10125,.F.);
#10125 = EDGE_LOOP('',(#10126,#10127,#10135,#10141));
#10126 = ORIENTED_EDGE('',*,*,#7754,.F.);
#10127 = ORIENTED_EDGE('',*,*,#10128,.T.);
#10128 = EDGE_CURVE('',#7747,#10129,#10131,.T.);
#10129 = VERTEX_POINT('',#10130);
#10130 = CARTESIAN_POINT('',(-18.9,-103.,22.));
#10131 = LINE('',#10132,#10133);
#10132 = CARTESIAN_POINT('',(-18.9,-108.,22.));
#10133 = VECTOR('',#10134,1.);
#10134 = DIRECTION('',(0.,1.,0.));
#10135 = ORIENTED_EDGE('',*,*,#10136,.T.);
#10136 = EDGE_CURVE('',#10129,#10106,#10137,.T.);
#10137 = LINE('',#10138,#10139);
#10138 = CARTESIAN_POINT('',(-18.9,-103.,22.));
#10139 = VECTOR('',#10140,1.);
#10140 = DIRECTION('',(0.,0.,1.));
#10141 = ORIENTED_EDGE('',*,*,#10105,.F.);
#10142 = PLANE('',#10143);
#10143 = AXIS2_PLACEMENT_3D('',#10144,#10145,#10146);
#10144 = CARTESIAN_POINT('',(-18.9,-108.,22.));
#10145 = DIRECTION('',(1.,0.,0.));
#10146 = DIRECTION('',(0.,0.,1.));
#10147 = ADVANCED_FACE('',(#10148),#10166,.T.);
#10148 = FACE_BOUND('',#10149,.T.);
#10149 = EDGE_LOOP('',(#10150,#10158,#10159,#10160));
#10150 = ORIENTED_EDGE('',*,*,#10151,.F.);
#10151 = EDGE_CURVE('',#7739,#10152,#10154,.T.);
#10152 = VERTEX_POINT('',#10153);
#10153 = CARTESIAN_POINT('',(-26.9,-103.,22.));
#10154 = LINE('',#10155,#10156);
#10155 = CARTESIAN_POINT('',(-26.9,-113.,22.));
#10156 = VECTOR('',#10157,1.);
#10157 = DIRECTION('',(0.,1.,0.));
#10158 = ORIENTED_EDGE('',*,*,#7746,.T.);
#10159 = ORIENTED_EDGE('',*,*,#10128,.T.);
#10160 = ORIENTED_EDGE('',*,*,#10161,.F.);
#10161 = EDGE_CURVE('',#10152,#10129,#10162,.T.);
#10162 = LINE('',#10163,#10164);
#10163 = CARTESIAN_POINT('',(-48.9,-103.,22.));
#10164 = VECTOR('',#10165,1.);
#10165 = DIRECTION('',(1.,0.,0.));
#10166 = PLANE('',#10167);
#10167 = AXIS2_PLACEMENT_3D('',#10168,#10169,#10170);
#10168 = CARTESIAN_POINT('',(-48.9,-108.,22.));
#10169 = DIRECTION('',(0.,0.,1.));
#10170 = DIRECTION('',(1.,0.,0.));
#10171 = ADVANCED_FACE('',(#10172),#10190,.T.);
#10172 = FACE_BOUND('',#10173,.T.);
#10173 = EDGE_LOOP('',(#10174,#10182,#10183,#10184));
#10174 = ORIENTED_EDGE('',*,*,#10175,.F.);
#10175 = EDGE_CURVE('',#7731,#10176,#10178,.T.);
#10176 = VERTEX_POINT('',#10177);
#10177 = CARTESIAN_POINT('',(-41.9,-103.,22.));
#10178 = LINE('',#10179,#10180);
#10179 = CARTESIAN_POINT('',(-41.9,-113.,22.));
#10180 = VECTOR('',#10181,1.);
#10181 = DIRECTION('',(0.,1.,0.));
#10182 = ORIENTED_EDGE('',*,*,#7738,.T.);
#10183 = ORIENTED_EDGE('',*,*,#10151,.T.);
#10184 = ORIENTED_EDGE('',*,*,#10185,.F.);
#10185 = EDGE_CURVE('',#10176,#10152,#10186,.T.);
#10186 = LINE('',#10187,#10188);
#10187 = CARTESIAN_POINT('',(-48.9,-103.,22.));
#10188 = VECTOR('',#10189,1.);
#10189 = DIRECTION('',(1.,0.,0.));
#10190 = PLANE('',#10191);
#10191 = AXIS2_PLACEMENT_3D('',#10192,#10193,#10194);
#10192 = CARTESIAN_POINT('',(-41.9,-113.,22.));
#10193 = DIRECTION('',(0.,0.,1.));
#10194 = DIRECTION('',(1.,0.,0.));
#10195 = ADVANCED_FACE('',(#10196),#10214,.T.);
#10196 = FACE_BOUND('',#10197,.T.);
#10197 = EDGE_LOOP('',(#10198,#10206,#10207,#10208));
#10198 = ORIENTED_EDGE('',*,*,#10199,.F.);
#10199 = EDGE_CURVE('',#7723,#10200,#10202,.T.);
#10200 = VERTEX_POINT('',#10201);
#10201 = CARTESIAN_POINT('',(-48.9,-103.,22.));
#10202 = LINE('',#10203,#10204);
#10203 = CARTESIAN_POINT('',(-48.9,-108.,22.));
#10204 = VECTOR('',#10205,1.);
#10205 = DIRECTION('',(0.,1.,0.));
#10206 = ORIENTED_EDGE('',*,*,#7730,.T.);
#10207 = ORIENTED_EDGE('',*,*,#10175,.T.);
#10208 = ORIENTED_EDGE('',*,*,#10209,.F.);
#10209 = EDGE_CURVE('',#10200,#10176,#10210,.T.);
#10210 = LINE('',#10211,#10212);
#10211 = CARTESIAN_POINT('',(-48.9,-103.,22.));
#10212 = VECTOR('',#10213,1.);
#10213 = DIRECTION('',(1.,0.,0.));
#10214 = PLANE('',#10215);
#10215 = AXIS2_PLACEMENT_3D('',#10216,#10217,#10218);
#10216 = CARTESIAN_POINT('',(-48.9,-108.,22.));
#10217 = DIRECTION('',(0.,0.,1.));
#10218 = DIRECTION('',(1.,0.,0.));
#10219 = ADVANCED_FACE('',(#10220),#10238,.T.);
#10220 = FACE_BOUND('',#10221,.T.);
#10221 = EDGE_LOOP('',(#10222,#10223,#10224,#10232));
#10222 = ORIENTED_EDGE('',*,*,#7722,.F.);
#10223 = ORIENTED_EDGE('',*,*,#10199,.T.);
#10224 = ORIENTED_EDGE('',*,*,#10225,.T.);
#10225 = EDGE_CURVE('',#10200,#10226,#10228,.T.);
#10226 = VERTEX_POINT('',#10227);
#10227 = CARTESIAN_POINT('',(-48.9,-103.,47.));
#10228 = LINE('',#10229,#10230);
#10229 = CARTESIAN_POINT('',(-48.9,-103.,22.));
#10230 = VECTOR('',#10231,1.);
#10231 = DIRECTION('',(0.,0.,1.));
#10232 = ORIENTED_EDGE('',*,*,#10233,.F.);
#10233 = EDGE_CURVE('',#7715,#10226,#10234,.T.);
#10234 = LINE('',#10235,#10236);
#10235 = CARTESIAN_POINT('',(-48.9,-108.,47.));
#10236 = VECTOR('',#10237,1.);
#10237 = DIRECTION('',(0.,1.,0.));
#10238 = PLANE('',#10239);
#10239 = AXIS2_PLACEMENT_3D('',#10240,#10241,#10242);
#10240 = CARTESIAN_POINT('',(-48.9,-108.,22.));
#10241 = DIRECTION('',(1.,0.,0.));
#10242 = DIRECTION('',(0.,0.,1.));
#10243 = ADVANCED_FACE('',(#10244),#10255,.F.);
#10244 = FACE_BOUND('',#10245,.F.);
#10245 = EDGE_LOOP('',(#10246,#10247,#10248,#10249));
#10246 = ORIENTED_EDGE('',*,*,#10233,.F.);
#10247 = ORIENTED_EDGE('',*,*,#7714,.T.);
#10248 = ORIENTED_EDGE('',*,*,#10072,.T.);
#10249 = ORIENTED_EDGE('',*,*,#10250,.F.);
#10250 = EDGE_CURVE('',#10226,#10073,#10251,.T.);
#10251 = LINE('',#10252,#10253);
#10252 = CARTESIAN_POINT('',(-48.9,-103.,47.));
#10253 = VECTOR('',#10254,1.);
#10254 = DIRECTION('',(1.,0.,0.));
#10255 = PLANE('',#10256);
#10256 = AXIS2_PLACEMENT_3D('',#10257,#10258,#10259);
#10257 = CARTESIAN_POINT('',(-48.9,-108.,47.));
#10258 = DIRECTION('',(0.,0.,1.));
#10259 = DIRECTION('',(1.,0.,0.));
#10260 = ADVANCED_FACE('',(#10261),#10272,.T.);
#10261 = FACE_BOUND('',#10262,.T.);
#10262 = EDGE_LOOP('',(#10263,#10269,#10270,#10271));
#10263 = ORIENTED_EDGE('',*,*,#10264,.F.);
#10264 = EDGE_CURVE('',#9973,#9852,#10265,.T.);
#10265 = LINE('',#10266,#10267);
#10266 = CARTESIAN_POINT('',(-96.,-60.4,70.4));
#10267 = VECTOR('',#10268,1.);
#10268 = DIRECTION('',(0.,-1.,0.));
#10269 = ORIENTED_EDGE('',*,*,#9995,.T.);
#10270 = ORIENTED_EDGE('',*,*,#7792,.T.);
#10271 = ORIENTED_EDGE('',*,*,#9851,.F.);
#10272 = PLANE('',#10273);
#10273 = AXIS2_PLACEMENT_3D('',#10274,#10275,#10276);
#10274 = CARTESIAN_POINT('',(-96.,-74.,68.));
#10275 = DIRECTION('',(1.,0.,0.));
#10276 = DIRECTION('',(0.,-1.,0.));
#10277 = ADVANCED_FACE('',(#10278,#10307,#10310),#10313,.T.);
#10278 = FACE_BOUND('',#10279,.T.);
#10279 = EDGE_LOOP('',(#10280,#10281,#10282,#10283,#10284,#10292,#10300,
    #10306));
#10280 = ORIENTED_EDGE('',*,*,#9899,.F.);
#10281 = ORIENTED_EDGE('',*,*,#9931,.F.);
#10282 = ORIENTED_EDGE('',*,*,#9947,.T.);
#10283 = ORIENTED_EDGE('',*,*,#9972,.T.);
#10284 = ORIENTED_EDGE('',*,*,#10285,.F.);
#10285 = EDGE_CURVE('',#10286,#9973,#10288,.T.);
#10286 = VERTEX_POINT('',#10287);
#10287 = CARTESIAN_POINT('',(-96.,-74.,68.));
#10288 = LINE('',#10289,#10290);
#10289 = CARTESIAN_POINT('',(-96.,-74.,68.));
#10290 = VECTOR('',#10291,1.);
#10291 = DIRECTION('',(0.,0.,1.));
#10292 = ORIENTED_EDGE('',*,*,#10293,.T.);
#10293 = EDGE_CURVE('',#10286,#10294,#10296,.T.);
#10294 = VERTEX_POINT('',#10295);
#10295 = CARTESIAN_POINT('',(-96.,-92.,68.));
#10296 = LINE('',#10297,#10298);
#10297 = CARTESIAN_POINT('',(-96.,-74.,68.));
#10298 = VECTOR('',#10299,1.);
#10299 = DIRECTION('',(0.,-1.,0.));
#10300 = ORIENTED_EDGE('',*,*,#10301,.T.);
#10301 = EDGE_CURVE('',#10294,#9852,#10302,.T.);
#10302 = LINE('',#10303,#10304);
#10303 = CARTESIAN_POINT('',(-96.,-92.,68.));
#10304 = VECTOR('',#10305,1.);
#10305 = DIRECTION('',(0.,0.,1.));
#10306 = ORIENTED_EDGE('',*,*,#9876,.T.);
#10307 = FACE_BOUND('',#10308,.T.);
#10308 = EDGE_LOOP('',(#10309));
#10309 = ORIENTED_EDGE('',*,*,#7839,.F.);
#10310 = FACE_BOUND('',#10311,.T.);
#10311 = EDGE_LOOP('',(#10312));
#10312 = ORIENTED_EDGE('',*,*,#7814,.F.);
#10313 = PLANE('',#10314);
#10314 = AXIS2_PLACEMENT_3D('',#10315,#10316,#10317);
#10315 = CARTESIAN_POINT('',(-96.,-60.4,50.));
#10316 = DIRECTION('',(1.,0.,0.));
#10317 = DIRECTION('',(0.,0.,1.));
#10318 = ADVANCED_FACE('',(#10319),#10330,.F.);
#10319 = FACE_BOUND('',#10320,.F.);
#10320 = EDGE_LOOP('',(#10321,#10322,#10323,#10329));
#10321 = ORIENTED_EDGE('',*,*,#7867,.F.);
#10322 = ORIENTED_EDGE('',*,*,#7881,.T.);
#10323 = ORIENTED_EDGE('',*,*,#10324,.T.);
#10324 = EDGE_CURVE('',#7882,#10013,#10325,.T.);
#10325 = LINE('',#10326,#10327);
#10326 = CARTESIAN_POINT('',(-106.,-32.,49.));
#10327 = VECTOR('',#10328,1.);
#10328 = DIRECTION('',(1.,0.,0.));
#10329 = ORIENTED_EDGE('',*,*,#10012,.F.);
#10330 = PLANE('',#10331);
#10331 = AXIS2_PLACEMENT_3D('',#10332,#10333,#10334);
#10332 = CARTESIAN_POINT('',(-106.,-32.,37.));
#10333 = DIRECTION('',(0.,1.,0.));
#10334 = DIRECTION('',(0.,0.,1.));
#10335 = ADVANCED_FACE('',(#10336,#10347),#10350,.T.);
#10336 = FACE_BOUND('',#10337,.T.);
#10337 = EDGE_LOOP('',(#10338,#10339,#10340,#10341));
#10338 = ORIENTED_EDGE('',*,*,#7898,.F.);
#10339 = ORIENTED_EDGE('',*,*,#10324,.T.);
#10340 = ORIENTED_EDGE('',*,*,#10029,.T.);
#10341 = ORIENTED_EDGE('',*,*,#10342,.F.);
#10342 = EDGE_CURVE('',#7891,#10022,#10343,.T.);
#10343 = LINE('',#10344,#10345);
#10344 = CARTESIAN_POINT('',(-106.,-22.,49.));
#10345 = VECTOR('',#10346,1.);
#10346 = DIRECTION('',(1.,0.,0.));
#10347 = FACE_BOUND('',#10348,.T.);
#10348 = EDGE_LOOP('',(#10349));
#10349 = ORIENTED_EDGE('',*,*,#8232,.T.);
#10350 = PLANE('',#10351);
#10351 = AXIS2_PLACEMENT_3D('',#10352,#10353,#10354);
#10352 = CARTESIAN_POINT('',(-106.,-32.,49.));
#10353 = DIRECTION('',(0.,0.,1.));
#10354 = DIRECTION('',(1.,0.,0.));
#10355 = ADVANCED_FACE('',(#10356),#10368,.T.);
#10356 = FACE_BOUND('',#10357,.T.);
#10357 = EDGE_LOOP('',(#10358,#10359,#10360,#10361,#10362));
#10358 = ORIENTED_EDGE('',*,*,#7913,.F.);
#10359 = ORIENTED_EDGE('',*,*,#7890,.T.);
#10360 = ORIENTED_EDGE('',*,*,#10342,.T.);
#10361 = ORIENTED_EDGE('',*,*,#10021,.F.);
#10362 = ORIENTED_EDGE('',*,*,#10363,.F.);
#10363 = EDGE_CURVE('',#7914,#7036,#10364,.T.);
#10364 = LINE('',#10365,#10366);
#10365 = CARTESIAN_POINT('',(-106.,-22.,40.));
#10366 = VECTOR('',#10367,1.);
#10367 = DIRECTION('',(1.,0.,0.));
#10368 = PLANE('',#10369);
#10369 = AXIS2_PLACEMENT_3D('',#10370,#10371,#10372);
#10370 = CARTESIAN_POINT('',(-106.,-22.,37.));
#10371 = DIRECTION('',(0.,1.,0.));
#10372 = DIRECTION('',(0.,0.,1.));
#10373 = ADVANCED_FACE('',(#10374),#10380,.T.);
#10374 = FACE_BOUND('',#10375,.T.);
#10375 = EDGE_LOOP('',(#10376,#10377,#10378,#10379));
#10376 = ORIENTED_EDGE('',*,*,#7921,.F.);
#10377 = ORIENTED_EDGE('',*,*,#10363,.T.);
#10378 = ORIENTED_EDGE('',*,*,#9553,.T.);
#10379 = ORIENTED_EDGE('',*,*,#9545,.F.);
#10380 = PLANE('',#10381);
#10381 = AXIS2_PLACEMENT_3D('',#10382,#10383,#10384);
#10382 = CARTESIAN_POINT('',(-106.,-37.,40.));
#10383 = DIRECTION('',(0.,0.,1.));
#10384 = DIRECTION('',(1.,0.,0.));
#10385 = ADVANCED_FACE('',(#10386),#10397,.F.);
#10386 = FACE_BOUND('',#10387,.F.);
#10387 = EDGE_LOOP('',(#10388,#10389,#10390,#10396));
#10388 = ORIENTED_EDGE('',*,*,#7939,.F.);
#10389 = ORIENTED_EDGE('',*,*,#7953,.T.);
#10390 = ORIENTED_EDGE('',*,*,#10391,.T.);
#10391 = EDGE_CURVE('',#7954,#9576,#10392,.T.);
#10392 = LINE('',#10393,#10394);
#10393 = CARTESIAN_POINT('',(-106.,66.,49.));
#10394 = VECTOR('',#10395,1.);
#10395 = DIRECTION('',(1.,0.,0.));
#10396 = ORIENTED_EDGE('',*,*,#9575,.F.);
#10397 = PLANE('',#10398);
#10398 = AXIS2_PLACEMENT_3D('',#10399,#10400,#10401);
#10399 = CARTESIAN_POINT('',(-106.,66.,37.));
#10400 = DIRECTION('',(0.,1.,0.));
#10401 = DIRECTION('',(0.,0.,1.));
#10402 = ADVANCED_FACE('',(#10403,#10414),#10417,.T.);
#10403 = FACE_BOUND('',#10404,.T.);
#10404 = EDGE_LOOP('',(#10405,#10406,#10407,#10408));
#10405 = ORIENTED_EDGE('',*,*,#7970,.F.);
#10406 = ORIENTED_EDGE('',*,*,#10391,.T.);
#10407 = ORIENTED_EDGE('',*,*,#9592,.T.);
#10408 = ORIENTED_EDGE('',*,*,#10409,.F.);
#10409 = EDGE_CURVE('',#7963,#9585,#10410,.T.);
#10410 = LINE('',#10411,#10412);
#10411 = CARTESIAN_POINT('',(-106.,76.,49.));
#10412 = VECTOR('',#10413,1.);
#10413 = DIRECTION('',(1.,0.,0.));
#10414 = FACE_BOUND('',#10415,.T.);
#10415 = EDGE_LOOP('',(#10416));
#10416 = ORIENTED_EDGE('',*,*,#8332,.T.);
#10417 = PLANE('',#10418);
#10418 = AXIS2_PLACEMENT_3D('',#10419,#10420,#10421);
#10419 = CARTESIAN_POINT('',(-106.,66.,49.));
#10420 = DIRECTION('',(0.,0.,1.));
#10421 = DIRECTION('',(1.,0.,0.));
#10422 = ADVANCED_FACE('',(#10423),#10429,.T.);
#10423 = FACE_BOUND('',#10424,.T.);
#10424 = EDGE_LOOP('',(#10425,#10426,#10427,#10428));
#10425 = ORIENTED_EDGE('',*,*,#8012,.F.);
#10426 = ORIENTED_EDGE('',*,*,#7962,.T.);
#10427 = ORIENTED_EDGE('',*,*,#10409,.T.);
#10428 = ORIENTED_EDGE('',*,*,#9584,.F.);
#10429 = PLANE('',#10430);
#10430 = AXIS2_PLACEMENT_3D('',#10431,#10432,#10433);
#10431 = CARTESIAN_POINT('',(-106.,76.,37.));
#10432 = DIRECTION('',(0.,1.,0.));
#10433 = DIRECTION('',(0.,0.,1.));
#10434 = ADVANCED_FACE('',(#10435),#10438,.F.);
#10435 = FACE_BOUND('',#10436,.T.);
#10436 = EDGE_LOOP('',(#10437));
#10437 = ORIENTED_EDGE('',*,*,#7984,.F.);
#10438 = PLANE('',#10439);
#10439 = AXIS2_PLACEMENT_3D('',#10440,#10441,#10442);
#10440 = CARTESIAN_POINT('',(-98.,-10.,15.1));
#10441 = DIRECTION('',(0.,0.,1.));
#10442 = DIRECTION('',(1.,0.,0.));
#10443 = ADVANCED_FACE('',(#10444),#10462,.T.);
#10444 = FACE_BOUND('',#10445,.T.);
#10445 = EDGE_LOOP('',(#10446,#10447,#10448,#10456));
#10446 = ORIENTED_EDGE('',*,*,#8029,.F.);
#10447 = ORIENTED_EDGE('',*,*,#9061,.T.);
#10448 = ORIENTED_EDGE('',*,*,#10449,.T.);
#10449 = EDGE_CURVE('',#9062,#10450,#10452,.T.);
#10450 = VERTEX_POINT('',#10451);
#10451 = CARTESIAN_POINT('',(-52.,76.,49.));
#10452 = LINE('',#10453,#10454);
#10453 = CARTESIAN_POINT('',(-62.,76.,49.));
#10454 = VECTOR('',#10455,1.);
#10455 = DIRECTION('',(1.,0.,0.));
#10456 = ORIENTED_EDGE('',*,*,#10457,.F.);
#10457 = EDGE_CURVE('',#8030,#10450,#10458,.T.);
#10458 = LINE('',#10459,#10460);
#10459 = CARTESIAN_POINT('',(-52.,76.,37.));
#10460 = VECTOR('',#10461,1.);
#10461 = DIRECTION('',(0.,0.,1.));
#10462 = PLANE('',#10463);
#10463 = AXIS2_PLACEMENT_3D('',#10464,#10465,#10466);
#10464 = CARTESIAN_POINT('',(-62.,76.,37.));
#10465 = DIRECTION('',(0.,1.,0.));
#10466 = DIRECTION('',(0.,0.,1.));
#10467 = ADVANCED_FACE('',(#10468),#10487,.T.);
#10468 = FACE_BOUND('',#10469,.T.);
#10469 = EDGE_LOOP('',(#10470,#10471,#10472,#10480,#10486));
#10470 = ORIENTED_EDGE('',*,*,#8053,.F.);
#10471 = ORIENTED_EDGE('',*,*,#10457,.T.);
#10472 = ORIENTED_EDGE('',*,*,#10473,.T.);
#10473 = EDGE_CURVE('',#10450,#10474,#10476,.T.);
#10474 = VERTEX_POINT('',#10475);
#10475 = CARTESIAN_POINT('',(-52.,76.,57.));
#10476 = LINE('',#10477,#10478);
#10477 = CARTESIAN_POINT('',(-52.,76.,37.));
#10478 = VECTOR('',#10479,1.);
#10479 = DIRECTION('',(0.,0.,1.));
#10480 = ORIENTED_EDGE('',*,*,#10481,.T.);
#10481 = EDGE_CURVE('',#10474,#9134,#10482,.T.);
#10482 = LINE('',#10483,#10484);
#10483 = CARTESIAN_POINT('',(-52.,76.,57.));
#10484 = VECTOR('',#10485,1.);
#10485 = DIRECTION('',(1.,0.,0.));
#10486 = ORIENTED_EDGE('',*,*,#9133,.F.);
#10487 = PLANE('',#10488);
#10488 = AXIS2_PLACEMENT_3D('',#10489,#10490,#10491);
#10489 = CARTESIAN_POINT('',(-52.,76.,37.));
#10490 = DIRECTION('',(0.,1.,0.));
#10491 = DIRECTION('',(0.,0.,1.));
#10492 = ADVANCED_FACE('',(#10493),#10504,.T.);
#10493 = FACE_BOUND('',#10494,.T.);
#10494 = EDGE_LOOP('',(#10495,#10496,#10497,#10503));
#10495 = ORIENTED_EDGE('',*,*,#8070,.F.);
#10496 = ORIENTED_EDGE('',*,*,#9164,.T.);
#10497 = ORIENTED_EDGE('',*,*,#10498,.T.);
#10498 = EDGE_CURVE('',#9165,#9213,#10499,.T.);
#10499 = LINE('',#10500,#10501);
#10500 = CARTESIAN_POINT('',(28.,76.,57.));
#10501 = VECTOR('',#10502,1.);
#10502 = DIRECTION('',(1.,0.,0.));
#10503 = ORIENTED_EDGE('',*,*,#9212,.F.);
#10504 = PLANE('',#10505);
#10505 = AXIS2_PLACEMENT_3D('',#10506,#10507,#10508);
#10506 = CARTESIAN_POINT('',(28.,76.,37.));
#10507 = DIRECTION('',(0.,1.,0.));
#10508 = DIRECTION('',(0.,0.,1.));
#10509 = ADVANCED_FACE('',(#10510),#10521,.F.);
#10510 = FACE_BOUND('',#10511,.F.);
#10511 = EDGE_LOOP('',(#10512,#10518,#10519,#10520));
#10512 = ORIENTED_EDGE('',*,*,#10513,.T.);
#10513 = EDGE_CURVE('',#8893,#9012,#10514,.T.);
#10514 = LINE('',#10515,#10516);
#10515 = CARTESIAN_POINT('',(28.2,-105.6,70.4));
#10516 = VECTOR('',#10517,1.);
#10517 = DIRECTION('',(0.,1.,0.));
#10518 = ORIENTED_EDGE('',*,*,#9037,.T.);
#10519 = ORIENTED_EDGE('',*,*,#8097,.T.);
#10520 = ORIENTED_EDGE('',*,*,#8900,.F.);
#10521 = PLANE('',#10522);
#10522 = AXIS2_PLACEMENT_3D('',#10523,#10524,#10525);
#10523 = CARTESIAN_POINT('',(28.2,-74.,68.));
#10524 = DIRECTION('',(1.,0.,0.));
#10525 = DIRECTION('',(0.,-1.,0.));
#10526 = ADVANCED_FACE('',(#10527,#10556,#10559),#10562,.T.);
#10527 = FACE_BOUND('',#10528,.T.);
#10528 = EDGE_LOOP('',(#10529,#10530,#10531,#10532,#10533,#10541,#10549,
    #10555));
#10529 = ORIENTED_EDGE('',*,*,#8987,.F.);
#10530 = ORIENTED_EDGE('',*,*,#8964,.F.);
#10531 = ORIENTED_EDGE('',*,*,#8939,.T.);
#10532 = ORIENTED_EDGE('',*,*,#8923,.T.);
#10533 = ORIENTED_EDGE('',*,*,#10534,.F.);
#10534 = EDGE_CURVE('',#10535,#8893,#10537,.T.);
#10535 = VERTEX_POINT('',#10536);
#10536 = CARTESIAN_POINT('',(28.2,-92.,68.));
#10537 = LINE('',#10538,#10539);
#10538 = CARTESIAN_POINT('',(28.2,-92.,68.));
#10539 = VECTOR('',#10540,1.);
#10540 = DIRECTION('',(0.,0.,1.));
#10541 = ORIENTED_EDGE('',*,*,#10542,.F.);
#10542 = EDGE_CURVE('',#10543,#10535,#10545,.T.);
#10543 = VERTEX_POINT('',#10544);
#10544 = CARTESIAN_POINT('',(28.2,-74.,68.));
#10545 = LINE('',#10546,#10547);
#10546 = CARTESIAN_POINT('',(28.2,-74.,68.));
#10547 = VECTOR('',#10548,1.);
#10548 = DIRECTION('',(0.,-1.,0.));
#10549 = ORIENTED_EDGE('',*,*,#10550,.T.);
#10550 = EDGE_CURVE('',#10543,#9012,#10551,.T.);
#10551 = LINE('',#10552,#10553);
#10552 = CARTESIAN_POINT('',(28.2,-74.,68.));
#10553 = VECTOR('',#10554,1.);
#10554 = DIRECTION('',(0.,0.,1.));
#10555 = ORIENTED_EDGE('',*,*,#9019,.T.);
#10556 = FACE_BOUND('',#10557,.T.);
#10557 = EDGE_LOOP('',(#10558));
#10558 = ORIENTED_EDGE('',*,*,#8121,.F.);
#10559 = FACE_BOUND('',#10560,.T.);
#10560 = EDGE_LOOP('',(#10561));
#10561 = ORIENTED_EDGE('',*,*,#8146,.F.);
#10562 = PLANE('',#10563);
#10563 = AXIS2_PLACEMENT_3D('',#10564,#10565,#10566);
#10564 = CARTESIAN_POINT('',(28.2,-105.6,50.));
#10565 = DIRECTION('',(-1.,0.,0.));
#10566 = DIRECTION('',(0.,0.,1.));
#10567 = ADVANCED_FACE('',(#10568),#10571,.F.);
#10568 = FACE_BOUND('',#10569,.T.);
#10569 = EDGE_LOOP('',(#10570));
#10570 = ORIENTED_EDGE('',*,*,#8171,.F.);
#10571 = PLANE('',#10572);
#10572 = AXIS2_PLACEMENT_3D('',#10573,#10574,#10575);
#10573 = CARTESIAN_POINT('',(30.2,-10.,15.1));
#10574 = DIRECTION('',(0.,0.,1.));
#10575 = DIRECTION('',(1.,0.,0.));
#10576 = ADVANCED_FACE('',(#10577,#10584),#10587,.T.);
#10577 = FACE_BOUND('',#10578,.T.);
#10578 = EDGE_LOOP('',(#10579,#10580,#10581,#10582,#10583));
#10579 = ORIENTED_EDGE('',*,*,#8575,.F.);
#10580 = ORIENTED_EDGE('',*,*,#8512,.T.);
#10581 = ORIENTED_EDGE('',*,*,#8701,.T.);
#10582 = ORIENTED_EDGE('',*,*,#9251,.T.);
#10583 = ORIENTED_EDGE('',*,*,#9397,.F.);
#10584 = FACE_BOUND('',#10585,.T.);
#10585 = EDGE_LOOP('',(#10586));
#10586 = ORIENTED_EDGE('',*,*,#8282,.F.);
#10587 = PLANE('',#10588);
#10588 = AXIS2_PLACEMENT_3D('',#10589,#10590,#10591);
#10589 = CARTESIAN_POINT('',(-52.,-24.,57.));
#10590 = DIRECTION('',(0.,0.,1.));
#10591 = DIRECTION('',(1.,0.,0.));
#10592 = ADVANCED_FACE('',(#10593,#10609),#10612,.T.);
#10593 = FACE_BOUND('',#10594,.T.);
#10594 = EDGE_LOOP('',(#10595,#10596,#10602,#10603));
#10595 = ORIENTED_EDGE('',*,*,#9640,.F.);
#10596 = ORIENTED_EDGE('',*,*,#10597,.T.);
#10597 = EDGE_CURVE('',#9624,#9655,#10598,.T.);
#10598 = LINE('',#10599,#10600);
#10599 = CARTESIAN_POINT('',(28.,-24.,57.));
#10600 = VECTOR('',#10601,1.);
#10601 = DIRECTION('',(1.,0.,0.));
#10602 = ORIENTED_EDGE('',*,*,#9671,.T.);
#10603 = ORIENTED_EDGE('',*,*,#10604,.F.);
#10604 = EDGE_CURVE('',#9633,#9664,#10605,.T.);
#10605 = LINE('',#10606,#10607);
#10606 = CARTESIAN_POINT('',(28.,-14.,57.));
#10607 = VECTOR('',#10608,1.);
#10608 = DIRECTION('',(1.,0.,0.));
#10609 = FACE_BOUND('',#10610,.T.);
#10610 = EDGE_LOOP('',(#10611));
#10611 = ORIENTED_EDGE('',*,*,#8307,.F.);
#10612 = PLANE('',#10613);
#10613 = AXIS2_PLACEMENT_3D('',#10614,#10615,#10616);
#10614 = CARTESIAN_POINT('',(28.,-24.,57.));
#10615 = DIRECTION('',(0.,0.,1.));
#10616 = DIRECTION('',(1.,0.,0.));
#10617 = ADVANCED_FACE('',(#10618,#10636),#10639,.T.);
#10618 = FACE_BOUND('',#10619,.T.);
#10619 = EDGE_LOOP('',(#10620,#10621,#10629,#10635));
#10620 = ORIENTED_EDGE('',*,*,#9069,.F.);
#10621 = ORIENTED_EDGE('',*,*,#10622,.T.);
#10622 = EDGE_CURVE('',#9053,#10623,#10625,.T.);
#10623 = VERTEX_POINT('',#10624);
#10624 = CARTESIAN_POINT('',(-52.,66.,49.));
#10625 = LINE('',#10626,#10627);
#10626 = CARTESIAN_POINT('',(-62.,66.,49.));
#10627 = VECTOR('',#10628,1.);
#10628 = DIRECTION('',(1.,0.,0.));
#10629 = ORIENTED_EDGE('',*,*,#10630,.T.);
#10630 = EDGE_CURVE('',#10623,#10450,#10631,.T.);
#10631 = LINE('',#10632,#10633);
#10632 = CARTESIAN_POINT('',(-52.,66.,49.));
#10633 = VECTOR('',#10634,1.);
#10634 = DIRECTION('',(0.,1.,0.));
#10635 = ORIENTED_EDGE('',*,*,#10449,.F.);
#10636 = FACE_BOUND('',#10637,.T.);
#10637 = EDGE_LOOP('',(#10638));
#10638 = ORIENTED_EDGE('',*,*,#8357,.T.);
#10639 = PLANE('',#10640);
#10640 = AXIS2_PLACEMENT_3D('',#10641,#10642,#10643);
#10641 = CARTESIAN_POINT('',(-62.,66.,49.));
#10642 = DIRECTION('',(0.,0.,1.));
#10643 = DIRECTION('',(1.,0.,0.));
#10644 = ADVANCED_FACE('',(#10645,#10663),#10666,.T.);
#10645 = FACE_BOUND('',#10646,.T.);
#10646 = EDGE_LOOP('',(#10647,#10655,#10661,#10662));
#10647 = ORIENTED_EDGE('',*,*,#10648,.F.);
#10648 = EDGE_CURVE('',#10649,#10474,#10651,.T.);
#10649 = VERTEX_POINT('',#10650);
#10650 = CARTESIAN_POINT('',(-52.,66.,57.));
#10651 = LINE('',#10652,#10653);
#10652 = CARTESIAN_POINT('',(-52.,66.,57.));
#10653 = VECTOR('',#10654,1.);
#10654 = DIRECTION('',(0.,1.,0.));
#10655 = ORIENTED_EDGE('',*,*,#10656,.T.);
#10656 = EDGE_CURVE('',#10649,#9125,#10657,.T.);
#10657 = LINE('',#10658,#10659);
#10658 = CARTESIAN_POINT('',(-52.,66.,57.));
#10659 = VECTOR('',#10660,1.);
#10660 = DIRECTION('',(1.,0.,0.));
#10661 = ORIENTED_EDGE('',*,*,#9141,.T.);
#10662 = ORIENTED_EDGE('',*,*,#10481,.F.);
#10663 = FACE_BOUND('',#10664,.T.);
#10664 = EDGE_LOOP('',(#10665));
#10665 = ORIENTED_EDGE('',*,*,#8382,.F.);
#10666 = PLANE('',#10667);
#10667 = AXIS2_PLACEMENT_3D('',#10668,#10669,#10670);
#10668 = CARTESIAN_POINT('',(-52.,66.,57.));
#10669 = DIRECTION('',(0.,0.,1.));
#10670 = DIRECTION('',(1.,0.,0.));
#10671 = ADVANCED_FACE('',(#10672,#10683),#10686,.T.);
#10672 = FACE_BOUND('',#10673,.T.);
#10673 = EDGE_LOOP('',(#10674,#10675,#10681,#10682));
#10674 = ORIENTED_EDGE('',*,*,#9172,.F.);
#10675 = ORIENTED_EDGE('',*,*,#10676,.T.);
#10676 = EDGE_CURVE('',#9156,#9204,#10677,.T.);
#10677 = LINE('',#10678,#10679);
#10678 = CARTESIAN_POINT('',(28.,66.,57.));
#10679 = VECTOR('',#10680,1.);
#10680 = DIRECTION('',(1.,0.,0.));
#10681 = ORIENTED_EDGE('',*,*,#9220,.T.);
#10682 = ORIENTED_EDGE('',*,*,#10498,.F.);
#10683 = FACE_BOUND('',#10684,.T.);
#10684 = EDGE_LOOP('',(#10685));
#10685 = ORIENTED_EDGE('',*,*,#8407,.F.);
#10686 = PLANE('',#10687);
#10687 = AXIS2_PLACEMENT_3D('',#10688,#10689,#10690);
#10688 = CARTESIAN_POINT('',(28.,66.,57.));
#10689 = DIRECTION('',(0.,0.,1.));
#10690 = DIRECTION('',(1.,0.,0.));
#10691 = ADVANCED_FACE('',(#10692),#10704,.T.);
#10692 = FACE_BOUND('',#10693,.T.);
#10693 = EDGE_LOOP('',(#10694,#10700,#10701,#10702,#10703));
#10694 = ORIENTED_EDGE('',*,*,#10695,.F.);
#10695 = EDGE_CURVE('',#7202,#9425,#10696,.T.);
#10696 = LINE('',#10697,#10698);
#10697 = CARTESIAN_POINT('',(-62.,-22.,40.));
#10698 = VECTOR('',#10699,1.);
#10699 = DIRECTION('',(1.,0.,0.));
#10700 = ORIENTED_EDGE('',*,*,#9836,.T.);
#10701 = ORIENTED_EDGE('',*,*,#8608,.T.);
#10702 = ORIENTED_EDGE('',*,*,#8552,.F.);
#10703 = ORIENTED_EDGE('',*,*,#9432,.F.);
#10704 = PLANE('',#10705);
#10705 = AXIS2_PLACEMENT_3D('',#10706,#10707,#10708);
#10706 = CARTESIAN_POINT('',(-62.,-22.,37.));
#10707 = DIRECTION('',(0.,1.,0.));
#10708 = DIRECTION('',(0.,0.,1.));
#10709 = ADVANCED_FACE('',(#10710),#10716,.T.);
#10710 = FACE_BOUND('',#10711,.T.);
#10711 = EDGE_LOOP('',(#10712,#10713,#10714,#10715));
#10712 = ORIENTED_EDGE('',*,*,#8685,.F.);
#10713 = ORIENTED_EDGE('',*,*,#8661,.T.);
#10714 = ORIENTED_EDGE('',*,*,#9237,.T.);
#10715 = ORIENTED_EDGE('',*,*,#9258,.F.);
#10716 = PLANE('',#10717);
#10717 = AXIS2_PLACEMENT_3D('',#10718,#10719,#10720);
#10718 = CARTESIAN_POINT('',(-52.,-45.,57.));
#10719 = DIRECTION('',(0.,0.,1.));
#10720 = DIRECTION('',(1.,0.,0.));
#10721 = ADVANCED_FACE('',(#10722),#10738,.T.);
#10722 = FACE_BOUND('',#10723,.T.);
#10723 = EDGE_LOOP('',(#10724,#10730,#10731,#10737));
#10724 = ORIENTED_EDGE('',*,*,#10725,.F.);
#10725 = EDGE_CURVE('',#10176,#8735,#10726,.T.);
#10726 = LINE('',#10727,#10728);
#10727 = CARTESIAN_POINT('',(-41.9,-113.,22.));
#10728 = VECTOR('',#10729,1.);
#10729 = DIRECTION('',(0.,1.,0.));
#10730 = ORIENTED_EDGE('',*,*,#10185,.T.);
#10731 = ORIENTED_EDGE('',*,*,#10732,.T.);
#10732 = EDGE_CURVE('',#10152,#8758,#10733,.T.);
#10733 = LINE('',#10734,#10735);
#10734 = CARTESIAN_POINT('',(-26.9,-113.,22.));
#10735 = VECTOR('',#10736,1.);
#10736 = DIRECTION('',(0.,1.,0.));
#10737 = ORIENTED_EDGE('',*,*,#8757,.F.);
#10738 = PLANE('',#10739);
#10739 = AXIS2_PLACEMENT_3D('',#10740,#10741,#10742);
#10740 = CARTESIAN_POINT('',(-41.9,-113.,22.));
#10741 = DIRECTION('',(0.,0.,1.));
#10742 = DIRECTION('',(1.,0.,0.));
#10743 = ADVANCED_FACE('',(#10744),#10760,.F.);
#10744 = FACE_BOUND('',#10745,.F.);
#10745 = EDGE_LOOP('',(#10746,#10752,#10758,#10759));
#10746 = ORIENTED_EDGE('',*,*,#10747,.F.);
#10747 = EDGE_CURVE('',#10082,#8799,#10748,.T.);
#10748 = LINE('',#10749,#10750);
#10749 = CARTESIAN_POINT('',(-26.9,-113.,47.));
#10750 = VECTOR('',#10751,1.);
#10751 = DIRECTION('',(0.,1.,0.));
#10752 = ORIENTED_EDGE('',*,*,#10753,.F.);
#10753 = EDGE_CURVE('',#10152,#10082,#10754,.T.);
#10754 = LINE('',#10755,#10756);
#10755 = CARTESIAN_POINT('',(-26.9,-103.,22.));
#10756 = VECTOR('',#10757,1.);
#10757 = DIRECTION('',(0.,0.,1.));
#10758 = ORIENTED_EDGE('',*,*,#10732,.T.);
#10759 = ORIENTED_EDGE('',*,*,#8798,.T.);
#10760 = PLANE('',#10761);
#10761 = AXIS2_PLACEMENT_3D('',#10762,#10763,#10764);
#10762 = CARTESIAN_POINT('',(-26.9,-113.,22.));
#10763 = DIRECTION('',(1.,0.,0.));
#10764 = DIRECTION('',(0.,0.,1.));
#10765 = ADVANCED_FACE('',(#10766),#10777,.F.);
#10766 = FACE_BOUND('',#10767,.F.);
#10767 = EDGE_LOOP('',(#10768,#10774,#10775,#10776));
#10768 = ORIENTED_EDGE('',*,*,#10769,.F.);
#10769 = EDGE_CURVE('',#10073,#8853,#10770,.T.);
#10770 = LINE('',#10771,#10772);
#10771 = CARTESIAN_POINT('',(-41.9,-113.,47.));
#10772 = VECTOR('',#10773,1.);
#10773 = DIRECTION('',(0.,1.,0.));
#10774 = ORIENTED_EDGE('',*,*,#10089,.T.);
#10775 = ORIENTED_EDGE('',*,*,#10747,.T.);
#10776 = ORIENTED_EDGE('',*,*,#8875,.F.);
#10777 = PLANE('',#10778);
#10778 = AXIS2_PLACEMENT_3D('',#10779,#10780,#10781);
#10779 = CARTESIAN_POINT('',(-41.9,-113.,47.));
#10780 = DIRECTION('',(0.,0.,1.));
#10781 = DIRECTION('',(1.,0.,0.));
#10782 = ADVANCED_FACE('',(#10783),#10794,.F.);
#10783 = FACE_BOUND('',#10784,.F.);
#10784 = EDGE_LOOP('',(#10785,#10786,#10787,#10788));
#10785 = ORIENTED_EDGE('',*,*,#9093,.F.);
#10786 = ORIENTED_EDGE('',*,*,#9052,.T.);
#10787 = ORIENTED_EDGE('',*,*,#10622,.T.);
#10788 = ORIENTED_EDGE('',*,*,#10789,.F.);
#10789 = EDGE_CURVE('',#9086,#10623,#10790,.T.);
#10790 = LINE('',#10791,#10792);
#10791 = CARTESIAN_POINT('',(-52.,66.,37.));
#10792 = VECTOR('',#10793,1.);
#10793 = DIRECTION('',(0.,0.,1.));
#10794 = PLANE('',#10795);
#10795 = AXIS2_PLACEMENT_3D('',#10796,#10797,#10798);
#10796 = CARTESIAN_POINT('',(-62.,66.,37.));
#10797 = DIRECTION('',(0.,1.,0.));
#10798 = DIRECTION('',(0.,0.,1.));
#10799 = ADVANCED_FACE('',(#10800),#10812,.F.);
#10800 = FACE_BOUND('',#10801,.F.);
#10801 = EDGE_LOOP('',(#10802,#10803,#10804,#10810,#10811));
#10802 = ORIENTED_EDGE('',*,*,#9110,.F.);
#10803 = ORIENTED_EDGE('',*,*,#10789,.T.);
#10804 = ORIENTED_EDGE('',*,*,#10805,.T.);
#10805 = EDGE_CURVE('',#10623,#10649,#10806,.T.);
#10806 = LINE('',#10807,#10808);
#10807 = CARTESIAN_POINT('',(-52.,66.,37.));
#10808 = VECTOR('',#10809,1.);
#10809 = DIRECTION('',(0.,0.,1.));
#10810 = ORIENTED_EDGE('',*,*,#10656,.T.);
#10811 = ORIENTED_EDGE('',*,*,#9124,.F.);
#10812 = PLANE('',#10813);
#10813 = AXIS2_PLACEMENT_3D('',#10814,#10815,#10816);
#10814 = CARTESIAN_POINT('',(-52.,66.,37.));
#10815 = DIRECTION('',(0.,1.,0.));
#10816 = DIRECTION('',(0.,0.,1.));
#10817 = ADVANCED_FACE('',(#10818),#10824,.F.);
#10818 = FACE_BOUND('',#10819,.F.);
#10819 = EDGE_LOOP('',(#10820,#10821,#10822,#10823));
#10820 = ORIENTED_EDGE('',*,*,#9189,.F.);
#10821 = ORIENTED_EDGE('',*,*,#9155,.T.);
#10822 = ORIENTED_EDGE('',*,*,#10676,.T.);
#10823 = ORIENTED_EDGE('',*,*,#9203,.F.);
#10824 = PLANE('',#10825);
#10825 = AXIS2_PLACEMENT_3D('',#10826,#10827,#10828);
#10826 = CARTESIAN_POINT('',(28.,66.,37.));
#10827 = DIRECTION('',(0.,1.,0.));
#10828 = DIRECTION('',(0.,0.,1.));
#10829 = ADVANCED_FACE('',(#10830),#10836,.T.);
#10830 = FACE_BOUND('',#10831,.T.);
#10831 = EDGE_LOOP('',(#10832,#10833,#10834,#10835));
#10832 = ORIENTED_EDGE('',*,*,#9376,.F.);
#10833 = ORIENTED_EDGE('',*,*,#9274,.T.);
#10834 = ORIENTED_EDGE('',*,*,#9290,.T.);
#10835 = ORIENTED_EDGE('',*,*,#9323,.F.);
#10836 = PLANE('',#10837);
#10837 = AXIS2_PLACEMENT_3D('',#10838,#10839,#10840);
#10838 = CARTESIAN_POINT('',(-9.,59.,57.));
#10839 = DIRECTION('',(0.,0.,1.));
#10840 = DIRECTION('',(1.,0.,0.));
#10841 = ADVANCED_FACE('',(#10842),#10848,.T.);
#10842 = FACE_BOUND('',#10843,.T.);
#10843 = EDGE_LOOP('',(#10844,#10845,#10846,#10847));
#10844 = ORIENTED_EDGE('',*,*,#9457,.F.);
#10845 = ORIENTED_EDGE('',*,*,#10695,.T.);
#10846 = ORIENTED_EDGE('',*,*,#9424,.T.);
#10847 = ORIENTED_EDGE('',*,*,#9465,.F.);
#10848 = PLANE('',#10849);
#10849 = AXIS2_PLACEMENT_3D('',#10850,#10851,#10852);
#10850 = CARTESIAN_POINT('',(-62.,-37.,40.));
#10851 = DIRECTION('',(0.,0.,1.));
#10852 = DIRECTION('',(1.,0.,0.));
#10853 = ADVANCED_FACE('',(#10854),#10865,.F.);
#10854 = FACE_BOUND('',#10855,.F.);
#10855 = EDGE_LOOP('',(#10856,#10862,#10863,#10864));
#10856 = ORIENTED_EDGE('',*,*,#10857,.T.);
#10857 = EDGE_CURVE('',#9796,#9705,#10858,.T.);
#10858 = LINE('',#10859,#10860);
#10859 = CARTESIAN_POINT('',(-100.,43.,37.));
#10860 = VECTOR('',#10861,1.);
#10861 = DIRECTION('',(-1.,0.,0.));
#10862 = ORIENTED_EDGE('',*,*,#9712,.F.);
#10863 = ORIENTED_EDGE('',*,*,#9511,.T.);
#10864 = ORIENTED_EDGE('',*,*,#9820,.F.);
#10865 = PLANE('',#10866);
#10866 = AXIS2_PLACEMENT_3D('',#10867,#10868,#10869);
#10867 = CARTESIAN_POINT('',(-97.,43.,37.));
#10868 = DIRECTION('',(0.,1.,0.));
#10869 = DIRECTION('',(0.,0.,1.));
#10870 = ADVANCED_FACE('',(#10871),#10877,.F.);
#10871 = FACE_BOUND('',#10872,.F.);
#10872 = EDGE_LOOP('',(#10873,#10874,#10875,#10876));
#10873 = ORIENTED_EDGE('',*,*,#9609,.F.);
#10874 = ORIENTED_EDGE('',*,*,#9623,.T.);
#10875 = ORIENTED_EDGE('',*,*,#10597,.T.);
#10876 = ORIENTED_EDGE('',*,*,#9654,.F.);
#10877 = PLANE('',#10878);
#10878 = AXIS2_PLACEMENT_3D('',#10879,#10880,#10881);
#10879 = CARTESIAN_POINT('',(28.,-24.,37.));
#10880 = DIRECTION('',(0.,1.,0.));
#10881 = DIRECTION('',(0.,0.,1.));
#10882 = ADVANCED_FACE('',(#10883),#10889,.T.);
#10883 = FACE_BOUND('',#10884,.T.);
#10884 = EDGE_LOOP('',(#10885,#10886,#10887,#10888));
#10885 = ORIENTED_EDGE('',*,*,#9686,.F.);
#10886 = ORIENTED_EDGE('',*,*,#9632,.T.);
#10887 = ORIENTED_EDGE('',*,*,#10604,.T.);
#10888 = ORIENTED_EDGE('',*,*,#9663,.F.);
#10889 = PLANE('',#10890);
#10890 = AXIS2_PLACEMENT_3D('',#10891,#10892,#10893);
#10891 = CARTESIAN_POINT('',(28.,-14.,37.));
#10892 = DIRECTION('',(0.,1.,0.));
#10893 = DIRECTION('',(0.,0.,1.));
#10894 = ADVANCED_FACE('',(#10895),#10901,.F.);
#10895 = FACE_BOUND('',#10896,.F.);
#10896 = EDGE_LOOP('',(#10897,#10898,#10899,#10900));
#10897 = ORIENTED_EDGE('',*,*,#9795,.F.);
#10898 = ORIENTED_EDGE('',*,*,#9750,.F.);
#10899 = ORIENTED_EDGE('',*,*,#9766,.T.);
#10900 = ORIENTED_EDGE('',*,*,#10857,.F.);
#10901 = PLANE('',#10902);
#10902 = AXIS2_PLACEMENT_3D('',#10903,#10904,#10905);
#10903 = CARTESIAN_POINT('',(-94.,43.,34.));
#10904 = DIRECTION('',(0.,1.,0.));
#10905 = DIRECTION('',(0.,0.,1.));
#10906 = ADVANCED_FACE('',(#10907),#10918,.T.);
#10907 = FACE_BOUND('',#10908,.T.);
#10908 = EDGE_LOOP('',(#10909,#10910,#10916,#10917));
#10909 = ORIENTED_EDGE('',*,*,#10769,.F.);
#10910 = ORIENTED_EDGE('',*,*,#10911,.F.);
#10911 = EDGE_CURVE('',#10176,#10073,#10912,.T.);
#10912 = LINE('',#10913,#10914);
#10913 = CARTESIAN_POINT('',(-41.9,-103.,22.));
#10914 = VECTOR('',#10915,1.);
#10915 = DIRECTION('',(0.,0.,1.));
#10916 = ORIENTED_EDGE('',*,*,#10725,.T.);
#10917 = ORIENTED_EDGE('',*,*,#10046,.T.);
#10918 = PLANE('',#10919);
#10919 = AXIS2_PLACEMENT_3D('',#10920,#10921,#10922);
#10920 = CARTESIAN_POINT('',(-41.9,-113.,22.));
#10921 = DIRECTION('',(1.,0.,0.));
#10922 = DIRECTION('',(0.,0.,1.));
#10923 = ADVANCED_FACE('',(#10924),#10930,.F.);
#10924 = FACE_BOUND('',#10925,.F.);
#10925 = EDGE_LOOP('',(#10926,#10927,#10928,#10929));
#10926 = ORIENTED_EDGE('',*,*,#10161,.F.);
#10927 = ORIENTED_EDGE('',*,*,#10753,.T.);
#10928 = ORIENTED_EDGE('',*,*,#10113,.T.);
#10929 = ORIENTED_EDGE('',*,*,#10136,.F.);
#10930 = PLANE('',#10931);
#10931 = AXIS2_PLACEMENT_3D('',#10932,#10933,#10934);
#10932 = CARTESIAN_POINT('',(-48.9,-103.,22.));
#10933 = DIRECTION('',(0.,1.,0.));
#10934 = DIRECTION('',(0.,0.,1.));
#10935 = ADVANCED_FACE('',(#10936),#10942,.F.);
#10936 = FACE_BOUND('',#10937,.F.);
#10937 = EDGE_LOOP('',(#10938,#10939,#10940,#10941));
#10938 = ORIENTED_EDGE('',*,*,#10209,.F.);
#10939 = ORIENTED_EDGE('',*,*,#10225,.T.);
#10940 = ORIENTED_EDGE('',*,*,#10250,.T.);
#10941 = ORIENTED_EDGE('',*,*,#10911,.F.);
#10942 = PLANE('',#10943);
#10943 = AXIS2_PLACEMENT_3D('',#10944,#10945,#10946);
#10944 = CARTESIAN_POINT('',(-48.9,-103.,22.));
#10945 = DIRECTION('',(0.,1.,0.));
#10946 = DIRECTION('',(0.,0.,1.));
#10947 = ADVANCED_FACE('',(#10948),#10954,.T.);
#10948 = FACE_BOUND('',#10949,.T.);
#10949 = EDGE_LOOP('',(#10950,#10951,#10952,#10953));
#10950 = ORIENTED_EDGE('',*,*,#10293,.F.);
#10951 = ORIENTED_EDGE('',*,*,#10285,.T.);
#10952 = ORIENTED_EDGE('',*,*,#10264,.T.);
#10953 = ORIENTED_EDGE('',*,*,#10301,.F.);
#10954 = PLANE('',#10955);
#10955 = AXIS2_PLACEMENT_3D('',#10956,#10957,#10958);
#10956 = CARTESIAN_POINT('',(-96.,-74.,68.));
#10957 = DIRECTION('',(1.,0.,0.));
#10958 = DIRECTION('',(0.,-1.,0.));
#10959 = ADVANCED_FACE('',(#10960),#10966,.F.);
#10960 = FACE_BOUND('',#10961,.F.);
#10961 = EDGE_LOOP('',(#10962,#10963,#10964,#10965));
#10962 = ORIENTED_EDGE('',*,*,#10805,.F.);
#10963 = ORIENTED_EDGE('',*,*,#10630,.T.);
#10964 = ORIENTED_EDGE('',*,*,#10473,.T.);
#10965 = ORIENTED_EDGE('',*,*,#10648,.F.);
#10966 = PLANE('',#10967);
#10967 = AXIS2_PLACEMENT_3D('',#10968,#10969,#10970);
#10968 = CARTESIAN_POINT('',(-52.,66.,37.));
#10969 = DIRECTION('',(1.,0.,0.));
#10970 = DIRECTION('',(0.,0.,1.));
#10971 = ADVANCED_FACE('',(#10972),#10978,.F.);
#10972 = FACE_BOUND('',#10973,.F.);
#10973 = EDGE_LOOP('',(#10974,#10975,#10976,#10977));
#10974 = ORIENTED_EDGE('',*,*,#10542,.F.);
#10975 = ORIENTED_EDGE('',*,*,#10550,.T.);
#10976 = ORIENTED_EDGE('',*,*,#10513,.F.);
#10977 = ORIENTED_EDGE('',*,*,#10534,.F.);
#10978 = PLANE('',#10979);
#10979 = AXIS2_PLACEMENT_3D('',#10980,#10981,#10982);
#10980 = CARTESIAN_POINT('',(28.2,-74.,68.));
#10981 = DIRECTION('',(1.,0.,0.));
#10982 = DIRECTION('',(0.,-1.,0.));
#10983 = ( GEOMETRIC_REPRESENTATION_CONTEXT(3) 
GLOBAL_UNCERTAINTY_ASSIGNED_CONTEXT((#10987)) 
GLOBAL_UNIT_ASSIGNED_CONTEXT((#10984,#10985,#10986)) 
REPRESENTATION_CONTEXT('Context #1',
  '3D Context with UNIT and UNCERTAINTY') );
#10984 = ( LENGTH_UNIT() NAMED_UNIT(*) SI_UNIT(.MILLI.,.METRE.) );
#10985 = ( NAMED_UNIT(*) PLANE_ANGLE_UNIT() SI_UNIT($,.RADIAN.) );
#10986 = ( NAMED_UNIT(*) SI_UNIT($,.STERADIAN.) SOLID_ANGLE_UNIT() );
#10987 = UNCERTAINTY_MEASURE_WITH_UNIT(LENGTH_MEASURE(2.E-05),#10984,
  'distance_accuracy_value','confusion accuracy');
#10988 = PRODUCT_RELATED_PRODUCT_CATEGORY('part',$,(#7));
#10989 = MECHANICAL_DESIGN_GEOMETRIC_PRESENTATION_REPRESENTATION('',(
    #10990),#10983);
#10990 = STYLED_ITEM('color',(#10991),#15);
#10991 = PRESENTATION_STYLE_ASSIGNMENT((#10992,#10998));
#10992 = SURFACE_STYLE_USAGE(.BOTH.,#10993);
#10993 = SURFACE_SIDE_STYLE('',(#10994));
#10994 = SURFACE_STYLE_FILL_AREA(#10995);
#10995 = FILL_AREA_STYLE('',(#10996));
#10996 = FILL_AREA_STYLE_COLOUR('',#10997);
#10997 = COLOUR_RGB('',0.678431390124,0.709803936702,0.741176476869);
#10998 = CURVE_STYLE('',#10999,POSITIVE_LENGTH_MEASURE(0.1),#11000);
#10999 = DRAUGHTING_PRE_DEFINED_CURVE_FONT('continuous');
#11000 = COLOUR_RGB('',9.803921802644E-02,9.803921802644E-02,
  9.803921802644E-02);
ENDSEC;
END-ISO-10303-21;
